ID,Longitude,Latitude,LocalX,LocalY
0,99.499817,29.496704,-48.502937,-55.684132
1,99.510132,29.496704,-47.502701,-55.688435
2,99.520447,29.496702,-46.502460,-55.692852
3,99.530754,29.496700,-45.502964,-55.697178
4,99.541069,29.496696,-44.502728,-55.701633
5,99.551384,29.496695,-43.502487,-55.705784
6,99.561699,29.496689,-42.502254,-55.710274
7,99.572006,29.496685,-41.502754,-55.714455
8,99.582321,29.496677,-40.502514,-55.718971
9,99.592636,29.496672,-39.502277,-55.723186
10,99.602943,29.496664,-38.502781,-55.727524
11,99.613258,29.496656,-37.502544,-55.731773
12,99.623573,29.496647,-36.502304,-55.736145
13,99.633881,29.496635,-35.502804,-55.740635
14,99.644196,29.496626,-34.502567,-55.744827
15,99.654510,29.496614,-33.502327,-55.749142
16,99.664818,29.496601,-32.502827,-55.753574
17,99.675133,29.496588,-31.502588,-55.757923
18,99.685448,29.496574,-30.502348,-55.762177
19,99.695755,29.496559,-29.502848,-55.766556
20,99.706070,29.496544,-28.502607,-55.770844
21,99.716385,29.496529,-27.502367,-55.775043
22,99.726692,29.496511,-26.502865,-55.779358
23,99.737007,29.496492,-25.502623,-55.783806
24,99.747322,29.496473,-24.502382,-55.788155
25,99.757629,29.496454,-23.502878,-55.792419
26,99.767944,29.496433,-22.502636,-55.796806
27,99.778259,29.496412,-21.502394,-55.801102
28,99.788567,29.496391,-20.502892,-55.805305
29,99.798882,29.496368,-19.502647,-55.809631
30,99.809196,29.496344,-18.502403,-55.814087
31,99.819511,29.496321,-17.502159,-55.818233
32,99.829819,29.496294,-16.502653,-55.822716
33,99.840134,29.496269,-15.502406,-55.826897
34,99.850449,29.496243,-14.502160,-55.831200
35,99.860756,29.496214,-13.502653,-55.835625
36,99.871071,29.496185,-12.502406,-55.839962
37,99.881386,29.496157,-11.502158,-55.844208
38,99.891693,29.496126,-10.502649,-55.848576
39,99.902008,29.496096,-9.502400,-55.852852
40,99.912323,29.496065,-8.502151,-55.857044
41,99.922630,29.496033,-7.502640,-55.861351
42,99.932945,29.495998,-6.502388,-55.865784
43,99.943260,29.495966,-5.502137,-55.869919
44,99.953568,29.495930,-4.502625,-55.874378
45,99.963882,29.495895,-3.502371,-55.878544
46,99.974197,29.495859,-2.502117,-55.882832
47,99.984505,29.495821,-1.502603,-55.887238
48,99.994820,29.495783,-0.502347,-55.891556
49,100.005127,29.495745,0.497169,-55.895786
50,100.015442,29.495705,1.497426,-55.900135
51,100.025757,29.495665,2.497683,-55.904396
52,100.036064,29.495623,3.497202,-55.908779
53,100.046379,29.495581,4.497461,-55.913071
54,100.056694,29.495539,5.497721,-55.917278
55,100.067001,29.495495,6.497242,-55.921600
56,100.077316,29.495451,7.497504,-55.925835
57,100.087631,29.495405,8.497766,-55.930195
58,100.097939,29.495359,9.497290,-55.934464
59,100.108253,29.495314,10.497555,-55.938644
60,100.118568,29.495266,11.497820,-55.942944
61,100.128876,29.495216,12.497347,-55.947369
62,100.139191,29.495169,13.497613,-55.951488
63,100.149506,29.495117,14.497882,-55.955940
64,100.159813,29.495068,15.497411,-55.960098
65,100.170128,29.495016,16.497683,-55.964375
66,100.180443,29.494963,17.497953,-55.968769
67,100.190750,29.494909,18.497486,-55.973080
68,100.201065,29.494856,19.497759,-55.977299
69,100.211372,29.494801,20.497293,-55.981640
70,100.221687,29.494745,21.497568,-55.985889
71,100.232002,29.494690,22.497847,-55.990051
72,100.242310,29.494633,23.497383,-55.994335
73,100.252625,29.494574,24.497662,-55.998741
74,100.262939,29.494516,25.497944,-56.002842
75,100.273247,29.494455,26.497484,-56.007286
76,100.283562,29.494396,27.497766,-56.011417
77,100.293869,29.494335,28.497311,-56.015678
78,100.304184,29.494272,29.497595,-56.020058
79,100.314499,29.494209,30.497881,-56.024349
80,100.324806,29.494146,31.497429,-56.028549
81,100.335121,29.494081,32.497715,-56.032875
82,100.345436,29.494017,33.498009,-56.037109
83,100.355743,29.493950,34.497559,-56.041466
84,100.366058,29.493883,35.497852,-56.045731
85,100.376366,29.493816,36.497406,-56.049911
86,100.386681,29.493748,37.497700,-56.054207
87,100.396996,29.493679,38.497997,-56.058414
88,100.407303,29.493608,39.497555,-56.062748
89,100.417618,29.493538,40.497856,-56.066990
90,100.427925,29.493467,41.497414,-56.071140
91,100.438240,29.493395,42.497715,-56.075413
92,100.448555,29.493320,43.498020,-56.079807
93,100.458862,29.493248,44.497585,-56.083908
94,100.469177,29.493174,45.497890,-56.088120
95,100.479485,29.493097,46.497459,-56.092461
96,100.489799,29.493021,47.497768,-56.096706
97,100.500114,29.492943,48.498077,-56.101078
98,99.499817,29.505726,-48.498619,-54.684124
99,99.510132,29.505726,-47.498470,-54.688423
100,99.520447,29.505724,-46.498322,-54.692844
101,99.530762,29.505722,-45.498173,-54.697174
102,99.541077,29.505718,-44.498024,-54.701630
103,99.551384,29.505716,-43.498611,-54.705776
104,99.561699,29.505711,-42.498466,-54.710262
105,99.572014,29.505707,-41.498318,-54.714451
106,99.582329,29.505699,-40.498169,-54.718964
107,99.592644,29.505693,-39.498020,-54.723183
108,99.602951,29.505686,-38.498608,-54.727520
109,99.613266,29.505676,-37.498463,-54.731979
110,99.623581,29.505669,-36.498314,-54.736137
111,99.633896,29.505657,-35.498165,-54.740631
112,99.644211,29.505648,-34.498013,-54.744823
113,99.654518,29.505636,-33.498600,-54.749134
114,99.664833,29.505623,-32.498451,-54.753571
115,99.675148,29.505610,-31.498302,-54.757915
116,99.685463,29.505596,-30.498150,-54.762173
117,99.695778,29.505581,-29.497999,-54.766552
118,99.706085,29.505566,-28.498589,-54.770836
119,99.716400,29.505548,-27.498438,-54.775246
120,99.726715,29.505531,-26.498285,-54.779572
121,99.737030,29.505514,-25.498133,-54.783802
122,99.747345,29.505495,-24.497980,-54.788151
123,99.757652,29.505476,-23.498566,-54.792416
124,99.767967,29.505455,-22.498415,-54.796803
125,99.778282,29.505434,-21.498260,-54.801098
126,99.788597,29.505413,-20.498106,-54.805305
127,99.798912,29.505390,-19.497950,-54.809631
128,99.809219,29.505365,-18.498535,-54.814079
129,99.819534,29.505342,-17.498379,-54.818230
130,99.829849,29.505316,-16.498222,-54.822712
131,99.840164,29.505291,-15.498066,-54.826893
132,99.850479,29.505264,-14.497910,-54.831196
133,99.860786,29.505236,-13.498491,-54.835621
134,99.871101,29.505207,-12.498333,-54.839958
135,99.881416,29.505178,-11.498174,-54.844204
136,99.891731,29.505148,-10.498014,-54.848572
137,99.902046,29.505117,-9.497854,-54.852848
138,99.912354,29.505087,-8.498434,-54.857037
139,99.922668,29.505054,-7.498272,-54.861347
140,99.932983,29.505020,-6.498110,-54.865776
141,99.943298,29.504986,-5.497948,-54.870121
142,99.953606,29.504951,-4.498524,-54.874374
143,99.963921,29.504917,-3.498360,-54.878540
144,99.974236,29.504879,-2.498196,-54.883034
145,99.984550,29.504843,-1.498030,-54.887230
146,99.994865,29.504805,-0.497864,-54.891548
147,100.005173,29.504766,0.501563,-54.895779
148,100.015488,29.504726,1.501731,-54.900124
149,100.025803,29.504686,2.501899,-54.904388
150,100.036118,29.504644,3.502069,-54.908768
151,100.046425,29.504602,4.501499,-54.913063
152,100.056740,29.504560,5.501670,-54.917267
153,100.067055,29.504517,6.501842,-54.921589
154,100.077370,29.504473,7.502014,-54.925823
155,100.087685,29.504427,8.502188,-54.930183
156,100.097992,29.504381,9.501622,-54.934452
157,100.108307,29.504333,10.501798,-54.938839
158,100.118622,29.504286,11.501975,-54.943142
159,100.128937,29.504238,12.502151,-54.947353
160,100.139244,29.504189,13.501590,-54.951683
161,100.149559,29.504139,14.501769,-54.955929
162,100.159874,29.504089,15.501949,-54.960083
163,100.170189,29.504038,16.502131,-54.964355
164,100.180496,29.503984,17.501572,-54.968754
165,100.190811,29.503931,18.501757,-54.973061
166,100.201126,29.503878,19.501940,-54.977280
167,100.211441,29.503822,20.502125,-54.981617
168,100.221748,29.503767,21.501572,-54.985870
169,100.232063,29.503710,22.501760,-54.990242
170,100.242378,29.503654,23.501949,-54.994312
171,100.252693,29.503595,24.502138,-54.998718
172,100.263000,29.503536,25.501591,-55.003036
173,100.273315,29.503477,26.501781,-55.007259
174,100.283630,29.503416,27.501974,-55.011604
175,100.293945,29.503355,28.502171,-55.015862
176,100.304253,29.503294,29.501625,-55.020035
177,100.314568,29.503231,30.501822,-55.024323
178,100.324883,29.503168,31.502022,-55.028522
179,100.335197,29.503103,32.502220,-55.032845
180,100.345505,29.503038,33.501678,-55.037079
181,100.355820,29.502972,34.501884,-55.041435
182,100.366135,29.502905,35.502087,-55.045700
183,100.376450,29.502838,36.502293,-55.049873
184,100.386757,29.502769,37.501759,-55.054173
185,100.397072,29.502701,38.501965,-55.058380
186,100.407387,29.502630,39.502171,-55.062710
187,100.417694,29.502560,40.501644,-55.066952
188,100.428009,29.502487,41.501854,-55.071312
189,100.438324,29.502415,42.502071,-55.075584
190,100.448639,29.502342,43.502281,-55.079769
191,100.458946,29.502268,44.501759,-55.084076
192,100.469261,29.502193,45.501976,-55.088287
193,100.479576,29.502119,46.502193,-55.092415
194,100.489883,29.502041,47.501675,-55.096878
195,100.500198,29.501965,48.501900,-55.101036
196,99.499817,29.514748,-48.494293,-53.684113
197,99.510132,29.514746,-47.494236,-53.688625
198,99.520447,29.514746,-46.494175,-53.692837
199,99.530762,29.514744,-45.494118,-53.697163
200,99.541077,29.514740,-44.494057,-53.701618
201,99.551392,29.514736,-43.493999,-53.705982
202,99.561707,29.514732,-42.493938,-53.710258
203,99.572021,29.514727,-41.493877,-53.714653
204,99.582336,29.514721,-40.493820,-53.718956
205,99.592651,29.514715,-39.493763,-53.723175
206,99.602966,29.514708,-38.493698,-53.727512
207,99.613281,29.514698,-37.493641,-53.731972
208,99.623589,29.514690,-36.494320,-53.736134
209,99.633904,29.514679,-35.494259,-53.740623
210,99.644218,29.514669,-34.494198,-53.744816
211,99.654533,29.514658,-33.494137,-53.749130
212,99.664848,29.514645,-32.494076,-53.753563
213,99.675163,29.514631,-31.494015,-53.757912
214,99.685478,29.514618,-30.493954,-53.762169
215,99.695793,29.514603,-29.493893,-53.766544
216,99.706108,29.514587,-28.493830,-53.770832
217,99.716423,29.514570,-27.493767,-53.775242
218,99.726738,29.514553,-26.493706,-53.779564
219,99.737053,29.514536,-25.493641,-53.783798
220,99.747368,29.514517,-24.493578,-53.788147
221,99.757675,29.514498,-23.494253,-53.792412
222,99.767990,29.514477,-22.494190,-53.796799
223,99.778305,29.514456,-21.494125,-53.801090
224,99.788620,29.514435,-20.494059,-53.805298
225,99.798935,29.514412,-19.493994,-53.809624
226,99.809250,29.514387,-18.493927,-53.814075
227,99.819565,29.514362,-17.493862,-53.818432
228,99.829880,29.514338,-16.493795,-53.822708
229,99.840195,29.514313,-15.493727,-53.826885
230,99.850510,29.514286,-14.493658,-53.831192
231,99.860825,29.514257,-13.493589,-53.835613
232,99.871132,29.514229,-12.494261,-53.839951
233,99.881447,29.514200,-11.494190,-53.844196
234,99.891762,29.514170,-10.494120,-53.848564
235,99.902077,29.514139,-9.494050,-53.852840
236,99.912392,29.514109,-8.493978,-53.857029
237,99.922707,29.514076,-7.493906,-53.861340
238,99.933022,29.514042,-6.493833,-53.865768
239,99.943336,29.514008,-5.493759,-53.870113
240,99.953651,29.513973,-4.493685,-53.874367
241,99.963966,29.513937,-3.493610,-53.878742
242,99.974281,29.513901,-2.493535,-53.883026
243,99.984589,29.513865,-1.494198,-53.887222
244,99.994904,29.513826,-0.494121,-53.891541
245,100.005219,29.513788,0.505957,-53.895767
246,100.015533,29.513748,1.506035,-53.900116
247,100.025848,29.513708,2.506114,-53.904373
248,100.036163,29.513666,3.506195,-53.908756
249,100.046478,29.513624,4.506276,-53.913052
250,100.056793,29.513582,5.506357,-53.917255
251,100.067108,29.513538,6.506440,-53.921577
252,100.077415,29.513494,7.505784,-53.925812
253,100.087730,29.513449,8.505868,-53.930172
254,100.098045,29.513403,9.505954,-53.934437
255,100.108360,29.513355,10.506040,-53.938828
256,100.118675,29.513308,11.506127,-53.943127
257,100.128990,29.513260,12.506215,-53.947334
258,100.139305,29.513210,13.506305,-53.951668
259,100.149620,29.513161,14.506394,-53.955910
260,100.159935,29.513109,15.506485,-53.960274
261,100.170242,29.513058,16.505838,-53.964550
262,100.180557,29.513006,17.505932,-53.968735
263,100.190872,29.512953,18.506025,-53.973042
264,100.201187,29.512899,19.506121,-53.977257
265,100.211502,29.512844,20.506216,-53.981598
266,100.221817,29.512789,21.506315,-53.985847
267,100.232132,29.512732,22.506413,-53.990219
268,100.242447,29.512674,23.506512,-53.994499
269,100.252754,29.512617,24.505873,-53.998695
270,100.263069,29.512558,25.505974,-54.003006
271,100.273384,29.512499,26.506079,-54.007233
272,100.283699,29.512438,27.506182,-54.011581
273,100.294014,29.512377,28.506287,-54.015835
274,100.304329,29.512316,29.506395,-54.020004
275,100.314644,29.512253,30.506502,-54.024292
276,100.324951,29.512188,31.505871,-54.028706
277,100.335266,29.512125,32.505981,-54.032818
278,100.345581,29.512058,33.506092,-54.037258
279,100.355896,29.511993,34.506207,-54.041401
280,100.366211,29.511927,35.506321,-54.045666
281,100.376526,29.511858,36.506439,-54.050053
282,100.386841,29.511791,37.506550,-54.054138
283,100.397148,29.511721,38.505932,-54.058559
284,100.407463,29.511652,39.506050,-54.062675
285,100.417778,29.511581,40.506172,-54.066914
286,100.428093,29.511509,41.506294,-54.071274
287,100.438408,29.511436,42.506416,-54.075546
288,100.448723,29.511364,43.506542,-54.079727
289,100.459030,29.511290,44.505928,-54.084034
290,100.469345,29.511215,45.506058,-54.088245
291,100.479660,29.511139,46.506187,-54.092583
292,100.489975,29.511063,47.506321,-54.096828
293,100.500290,29.510986,48.506454,-54.100986
294,99.499817,29.523769,-48.489971,-52.684101
295,99.510132,29.523767,-47.490005,-52.688614
296,99.520447,29.523767,-46.490032,-52.692825
297,99.530769,29.523766,-45.489319,-52.697155
298,99.541084,29.523762,-44.489353,-52.701611
299,99.551399,29.523758,-43.489384,-52.705971
300,99.561714,29.523754,-42.489410,-52.710247
301,99.572029,29.523748,-41.489441,-52.714645
302,99.582344,29.523743,-40.489471,-52.718948
303,99.592659,29.523737,-39.489498,-52.723167
304,99.602974,29.523729,-38.489532,-52.727505
305,99.613289,29.523720,-37.489559,-52.731964
306,99.623604,29.523712,-36.489586,-52.736126
307,99.633919,29.523701,-35.489616,-52.740616
308,99.644234,29.523691,-34.489643,-52.744808
309,99.654549,29.523680,-33.489674,-52.749123
310,99.664864,29.523666,-32.489700,-52.753559
311,99.675179,29.523653,-31.489729,-52.757904
312,99.685493,29.523640,-30.489756,-52.762161
313,99.695808,29.523624,-29.489782,-52.766537
314,99.706123,29.523609,-28.489811,-52.770824
315,99.716438,29.523592,-27.489838,-52.775234
316,99.726753,29.523575,-26.489862,-52.779556
317,99.737068,29.523558,-25.489891,-52.783787
318,99.747383,29.523539,-24.489916,-52.788139
319,99.757698,29.523520,-23.489939,-52.792404
320,99.768013,29.523499,-22.489965,-52.796787
321,99.778336,29.523478,-21.489250,-52.801086
322,99.788651,29.523455,-20.489273,-52.805504
323,99.798965,29.523432,-19.489296,-52.809834
324,99.809280,29.523409,-18.489321,-52.814072
325,99.819595,29.523384,-17.489344,-52.818428
326,99.829910,29.523359,-16.489365,-52.822701
327,99.840225,29.523335,-15.489387,-52.826878
328,99.850540,29.523306,-14.489408,-52.831394
329,99.860855,29.523279,-13.489429,-52.835606
330,99.871170,29.523251,-12.489449,-52.839943
331,99.881485,29.523222,-11.489468,-52.844189
332,99.891800,29.523191,-10.489487,-52.848557
333,99.902115,29.523161,-9.489505,-52.852833
334,99.912430,29.523129,-8.489523,-52.857231
335,99.922745,29.523096,-7.489540,-52.861542
336,99.933060,29.523064,-6.489556,-52.865761
337,99.943375,29.523029,-5.489572,-52.870102
338,99.953690,29.522995,-4.489586,-52.874355
339,99.964005,29.522959,-3.489601,-52.878731
340,99.974319,29.522923,-2.489614,-52.883015
341,99.984634,29.522886,-1.489627,-52.887211
342,99.994949,29.522848,-0.489639,-52.891529
343,100.005264,29.522808,0.510349,-52.895966
344,100.015579,29.522770,1.510339,-52.900105
345,100.025894,29.522730,2.510329,-52.904362
346,100.036209,29.522688,3.510320,-52.908745
347,100.046524,29.522646,4.510312,-52.913040
348,100.056839,29.522604,5.510304,-52.917240
349,100.067154,29.522560,6.510298,-52.921562
350,100.077469,29.522514,7.510293,-52.926010
351,100.087784,29.522470,8.510288,-52.930157
352,100.098099,29.522425,9.510284,-52.934422
353,100.108414,29.522377,10.510282,-52.938812
354,100.118729,29.522329,11.510280,-52.943108
355,100.129044,29.522282,12.510279,-52.947319
356,100.139359,29.522232,13.510279,-52.951653
357,100.149673,29.522182,14.510280,-52.955894
358,100.159988,29.522131,15.510282,-52.960258
359,100.170303,29.522079,16.510283,-52.964531
360,100.180618,29.522028,17.510286,-52.968716
361,100.190933,29.521975,18.510292,-52.973019
362,100.201248,29.521919,19.510300,-52.977448
363,100.211563,29.521866,20.510307,-52.981579
364,100.221878,29.521811,21.510315,-52.985825
365,100.232193,29.521753,22.510324,-52.990196
366,100.242508,29.521696,23.510334,-52.994476
367,100.252823,29.521639,24.510345,-52.998669
368,100.263138,29.521580,25.510357,-53.002983
369,100.273453,29.521521,26.510370,-53.007206
370,100.283768,29.521460,27.510387,-53.011551
371,100.294083,29.521399,28.510405,-53.015808
372,100.304398,29.521336,29.510422,-53.020187
373,100.314713,29.521273,30.510439,-53.024475
374,100.325027,29.521210,31.510460,-53.028675
375,100.335342,29.521145,32.510479,-53.032997
376,100.345657,29.521080,33.510506,-53.037228
377,100.355972,29.521015,34.510529,-53.041367
378,100.366287,29.520948,35.510551,-53.045631
379,100.376602,29.520880,36.510578,-53.050014
380,100.386917,29.520811,37.510605,-53.054314
381,100.397232,29.520742,38.510635,-53.058521
382,100.407547,29.520672,39.510670,-53.062847
383,100.417862,29.520601,40.510700,-53.067085
384,100.428177,29.520531,41.510731,-53.071236
385,100.438492,29.520458,42.510765,-53.075504
386,100.448807,29.520384,43.510803,-53.079895
387,100.459122,29.520311,44.510841,-53.083988
388,100.469437,29.520235,45.510880,-53.088409
389,100.479744,29.520161,46.510181,-53.092541
390,100.490059,29.520084,47.510223,-53.096786
391,100.500374,29.520006,48.510265,-53.101151
392,99.499817,29.532791,-48.485649,-51.684090
393,99.510139,29.532789,-47.485027,-51.688602
394,99.520454,29.532789,-46.485149,-51.692814
395,99.530769,29.532787,-45.485264,-51.697144
396,99.541084,29.532784,-44.485386,-51.701599
397,99.551399,29.532780,-43.485504,-51.705959
398,99.561714,29.532776,-42.485626,-51.710236
399,99.572037,29.532770,-41.485004,-51.714634
400,99.582352,29.532764,-40.485123,-51.718941
401,99.592667,29.532759,-39.485237,-51.723156
402,99.602982,29.532751,-38.485359,-51.727497
403,99.613297,29.532742,-37.485477,-51.731953
404,99.623611,29.532732,-36.485592,-51.736324
405,99.633934,29.532722,-35.484974,-51.740608
406,99.644249,29.532713,-34.485088,-51.744801
407,99.654564,29.532701,-33.485207,-51.749115
408,99.664879,29.532688,-32.485325,-51.753548
409,99.675194,29.532675,-31.485441,-51.757896
410,99.685509,29.532661,-30.485559,-51.762150
411,99.695824,29.532646,-29.485676,-51.766529
412,99.706146,29.532631,-28.485052,-51.770817
413,99.716461,29.532614,-27.485168,-51.775227
414,99.726776,29.532597,-26.485283,-51.779549
415,99.737091,29.532579,-25.485399,-51.783783
416,99.747406,29.532560,-24.485514,-51.788132
417,99.757721,29.532541,-23.485626,-51.792393
418,99.768044,29.532520,-22.485003,-51.796780
419,99.778358,29.532499,-21.485115,-51.801079
420,99.788673,29.532476,-20.485228,-51.805492
421,99.798988,29.532454,-19.485342,-51.809822
422,99.809303,29.532431,-18.485453,-51.814060
423,99.819618,29.532406,-17.485565,-51.818417
424,99.829941,29.532381,-16.484938,-51.822693
425,99.840256,29.532354,-15.485048,-51.827084
426,99.850571,29.532328,-14.485158,-51.831387
427,99.860886,29.532301,-13.485268,-51.835598
428,99.871201,29.532272,-12.485377,-51.839935
429,99.881516,29.532244,-11.485485,-51.844177
430,99.891830,29.532213,-10.485594,-51.848541
431,99.902153,29.532183,-9.484961,-51.852825
432,99.912468,29.532150,-8.485068,-51.857224
433,99.922783,29.532118,-7.485174,-51.861530
434,99.933098,29.532085,-6.485279,-51.865749
435,99.943413,29.532051,-5.485384,-51.870094
436,99.953728,29.532017,-4.485488,-51.874344
437,99.964043,29.531981,-3.485592,-51.878719
438,99.974365,29.531944,-2.484955,-51.883003
439,99.984680,29.531908,-1.485057,-51.887199
440,99.994995,29.531870,-0.485158,-51.891514
441,100.005310,29.531830,0.514741,-51.895954
442,100.015625,29.531792,1.514642,-51.900089
443,100.025940,29.531750,2.514543,-51.904564
444,100.036255,29.531710,3.514445,-51.908730
445,100.046577,29.531668,4.515087,-51.913025
446,100.056892,29.531624,5.514990,-51.917439
447,100.067207,29.531580,6.514894,-51.921761
448,100.077522,29.531536,7.514800,-51.925991
449,100.087837,29.531492,8.514706,-51.930138
450,100.098152,29.531445,9.514613,-51.934616
451,100.108467,29.531399,10.514522,-51.938793
452,100.118782,29.531351,11.514430,-51.943092
453,100.129105,29.531303,12.515079,-51.947300
454,100.139420,29.531254,13.514990,-51.951633
455,100.149734,29.531204,14.514901,-51.955872
456,100.160049,29.531153,15.514814,-51.960236
457,100.170364,29.531101,16.514729,-51.964508
458,100.180679,29.531048,17.514643,-51.968906
459,100.190994,29.530996,18.514559,-51.973000
460,100.201309,29.530941,19.514477,-51.977425
461,100.211624,29.530886,20.514395,-51.981766
462,100.221947,29.530830,21.515053,-51.986012
463,100.232262,29.530775,22.514973,-51.990173
464,100.242577,29.530718,23.514894,-51.994453
465,100.252892,29.530659,24.514816,-51.998856
466,100.263206,29.530602,25.514740,-52.002956
467,100.273521,29.530540,26.514666,-52.007389
468,100.283836,29.530481,27.514589,-52.011524
469,100.294151,29.530420,28.514517,-52.015781
470,100.304466,29.530357,29.514448,-52.020157
471,100.314789,29.530294,30.515116,-52.024441
472,100.325104,29.530231,31.515047,-52.028641
473,100.335419,29.530167,32.514980,-52.032963
474,100.345734,29.530102,33.514912,-52.037193
475,100.356049,29.530035,34.514847,-52.041542
476,100.366364,29.529968,35.514782,-52.045807
477,100.376678,29.529902,36.514717,-52.049980
478,100.386993,29.529833,37.514660,-52.054272
479,100.397308,29.529764,38.514599,-52.058479
480,100.407623,29.529694,39.514538,-52.062809
481,100.417938,29.529623,40.514484,-52.067047
482,100.428261,29.529551,41.515167,-52.071404
483,100.438576,29.529478,42.515114,-52.075672
484,100.448891,29.529406,43.515060,-52.079853
485,100.459206,29.529331,44.515007,-52.084152
486,100.469521,29.529257,45.514957,-52.088367
487,100.479836,29.529181,46.514912,-52.092701
488,100.490150,29.529104,47.514862,-52.096947
489,100.500465,29.529028,48.514816,-52.101101
490,99.499817,29.541813,-48.481323,-50.684074
491,99.510139,29.541811,-47.480793,-50.688591
492,99.520454,29.541811,-46.480999,-50.692799
493,99.530769,29.541809,-45.481213,-50.697128
494,99.541092,29.541805,-44.480679,-50.701588
495,99.551407,29.541801,-43.480888,-50.705948
496,99.561722,29.541798,-42.481094,-50.710224
497,99.572037,29.541792,-41.481304,-50.714622
498,99.582359,29.541786,-40.480770,-50.718929
499,99.592674,29.541780,-39.480976,-50.723145
500,99.602989,29.541773,-38.481186,-50.727486
501,99.613312,29.541763,-37.480656,-50.731945
502,99.623627,29.541754,-36.480862,-50.736317
503,99.633942,29.541744,-35.481071,-50.740597
504,99.644257,29.541735,-34.481274,-50.744789
505,99.654579,29.541721,-33.480743,-50.749317
506,99.664894,29.541710,-32.480949,-50.753540
507,99.675209,29.541697,-31.481155,-50.757881
508,99.685524,29.541683,-30.481361,-50.762142
509,99.695847,29.541668,-29.480827,-50.766518
510,99.706161,29.541653,-28.481033,-50.770809
511,99.716476,29.541636,-27.481237,-50.775219
512,99.726799,29.541618,-26.480703,-50.779537
513,99.737114,29.541601,-25.480906,-50.783768
514,99.747429,29.541582,-24.481112,-50.788120
515,99.757744,29.541563,-23.481314,-50.792385
516,99.768066,29.541542,-22.480778,-50.796772
517,99.778381,29.541521,-21.480980,-50.801067
518,99.788696,29.541498,-20.481184,-50.805485
519,99.799019,29.541475,-19.480646,-50.809811
520,99.809334,29.541452,-18.480848,-50.814053
521,99.819649,29.541428,-17.481049,-50.818409
522,99.829964,29.541403,-16.481249,-50.822681
523,99.840286,29.541376,-15.480709,-50.827076
524,99.850601,29.541349,-14.480908,-50.831375
525,99.860916,29.541323,-13.481107,-50.835587
526,99.871231,29.541294,-12.481306,-50.839920
527,99.881554,29.541265,-11.480763,-50.844170
528,99.891869,29.541235,-10.480961,-50.848534
529,99.902184,29.541204,-9.481157,-50.852814
530,99.912506,29.541172,-8.480614,-50.857212
531,99.922821,29.541140,-7.480809,-50.861519
532,99.933136,29.541107,-6.481003,-50.865738
533,99.943451,29.541073,-5.481198,-50.870083
534,99.953773,29.541039,-4.480651,-50.874332
535,99.964088,29.541002,-3.480844,-50.878708
536,99.974403,29.540966,-2.481036,-50.882992
537,99.984718,29.540928,-1.481227,-50.887394
538,99.995041,29.540892,-0.480678,-50.891499
539,100.005356,29.540852,0.519132,-50.895939
540,100.015671,29.540812,1.518943,-50.900288
541,100.025986,29.540771,2.518755,-50.904549
542,100.036308,29.540731,3.519308,-50.908714
543,100.046623,29.540689,4.519121,-50.913010
544,100.056938,29.540646,5.518936,-50.917423
545,100.067253,29.540602,6.518751,-50.921741
546,100.077576,29.540558,7.519306,-50.925976
547,100.087891,29.540512,8.519123,-50.930332
548,100.098206,29.540466,9.518942,-50.934597
549,100.108521,29.540421,10.518760,-50.938774
550,100.118843,29.540373,11.519320,-50.943069
551,100.129158,29.540323,12.519139,-50.947491
552,100.139473,29.540276,13.518961,-50.951611
553,100.149788,29.540224,14.518785,-50.956062
554,100.160110,29.540174,15.519346,-50.960217
555,100.170425,29.540123,16.519173,-50.964489
556,100.180740,29.540070,17.518997,-50.968884
557,100.191055,29.540016,18.518824,-50.973186
558,100.201378,29.539963,19.519390,-50.977402
559,100.211693,29.539907,20.519220,-50.981739
560,100.222008,29.539852,21.519051,-50.985989
561,100.232323,29.539797,22.518881,-50.990143
562,100.242638,29.539740,23.518713,-50.994427
563,100.252960,29.539680,24.519287,-50.998825
564,100.263275,29.539621,25.519121,-51.003136
565,100.273590,29.539562,26.518957,-51.007359
566,100.283905,29.539501,27.518793,-51.011707
567,100.294228,29.539440,28.519371,-51.015957
568,100.304543,29.539379,29.519209,-51.020126
569,100.314857,29.539316,30.519051,-51.024410
570,100.325172,29.539251,31.518892,-51.028820
571,100.335487,29.539188,32.518734,-51.032928
572,100.345810,29.539124,33.519318,-51.037155
573,100.356125,29.539057,34.519165,-51.041508
574,100.366440,29.538990,35.519012,-51.045769
575,100.376755,29.538921,36.518860,-51.050152
576,100.387077,29.538855,37.519447,-51.054234
577,100.397392,29.538784,38.519302,-51.058647
578,100.407707,29.538715,39.519154,-51.062767
579,100.418022,29.538643,40.519005,-51.067215
580,100.428337,29.538572,41.518860,-51.071358
581,100.438660,29.538500,42.519459,-51.075630
582,100.448975,29.538427,43.519314,-51.079803
583,100.459290,29.538353,44.519173,-51.084110
584,100.469604,29.538279,45.519035,-51.088322
585,100.479919,29.538202,46.518894,-51.092651
586,100.490234,29.538126,47.518757,-51.096897
587,100.500557,29.538048,48.519363,-51.101261
588,99.499817,29.550833,-48.477001,-49.684269
589,99.510139,29.550833,-47.476559,-49.688576
590,99.520454,29.550833,-46.476856,-49.692780
591,99.530777,29.550831,-45.476414,-49.697117
592,99.541092,29.550827,-44.476711,-49.701569
593,99.551407,29.550823,-43.477009,-49.705933
594,99.561729,29.550819,-42.476566,-49.710213
595,99.572044,29.550814,-41.476864,-49.714607
596,99.582367,29.550808,-40.476421,-49.718914
597,99.592682,29.550802,-39.476719,-49.723133
598,99.602997,29.550795,-38.477016,-49.727470
599,99.613319,29.550785,-37.476570,-49.731934
600,99.623634,29.550776,-36.476868,-49.736305
601,99.633957,29.550766,-35.476425,-49.740585
602,99.644272,29.550755,-34.476723,-49.744987
603,99.654587,29.550743,-33.477016,-49.749302
604,99.664909,29.550732,-32.476574,-49.753529
605,99.675224,29.550718,-31.476868,-49.757874
606,99.685547,29.550705,-30.476423,-49.762135
607,99.695862,29.550690,-29.476719,-49.766506
608,99.706177,29.550674,-28.477015,-49.770798
609,99.716499,29.550657,-27.476568,-49.775208
610,99.726814,29.550640,-26.476862,-49.779526
611,99.737137,29.550623,-25.476416,-49.783760
612,99.747452,29.550604,-24.476709,-49.788113
613,99.757767,29.550583,-23.477001,-49.792587
614,99.768089,29.550564,-22.476555,-49.796761
615,99.778404,29.550543,-21.476845,-49.801056
616,99.788727,29.550520,-20.476398,-49.805473
617,99.799042,29.550497,-19.476690,-49.809799
618,99.809357,29.550474,-18.476980,-49.814037
619,99.819679,29.550449,-17.476532,-49.818398
620,99.829994,29.550425,-16.476820,-49.822666
621,99.840317,29.550398,-15.476370,-49.827061
622,99.850632,29.550371,-14.476658,-49.831364
623,99.860947,29.550344,-13.476946,-49.835575
624,99.871269,29.550316,-12.476494,-49.839909
625,99.881584,29.550285,-11.476781,-49.844368
626,99.891907,29.550257,-10.476328,-49.848522
627,99.902222,29.550226,-9.476614,-49.852802
628,99.912537,29.550194,-8.476899,-49.857201
629,99.922859,29.550161,-7.476444,-49.861507
630,99.933174,29.550129,-6.476728,-49.865726
631,99.943489,29.550095,-5.477011,-49.870068
632,99.953812,29.550060,-4.476554,-49.874321
633,99.964127,29.550024,-3.476836,-49.878693
634,99.974449,29.549988,-2.476378,-49.882977
635,99.984764,29.549950,-1.476658,-49.887383
636,99.995079,29.549911,-0.476938,-49.891701
637,100.005402,29.549873,0.523523,-49.895927
638,100.015717,29.549833,1.523245,-49.900272
639,100.026031,29.549793,2.522967,-49.904530
640,100.036354,29.549751,3.523430,-49.908909
641,100.046669,29.549709,4.523155,-49.913204
642,100.056992,29.549667,5.523619,-49.917404
643,100.067307,29.549623,6.523345,-49.921726
644,100.077621,29.549580,7.523072,-49.925957
645,100.087944,29.549534,8.523539,-49.930313
646,100.098259,29.549488,9.523269,-49.934578
647,100.108574,29.549440,10.522998,-49.938965
648,100.118896,29.549395,11.523468,-49.943050
649,100.129211,29.549345,12.523199,-49.947472
650,100.139534,29.549295,13.523671,-49.951801
651,100.149849,29.549246,14.523404,-49.956039
652,100.160164,29.549194,15.523139,-49.960403
653,100.170486,29.549143,16.523613,-49.964676
654,100.180801,29.549091,17.523350,-49.968857
655,100.191116,29.549038,18.523088,-49.973160
656,100.201439,29.548985,19.523567,-49.977375
657,100.211754,29.548929,20.523304,-49.981712
658,100.222069,29.548874,21.523046,-49.985962
659,100.232391,29.548817,22.523527,-49.990330
660,100.242706,29.548759,23.523272,-49.994606
661,100.253021,29.548702,24.523014,-49.998798
662,100.263344,29.548643,25.523500,-50.003109
663,100.273659,29.548584,26.523247,-50.007328
664,100.283974,29.548523,27.522995,-50.011673
665,100.294296,29.548462,28.523483,-50.015926
666,100.304611,29.548399,29.523232,-50.020302
667,100.314934,29.548338,30.523724,-50.024376
668,100.325249,29.548273,31.523474,-50.028786
669,100.335564,29.548208,32.523228,-50.033100
670,100.345886,29.548143,33.523724,-50.037327
671,100.356201,29.548079,34.523479,-50.041470
672,100.366516,29.548012,35.523239,-50.045731
673,100.376831,29.547943,36.522995,-50.050114
674,100.387154,29.547874,37.523495,-50.054405
675,100.397469,29.547806,38.523258,-50.058609
676,100.407784,29.547735,39.523018,-50.062935
677,100.418106,29.547665,40.523525,-50.067169
678,100.428421,29.547594,41.523289,-50.071316
679,100.438736,29.547522,42.523060,-50.075581
680,100.449059,29.547447,43.523567,-50.079971
681,100.459373,29.547373,44.523335,-50.084274
682,100.469688,29.547298,45.523109,-50.088486
683,100.480011,29.547224,46.523621,-50.092602
684,100.490326,29.547146,47.523396,-50.097054
685,100.500641,29.547070,48.523170,-50.101212
686,99.499817,29.559855,-48.472672,-48.684254
687,99.510139,29.559855,-47.472321,-48.688553
688,99.520454,29.559855,-46.472706,-48.692764
689,99.530777,29.559853,-45.472355,-48.697102
690,99.541092,29.559849,-44.472744,-48.701553
691,99.551414,29.559845,-43.472389,-48.705917
692,99.561737,29.559841,-42.472034,-48.710194
693,99.572052,29.559835,-41.472424,-48.714592
694,99.582375,29.559830,-40.472069,-48.718903
695,99.592690,29.559822,-39.472458,-48.723328
696,99.603012,29.559814,-38.472103,-48.727669
697,99.613327,29.559807,-37.472488,-48.731918
698,99.623650,29.559797,-36.472134,-48.736294
699,99.633965,29.559788,-35.472519,-48.740570
700,99.644287,29.559776,-34.472164,-48.744976
701,99.654602,29.559765,-33.472549,-48.749290
702,99.664925,29.559753,-32.472195,-48.753517
703,99.675240,29.559740,-31.472580,-48.757858
704,99.685562,29.559727,-30.472225,-48.762115
705,99.695877,29.559711,-29.472609,-48.766495
706,99.706200,29.559696,-28.472254,-48.770786
707,99.716515,29.559679,-27.472637,-48.775196
708,99.726837,29.559662,-26.472281,-48.779514
709,99.737152,29.559645,-25.472664,-48.783745
710,99.747475,29.559626,-24.472307,-48.788101
711,99.757790,29.559605,-23.472689,-48.792576
712,99.768112,29.559586,-22.472330,-48.796749
713,99.778427,29.559565,-21.472712,-48.801044
714,99.788750,29.559542,-20.472353,-48.805462
715,99.799065,29.559519,-19.472733,-48.809788
716,99.809387,29.559496,-18.472374,-48.814026
717,99.819710,29.559471,-17.472013,-48.818386
718,99.830025,29.559446,-16.472393,-48.822655
719,99.840347,29.559420,-15.472032,-48.827049
720,99.850662,29.559393,-14.472409,-48.831352
721,99.860985,29.559366,-13.472047,-48.835564
722,99.871300,29.559338,-12.472424,-48.839897
723,99.881622,29.559307,-11.472060,-48.844357
724,99.891937,29.559278,-10.472437,-48.848507
725,99.902260,29.559246,-9.472073,-48.852997
726,99.912575,29.559216,-8.472446,-48.857185
727,99.922897,29.559183,-7.472081,-48.861492
728,99.933212,29.559149,-6.472454,-48.865921
729,99.943535,29.559116,-5.472086,-48.870056
730,99.953850,29.559080,-4.472458,-48.874516
731,99.964172,29.559046,-3.472090,-48.878677
732,99.974487,29.559010,-2.472460,-48.882961
733,99.984810,29.558971,-1.472090,-48.887367
734,99.995125,29.558933,-0.472459,-48.891678
735,100.005447,29.558895,0.527912,-48.895905
736,100.015762,29.558855,1.527545,-48.900253
737,100.026085,29.558815,2.527918,-48.904510
738,100.036400,29.558773,3.527552,-48.908894
739,100.046722,29.558731,4.527927,-48.913185
740,100.057037,29.558689,5.527563,-48.917381
741,100.067360,29.558645,6.527939,-48.921707
742,100.077675,29.558601,7.527576,-48.925938
743,100.087997,29.558556,8.527954,-48.930294
744,100.098312,29.558510,9.527594,-48.934559
745,100.108635,29.558462,10.527973,-48.938946
746,100.118950,29.558414,11.527616,-48.943241
747,100.129272,29.558367,12.527997,-48.947449
748,100.139587,29.558317,13.527639,-48.951778
749,100.149902,29.558268,14.527285,-48.956017
750,100.160225,29.558216,15.527669,-48.960381
751,100.170540,29.558165,16.527315,-48.964649
752,100.180862,29.558113,17.527700,-48.968834
753,100.191177,29.558060,18.527349,-48.973137
754,100.201500,29.558004,19.527739,-48.977558
755,100.211815,29.557951,20.527390,-48.981682
756,100.222137,29.557896,21.527779,-48.985931
757,100.232452,29.557838,22.527433,-48.990299
758,100.242775,29.557781,23.527826,-48.994579
759,100.253090,29.557724,24.527481,-48.998764
760,100.263412,29.557665,25.527878,-49.003075
761,100.273727,29.557604,26.527533,-49.007507
762,100.284050,29.557545,27.527931,-49.011642
763,100.294365,29.557484,28.527592,-49.015896
764,100.304688,29.557421,29.527992,-49.020267
765,100.315002,29.557358,30.527655,-49.024551
766,100.325317,29.557295,31.527317,-49.028751
767,100.335640,29.557230,32.527721,-49.033066
768,100.345955,29.557165,33.527386,-49.037292
769,100.356277,29.557098,34.527794,-49.041641
770,100.366592,29.557032,35.527462,-49.045902
771,100.376915,29.556965,36.527870,-49.050072
772,100.387230,29.556896,37.527542,-49.054363
773,100.397552,29.556828,38.527954,-49.058567
774,100.407867,29.556757,39.527630,-49.062889
775,100.418182,29.556686,40.527302,-49.067123
776,100.428505,29.556614,41.527718,-49.071480
777,100.438820,29.556541,42.527397,-49.075745
778,100.449142,29.556469,43.527817,-49.079922
779,100.459457,29.556395,44.527496,-49.084221
780,100.469780,29.556320,45.527920,-49.088428
781,100.480095,29.556244,46.527603,-49.092762
782,100.490410,29.556168,47.527290,-49.097004
783,100.500732,29.556091,48.527714,-49.101158
784,99.499817,29.568876,-48.468349,-47.684235
785,99.510139,29.568876,-47.468082,-47.688538
786,99.520462,29.568874,-46.467819,-47.692963
787,99.530777,29.568872,-45.468296,-47.697292
788,99.541100,29.568871,-44.468033,-47.701538
789,99.551422,29.568867,-43.467770,-47.705906
790,99.561737,29.568863,-42.468246,-47.710178
791,99.572060,29.568857,-41.467979,-47.714577
792,99.582382,29.568851,-40.467720,-47.718887
793,99.592697,29.568844,-39.468193,-47.723312
794,99.603020,29.568836,-38.467930,-47.727654
795,99.613335,29.568829,-37.468403,-47.731903
796,99.623657,29.568819,-36.468140,-47.736275
797,99.633980,29.568810,-35.467876,-47.740559
798,99.644295,29.568798,-34.468349,-47.744961
799,99.654617,29.568787,-33.468086,-47.749279
800,99.664940,29.568775,-32.467819,-47.753502
801,99.675255,29.568762,-31.468292,-47.757847
802,99.685577,29.568747,-30.468027,-47.762318
803,99.695900,29.568733,-29.467760,-47.766483
804,99.706215,29.568716,-28.468235,-47.770981
805,99.716537,29.568701,-27.467966,-47.775185
806,99.726860,29.568684,-26.467699,-47.779503
807,99.737175,29.568665,-25.468172,-47.783947
808,99.747498,29.568647,-24.467905,-47.788086
809,99.757812,29.568626,-23.468374,-47.792564
810,99.768135,29.568607,-22.468107,-47.796734
811,99.778458,29.568584,-21.467838,-47.801243
812,99.788773,29.568563,-20.468309,-47.805450
813,99.799095,29.568541,-19.468037,-47.809776
814,99.809418,29.568518,-18.467768,-47.814014
815,99.819733,29.568493,-17.468237,-47.818371
816,99.830055,29.568468,-16.467964,-47.822643
817,99.840378,29.568441,-15.467693,-47.827034
818,99.850693,29.568415,-14.468161,-47.831337
819,99.861015,29.568386,-13.467888,-47.835762
820,99.871330,29.568359,-12.468353,-47.839882
821,99.881653,29.568329,-11.468080,-47.844341
822,99.891975,29.568298,-10.467805,-47.848705
823,99.902290,29.568268,-9.468269,-47.852982
824,99.912613,29.568237,-8.467993,-47.857166
825,99.922935,29.568205,-7.467717,-47.861477
826,99.933250,29.568171,-6.468179,-47.865906
827,99.943573,29.568136,-5.467901,-47.870247
828,99.953888,29.568102,-4.468362,-47.874500
829,99.964211,29.568068,-3.468083,-47.878658
830,99.974533,29.568029,-2.467803,-47.883156
831,99.984848,29.567993,-1.468262,-47.887348
832,99.995171,29.567955,-0.467981,-47.891663
833,100.005493,29.567917,0.532301,-47.895889
834,100.015808,29.567877,1.531844,-47.900238
835,100.026131,29.567837,2.532128,-47.904491
836,100.036446,29.567795,3.531673,-47.908875
837,100.046768,29.567753,4.531959,-47.913162
838,100.057091,29.567711,5.532245,-47.917362
839,100.067406,29.567667,6.531792,-47.921684
840,100.077728,29.567621,7.532080,-47.926128
841,100.088043,29.567577,8.531629,-47.930271
842,100.098366,29.567532,9.531919,-47.934536
843,100.108688,29.567484,10.532209,-47.938923
844,100.119003,29.567436,11.531762,-47.943218
845,100.129326,29.567389,12.532054,-47.947426
846,100.139641,29.567339,13.531608,-47.951756
847,100.149963,29.567289,14.531902,-47.955994
848,100.160286,29.567238,15.532197,-47.960350
849,100.170601,29.567186,16.531754,-47.964626
850,100.180923,29.567133,17.532053,-47.969017
851,100.191238,29.567081,18.531610,-47.973110
852,100.201561,29.567026,19.531910,-47.977531
853,100.211884,29.566971,20.532211,-47.981869
854,100.222198,29.566916,21.531773,-47.986115
855,100.232521,29.566860,22.532076,-47.990269
856,100.242836,29.566803,23.531641,-47.994545
857,100.253159,29.566744,24.531946,-47.998947
858,100.263481,29.566685,25.532251,-48.003254
859,100.273796,29.566626,26.531820,-48.007477
860,100.284119,29.566565,27.532129,-48.011818
861,100.294434,29.566504,28.531700,-48.016071
862,100.304756,29.566442,29.532009,-48.020229
863,100.315071,29.566380,30.531582,-48.024517
864,100.325394,29.566317,31.531897,-48.028709
865,100.335716,29.566252,32.532211,-48.033028
866,100.346031,29.566187,33.531788,-48.037254
867,100.356354,29.566120,34.532104,-48.041603
868,100.366669,29.566053,35.531685,-48.045860
869,100.376991,29.565985,36.532005,-48.050243
870,100.387306,29.565918,37.531586,-48.054321
871,100.397629,29.565847,38.531910,-48.058735
872,100.407951,29.565777,39.532234,-48.063053
873,100.418266,29.565706,40.531822,-48.067287
874,100.428589,29.565636,41.532143,-48.071434
875,100.438904,29.565563,42.531734,-48.075699
876,100.449226,29.565489,43.532063,-48.080086
877,100.459541,29.565416,44.531654,-48.084171
878,100.469864,29.565340,45.531990,-48.088589
879,100.480179,29.565266,46.531582,-48.092712
880,100.490501,29.565189,47.531918,-48.096951
881,100.500824,29.565111,48.532253,-48.101307
882,99.499817,29.577898,-48.464020,-46.684216
883,99.510139,29.577898,-47.463844,-46.688519
884,99.520462,29.577896,-46.463673,-46.692940
885,99.530785,29.577894,-45.463497,-46.697277
886,99.541100,29.577892,-44.464062,-46.701519
887,99.551422,29.577888,-43.463886,-46.705887
888,99.561745,29.577885,-42.463715,-46.710159
889,99.572067,29.577879,-41.463539,-46.714558
890,99.582382,29.577873,-40.464104,-46.718868
891,99.592705,29.577866,-39.463928,-46.723297
892,99.603027,29.577858,-38.463753,-46.727638
893,99.613350,29.577850,-37.463577,-46.731888
894,99.623672,29.577841,-36.463406,-46.736263
895,99.633987,29.577831,-35.463970,-46.740543
896,99.644310,29.577820,-34.463795,-46.744946
897,99.654633,29.577808,-33.463615,-46.749260
898,99.664955,29.577797,-32.463440,-46.753483
899,99.675270,29.577784,-31.464005,-46.757832
900,99.685593,29.577768,-30.463829,-46.762302
901,99.695915,29.577755,-29.463650,-46.766468
902,99.706238,29.577738,-28.463474,-46.770969
903,99.716553,29.577723,-27.464035,-46.775169
904,99.726875,29.577705,-26.463858,-46.779488
905,99.737198,29.577686,-25.463680,-46.783928
906,99.747520,29.577667,-24.463503,-46.788284
907,99.757835,29.577648,-23.464062,-46.792545
908,99.768158,29.577627,-22.463882,-46.796932
909,99.778481,29.577606,-21.463703,-46.801228
910,99.788803,29.577585,-20.463524,-46.805435
911,99.799118,29.577562,-19.464083,-46.809761
912,99.809441,29.577538,-18.463902,-46.814213
913,99.819763,29.577515,-17.463718,-46.818359
914,99.830086,29.577488,-16.463537,-46.822842
915,99.840401,29.577463,-15.464095,-46.827019
916,99.850723,29.577436,-14.463911,-46.831322
917,99.861046,29.577408,-13.463729,-46.835747
918,99.871368,29.577379,-12.463544,-46.840076
919,99.881683,29.577351,-11.464099,-46.844326
920,99.892006,29.577320,-10.463913,-46.848686
921,99.902328,29.577290,-9.463728,-46.852966
922,99.912651,29.577259,-8.463541,-46.857151
923,99.922966,29.577227,-7.464093,-46.861462
924,99.933289,29.577192,-6.463906,-46.865891
925,99.943611,29.577158,-5.463717,-46.870232
926,99.953934,29.577124,-4.463528,-46.874481
927,99.964249,29.577087,-3.464078,-46.878857
928,99.974571,29.577051,-2.463887,-46.883137
929,99.984894,29.577015,-1.463696,-46.887329
930,99.995216,29.576977,-0.463504,-46.891644
931,100.005531,29.576937,0.535950,-46.896084
932,100.015854,29.576899,1.536143,-46.900215
933,100.026176,29.576859,2.536337,-46.904472
934,100.036499,29.576817,3.536532,-46.908852
935,100.046814,29.576775,4.535989,-46.913139
936,100.057137,29.576731,5.536186,-46.917553
937,100.067459,29.576689,6.536384,-46.921665
938,100.077782,29.576643,7.536582,-46.926105
939,100.088097,29.576599,8.536042,-46.930248
940,100.098419,29.576551,9.536242,-46.934723
941,100.108742,29.576506,10.536444,-46.938900
942,100.119057,29.576458,11.535906,-46.943192
943,100.129379,29.576408,12.536109,-46.947609
944,100.139702,29.576361,13.536313,-46.951725
945,100.150024,29.576309,14.536518,-46.956177
946,100.160339,29.576260,15.535985,-46.960323
947,100.170662,29.576208,16.536194,-46.964592
948,100.180984,29.576155,17.536400,-46.968987
949,100.191299,29.576101,18.535872,-46.973289
950,100.201622,29.576048,19.536079,-46.977505
951,100.211945,29.575993,20.536293,-46.981834
952,100.222267,29.575937,21.536505,-46.986080
953,100.232582,29.575880,22.535978,-46.990448
954,100.242905,29.575823,23.536194,-46.994728
955,100.253227,29.575766,24.536407,-46.998909
956,100.263542,29.575706,25.535887,-47.003223
957,100.273865,29.575647,26.536106,-47.007442
958,100.284187,29.575586,27.536324,-47.011780
959,100.294510,29.575525,28.536545,-47.016029
960,100.304825,29.575464,29.536028,-47.020195
961,100.315147,29.575401,30.536249,-47.024475
962,100.325470,29.575336,31.536474,-47.028881
963,100.335785,29.575272,32.535961,-47.033199
964,100.346107,29.575207,33.536186,-47.037422
965,100.356430,29.575142,34.536415,-47.041557
966,100.366745,29.575075,35.535904,-47.045815
967,100.377068,29.575006,36.536137,-47.050194
968,100.387390,29.574938,37.536366,-47.054485
969,100.397705,29.574869,38.535858,-47.058689
970,100.408028,29.574799,39.536098,-47.063007
971,100.418350,29.574728,40.536331,-47.067242
972,100.428673,29.574656,41.536572,-47.071594
973,100.438988,29.574583,42.536072,-47.075859
974,100.449310,29.574511,43.536308,-47.080036
975,100.459633,29.574436,44.536552,-47.084328
976,100.469948,29.574362,45.536057,-47.088539
977,100.480270,29.574286,46.536301,-47.092869
978,100.490593,29.574209,47.536549,-47.097107
979,100.500908,29.574133,48.536057,-47.101254
980,99.499817,29.586920,-48.459690,-45.684196
981,99.510139,29.586920,-47.459606,-45.688496
982,99.520462,29.586918,-46.459522,-45.692921
983,99.530785,29.586916,-45.459438,-45.697258
984,99.541107,29.586914,-44.459351,-45.701500
985,99.551430,29.586910,-43.459267,-45.705868
986,99.561752,29.586906,-42.459183,-45.710144
987,99.572075,29.586901,-41.459099,-45.714542
988,99.582390,29.586895,-40.459751,-45.718849
989,99.592712,29.586887,-39.459667,-45.723278
990,99.603035,29.586880,-38.459583,-45.727615
991,99.613358,29.586872,-37.459496,-45.731873
992,99.623680,29.586863,-36.459412,-45.736240
993,99.634003,29.586853,-35.459324,-45.740524
994,99.644325,29.586842,-34.459240,-45.744930
995,99.654648,29.586830,-33.459152,-45.749245
996,99.664970,29.586817,-32.459064,-45.753681
997,99.675285,29.586805,-31.459717,-45.757816
998,99.685608,29.586790,-30.459629,-45.762280
999,99.695930,29.586775,-29.459543,-45.766663
1000,99.706253,29.586760,-28.459455,-45.770954
1001,99.716576,29.586744,-27.459366,-45.775154
1002,99.726898,29.586727,-26.459278,-45.779472
1003,99.737221,29.586708,-25.459190,-45.783913
1004,99.747543,29.586689,-24.459099,-45.788269
1005,99.757858,29.586670,-23.459749,-45.792530
1006,99.768181,29.586649,-22.459660,-45.796913
1007,99.778503,29.586628,-21.459568,-45.801212
1008,99.788826,29.586607,-20.459478,-45.805416
1009,99.799149,29.586584,-19.459387,-45.809746
1010,99.809471,29.586559,-18.459295,-45.814194
1011,99.819794,29.586536,-17.459204,-45.818340
1012,99.830116,29.586510,-16.459112,-45.822823
1013,99.840431,29.586485,-15.459757,-45.827003
1014,99.850754,29.586458,-14.459663,-45.831306
1015,99.861076,29.586430,-13.459569,-45.835728
1016,99.871399,29.586401,-12.459475,-45.840061
1017,99.881721,29.586372,-11.459379,-45.844303
1018,99.892044,29.586342,-10.459283,-45.848671
1019,99.902367,29.586311,-9.459187,-45.852951
1020,99.912689,29.586279,-8.459090,-45.857346
1021,99.923004,29.586246,-7.459731,-45.861652
1022,99.933327,29.586214,-6.459632,-45.865871
1023,99.943649,29.586180,-5.459533,-45.870213
1024,99.953972,29.586145,-4.459434,-45.874462
1025,99.964294,29.586109,-3.459333,-45.878838
1026,99.974617,29.586073,-2.459232,-45.883118
1027,99.984940,29.586037,-1.459130,-45.887310
1028,99.995255,29.585999,-0.459767,-45.891624
1029,100.005577,29.585958,0.540337,-45.896057
1030,100.015900,29.585920,1.540441,-45.900196
1031,100.026222,29.585878,2.540546,-45.904663
1032,100.036545,29.585838,3.540652,-45.908833
1033,100.046867,29.585796,4.540758,-45.913120
1034,100.057190,29.585752,5.540866,-45.917530
1035,100.067505,29.585709,6.540235,-45.921852
1036,100.077827,29.585665,7.540344,-45.926083
1037,100.088150,29.585619,8.540454,-45.930435
1038,100.098473,29.585573,9.540565,-45.934700
1039,100.108795,29.585527,10.540677,-45.938869
1040,100.119118,29.585480,11.540790,-45.943169
1041,100.129433,29.585430,12.540165,-45.947586
1042,100.139755,29.585381,13.540279,-45.951912
1043,100.150078,29.585331,14.540396,-45.956150
1044,100.160400,29.585281,15.540512,-45.960297
1045,100.170723,29.585228,16.540628,-45.964779
1046,100.181046,29.585176,17.540749,-45.968956
1047,100.191368,29.585123,18.540867,-45.973259
1048,100.201683,29.585070,19.540251,-45.977474
1049,100.212006,29.585014,20.540371,-45.981804
1050,100.222328,29.584959,21.540495,-45.986050
1051,100.232651,29.584902,22.540619,-45.990414
1052,100.242973,29.584845,23.540745,-45.994690
1053,100.253296,29.584787,24.540871,-45.998875
1054,100.263611,29.584728,25.540260,-46.003189
1055,100.273933,29.584669,26.540386,-46.007401
1056,100.284256,29.584608,27.540518,-46.011742
1057,100.294579,29.584547,28.540648,-46.015991
1058,100.304901,29.584484,29.540781,-46.020367
1059,100.315216,29.584421,30.540176,-46.024647
1060,100.325539,29.584358,31.540310,-46.028843
1061,100.335861,29.584293,32.540447,-46.033157
1062,100.346184,29.584229,33.540581,-46.037380
1063,100.356506,29.584162,34.540722,-46.041725
1064,100.366829,29.584095,35.540863,-46.045986
1065,100.377144,29.584028,36.540264,-46.050152
1066,100.387466,29.583960,37.540405,-46.054440
1067,100.397789,29.583889,38.540550,-46.058853
1068,100.408112,29.583820,39.540695,-46.062962
1069,100.418434,29.583750,40.540844,-46.067192
1070,100.428749,29.583677,41.540253,-46.071548
1071,100.439072,29.583605,42.540401,-46.075809
1072,100.449394,29.583532,43.540554,-46.079979
1073,100.459717,29.583458,44.540707,-46.084278
1074,100.470039,29.583382,45.540859,-46.088692
1075,100.480354,29.583307,46.540276,-46.092812
1076,100.490677,29.583231,47.540432,-46.097046
1077,100.500999,29.583153,48.540588,-46.101406
1078,99.499817,29.595942,-48.455364,-44.684174
1079,99.510139,29.595942,-47.455368,-44.688477
1080,99.520462,29.595940,-46.455372,-44.692898
1081,99.530785,29.595938,-45.455376,-44.697235
1082,99.541107,29.595936,-44.455379,-44.701477
1083,99.551430,29.595932,-43.455383,-44.705845
1084,99.561752,29.595926,-42.455391,-44.710331
1085,99.572075,29.595922,-41.455395,-44.714520
1086,99.582397,29.595917,-40.455399,-44.718826
1087,99.592720,29.595909,-39.455402,-44.723259
1088,99.603043,29.595901,-38.455406,-44.727596
1089,99.613365,29.595894,-37.455410,-44.731850
1090,99.623688,29.595884,-36.455414,-44.736221
1091,99.634010,29.595875,-35.455418,-44.740505
1092,99.644333,29.595863,-34.455418,-44.744911
1093,99.654655,29.595852,-33.455421,-44.749222
1094,99.664978,29.595839,-32.455425,-44.753658
1095,99.675301,29.595825,-31.455427,-44.758007
1096,99.685623,29.595812,-30.455429,-44.762264
1097,99.695946,29.595797,-29.455431,-44.766644
1098,99.706268,29.595781,-28.455433,-44.770935
1099,99.716591,29.595766,-27.455435,-44.775131
1100,99.726913,29.595749,-26.455435,-44.779453
1101,99.737236,29.595730,-25.455435,-44.783894
1102,99.747559,29.595711,-24.455437,-44.788250
1103,99.757881,29.595692,-23.455435,-44.792511
1104,99.768204,29.595671,-22.455435,-44.796898
1105,99.778526,29.595650,-21.455435,-44.801193
1106,99.788849,29.595629,-20.455433,-44.805397
1107,99.799171,29.595606,-19.455431,-44.809727
1108,99.809494,29.595581,-18.455429,-44.814175
1109,99.819817,29.595556,-17.455425,-44.818535
1110,99.830139,29.595531,-16.455423,-44.822803
1111,99.840462,29.595507,-15.455419,-44.826984
1112,99.850784,29.595478,-14.455415,-44.831497
1113,99.861107,29.595451,-13.455410,-44.835709
1114,99.871429,29.595423,-12.455405,-44.840042
1115,99.881752,29.595394,-11.455399,-44.844284
1116,99.892075,29.595364,-10.455393,-44.848652
1117,99.902397,29.595333,-9.455385,-44.852928
1118,99.912720,29.595301,-8.455377,-44.857323
1119,99.923042,29.595268,-7.455369,-44.861633
1120,99.933365,29.595236,-6.455360,-44.865852
1121,99.943687,29.595201,-5.455350,-44.870190
1122,99.954010,29.595167,-4.455340,-44.874443
1123,99.964333,29.595131,-3.455329,-44.878811
1124,99.974655,29.595095,-2.455317,-44.883095
1125,99.984978,29.595057,-1.455304,-44.887501
1126,99.995300,29.595018,-0.455291,-44.891811
1127,100.005623,29.594980,0.544723,-44.896038
1128,100.015945,29.594940,1.544738,-44.900383
1129,100.026268,29.594900,2.544754,-44.904640
1130,100.036591,29.594858,3.544770,-44.909019
1131,100.046913,29.594816,4.544787,-44.913307
1132,100.057236,29.594774,5.544806,-44.917503
1133,100.067558,29.594730,6.544825,-44.921825
1134,100.077881,29.594687,7.544844,-44.926060
1135,100.088203,29.594641,8.544866,-44.930408
1136,100.098526,29.594595,9.544887,-44.934673
1137,100.108849,29.594547,10.544909,-44.939056
1138,100.119171,29.594500,11.544932,-44.943352
1139,100.129494,29.594452,12.544957,-44.947556
1140,100.139816,29.594402,13.544982,-44.951881
1141,100.150139,29.594353,14.545009,-44.956120
1142,100.160461,29.594301,15.545036,-44.960476
1143,100.170784,29.594250,16.545065,-44.964745
1144,100.181107,29.594198,17.545094,-44.968925
1145,100.191429,29.594145,18.545124,-44.973228
1146,100.201752,29.594090,19.545156,-44.977650
1147,100.212067,29.594036,20.544449,-44.981773
1148,100.222389,29.593979,21.544485,-44.986225
1149,100.232712,29.593924,22.544518,-44.990379
1150,100.243034,29.593866,23.544554,-44.994656
1151,100.253357,29.593807,24.544592,-44.999054
1152,100.263680,29.593750,25.544628,-45.003147
1153,100.274002,29.593689,26.544670,-45.007580
1154,100.284325,29.593630,27.544708,-45.011707
1155,100.294647,29.593567,28.544752,-45.016167
1156,100.304970,29.593506,29.544794,-45.020325
1157,100.315292,29.593443,30.544838,-45.024609
1158,100.325615,29.593378,31.544886,-45.029011
1159,100.335938,29.593315,32.544933,-45.033112
1160,100.346260,29.593248,33.544979,-45.037548
1161,100.356583,29.593184,34.545029,-45.041683
1162,100.366905,29.593117,35.545078,-45.045937
1163,100.377228,29.593048,36.545132,-45.050316
1164,100.387543,29.592979,37.544445,-45.054604
1165,100.397865,29.592911,38.544498,-45.058804
1166,100.408188,29.592840,39.544556,-45.063126
1167,100.418510,29.592770,40.544613,-45.067356
1168,100.428833,29.592699,41.544670,-45.071491
1169,100.439156,29.592627,42.544735,-45.075756
1170,100.449478,29.592552,43.544792,-45.080139
1171,100.459801,29.592478,44.544861,-45.084435
1172,100.470123,29.592403,45.544922,-45.088638
1173,100.480446,29.592327,46.544987,-45.092964
1174,100.490768,29.592251,47.545055,-45.097198
1175,100.501091,29.592175,48.545124,-45.101349
1176,99.499817,29.604963,-48.451031,-43.684147
1177,99.510147,29.604963,-47.450386,-43.688454
1178,99.520470,29.604961,-46.450481,-43.692879
1179,99.530792,29.604959,-45.450573,-43.697212
1180,99.541115,29.604958,-44.450668,-43.701458
1181,99.551437,29.604954,-43.450760,-43.705826
1182,99.561760,29.604948,-42.450855,-43.710312
1183,99.572083,29.604944,-41.450951,-43.714500
1184,99.582405,29.604937,-40.451042,-43.719021
1185,99.592735,29.604931,-39.450397,-43.723240
1186,99.603058,29.604923,-38.450493,-43.727581
1187,99.613380,29.604916,-37.450584,-43.731831
1188,99.623703,29.604906,-36.450676,-43.736202
1189,99.634026,29.604895,-35.450771,-43.740700
1190,99.644348,29.604885,-34.450863,-43.744892
1191,99.654671,29.604874,-33.450954,-43.749207
1192,99.664993,29.604860,-32.451046,-43.753639
1193,99.675316,29.604847,-31.451139,-43.757988
1194,99.685646,29.604834,-30.450493,-43.762245
1195,99.695969,29.604818,-29.450583,-43.766624
1196,99.706291,29.604803,-28.450674,-43.770912
1197,99.716614,29.604786,-27.450764,-43.775326
1198,99.726936,29.604769,-26.450855,-43.779648
1199,99.737259,29.604752,-25.450945,-43.783878
1200,99.747581,29.604733,-24.451035,-43.788231
1201,99.757904,29.604713,-23.451122,-43.792492
1202,99.768234,29.604692,-22.450472,-43.796879
1203,99.778557,29.604671,-21.450563,-43.801174
1204,99.788879,29.604649,-20.450651,-43.805595
1205,99.799202,29.604626,-19.450737,-43.809917
1206,99.809525,29.604603,-18.450825,-43.814156
1207,99.819847,29.604578,-17.450911,-43.818516
1208,99.830170,29.604553,-16.450996,-43.822784
1209,99.840492,29.604527,-15.451082,-43.827175
1210,99.850815,29.604500,-14.451167,-43.831478
1211,99.861145,29.604473,-13.450513,-43.835690
1212,99.871468,29.604445,-12.450597,-43.840023
1213,99.881790,29.604416,-11.450680,-43.844265
1214,99.892113,29.604385,-10.450763,-43.848633
1215,99.902435,29.604355,-9.450845,-43.852905
1216,99.912758,29.604322,-8.450927,-43.857304
1217,99.923080,29.604290,-7.451008,-43.861614
1218,99.933403,29.604258,-6.451088,-43.865833
1219,99.943726,29.604223,-5.451168,-43.870167
1220,99.954056,29.604189,-4.450507,-43.874416
1221,99.964378,29.604153,-3.450586,-43.878792
1222,99.974701,29.604116,-2.450663,-43.883076
1223,99.985023,29.604078,-1.450740,-43.887478
1224,99.995346,29.604040,-0.450816,-43.891788
1225,100.005669,29.604002,0.549109,-43.896015
1226,100.015991,29.603962,1.549034,-43.900360
1227,100.026314,29.603922,2.548961,-43.904617
1228,100.036636,29.603880,3.548888,-43.908993
1229,100.046959,29.603838,4.548815,-43.913280
1230,100.057289,29.603796,5.549483,-43.917480
1231,100.067612,29.603752,6.549413,-43.921803
1232,100.077934,29.603708,7.549344,-43.926033
1233,100.088257,29.603662,8.549275,-43.930382
1234,100.098579,29.603617,9.549207,-43.934643
1235,100.108902,29.603569,10.549141,-43.939026
1236,100.119225,29.603521,11.549074,-43.943321
1237,100.129547,29.603474,12.549009,-43.947529
1238,100.139870,29.603424,13.548945,-43.951851
1239,100.150192,29.603374,14.548882,-43.956089
1240,100.160515,29.603323,15.548821,-43.960449
1241,100.170837,29.603271,16.548759,-43.964714
1242,100.181168,29.603218,17.549440,-43.969105
1243,100.191490,29.603165,18.549381,-43.973408
1244,100.201813,29.603111,19.549322,-43.977615
1245,100.212135,29.603056,20.549265,-43.981949
1246,100.222458,29.603001,21.549212,-43.986191
1247,100.232780,29.602945,22.549156,-43.990345
1248,100.243103,29.602888,23.549101,-43.994617
1249,100.253426,29.602829,24.549051,-43.999016
1250,100.263748,29.602770,25.548998,-44.003319
1251,100.274071,29.602711,26.548948,-44.007538
1252,100.284393,29.602650,27.548901,-44.011879
1253,100.294716,29.602589,28.548853,-44.016125
1254,100.305038,29.602528,29.548807,-44.020287
1255,100.315361,29.602465,30.548761,-44.024567
1256,100.325691,29.602400,31.549458,-44.028965
1257,100.336014,29.602335,32.549416,-44.033279
1258,100.346336,29.602270,33.549370,-44.037502
1259,100.356659,29.602203,34.549332,-44.041847
1260,100.366982,29.602137,35.549294,-44.046101
1261,100.377304,29.602070,36.549259,-44.050270
1262,100.387627,29.602001,37.549217,-44.054554
1263,100.397949,29.601933,38.549187,-44.058754
1264,100.408272,29.601862,39.549152,-44.063072
1265,100.418594,29.601791,40.549122,-44.067299
1266,100.428917,29.601719,41.549091,-44.071651
1267,100.439240,29.601646,42.549061,-44.075912
1268,100.449562,29.601574,43.549034,-44.080086
1269,100.459885,29.601500,44.549007,-44.084377
1270,100.470207,29.601425,45.548985,-44.088581
1271,100.480530,29.601349,46.548962,-44.092907
1272,100.490852,29.601273,47.548939,-44.097145
1273,100.501175,29.601194,48.548920,-44.101501
1274,99.499817,29.613985,-48.446705,-42.684124
1275,99.510147,29.613985,-47.446144,-42.688431
1276,99.520470,29.613983,-46.446327,-42.692856
1277,99.530792,29.613981,-45.446510,-42.697189
1278,99.541115,29.613977,-44.446693,-42.701645
1279,99.551445,29.613976,-43.446140,-42.705799
1280,99.561768,29.613970,-42.446323,-42.710289
1281,99.572090,29.613966,-41.446507,-42.714478
1282,99.582413,29.613958,-40.446690,-42.718998
1283,99.592743,29.613953,-39.446133,-42.723217
1284,99.603065,29.613945,-38.446316,-42.727558
1285,99.613388,29.613935,-37.446499,-42.732021
1286,99.623711,29.613928,-36.446678,-42.736179
1287,99.634041,29.613916,-35.446125,-42.740677
1288,99.644363,29.613907,-34.446304,-42.744869
1289,99.654686,29.613895,-33.446487,-42.749184
1290,99.665009,29.613882,-32.446667,-42.753620
1291,99.675339,29.613869,-31.446112,-42.757969
1292,99.685661,29.613855,-30.446291,-42.762226
1293,99.695984,29.613840,-29.446472,-42.766605
1294,99.706306,29.613825,-28.446651,-42.770893
1295,99.716629,29.613808,-27.446835,-42.775303
1296,99.726959,29.613791,-26.446274,-42.779625
1297,99.737282,29.613773,-25.446453,-42.783859
1298,99.747604,29.613754,-24.446632,-42.788212
1299,99.757927,29.613735,-23.446810,-42.792473
1300,99.768257,29.613714,-22.446251,-42.796860
1301,99.778580,29.613693,-21.446428,-42.801155
1302,99.788902,29.613670,-20.446606,-42.805569
1303,99.799225,29.613647,-19.446781,-42.809898
1304,99.809555,29.613625,-18.446218,-42.814137
1305,99.819878,29.613600,-17.446394,-42.818497
1306,99.830200,29.613575,-16.446569,-42.822765
1307,99.840523,29.613548,-15.446745,-42.827156
1308,99.850853,29.613522,-14.446180,-42.831455
1309,99.861176,29.613495,-13.446355,-42.835667
1310,99.871498,29.613466,-12.446528,-42.840000
1311,99.881821,29.613436,-11.446701,-42.844456
1312,99.892143,29.613407,-10.446873,-42.848610
1313,99.902473,29.613375,-9.446305,-42.853096
1314,99.912796,29.613344,-8.446477,-42.857281
1315,99.923119,29.613312,-7.446647,-42.861591
1316,99.933441,29.613277,-6.446816,-42.866020
1317,99.943771,29.613245,-5.446247,-42.870148
1318,99.954094,29.613209,-4.446414,-42.874611
1319,99.964417,29.613174,-3.446582,-42.878769
1320,99.974739,29.613138,-2.446749,-42.883049
1321,99.985069,29.613100,-1.446176,-42.887455
1322,99.995392,29.613062,-0.446342,-42.891766
1323,100.005714,29.613024,0.553494,-42.895988
1324,100.016037,29.612984,1.553330,-42.900337
1325,100.026360,29.612944,2.553167,-42.904591
1326,100.036690,29.612902,3.553743,-42.908970
1327,100.047012,29.612860,4.553582,-42.913254
1328,100.057335,29.612818,5.553421,-42.917454
1329,100.067657,29.612774,6.553262,-42.921772
1330,100.077980,29.612728,7.553102,-42.926216
1331,100.088310,29.612684,8.553683,-42.930351
1332,100.098633,29.612637,9.553526,-42.934830
1333,100.108955,29.612591,10.553370,-42.938999
1334,100.119278,29.612543,11.553215,-42.943295
1335,100.129608,29.612494,12.553800,-42.947708
1336,100.139931,29.612446,13.553646,-42.951820
1337,100.150253,29.612394,14.553494,-42.956268
1338,100.160576,29.612345,15.553343,-42.960415
1339,100.170898,29.612293,16.553194,-42.964684
1340,100.181229,29.612240,17.553783,-42.969070
1341,100.191551,29.612186,18.553635,-42.973370
1342,100.201874,29.612133,19.553486,-42.977581
1343,100.212196,29.612078,20.553341,-42.981915
1344,100.222519,29.612022,21.553196,-42.986156
1345,100.232841,29.611965,22.553053,-42.990520
1346,100.243172,29.611908,23.553648,-42.994793
1347,100.253494,29.611851,24.553505,-42.998978
1348,100.263817,29.611792,25.553368,-43.003281
1349,100.274139,29.611732,26.553226,-43.007496
1350,100.284462,29.611671,27.553087,-43.011837
1351,100.294792,29.611610,28.553692,-43.016083
1352,100.305115,29.611547,29.553555,-43.020454
1353,100.315437,29.611485,30.553421,-43.024734
1354,100.325760,29.611422,31.553288,-43.028923
1355,100.336082,29.611357,32.553158,-43.033234
1356,100.346405,29.611292,33.553024,-43.037457
1357,100.356735,29.611225,34.553638,-43.041801
1358,100.367058,29.611158,35.553509,-43.046055
1359,100.377380,29.611092,36.553379,-43.050220
1360,100.387703,29.611023,37.553253,-43.054504
1361,100.398026,29.610952,38.553131,-43.058914
1362,100.408348,29.610882,39.553009,-43.063229
1363,100.418678,29.610811,40.553623,-43.067455
1364,100.429001,29.610741,41.553509,-43.071598
1365,100.439323,29.610668,42.553387,-43.075859
1366,100.449646,29.610594,43.553268,-43.080238
1367,100.459969,29.610519,44.553158,-43.084530
1368,100.470291,29.610445,45.553043,-43.088734
1369,100.480621,29.610369,46.553669,-43.093060
1370,100.490944,29.610292,47.553558,-43.097294
1371,100.501266,29.610216,48.553444,-43.101437
1372,99.499817,29.623007,-48.442371,-41.684097
1373,99.510147,29.623005,-47.441906,-41.688614
1374,99.520470,29.623005,-46.442177,-41.692829
1375,99.530792,29.623003,-45.442448,-41.697159
1376,99.541122,29.622999,-44.441986,-41.701622
1377,99.551445,29.622995,-43.442257,-41.705990
1378,99.561775,29.622992,-42.441788,-41.710266
1379,99.572098,29.622986,-41.442062,-41.714664
1380,99.582420,29.622980,-40.442337,-41.718971
1381,99.592751,29.622974,-39.441868,-41.723194
1382,99.603073,29.622967,-38.442142,-41.727535
1383,99.613396,29.622957,-37.442410,-41.731995
1384,99.623726,29.622948,-36.441944,-41.736370
1385,99.634048,29.622938,-35.442215,-41.740654
1386,99.644371,29.622929,-34.442490,-41.744846
1387,99.654701,29.622915,-33.442020,-41.749374
1388,99.665024,29.622904,-32.442291,-41.753597
1389,99.675354,29.622890,-31.441822,-41.757950
1390,99.685677,29.622877,-30.442091,-41.762203
1391,99.695999,29.622862,-29.442362,-41.766582
1392,99.706329,29.622847,-28.441893,-41.770874
1393,99.716652,29.622829,-27.442162,-41.775284
1394,99.726974,29.622812,-26.442432,-41.779606
1395,99.737305,29.622795,-25.441961,-41.783836
1396,99.747627,29.622776,-24.442230,-41.788189
1397,99.757950,29.622755,-23.442497,-41.792664
1398,99.768280,29.622736,-22.442026,-41.796841
1399,99.778603,29.622715,-21.442293,-41.801132
1400,99.788933,29.622692,-20.441820,-41.805550
1401,99.799255,29.622669,-19.442087,-41.809879
1402,99.809578,29.622646,-18.442354,-41.814114
1403,99.819908,29.622622,-17.441879,-41.818474
1404,99.830231,29.622597,-16.442144,-41.822742
1405,99.840553,29.622570,-15.442410,-41.827133
1406,99.850883,29.622543,-14.441934,-41.831432
1407,99.861206,29.622515,-13.442197,-41.835861
1408,99.871529,29.622488,-12.442460,-41.839981
1409,99.881859,29.622458,-11.441983,-41.844433
1410,99.892181,29.622427,-10.442245,-41.848797
1411,99.902504,29.622396,-9.442506,-41.853073
1412,99.912834,29.622366,-8.442026,-41.857258
1413,99.923157,29.622334,-7.442286,-41.861565
1414,99.933479,29.622299,-6.442545,-41.865997
1415,99.943810,29.622265,-5.442065,-41.870335
1416,99.954132,29.622231,-4.442323,-41.874580
1417,99.964455,29.622194,-3.442580,-41.878952
1418,99.974785,29.622158,-2.442097,-41.883236
1419,99.985107,29.622122,-1.442353,-41.887424
1420,99.995438,29.622084,-0.441868,-41.891739
1421,100.005760,29.622044,0.557878,-41.896175
1422,100.016083,29.622005,1.557624,-41.900307
1423,100.026413,29.621964,2.558111,-41.904774
1424,100.036736,29.621923,3.557859,-41.908943
1425,100.047058,29.621881,4.557609,-41.913227
1426,100.057388,29.621838,5.558097,-41.917637
1427,100.067711,29.621794,6.557848,-41.921951
1428,100.078033,29.621750,7.557600,-41.926182
1429,100.088364,29.621704,8.558092,-41.930534
1430,100.098686,29.621658,9.557845,-41.934795
1431,100.109009,29.621613,10.557600,-41.938969
1432,100.119339,29.621565,11.558094,-41.943260
1433,100.129662,29.621515,12.557851,-41.947678
1434,100.139984,29.621466,13.557608,-41.952000
1435,100.150307,29.621416,14.557366,-41.956234
1436,100.160637,29.621365,15.557864,-41.960590
1437,100.170959,29.621313,16.557625,-41.964859
1438,100.181282,29.621262,17.557384,-41.969036
1439,100.191612,29.621208,18.557886,-41.973335
1440,100.201935,29.621155,19.557650,-41.977543
1441,100.212257,29.621099,20.557415,-41.981876
1442,100.222588,29.621044,21.557920,-41.986118
1443,100.232910,29.620987,22.557686,-41.990482
1444,100.243233,29.620930,23.557453,-41.994755
1445,100.253563,29.620871,24.557962,-41.999146
1446,100.263885,29.620813,25.557732,-42.003242
1447,100.274208,29.620752,26.557505,-42.007668
1448,100.284538,29.620693,27.558016,-42.011791
1449,100.294861,29.620630,28.557789,-42.016251
1450,100.305183,29.620569,29.557564,-42.020409
1451,100.315506,29.620506,30.557341,-42.024689
1452,100.325836,29.620441,31.557858,-42.029087
1453,100.336159,29.620378,32.557636,-42.033188
1454,100.346481,29.620312,33.557415,-42.037621
1455,100.356812,29.620247,34.557934,-42.041752
1456,100.367134,29.620180,35.557720,-42.046005
1457,100.377457,29.620111,36.557499,-42.050381
1458,100.387787,29.620043,37.558029,-42.054665
1459,100.398109,29.619974,38.557812,-42.058861
1460,100.408432,29.619904,39.557602,-42.063175
1461,100.418755,29.619833,40.557392,-42.067406
1462,100.429085,29.619761,41.557922,-42.071754
1463,100.439407,29.619688,42.557713,-42.076012
1464,100.449730,29.619616,43.557503,-42.080185
1465,100.460052,29.619541,44.557301,-42.084473
1466,100.470383,29.619467,45.557835,-42.088673
1467,100.480705,29.619390,46.557632,-42.092995
1468,100.491028,29.619314,47.557434,-42.097229
1469,100.501358,29.619236,48.557976,-42.101582
1470,99.499817,29.632029,-48.438038,-40.684071
1471,99.510147,29.632027,-47.437660,-40.688587
1472,99.520470,29.632027,-46.438023,-40.692802
1473,99.530800,29.632025,-45.437649,-40.697136
1474,99.541122,29.632021,-44.438007,-40.701595
1475,99.551453,29.632017,-43.437634,-40.705959
1476,99.561775,29.632013,-42.437992,-40.710239
1477,99.572105,29.632008,-41.437618,-40.714642
1478,99.582428,29.632002,-40.437981,-40.718948
1479,99.592758,29.631996,-39.437603,-40.723167
1480,99.603081,29.631989,-38.437962,-40.727509
1481,99.613411,29.631979,-37.437588,-40.731972
1482,99.623734,29.631969,-36.437946,-40.736343
1483,99.634064,29.631960,-35.437569,-40.740627
1484,99.644386,29.631948,-34.437931,-40.745033
1485,99.654716,29.631937,-33.437550,-40.749352
1486,99.665039,29.631926,-32.437912,-40.753574
1487,99.675369,29.631912,-31.437532,-40.757927
1488,99.685692,29.631899,-30.437893,-40.762180
1489,99.696022,29.631884,-29.437511,-40.766563
1490,99.706345,29.631868,-28.437872,-40.770847
1491,99.716675,29.631851,-27.437492,-40.775261
1492,99.726997,29.631834,-26.437849,-40.779583
1493,99.737328,29.631815,-25.437471,-40.784027
1494,99.747650,29.631798,-24.437826,-40.788170
1495,99.757973,29.631777,-23.438185,-40.792641
1496,99.768303,29.631758,-22.437803,-40.796818
1497,99.778625,29.631735,-21.438160,-40.801319
1498,99.788956,29.631714,-20.437777,-40.805527
1499,99.799278,29.631691,-19.438133,-40.809853
1500,99.809608,29.631668,-18.437748,-40.814091
1501,99.819931,29.631643,-17.438103,-40.818451
1502,99.830261,29.631618,-16.437719,-40.822720
1503,99.840584,29.631592,-15.438072,-40.827110
1504,99.850914,29.631565,-14.437687,-40.831409
1505,99.861237,29.631536,-13.438040,-40.835831
1506,99.871567,29.631508,-12.437654,-40.840168
1507,99.881889,29.631479,-11.438004,-40.844410
1508,99.892220,29.631449,-10.437616,-40.848774
1509,99.902542,29.631418,-9.437966,-40.853050
1510,99.912872,29.631388,-8.437577,-40.857235
1511,99.923195,29.631355,-7.437927,-40.861542
1512,99.933525,29.631321,-6.437536,-40.865971
1513,99.943848,29.631287,-5.437884,-40.870308
1514,99.954170,29.631252,-4.438231,-40.874557
1515,99.964500,29.631216,-3.437839,-40.878929
1516,99.974823,29.631180,-2.438184,-40.883205
1517,99.985153,29.631144,-1.437791,-40.887398
1518,99.995476,29.631105,-0.438135,-40.891712
1519,100.005806,29.631065,0.562261,-40.896149
1520,100.016129,29.631025,1.561918,-40.900494
1521,100.026459,29.630985,2.562315,-40.904747
1522,100.036781,29.630945,3.561974,-40.908909
1523,100.047112,29.630903,4.562373,-40.913200
1524,100.057434,29.630859,5.562033,-40.917606
1525,100.067757,29.630816,6.561695,-40.921925
1526,100.078087,29.630772,7.562096,-40.926151
1527,100.088409,29.630726,8.561759,-40.930504
1528,100.098740,29.630680,9.562162,-40.934765
1529,100.109062,29.630632,10.561827,-40.939144
1530,100.119392,29.630585,11.562232,-40.943436
1531,100.129715,29.630537,12.561899,-40.947639
1532,100.140045,29.630487,13.562305,-40.951965
1533,100.150368,29.630438,14.561975,-40.956200
1534,100.160698,29.630386,15.562384,-40.960556
1535,100.171021,29.630335,16.562056,-40.964825
1536,100.181343,29.630283,17.561726,-40.969002
1537,100.191673,29.630230,18.562140,-40.973297
1538,100.201996,29.630175,19.561813,-40.977718
1539,100.212326,29.630119,20.562227,-40.982048
1540,100.222649,29.630064,21.561903,-40.986290
1541,100.232979,29.630009,22.562319,-40.990437
1542,100.243301,29.629951,23.561998,-40.994713
1543,100.253624,29.629892,24.561678,-40.999107
1544,100.263954,29.629833,25.562096,-41.003410
1545,100.274277,29.629774,26.561779,-41.007626
1546,100.284607,29.629713,27.562201,-41.011959
1547,100.294930,29.629652,28.561884,-41.016209
1548,100.305260,29.629589,29.562309,-41.020573
1549,100.315582,29.629526,30.561996,-41.024853
1550,100.325905,29.629463,31.561684,-41.029041
1551,100.336235,29.629398,32.562115,-41.033352
1552,100.346558,29.629333,33.561806,-41.037571
1553,100.356888,29.629267,34.562233,-41.041916
1554,100.367210,29.629200,35.561924,-41.046165
1555,100.377533,29.629133,36.561623,-41.050327
1556,100.387863,29.629065,37.562054,-41.054615
1557,100.398186,29.628994,38.561752,-41.059021
1558,100.408516,29.628925,39.562191,-41.063122
1559,100.418839,29.628853,40.561890,-41.067558
1560,100.429161,29.628782,41.561592,-41.071701
1561,100.439491,29.628710,42.562035,-41.075954
1562,100.449814,29.628635,43.561737,-41.080338
1563,100.460144,29.628563,44.562183,-41.084412
1564,100.470467,29.628487,45.561890,-41.088825
1565,100.480789,29.628410,46.561600,-41.093147
1566,100.491119,29.628334,47.562046,-41.097378
1567,100.501442,29.628258,48.561760,-41.101521
1568,99.499817,29.641048,-48.433708,-39.684254
1569,99.510147,29.641048,-47.433418,-39.688560
1570,99.520477,29.641048,-46.433128,-39.692772
1571,99.530800,29.641045,-45.433582,-39.697319
1572,99.541130,29.641043,-44.433296,-39.701565
1573,99.551453,29.641039,-43.433746,-39.705933
1574,99.561783,29.641035,-42.433456,-39.710213
1575,99.572113,29.641029,-41.433170,-39.714615
1576,99.582436,29.641024,-40.433620,-39.718922
1577,99.592766,29.641016,-39.433334,-39.723354
1578,99.603088,29.641008,-38.433784,-39.727695
1579,99.613419,29.641001,-37.433495,-39.731945
1580,99.623749,29.640991,-36.433212,-39.736320
1581,99.634071,29.640982,-35.433659,-39.740604
1582,99.644402,29.640970,-34.433372,-39.745010
1583,99.654724,29.640959,-33.433819,-39.749325
1584,99.665054,29.640947,-32.433533,-39.753551
1585,99.675385,29.640934,-31.433243,-39.757900
1586,99.685707,29.640919,-30.433691,-39.762367
1587,99.696037,29.640905,-29.433403,-39.766537
1588,99.706360,29.640888,-28.433851,-39.771034
1589,99.716690,29.640873,-27.433561,-39.775234
1590,99.727020,29.640856,-26.433270,-39.779560
1591,99.737343,29.640837,-25.433718,-39.784000
1592,99.747673,29.640818,-24.433426,-39.788357
1593,99.757996,29.640799,-23.433870,-39.792618
1594,99.768326,29.640778,-22.433580,-39.797001
1595,99.778656,29.640757,-21.433287,-39.801296
1596,99.788979,29.640736,-20.433733,-39.805504
1597,99.799309,29.640713,-19.433437,-39.809830
1598,99.809631,29.640688,-18.433884,-39.814278
1599,99.819962,29.640665,-17.433588,-39.818424
1600,99.830292,29.640638,-16.433292,-39.822906
1601,99.840614,29.640614,-15.433737,-39.827087
1602,99.850945,29.640587,-14.433440,-39.831387
1603,99.861267,29.640558,-13.433883,-39.835808
1604,99.871597,29.640530,-12.433585,-39.840141
1605,99.881927,29.640501,-11.433287,-39.844383
1606,99.892250,29.640471,-10.433727,-39.848751
1607,99.902580,29.640440,-9.433429,-39.853024
1608,99.912903,29.640408,-8.433868,-39.857418
1609,99.923233,29.640375,-7.433568,-39.861725
1610,99.933563,29.640343,-6.433267,-39.865940
1611,99.943886,29.640308,-5.433703,-39.870281
1612,99.954216,29.640274,-4.433402,-39.874531
1613,99.964539,29.640238,-3.433837,-39.878899
1614,99.974869,29.640202,-2.433534,-39.883179
1615,99.985191,29.640163,-1.433968,-39.887581
1616,99.995522,29.640125,-0.433663,-39.891895
1617,100.005852,29.640087,0.566643,-39.896118
1618,100.016174,29.640047,1.566211,-39.900459
1619,100.026505,29.640007,2.566519,-39.904716
1620,100.036827,29.639965,3.566088,-39.909092
1621,100.047157,29.639923,4.566398,-39.913380
1622,100.057487,29.639881,5.566707,-39.917576
1623,100.067810,29.639837,6.566279,-39.921894
1624,100.078140,29.639793,7.566591,-39.926121
1625,100.088463,29.639748,8.566165,-39.930473
1626,100.098793,29.639702,9.566479,-39.934731
1627,100.109116,29.639654,10.566053,-39.939114
1628,100.119446,29.639606,11.566369,-39.943405
1629,100.129776,29.639559,12.566686,-39.947605
1630,100.140099,29.639509,13.566265,-39.951931
1631,100.150429,29.639460,14.566582,-39.956165
1632,100.160751,29.639408,15.566163,-39.960518
1633,100.171082,29.639357,16.566483,-39.964787
1634,100.181404,29.639303,17.566067,-39.969173
1635,100.191734,29.639250,18.566389,-39.973469
1636,100.202057,29.639196,19.565973,-39.977680
1637,100.212387,29.639141,20.566298,-39.982006
1638,100.222717,29.639086,21.566624,-39.986244
1639,100.233040,29.639029,22.566212,-39.990608
1640,100.243370,29.638971,23.566540,-39.994881
1641,100.253693,29.638914,24.566130,-39.999062
1642,100.264023,29.638855,25.566460,-40.003368
1643,100.274345,29.638796,26.566051,-40.007580
1644,100.284676,29.638735,27.566385,-40.011913
1645,100.294998,29.638674,28.565979,-40.016159
1646,100.305328,29.638611,29.566315,-40.020527
1647,100.315651,29.638548,30.565912,-40.024803
1648,100.325981,29.638485,31.566248,-40.028992
1649,100.336311,29.638420,32.566589,-40.033302
1650,100.346634,29.638355,33.566189,-40.037521
1651,100.356964,29.638288,34.566532,-40.041859
1652,100.367287,29.638222,35.566132,-40.046112
1653,100.377617,29.638153,36.566475,-40.050484
1654,100.387939,29.638084,37.566086,-40.054771
1655,100.398270,29.638016,38.566429,-40.058960
1656,100.408592,29.637945,39.566040,-40.063278
1657,100.418922,29.637875,40.566391,-40.067501
1658,100.429245,29.637802,41.566006,-40.071850
1659,100.439575,29.637730,42.566357,-40.076107
1660,100.449898,29.637657,43.565968,-40.080273
1661,100.460228,29.637583,44.566322,-40.084564
1662,100.470551,29.637508,45.565941,-40.088760
1663,100.480881,29.637432,46.566299,-40.093082
1664,100.491203,29.637356,47.565922,-40.097313
1665,100.501534,29.637278,48.566280,-40.101665
1666,99.499817,29.650070,-48.429371,-38.684223
1667,99.510147,29.650070,-47.429173,-38.688526
1668,99.520477,29.650068,-46.428978,-38.692955
1669,99.530807,29.650066,-45.428776,-38.697292
1670,99.541130,29.650064,-44.429321,-38.701534
1671,99.551460,29.650061,-43.429123,-38.705906
1672,99.561790,29.650057,-42.428921,-38.710182
1673,99.572113,29.650051,-41.429466,-38.714581
1674,99.582443,29.650045,-40.429264,-38.718895
1675,99.592773,29.650038,-39.429066,-38.723324
1676,99.603104,29.650030,-38.428871,-38.727669
1677,99.613426,29.650023,-37.429409,-38.731918
1678,99.623756,29.650013,-36.429211,-38.736294
1679,99.634087,29.650003,-35.429012,-38.740578
1680,99.644417,29.649992,-34.428814,-38.744984
1681,99.654739,29.649981,-33.429352,-38.749298
1682,99.665070,29.649969,-32.429153,-38.753525
1683,99.675400,29.649956,-31.428953,-38.757874
1684,99.685722,29.649940,-30.429493,-38.762341
1685,99.696053,29.649925,-29.429291,-38.766724
1686,99.706383,29.649910,-28.429090,-38.771011
1687,99.716713,29.649895,-27.428888,-38.775211
1688,99.727036,29.649878,-26.429426,-38.779530
1689,99.737366,29.649858,-25.429224,-38.783978
1690,99.747696,29.649839,-24.429024,-38.788326
1691,99.758018,29.649820,-23.429558,-38.792591
1692,99.768349,29.649799,-22.429356,-38.796978
1693,99.778679,29.649778,-21.429152,-38.801270
1694,99.789009,29.649757,-20.428949,-38.805477
1695,99.799332,29.649734,-19.429482,-38.809803
1696,99.809662,29.649710,-18.429279,-38.814255
1697,99.819992,29.649685,-17.429073,-38.818611
1698,99.830322,29.649660,-16.428867,-38.822880
1699,99.840645,29.649635,-15.429400,-38.827057
1700,99.850975,29.649607,-14.429194,-38.831570
1701,99.861305,29.649580,-13.428988,-38.835781
1702,99.871628,29.649551,-12.429518,-38.840115
1703,99.881958,29.649523,-11.429310,-38.844357
1704,99.892288,29.649492,-10.429101,-38.848724
1705,99.902611,29.649462,-9.429630,-38.852997
1706,99.912941,29.649429,-8.429420,-38.857391
1707,99.923271,29.649397,-7.429209,-38.861698
1708,99.933601,29.649364,-6.428998,-38.865913
1709,99.943924,29.649330,-5.429524,-38.870255
1710,99.954254,29.649296,-4.429311,-38.874500
1711,99.964584,29.649260,-3.429098,-38.878872
1712,99.974907,29.649223,-2.429622,-38.883152
1713,99.985237,29.649185,-1.429407,-38.887554
1714,99.995567,29.649147,-0.429192,-38.891865
1715,100.005898,29.649109,0.571025,-38.896088
1716,100.016220,29.649069,1.570503,-38.900429
1717,100.026550,29.649029,2.570721,-38.904682
1718,100.036880,29.648987,3.570940,-38.909058
1719,100.047203,29.648945,4.570421,-38.913349
1720,100.057533,29.648903,5.570642,-38.917542
1721,100.067863,29.648859,6.570863,-38.921860
1722,100.078186,29.648813,7.570346,-38.926300
1723,100.088516,29.648769,8.570569,-38.930439
1724,100.098846,29.648722,9.570794,-38.934906
1725,100.109177,29.648676,10.571018,-38.939079
1726,100.119499,29.648628,11.570506,-38.943367
1727,100.129829,29.648579,12.570732,-38.947781
1728,100.140160,29.648531,13.570960,-38.951893
1729,100.150482,29.648479,14.570450,-38.956341
1730,100.160812,29.648430,15.570680,-38.960480
1731,100.171143,29.648376,16.570910,-38.964958
1732,100.181465,29.648325,17.570404,-38.969131
1733,100.191795,29.648272,18.570637,-38.973431
1734,100.202126,29.648218,19.570871,-38.977638
1735,100.212448,29.648163,20.570368,-38.981968
1736,100.222778,29.648108,21.570604,-38.986206
1737,100.233109,29.648050,22.570839,-38.990566
1738,100.243431,29.647993,23.570339,-38.994835
1739,100.253761,29.647934,24.570580,-38.999229
1740,100.264091,29.647875,25.570820,-39.003532
1741,100.274414,29.647816,26.570324,-39.007748
1742,100.284744,29.647755,27.570566,-39.012077
1743,100.295074,29.647694,28.570810,-39.016323
1744,100.305397,29.647633,29.570316,-39.020481
1745,100.315727,29.647570,30.570564,-39.024754
1746,100.326057,29.647505,31.570812,-39.029152
1747,100.336380,29.647440,32.570324,-39.033463
1748,100.346710,29.647375,33.570576,-39.037682
1749,100.357040,29.647308,34.570824,-39.042019
1750,100.367363,29.647242,35.570339,-39.046268
1751,100.377693,29.647175,36.570595,-39.050430
1752,100.388023,29.647106,37.570850,-39.054710
1753,100.398346,29.647038,38.570366,-39.058907
1754,100.408676,29.646967,39.570625,-39.063217
1755,100.419006,29.646896,40.570889,-39.067440
1756,100.429329,29.646824,41.570412,-39.071789
1757,100.439659,29.646751,42.570671,-39.076042
1758,100.449982,29.646677,43.570198,-39.080425
1759,100.460312,29.646605,44.570465,-39.084499
1760,100.470642,29.646528,45.570732,-39.088905
1761,100.480965,29.646454,46.570263,-39.093021
1762,100.491295,29.646376,47.570530,-39.097458
1763,100.501625,29.646299,48.570801,-39.101597
1764,99.499817,29.659092,-48.425034,-37.684193
1765,99.510147,29.659092,-47.424931,-37.688496
1766,99.520477,29.659090,-46.424820,-37.692921
1767,99.530807,29.659088,-45.424709,-37.697258
1768,99.541138,29.659086,-44.424606,-37.701508
1769,99.551468,29.659082,-43.424496,-37.705875
1770,99.561790,29.659079,-42.425125,-37.710152
1771,99.572121,29.659073,-41.425014,-37.714554
1772,99.582451,29.659067,-40.424911,-37.718864
1773,99.592781,29.659060,-39.424801,-37.723297
1774,99.603111,29.659052,-38.424690,-37.727642
1775,99.613441,29.659044,-37.424583,-37.731892
1776,99.623772,29.659035,-36.424473,-37.736267
1777,99.634094,29.659025,-35.425102,-37.740547
1778,99.644424,29.659014,-34.424992,-37.744953
1779,99.654755,29.659002,-33.424881,-37.749271
1780,99.665085,29.658989,-32.424774,-37.753708
1781,99.675415,29.658976,-31.424662,-37.758060
1782,99.685745,29.658962,-30.424553,-37.762318
1783,99.696068,29.658947,-29.425180,-37.766693
1784,99.706398,29.658932,-28.425068,-37.770985
1785,99.716728,29.658915,-27.424957,-37.775394
1786,99.727058,29.658897,-26.424847,-37.779716
1787,99.737389,29.658880,-25.424732,-37.783951
1788,99.747719,29.658861,-24.424622,-37.788300
1789,99.758041,29.658842,-23.425245,-37.792564
1790,99.768372,29.658821,-22.425133,-37.796947
1791,99.778702,29.658800,-21.425020,-37.801243
1792,99.789032,29.658777,-20.424904,-37.805660
1793,99.799362,29.658754,-19.424791,-37.809990
1794,99.809692,29.658731,-18.424675,-37.814228
1795,99.820023,29.658707,-17.424559,-37.818584
1796,99.830345,29.658682,-16.425182,-37.822853
1797,99.840675,29.658655,-15.425065,-37.827244
1798,99.851006,29.658628,-14.424949,-37.831543
1799,99.861336,29.658602,-13.424830,-37.835754
1800,99.871666,29.658573,-12.424712,-37.840084
1801,99.881996,29.658543,-11.424594,-37.844540
1802,99.892319,29.658514,-10.425213,-37.848690
1803,99.902649,29.658484,-9.425093,-37.852970
1804,99.912979,29.658451,-8.424972,-37.857365
1805,99.923309,29.658419,-7.424850,-37.861668
1806,99.933640,29.658384,-6.424729,-37.866096
1807,99.943970,29.658352,-5.424606,-37.870224
1808,99.954292,29.658316,-4.425221,-37.874683
1809,99.964622,29.658281,-3.425098,-37.878841
1810,99.974953,29.658243,-2.424973,-37.883331
1811,99.985283,29.658207,-1.424848,-37.887524
1812,99.995613,29.658169,-0.424721,-37.891830
1813,100.005936,29.658131,0.574667,-37.896053
1814,100.016266,29.658091,1.574795,-37.900398
1815,100.026596,29.658051,2.574923,-37.904652
1816,100.036926,29.658009,3.575052,-37.909027
1817,100.047256,29.657967,4.575182,-37.913311
1818,100.057587,29.657923,5.575314,-37.917717
1819,100.067909,29.657879,6.574707,-37.922035
1820,100.078239,29.657835,7.574840,-37.926266
1821,100.088570,29.657789,8.574973,-37.930614
1822,100.098900,29.657743,9.575108,-37.934872
1823,100.109230,29.657698,10.575243,-37.939037
1824,100.119553,29.657650,11.574640,-37.943333
1825,100.129883,29.657600,12.574779,-37.947746
1826,100.140213,29.657551,13.574916,-37.952065
1827,100.150543,29.657501,14.575056,-37.956303
1828,100.160873,29.657450,15.575196,-37.960651
1829,100.171196,29.657398,16.574598,-37.964916
1830,100.181526,29.657347,17.574739,-37.969093
1831,100.191856,29.657293,18.574884,-37.973392
1832,100.202187,29.657238,19.575029,-37.977810
1833,100.212517,29.657183,20.575174,-37.982132
1834,100.222839,29.657127,21.574581,-37.986374
1835,100.233170,29.657072,22.574730,-37.990524
1836,100.243500,29.657015,23.574879,-37.994793
1837,100.253830,29.656956,24.575029,-37.999184
1838,100.264160,29.656897,25.575180,-38.003483
1839,100.274483,29.656837,26.574594,-38.007698
1840,100.284813,29.656776,27.574749,-38.012032
1841,100.295143,29.656715,28.574902,-38.016273
1842,100.305473,29.656652,29.575058,-38.020641
1843,100.315804,29.656590,30.575214,-38.024914
1844,100.326126,29.656527,31.574635,-38.029102
1845,100.336456,29.656462,32.574795,-38.033409
1846,100.346786,29.656397,33.574959,-38.037624
1847,100.357117,29.656330,34.575119,-38.041965
1848,100.367439,29.656263,35.574543,-38.046215
1849,100.377769,29.656195,36.574707,-38.050587
1850,100.388100,29.656128,37.574875,-38.054657
1851,100.398430,29.656057,38.575043,-38.059059
1852,100.408752,29.655987,39.574474,-38.063370
1853,100.419083,29.655916,40.574646,-38.067593
1854,100.429413,29.655846,41.574814,-38.071728
1855,100.439743,29.655771,42.574989,-38.076195
1856,100.450073,29.655699,43.575165,-38.080360
1857,100.460396,29.655624,44.574600,-38.084648
1858,100.470726,29.655550,45.574776,-38.088844
1859,100.481056,29.655474,46.574959,-38.093159
1860,100.491386,29.655397,47.575138,-38.097389
1861,100.501709,29.655319,48.574581,-38.101742
1862,99.499817,29.668114,-48.420704,-36.684155
1863,99.510147,29.668114,-47.420685,-36.688461
1864,99.520477,29.668112,-46.420666,-36.692890
1865,99.530807,29.668110,-45.420643,-36.697227
1866,99.541138,29.668108,-44.420624,-36.701473
1867,99.551468,29.668104,-43.420609,-36.705845
1868,99.561798,29.668098,-42.420589,-36.710331
1869,99.572128,29.668095,-41.420570,-36.714523
1870,99.582458,29.668089,-40.420551,-36.718834
1871,99.592789,29.668081,-39.420532,-36.723267
1872,99.603119,29.668074,-38.420513,-36.727608
1873,99.613449,29.668066,-37.420494,-36.731861
1874,99.623779,29.668056,-36.420471,-36.736233
1875,99.634109,29.668045,-35.420452,-36.740730
1876,99.644440,29.668036,-34.420433,-36.744926
1877,99.654770,29.668024,-33.420414,-36.749241
1878,99.665100,29.668011,-32.420391,-36.753681
1879,99.675430,29.667997,-31.420374,-36.758026
1880,99.685760,29.667984,-30.420351,-36.762283
1881,99.696091,29.667969,-29.420330,-36.766663
1882,99.706421,29.667953,-28.420309,-36.770958
1883,99.716751,29.667936,-27.420284,-36.775368
1884,99.727081,29.667919,-26.420263,-36.779686
1885,99.737411,29.667902,-25.420240,-36.783920
1886,99.747742,29.667883,-24.420219,-36.788273
1887,99.758072,29.667864,-23.420195,-36.792534
1888,99.768394,29.667843,-22.420910,-36.796921
1889,99.778725,29.667822,-21.420885,-36.801216
1890,99.789055,29.667799,-20.420862,-36.805634
1891,99.799385,29.667776,-19.420835,-36.809956
1892,99.809715,29.667753,-18.420811,-36.814194
1893,99.820045,29.667728,-17.420784,-36.818554
1894,99.830376,29.667704,-16.420757,-36.822823
1895,99.840706,29.667677,-15.420731,-36.827213
1896,99.851036,29.667650,-14.420702,-36.831516
1897,99.861366,29.667624,-13.420673,-36.835728
1898,99.871696,29.667595,-12.420646,-36.840057
1899,99.882027,29.667564,-11.420616,-36.844513
1900,99.892357,29.667534,-10.420587,-36.848873
1901,99.902687,29.667503,-9.420556,-36.853149
1902,99.913017,29.667473,-8.420525,-36.857330
1903,99.923347,29.667440,-7.420493,-36.861641
1904,99.933678,29.667406,-6.420461,-36.866066
1905,99.944008,29.667372,-5.420428,-36.870403
1906,99.954338,29.667337,-4.420394,-36.874653
1907,99.964668,29.667301,-3.420360,-36.879021
1908,99.974998,29.667265,-2.420325,-36.883301
1909,99.985321,29.667229,-1.421027,-36.887489
1910,99.995651,29.667191,-0.420991,-36.891800
1911,100.005981,29.667150,0.579047,-36.896233
1912,100.016312,29.667110,1.579085,-36.900578
1913,100.026642,29.667070,2.579124,-36.904827
1914,100.036972,29.667030,3.579164,-36.908993
1915,100.047302,29.666988,4.579204,-36.913277
1916,100.057632,29.666945,5.579246,-36.917683
1917,100.067963,29.666901,6.579288,-36.922001
1918,100.078293,29.666857,7.579331,-36.926228
1919,100.088623,29.666811,8.579375,-36.930573
1920,100.098953,29.666765,9.579420,-36.934837
1921,100.109283,29.666718,10.579467,-36.939217
1922,100.119614,29.666670,11.579513,-36.943504
1923,100.129944,29.666622,12.579560,-36.947704
1924,100.140274,29.666573,13.579609,-36.952026
1925,100.150597,29.666523,14.578921,-36.956257
1926,100.160927,29.666471,15.578972,-36.960613
1927,100.171257,29.666420,16.579023,-36.964878
1928,100.181587,29.666367,17.579077,-36.969261
1929,100.191917,29.666313,18.579130,-36.973560
1930,100.202248,29.666260,19.579185,-36.977764
1931,100.212578,29.666204,20.579241,-36.982090
1932,100.222908,29.666149,21.579298,-36.986328
1933,100.233238,29.666092,22.579355,-36.990688
1934,100.243568,29.666035,23.579416,-36.994957
1935,100.253899,29.665977,24.579477,-36.999138
1936,100.264229,29.665918,25.579536,-37.003437
1937,100.274551,29.665857,26.578861,-37.007858
1938,100.284882,29.665798,27.578926,-37.011982
1939,100.295212,29.665737,28.578991,-37.016228
1940,100.305542,29.665674,29.579056,-37.020592
1941,100.315872,29.665611,30.579124,-37.024864
1942,100.326202,29.665546,31.579195,-37.029263
1943,100.336533,29.665483,32.579262,-37.033356
1944,100.346863,29.665417,33.579334,-37.037781
1945,100.357193,29.665352,34.579411,-37.041908
1946,100.367523,29.665285,35.579483,-37.046158
1947,100.377846,29.665216,36.578819,-37.050529
1948,100.388176,29.665148,37.578899,-37.054810
1949,100.398506,29.665079,38.578972,-37.058998
1950,100.408836,29.665009,39.579056,-37.063313
1951,100.419167,29.664938,40.579136,-37.067532
1952,100.429497,29.664865,41.579220,-37.071877
1953,100.439827,29.664793,42.579300,-37.076130
1954,100.450157,29.664721,43.579388,-37.080292
1955,100.460480,29.664646,44.578735,-37.084583
1956,100.470810,29.664570,45.578823,-37.088989
1957,100.481140,29.664495,46.578915,-37.093094
1958,100.491470,29.664417,47.579002,-37.097530
1959,100.501801,29.664341,48.579098,-37.101673
1960,99.499817,29.677135,-48.416363,-35.684120
1961,99.510147,29.677135,-47.416439,-35.688427
1962,99.520485,29.677134,-46.415768,-35.692860
1963,99.530815,29.677132,-45.415840,-35.697197
1964,99.541145,29.677128,-44.415909,-35.701653
1965,99.551476,29.677126,-43.415981,-35.705814
1966,99.561806,29.677120,-42.416050,-35.710300
1967,99.572136,29.677114,-41.416122,-35.714703
1968,99.582466,29.677109,-40.416191,-35.719013
1969,99.592796,29.677103,-39.416264,-35.723236
1970,99.603127,29.677095,-38.416332,-35.727577
1971,99.613457,29.677086,-37.416401,-35.732040
1972,99.623787,29.677078,-36.416473,-35.736202
1973,99.634125,29.677067,-35.415806,-35.740704
1974,99.644455,29.677057,-34.415874,-35.744896
1975,99.654785,29.677046,-33.415943,-35.749210
1976,99.665115,29.677032,-32.416012,-35.753647
1977,99.675446,29.677019,-31.416082,-35.757996
1978,99.685776,29.677006,-30.416151,-35.762253
1979,99.696106,29.676991,-29.416218,-35.766636
1980,99.706436,29.676975,-28.416285,-35.770927
1981,99.716766,29.676958,-27.416353,-35.775337
1982,99.727097,29.676941,-26.416420,-35.779655
1983,99.737427,29.676924,-25.416489,-35.783890
1984,99.747757,29.676905,-24.416555,-35.788242
1985,99.758095,29.676884,-23.415882,-35.792717
1986,99.768425,29.676865,-22.415947,-35.796890
1987,99.778755,29.676844,-21.416012,-35.801186
1988,99.789085,29.676821,-20.416079,-35.805603
1989,99.799416,29.676798,-19.416143,-35.809929
1990,99.809746,29.676775,-18.416204,-35.814167
1991,99.820076,29.676750,-17.416269,-35.818523
1992,99.830406,29.676725,-16.416332,-35.822792
1993,99.840736,29.676699,-15.416394,-35.827183
1994,99.851067,29.676672,-14.416457,-35.831486
1995,99.861397,29.676643,-13.416518,-35.835907
1996,99.871727,29.676615,-12.416579,-35.840237
1997,99.882057,29.676586,-11.416639,-35.844479
1998,99.892395,29.676556,-10.415961,-35.848843
1999,99.902725,29.676525,-9.416019,-35.853119
2000,99.913055,29.676493,-8.416079,-35.857513
2001,99.923386,29.676460,-7.416136,-35.861820
2002,99.933716,29.676428,-6.416193,-35.866035
2003,99.944046,29.676394,-5.416250,-35.870373
2004,99.954376,29.676359,-4.416306,-35.874619
2005,99.964706,29.676323,-3.416361,-35.878990
2006,99.975037,29.676287,-2.416415,-35.883266
2007,99.985367,29.676249,-1.416469,-35.887669
2008,99.995697,29.676210,-0.416522,-35.891975
2009,100.006027,29.676172,0.583426,-35.896198
2010,100.016357,29.676132,1.583375,-35.900543
2011,100.026688,29.676092,2.583324,-35.904793
2012,100.037018,29.676050,3.583274,-35.909168
2013,100.047356,29.676008,4.583964,-35.913452
2014,100.057686,29.675966,5.583916,-35.917648
2015,100.068016,29.675922,6.583869,-35.921967
2016,100.078346,29.675877,7.583822,-35.926403
2017,100.088676,29.675833,8.583776,-35.930538
2018,100.099007,29.675787,9.583733,-35.934795
2019,100.109337,29.675739,10.583689,-35.939175
2020,100.119667,29.675692,11.583646,-35.943466
2021,100.129997,29.675642,12.583605,-35.947876
2022,100.140327,29.675594,13.583564,-35.951984
2023,100.150658,29.675543,14.583524,-35.956429
2024,100.160988,29.675493,15.583485,-35.960571
2025,100.171318,29.675440,16.583447,-35.965046
2026,100.181648,29.675388,17.583410,-35.969219
2027,100.191978,29.675335,18.583376,-35.973515
2028,100.202309,29.675282,19.583340,-35.977718
2029,100.212639,29.675226,20.583307,-35.982048
2030,100.222969,29.675171,21.583273,-35.986282
2031,100.233299,29.675114,22.583242,-35.990639
2032,100.243629,29.675056,23.583214,-35.994911
2033,100.253960,29.674997,24.583183,-35.999302
2034,100.264290,29.674938,25.583157,-36.003601
2035,100.274620,29.674879,26.583128,-36.007812
2036,100.284958,29.674818,27.583841,-36.012142
2037,100.295288,29.674757,28.583818,-36.016384
2038,100.305618,29.674696,29.583796,-36.020535
2039,100.315948,29.674633,30.583771,-36.024807
2040,100.326279,29.674568,31.583752,-36.029202
2041,100.336609,29.674503,32.583733,-36.033512
2042,100.346939,29.674438,33.583714,-36.037727
2043,100.357269,29.674372,34.583698,-36.042061
2044,100.367599,29.674305,35.583683,-36.046314
2045,100.377930,29.674238,36.583668,-36.050468
2046,100.388260,29.674170,37.583656,-36.054745
2047,100.398590,29.674099,38.583645,-36.059147
2048,100.408920,29.674028,39.583633,-36.063461
2049,100.419250,29.673958,40.583626,-36.067680
2050,100.429581,29.673887,41.583618,-36.071812
2051,100.439911,29.673815,42.583614,-36.076065
2052,100.450241,29.673740,43.583611,-36.080437
2053,100.460571,29.673666,44.583607,-36.084724
2054,100.470901,29.673592,45.583607,-36.088917
2055,100.481232,29.673515,46.583607,-36.093235
2056,100.491562,29.673439,47.583607,-36.097462
2057,100.501892,29.673361,48.583611,-36.101810
2058,99.499817,29.686157,-48.412025,-34.684086
2059,99.510155,29.686155,-47.411449,-34.688606
2060,99.520485,29.686155,-46.411610,-34.692822
2061,99.530815,29.686153,-45.411770,-34.697159
2062,99.541145,29.686150,-44.411934,-34.701618
2063,99.551476,29.686146,-43.412094,-34.705990
2064,99.561813,29.686142,-42.411514,-34.710270
2065,99.572144,29.686136,-41.411674,-34.714668
2066,99.582474,29.686131,-40.411835,-34.718979
2067,99.592804,29.686125,-39.411991,-34.723198
2068,99.603134,29.686117,-38.412151,-34.727543
2069,99.613472,29.686108,-37.411575,-34.732010
2070,99.623802,29.686098,-36.411736,-34.736382
2071,99.634132,29.686089,-35.411896,-34.740669
2072,99.644463,29.686077,-34.412056,-34.745075
2073,99.654793,29.686066,-33.412212,-34.749390
2074,99.665131,29.686054,-32.411633,-34.753616
2075,99.675461,29.686041,-31.411791,-34.757965
2076,99.685791,29.686028,-30.411947,-34.762222
2077,99.696121,29.686012,-29.412106,-34.766602
2078,99.706459,29.685997,-28.411526,-34.770893
2079,99.716789,29.685980,-27.411682,-34.775303
2080,99.727119,29.685963,-26.411840,-34.779625
2081,99.737450,29.685944,-25.411997,-34.784069
2082,99.747780,29.685926,-24.412153,-34.788212
2083,99.758118,29.685905,-23.411568,-34.792686
2084,99.768448,29.685886,-22.411724,-34.796860
2085,99.778778,29.685863,-21.411879,-34.801369
2086,99.789108,29.685843,-20.412033,-34.805569
2087,99.799438,29.685820,-19.412188,-34.809898
2088,99.809776,29.685795,-18.411604,-34.814346
2089,99.820107,29.685772,-17.411757,-34.818493
2090,99.830437,29.685745,-16.411909,-34.822971
2091,99.840767,29.685720,-15.412061,-34.827152
2092,99.851097,29.685694,-14.412212,-34.831451
2093,99.861435,29.685665,-13.411624,-34.835876
2094,99.871765,29.685637,-12.411775,-34.840206
2095,99.882095,29.685608,-11.411924,-34.844448
2096,99.892426,29.685577,-10.412074,-34.848812
2097,99.902756,29.685547,-9.412223,-34.853085
2098,99.913086,29.685514,-8.412371,-34.857479
2099,99.923424,29.685482,-7.411780,-34.861786
2100,99.933754,29.685450,-6.411926,-34.866001
2101,99.944084,29.685415,-5.412072,-34.870335
2102,99.954414,29.685381,-4.412218,-34.874584
2103,99.964745,29.685345,-3.412363,-34.878952
2104,99.975082,29.685308,-2.411768,-34.883232
2105,99.985413,29.685270,-1.411911,-34.887634
2106,99.995743,29.685232,-0.412054,-34.891941
2107,100.006073,29.685194,0.587804,-34.896164
2108,100.016403,29.685154,1.587664,-34.900505
2109,100.026741,29.685114,2.588262,-34.904758
2110,100.037071,29.685072,3.588123,-34.909134
2111,100.047401,29.685030,4.587984,-34.913414
2112,100.057732,29.684986,5.587846,-34.917820
2113,100.068062,29.684944,6.587709,-34.921925
2114,100.078392,29.684898,7.587574,-34.926365
2115,100.088730,29.684853,8.588177,-34.930710
2116,100.099060,29.684807,9.588043,-34.934967
2117,100.109390,29.684761,10.587910,-34.939133
2118,100.119720,29.684713,11.587777,-34.943424
2119,100.130051,29.684664,12.587646,-34.947838
2120,100.140381,29.684614,13.587516,-34.952156
2121,100.150719,29.684565,14.588125,-34.956387
2122,100.161049,29.684513,15.587997,-34.960739
2123,100.171379,29.684462,16.587870,-34.965000
2124,100.181709,29.684410,17.587742,-34.969177
2125,100.192039,29.684357,18.587618,-34.973469
2126,100.202370,29.684301,19.587494,-34.977882
2127,100.212708,29.684246,20.588110,-34.982212
2128,100.223038,29.684191,21.587986,-34.986446
2129,100.233368,29.684135,22.587866,-34.990593
2130,100.243698,29.684076,23.587746,-34.995071
2131,100.254028,29.684019,24.587627,-34.999249
2132,100.264359,29.683960,25.587509,-35.003551
2133,100.274696,29.683901,26.588133,-35.007759
2134,100.285027,29.683840,27.588018,-35.012089
2135,100.295357,29.683779,28.587902,-35.016331
2136,100.305687,29.683716,29.587791,-35.020695
2137,100.316017,29.683653,30.587679,-35.024967
2138,100.326347,29.683590,31.587568,-35.029152
2139,100.336678,29.683525,32.587460,-35.033459
2140,100.347015,29.683460,33.588089,-35.037666
2141,100.357346,29.683393,34.587986,-35.042004
2142,100.367676,29.683327,35.587879,-35.046253
2143,100.378006,29.683258,36.587776,-35.050621
2144,100.388336,29.683189,37.587677,-35.054897
2145,100.398666,29.683121,38.587574,-35.059086
2146,100.408997,29.683050,39.587471,-35.063400
2147,100.419327,29.682980,40.587376,-35.067616
2148,100.429665,29.682907,41.588017,-35.071957
2149,100.439995,29.682835,42.587921,-35.076210
2150,100.450325,29.682762,43.587830,-35.080372
2151,100.460655,29.682688,44.587734,-35.084656
2152,100.470985,29.682611,45.587643,-35.089062
2153,100.481316,29.682537,46.587555,-35.093163
2154,100.491646,29.682459,47.587467,-35.097603
2155,100.501976,29.682383,48.587383,-35.101738
2156,99.499817,29.695177,-48.407692,-33.684261
2157,99.510155,29.695177,-47.407204,-33.688572
2158,99.520485,29.695177,-46.407452,-33.692783
2159,99.530815,29.695175,-45.407703,-33.697121
2160,99.541153,29.695171,-44.407215,-33.701584
2161,99.551483,29.695168,-43.407463,-33.705952
2162,99.561813,29.695164,-42.407715,-33.710232
2163,99.572151,29.695158,-41.407227,-33.714634
2164,99.582481,29.695152,-40.407478,-33.718945
2165,99.592812,29.695145,-39.407726,-33.723377
2166,99.603149,29.695137,-38.407234,-33.727722
2167,99.613480,29.695129,-37.407486,-33.731976
2168,99.623810,29.695120,-36.407734,-33.736347
2169,99.634148,29.695110,-35.407246,-33.740635
2170,99.644478,29.695099,-34.407494,-33.745045
2171,99.654808,29.695087,-33.407742,-33.749355
2172,99.665146,29.695076,-32.407249,-33.753586
2173,99.675476,29.695063,-31.407497,-33.757935
2174,99.685806,29.695047,-30.407745,-33.762402
2175,99.696144,29.695034,-29.407255,-33.766571
2176,99.706474,29.695017,-28.407503,-33.771072
2177,99.716805,29.695002,-27.407749,-33.775272
2178,99.727142,29.694984,-26.407257,-33.779594
2179,99.737473,29.694965,-25.407503,-33.784039
2180,99.747803,29.694946,-24.407749,-33.788391
2181,99.758141,29.694927,-23.407255,-33.792656
2182,99.768471,29.694906,-22.407501,-33.797039
2183,99.778801,29.694885,-21.407745,-33.801331
2184,99.789139,29.694864,-20.407251,-33.805538
2185,99.799469,29.694841,-19.407494,-33.809868
2186,99.809799,29.694817,-18.407738,-33.814312
2187,99.820129,29.694792,-17.407980,-33.818672
2188,99.830467,29.694767,-16.407484,-33.822941
2189,99.840797,29.694740,-15.407726,-33.827332
2190,99.851128,29.694714,-14.407967,-33.831631
2191,99.861465,29.694687,-13.407470,-33.835838
2192,99.871796,29.694658,-12.407709,-33.840172
2193,99.882126,29.694630,-11.407948,-33.844414
2194,99.892464,29.694599,-10.407449,-33.848778
2195,99.902794,29.694569,-9.407687,-33.853050
2196,99.913124,29.694536,-8.407925,-33.857445
2197,99.923462,29.694504,-7.407424,-33.861752
2198,99.933792,29.694471,-6.407660,-33.865963
2199,99.944122,29.694437,-5.407896,-33.870300
2200,99.954460,29.694401,-4.407392,-33.874763
2201,99.964790,29.694366,-3.407626,-33.878918
2202,99.975121,29.694328,-2.407860,-33.883408
2203,99.985451,29.694292,-1.408093,-33.887596
2204,99.995789,29.694254,-0.407587,-33.891907
2205,100.006119,29.694216,0.592182,-33.896126
2206,100.016449,29.694176,1.591952,-33.900467
2207,100.026787,29.694134,2.592460,-33.904930
2208,100.037117,29.694094,3.592232,-33.909092
2209,100.047447,29.694052,4.592003,-33.913376
2210,100.057785,29.694008,5.592515,-33.917782
2211,100.068115,29.693964,6.592288,-33.922096
2212,100.078445,29.693920,7.592062,-33.926319
2213,100.088776,29.693874,8.591838,-33.930668
2214,100.099113,29.693829,9.592353,-33.934925
2215,100.109444,29.693781,10.592130,-33.939304
2216,100.119774,29.693733,11.591908,-33.943592
2217,100.130112,29.693686,12.592425,-33.947792
2218,100.140442,29.693636,13.592206,-33.952114
2219,100.150772,29.693586,14.591987,-33.956345
2220,100.161110,29.693535,15.592506,-33.960690
2221,100.171440,29.693483,16.592291,-33.964958
2222,100.181770,29.693430,17.592073,-33.969341
2223,100.192101,29.693377,18.591860,-33.973633
2224,100.202438,29.693323,19.592384,-33.977837
2225,100.212769,29.693268,20.592173,-33.982159
2226,100.223099,29.693213,21.591959,-33.986397
2227,100.233429,29.693155,22.591749,-33.990753
2228,100.243767,29.693098,23.592279,-33.995018
2229,100.254097,29.693041,24.592070,-33.999199
2230,100.264427,29.692982,25.591864,-34.003494
2231,100.274765,29.692921,26.592396,-34.007919
2232,100.285095,29.692862,27.592192,-34.012035
2233,100.295425,29.692799,28.591988,-34.016487
2234,100.305756,29.692738,29.591785,-34.020641
2235,100.316093,29.692675,30.592321,-34.024910
2236,100.326424,29.692610,31.592123,-34.029305
2237,100.336754,29.692545,32.591927,-34.033607
2238,100.347084,29.692480,33.591728,-34.037823
2239,100.357422,29.692413,34.592270,-34.042156
2240,100.367752,29.692347,35.592075,-34.046402
2241,100.378082,29.692280,36.591885,-34.050560
2242,100.388412,29.692211,37.591690,-34.054836
2243,100.398750,29.692141,38.592239,-34.059235
2244,100.409081,29.692072,39.592052,-34.063332
2245,100.419411,29.691999,40.591862,-34.067760
2246,100.429741,29.691929,41.591675,-34.071896
2247,100.440079,29.691856,42.592232,-34.076141
2248,100.450409,29.691782,43.592049,-34.080517
2249,100.460739,29.691708,44.591862,-34.084797
2250,100.471069,29.691633,45.591682,-34.088993
2251,100.481407,29.691557,46.592243,-34.093300
2252,100.491737,29.691481,47.592068,-34.097527
2253,100.502068,29.691402,48.591892,-34.101875
2254,99.499817,29.704199,-48.403351,-32.684219
2255,99.510155,29.704199,-47.402954,-32.688530
2256,99.520485,29.704197,-46.403294,-32.692959
2257,99.530823,29.704195,-45.402893,-32.697296
2258,99.541153,29.704193,-44.403233,-32.701546
2259,99.551491,29.704189,-43.402836,-32.705917
2260,99.561821,29.704185,-42.403175,-32.710194
2261,99.572159,29.704180,-41.402779,-32.714600
2262,99.582489,29.704174,-40.403114,-32.718910
2263,99.592819,29.704166,-39.403454,-32.723343
2264,99.603157,29.704159,-38.403053,-32.727684
2265,99.613487,29.704151,-37.403393,-32.731941
2266,99.623825,29.704142,-36.402996,-32.736313
2267,99.634155,29.704132,-35.403332,-32.740601
2268,99.644493,29.704121,-34.402935,-32.745007
2269,99.654823,29.704109,-33.403271,-32.749321
2270,99.665161,29.704096,-32.402870,-32.753761
2271,99.675491,29.704084,-31.403208,-32.757900
2272,99.685822,29.704069,-30.403545,-32.762367
2273,99.696159,29.704054,-29.403145,-32.766747
2274,99.706490,29.704039,-28.403481,-32.771038
2275,99.716827,29.704023,-27.403078,-32.775238
2276,99.727158,29.704006,-26.403414,-32.779560
2277,99.737495,29.703987,-25.403011,-32.784004
2278,99.747826,29.703968,-24.403347,-32.788357
2279,99.758163,29.703949,-23.402943,-32.792622
2280,99.768494,29.703928,-22.403276,-32.797005
2281,99.778824,29.703907,-21.403612,-32.801300
2282,99.789162,29.703884,-20.403208,-32.805714
2283,99.799492,29.703861,-19.403542,-32.810043
2284,99.809830,29.703838,-18.403135,-32.814281
2285,99.820160,29.703814,-17.403467,-32.818638
2286,99.830498,29.703789,-16.403061,-32.822906
2287,99.840828,29.703762,-15.403392,-32.827297
2288,99.851166,29.703735,-14.402985,-32.831596
2289,99.861496,29.703709,-13.403315,-32.835804
2290,99.871826,29.703680,-12.403644,-32.840137
2291,99.882164,29.703650,-11.403234,-32.844589
2292,99.892494,29.703621,-10.403563,-32.848743
2293,99.902832,29.703588,-9.403152,-32.853226
2294,99.913162,29.703558,-8.403480,-32.857410
2295,99.923500,29.703526,-7.403069,-32.861713
2296,99.933830,29.703491,-6.403394,-32.866142
2297,99.944160,29.703457,-5.403719,-32.870476
2298,99.954498,29.703423,-4.403306,-32.874722
2299,99.964828,29.703386,-3.403630,-32.879089
2300,99.975166,29.703350,-2.403214,-32.883369
2301,99.985497,29.703314,-1.403537,-32.887558
2302,99.995834,29.703276,-0.403120,-32.891869
2303,100.006165,29.703236,0.596559,-32.896301
2304,100.016495,29.703196,1.596239,-32.900642
2305,100.026833,29.703156,2.596658,-32.904892
2306,100.037163,29.703114,3.596339,-32.909267
2307,100.047501,29.703072,4.596760,-32.913548
2308,100.057831,29.703030,5.596443,-32.917744
2309,100.068169,29.702986,6.596865,-32.922054
2310,100.078499,29.702942,7.596550,-32.926281
2311,100.088829,29.702896,8.596236,-32.930626
2312,100.099167,29.702850,9.596662,-32.934883
2313,100.109497,29.702803,10.596349,-32.939262
2314,100.119835,29.702755,11.596775,-32.943546
2315,100.130165,29.702707,12.596465,-32.947746
2316,100.140495,29.702658,13.596155,-32.952065
2317,100.150833,29.702606,14.596586,-32.956509
2318,100.161163,29.702557,15.596278,-32.960648
2319,100.171501,29.702503,16.596710,-32.965122
2320,100.181831,29.702452,17.596405,-32.969292
2321,100.192162,29.702398,18.596100,-32.973587
2322,100.202499,29.702345,19.596535,-32.977791
2323,100.212830,29.702290,20.596233,-32.982113
2324,100.223167,29.702232,21.596670,-32.986557
2325,100.233498,29.702177,22.596369,-32.990704
2326,100.243828,29.702120,23.596071,-32.994968
2327,100.254166,29.702061,24.596512,-32.999355
2328,100.264496,29.702002,25.596214,-33.003654
2329,100.274834,29.701942,26.596659,-33.007862
2330,100.285164,29.701881,27.596363,-33.012192
2331,100.295494,29.701820,28.596071,-33.016434
2332,100.305832,29.701757,29.596518,-33.020794
2333,100.316162,29.701694,30.596226,-33.025066
2334,100.326500,29.701632,31.596676,-33.029247
2335,100.336830,29.701567,32.596386,-33.033546
2336,100.347160,29.701502,33.596100,-33.037762
2337,100.357498,29.701435,34.596554,-33.042099
2338,100.367828,29.701368,35.596268,-33.046341
2339,100.378159,29.701300,36.595989,-33.050709
2340,100.388496,29.701231,37.596447,-33.054985
2341,100.398827,29.701162,38.596165,-33.059174
2342,100.409164,29.701092,39.596626,-33.063477
2343,100.419495,29.701021,40.596348,-33.067696
2344,100.429825,29.700949,41.596069,-33.072037
2345,100.440163,29.700876,42.596535,-33.076286
2346,100.450493,29.700804,43.596260,-33.080444
2347,100.460823,29.700729,44.595989,-33.084728
2348,100.471161,29.700653,45.596458,-33.089130
2349,100.481491,29.700577,46.596191,-33.093441
2350,100.491821,29.700500,47.595921,-33.097668
2351,100.502159,29.700424,48.596394,-33.101795
2352,99.499817,29.713221,-48.399014,-31.684181
2353,99.510155,29.713221,-47.398705,-31.688490
2354,99.520493,29.713219,-46.398396,-31.692921
2355,99.530823,29.713217,-45.398823,-31.697258
2356,99.541161,29.713215,-44.398514,-31.701508
2357,99.551491,29.713211,-43.398945,-31.705877
2358,99.561829,29.713207,-42.398636,-31.710157
2359,99.572159,29.713202,-41.399063,-31.714558
2360,99.582497,29.713196,-40.398754,-31.718874
2361,99.592827,29.713188,-39.399185,-31.723305
2362,99.603165,29.713181,-38.398876,-31.727648
2363,99.613503,29.713173,-37.398563,-31.731905
2364,99.623833,29.713163,-36.398991,-31.736277
2365,99.634171,29.713154,-35.398685,-31.740564
2366,99.644501,29.713142,-34.399109,-31.744968
2367,99.654839,29.713131,-33.398800,-31.749287
2368,99.665169,29.713118,-32.399227,-31.753725
2369,99.675507,29.713104,-31.398916,-31.758074
2370,99.685844,29.713091,-30.398605,-31.762335
2371,99.696175,29.713076,-29.399031,-31.766712
2372,99.706512,29.713060,-28.398718,-31.771004
2373,99.716843,29.713043,-27.399145,-31.775414
2374,99.727180,29.713026,-26.398832,-31.779736
2375,99.737511,29.713009,-25.399258,-31.783966
2376,99.747849,29.712990,-24.398945,-31.788322
2377,99.758186,29.712971,-23.398630,-31.792585
2378,99.768517,29.712950,-22.399055,-31.796968
2379,99.778854,29.712929,-21.398741,-31.801266
2380,99.789185,29.712906,-20.399164,-31.805681
2381,99.799522,29.712883,-19.398848,-31.810007
2382,99.809853,29.712860,-18.399269,-31.814243
2383,99.820190,29.712835,-17.398952,-31.818602
2384,99.830528,29.712811,-16.398636,-31.822870
2385,99.840858,29.712784,-15.399057,-31.827259
2386,99.851196,29.712757,-14.398740,-31.831560
2387,99.861526,29.712729,-13.399160,-31.835981
2388,99.871864,29.712700,-12.398841,-31.840313
2389,99.882195,29.712671,-11.399260,-31.844553
2390,99.892532,29.712641,-10.398939,-31.848915
2391,99.902863,29.712610,-9.399357,-31.853189
2392,99.913200,29.712580,-8.399035,-31.857372
2393,99.923538,29.712545,-7.398714,-31.861889
2394,99.933868,29.712513,-6.399129,-31.866104
2395,99.944206,29.712479,-5.398806,-31.870440
2396,99.954536,29.712444,-4.399220,-31.874685
2397,99.964874,29.712408,-3.398895,-31.879053
2398,99.975204,29.712372,-2.399308,-31.883329
2399,99.985542,29.712334,-1.398981,-31.887730
2400,99.995872,29.712296,-0.399393,-31.892038
2401,100.006210,29.712257,0.600935,-31.896259
2402,100.016541,29.712217,1.600525,-31.900600
2403,100.026878,29.712177,2.600854,-31.904852
2404,100.037216,29.712135,3.601185,-31.909224
2405,100.047546,29.712093,4.600777,-31.913506
2406,100.057884,29.712051,5.601110,-31.917700
2407,100.068214,29.712008,6.600704,-31.922014
2408,100.078552,29.711962,7.601037,-31.926449
2409,100.088882,29.711918,8.600633,-31.930584
2410,100.099220,29.711870,9.600968,-31.935051
2411,100.109550,29.711824,10.600567,-31.939217
2412,100.119888,29.711777,11.600904,-31.943504
2413,100.130219,29.711727,12.600504,-31.947912
2414,100.140556,29.711678,13.600842,-31.952232
2415,100.150887,29.711628,14.600446,-31.956461
2416,100.161224,29.711576,15.600786,-31.960810
2417,100.171562,29.711525,16.601130,-31.965073
2418,100.181892,29.711473,17.600733,-31.969242
2419,100.192230,29.711420,18.601076,-31.973536
2420,100.202560,29.711365,19.600683,-31.977949
2421,100.212898,29.711309,20.601030,-31.982271
2422,100.223228,29.711254,21.600641,-31.986506
2423,100.233566,29.711197,22.600988,-31.990862
2424,100.243896,29.711140,23.600599,-31.995127
2425,100.254234,29.711082,24.600950,-31.999302
2426,100.264565,29.711023,25.600565,-32.003601
2427,100.274902,29.710962,26.600918,-32.008018
2428,100.285233,29.710903,27.600533,-32.012138
2429,100.295570,29.710842,28.600889,-32.016376
2430,100.305901,29.710779,29.600508,-32.020737
2431,100.316238,29.710716,30.600866,-32.025005
2432,100.326569,29.710651,31.600489,-32.029400
2433,100.336906,29.710588,32.600849,-32.033489
2434,100.347237,29.710522,33.600471,-32.037910
2435,100.357574,29.710455,34.600838,-32.042244
2436,100.367905,29.710388,35.600460,-32.046490
2437,100.378242,29.710321,36.600826,-32.050644
2438,100.388573,29.710253,37.600456,-32.054916
2439,100.398911,29.710182,38.600822,-32.059315
2440,100.409241,29.710114,39.600456,-32.063412
2441,100.419579,29.710041,40.600826,-32.067837
2442,100.429909,29.709970,41.600460,-32.071968
2443,100.440247,29.709898,42.600838,-32.076214
2444,100.450577,29.709824,43.600471,-32.080585
2445,100.460915,29.709749,44.600853,-32.084862
2446,100.471245,29.709675,45.600491,-32.089054
2447,100.481583,29.709599,46.600872,-32.093365
2448,100.491913,29.709522,47.600517,-32.097588
2449,100.502251,29.709444,48.600899,-32.101929
2450,99.499817,29.722242,-48.394672,-30.684141
2451,99.510155,29.722242,-47.394455,-30.688450
2452,99.520493,29.722240,-46.394234,-30.692879
2453,99.530823,29.722239,-45.394753,-30.697216
2454,99.541161,29.722237,-44.394535,-30.701468
2455,99.551498,29.722233,-43.394314,-30.705837
2456,99.561836,29.722227,-42.394093,-30.710333
2457,99.572166,29.722223,-41.394615,-30.714520
2458,99.582504,29.722216,-40.394394,-30.719046
2459,99.592842,29.722210,-39.394176,-30.723269
2460,99.603172,29.722202,-38.394691,-30.727610
2461,99.613510,29.722193,-37.394474,-30.732077
2462,99.623848,29.722185,-36.394249,-30.736242
2463,99.634178,29.722174,-35.394768,-30.740736
2464,99.644516,29.722164,-34.394550,-30.744934
2465,99.654854,29.722153,-33.394329,-30.749250
2466,99.665184,29.722139,-32.394844,-30.753687
2467,99.675522,29.722126,-31.394623,-30.758038
2468,99.685860,29.722113,-30.394402,-30.762297
2469,99.696190,29.722097,-29.394918,-30.766676
2470,99.706528,29.722082,-28.394695,-30.770967
2471,99.716866,29.722065,-27.394474,-30.775379
2472,99.727203,29.722048,-26.394251,-30.779701
2473,99.737534,29.722031,-25.394766,-30.783932
2474,99.747871,29.722012,-24.394541,-30.788284
2475,99.758209,29.721991,-23.394318,-30.792759
2476,99.768539,29.721972,-22.394833,-30.796934
2477,99.778877,29.721951,-21.394608,-30.801228
2478,99.789215,29.721928,-20.394381,-30.805645
2479,99.799545,29.721905,-19.394894,-30.809971
2480,99.809883,29.721882,-18.394669,-30.814207
2481,99.820221,29.721857,-17.394442,-30.818567
2482,99.830551,29.721830,-16.394953,-30.823046
2483,99.840889,29.721806,-15.394725,-30.827223
2484,99.851227,29.721779,-14.394496,-30.831524
2485,99.861557,29.721750,-13.395006,-30.835943
2486,99.871895,29.721722,-12.394776,-30.840275
2487,99.882233,29.721693,-11.394547,-30.844515
2488,99.892563,29.721663,-10.395054,-30.848879
2489,99.902901,29.721632,-9.394823,-30.853153
2490,99.913239,29.721600,-8.394591,-30.857546
2491,99.923569,29.721567,-7.395097,-30.861849
2492,99.933907,29.721535,-6.394864,-30.866064
2493,99.944244,29.721500,-5.394630,-30.870399
2494,99.954582,29.721466,-4.394396,-30.874647
2495,99.964912,29.721430,-3.394899,-30.879013
2496,99.975250,29.721394,-2.394663,-30.883291
2497,99.985588,29.721355,-1.394427,-30.887690
2498,99.995918,29.721317,-0.394928,-30.891998
2499,100.006256,29.721279,0.605310,-30.896219
2500,100.016594,29.721239,1.605549,-30.900558
2501,100.026924,29.721199,2.605051,-30.904808
2502,100.037262,29.721157,3.605291,-30.909182
2503,100.047600,29.721115,4.605532,-30.913464
2504,100.057930,29.721071,5.605036,-30.917868
2505,100.068268,29.721027,6.605279,-30.922180
2506,100.078598,29.720984,7.604784,-30.926405
2507,100.088936,29.720938,8.605029,-30.930750
2508,100.099274,29.720892,9.605275,-30.935003
2509,100.109604,29.720844,10.604783,-30.939383
2510,100.119942,29.720797,11.605031,-30.943668
2511,100.130280,29.720749,12.605279,-30.947865
2512,100.140610,29.720699,13.604791,-30.952183
2513,100.150948,29.720650,14.605041,-30.956411
2514,100.161285,29.720598,15.605293,-30.960762
2515,100.171616,29.720547,16.604807,-30.965023
2516,100.181953,29.720493,17.605061,-30.969404
2517,100.192291,29.720440,18.605314,-30.973696
2518,100.202621,29.720387,19.604832,-30.977896
2519,100.212959,29.720331,20.605089,-30.982222
2520,100.223297,29.720276,21.605349,-30.986454
2521,100.233627,29.720219,22.604868,-30.990808
2522,100.243965,29.720161,23.605127,-30.995071
2523,100.254295,29.720102,24.604650,-30.999460
2524,100.264633,29.720043,25.604914,-31.003756
2525,100.274971,29.719984,26.605175,-31.007961
2526,100.285301,29.719923,27.604704,-31.012291
2527,100.295639,29.719862,28.604969,-31.016527
2528,100.305977,29.719799,29.605236,-31.020887
2529,100.316307,29.719736,30.604767,-31.025158
2530,100.326645,29.719673,31.605036,-31.029335
2531,100.336983,29.719608,32.605309,-31.033636
2532,100.347313,29.719543,33.604839,-31.037849
2533,100.357651,29.719477,34.605114,-31.042181
2534,100.367981,29.719410,35.604652,-31.046425
2535,100.378319,29.719341,36.604931,-31.050789
2536,100.388657,29.719273,37.605206,-31.055063
2537,100.398987,29.719204,38.604748,-31.059248
2538,100.409325,29.719133,39.605026,-31.063553
2539,100.419655,29.719063,40.604568,-31.067770
2540,100.429993,29.718990,41.604851,-31.072105
2541,100.440331,29.718918,42.605137,-31.076353
2542,100.450661,29.718845,43.604683,-31.080511
2543,100.460999,29.718771,44.604973,-31.084789
2544,100.471329,29.718695,45.604523,-31.089193
2545,100.481667,29.718618,46.604813,-31.093502
2546,100.492004,29.718542,47.605106,-31.097721
2547,100.502335,29.718466,48.604660,-31.101854
2548,99.499817,29.731264,-48.390331,-29.684097
2549,99.510155,29.731262,-47.390202,-29.688618
2550,99.520493,29.731262,-46.390076,-29.692837
2551,99.530830,29.731260,-45.389942,-29.697176
2552,99.541168,29.731256,-44.389812,-29.701639
2553,99.551498,29.731253,-43.390423,-29.706005
2554,99.561836,29.731249,-42.390293,-29.710289
2555,99.572174,29.731243,-41.390163,-29.714691
2556,99.582512,29.731237,-40.390030,-29.719004
2557,99.592850,29.731232,-39.389904,-29.723228
2558,99.603180,29.731224,-38.390511,-29.727570
2559,99.613518,29.731215,-37.390377,-29.732037
2560,99.623856,29.731205,-36.390251,-29.736412
2561,99.634193,29.731195,-35.390118,-29.740700
2562,99.644531,29.731184,-34.389988,-29.745106
2563,99.654869,29.731173,-33.389854,-29.749424
2564,99.665199,29.731161,-32.390465,-29.753651
2565,99.675537,29.731148,-31.390331,-29.757998
2566,99.685875,29.731134,-30.390200,-29.762259
2567,99.696213,29.731119,-29.390066,-29.766638
2568,99.706551,29.731104,-28.389936,-29.770929
2569,99.716881,29.731087,-27.390541,-29.775339
2570,99.727219,29.731070,-26.390406,-29.779661
2571,99.737556,29.731050,-25.390274,-29.784105
2572,99.747894,29.731033,-24.390139,-29.788248
2573,99.758232,29.731012,-23.390005,-29.792723
2574,99.768562,29.730991,-22.390610,-29.797106
2575,99.778900,29.730970,-21.390472,-29.801401
2576,99.789238,29.730949,-20.390337,-29.805607
2577,99.799576,29.730927,-19.390202,-29.809933
2578,99.809914,29.730902,-18.390066,-29.814381
2579,99.820244,29.730877,-17.390667,-29.818739
2580,99.830582,29.730852,-16.390530,-29.823006
2581,99.840919,29.730827,-15.390390,-29.827183
2582,99.851257,29.730799,-14.390253,-29.831696
2583,99.861595,29.730772,-13.390113,-29.835905
2584,99.871925,29.730743,-12.390712,-29.840237
2585,99.882263,29.730715,-11.390573,-29.844477
2586,99.892601,29.730684,-10.390431,-29.848841
2587,99.902939,29.730654,-9.390290,-29.853111
2588,99.913277,29.730621,-8.390147,-29.857506
2589,99.923607,29.730589,-7.390743,-29.861811
2590,99.933945,29.730555,-6.390600,-29.866234
2591,99.944283,29.730522,-5.390456,-29.870359
2592,99.954620,29.730486,-4.390312,-29.874817
2593,99.964958,29.730452,-3.390166,-29.878973
2594,99.975288,29.730413,-2.390758,-29.883461
2595,99.985626,29.730377,-1.390611,-29.887648
2596,99.995964,29.730339,-0.390464,-29.891956
2597,100.006302,29.730299,0.609685,-29.896387
2598,100.016640,29.730261,1.609834,-29.900517
2599,100.026970,29.730219,2.609246,-29.904976
2600,100.037308,29.730179,3.609396,-29.909136
2601,100.047646,29.730137,4.609548,-29.913418
2602,100.057983,29.730093,5.609700,-29.917822
2603,100.068314,29.730049,6.609115,-29.922134
2604,100.078651,29.730005,7.609270,-29.926359
2605,100.088989,29.729959,8.609425,-29.930702
2606,100.099327,29.729914,9.609580,-29.934958
2607,100.109665,29.729866,10.609737,-29.939335
2608,100.119995,29.729818,11.609158,-29.943621
2609,100.130333,29.729771,12.609316,-29.947817
2610,100.140671,29.729721,13.609475,-29.952135
2611,100.151009,29.729670,14.609636,-29.956573
2612,100.161339,29.729620,15.609059,-29.960712
2613,100.171677,29.729567,16.609222,-29.965183
2614,100.182014,29.729515,17.609386,-29.969351
2615,100.192352,29.729462,18.609550,-29.973642
2616,100.202690,29.729406,19.609716,-29.978054
2617,100.213020,29.729353,20.609146,-29.982166
2618,100.223358,29.729296,21.609314,-29.986610
2619,100.233696,29.729240,22.609482,-29.990751
2620,100.244034,29.729183,23.609653,-29.995016
2621,100.254364,29.729124,24.609087,-29.999403
2622,100.264702,29.729065,25.609261,-30.003696
2623,100.275040,29.729006,26.609434,-30.007902
2624,100.285378,29.728945,27.609610,-30.012230
2625,100.295708,29.728884,28.609047,-30.016468
2626,100.306046,29.728821,29.609224,-30.020826
2627,100.316383,29.728758,30.609402,-30.025095
2628,100.326721,29.728695,31.609583,-30.029274
2629,100.337051,29.728630,32.609024,-30.033575
2630,100.347389,29.728563,33.609207,-30.037996
2631,100.357727,29.728498,34.609390,-30.042116
2632,100.368065,29.728430,35.609577,-30.046568
2633,100.378395,29.728363,36.609028,-30.050722
2634,100.388733,29.728294,37.609215,-30.054995
2635,100.399071,29.728224,38.609402,-30.059389
2636,100.409401,29.728155,39.608856,-30.063484
2637,100.419739,29.728083,40.609047,-30.067909
2638,100.430077,29.728012,41.609241,-30.072033
2639,100.440414,29.727940,42.609432,-30.076279
2640,100.450745,29.727865,43.608894,-30.080650
2641,100.461082,29.727791,44.609093,-30.084927
2642,100.471420,29.727716,45.609287,-30.089113
2643,100.481758,29.727640,46.609493,-30.093422
2644,100.492088,29.727564,47.608955,-30.097645
2645,100.502426,29.727486,48.609161,-30.101984
2646,99.499817,29.740284,-48.385994,-28.684263
2647,99.510155,29.740284,-47.385948,-28.688574
2648,99.520493,29.740284,-46.385910,-28.692793
2649,99.530830,29.740282,-45.385872,-28.697132
2650,99.541168,29.740278,-44.385834,-28.701593
2651,99.551506,29.740274,-43.385792,-28.705965
2652,99.561844,29.740271,-42.385750,-28.710249
2653,99.572182,29.740265,-41.385712,-28.714651
2654,99.582520,29.740259,-40.385674,-28.718964
2655,99.592857,29.740252,-39.385628,-28.723398
2656,99.603195,29.740244,-38.385590,-28.727741
2657,99.613533,29.740236,-37.385551,-28.731998
2658,99.623871,29.740227,-36.385509,-28.736374
2659,99.634201,29.740217,-35.386208,-28.740656
2660,99.644539,29.740206,-34.386166,-28.745064
2661,99.654877,29.740194,-33.386120,-28.749382
2662,99.665215,29.740183,-32.386082,-28.753609
2663,99.675552,29.740170,-31.386040,-28.757959
2664,99.685890,29.740154,-30.385998,-28.762430
2665,99.696228,29.740141,-29.385956,-28.766598
2666,99.706566,29.740124,-28.385912,-28.771099
2667,99.716904,29.740108,-27.385870,-28.775301
2668,99.727242,29.740091,-26.385824,-28.779623
2669,99.737579,29.740072,-25.385780,-28.784067
2670,99.747917,29.740053,-24.385736,-28.788420
2671,99.758255,29.740034,-23.385693,-28.792683
2672,99.768593,29.740013,-22.385649,-28.797068
2673,99.778931,29.739992,-21.385601,-28.801363
2674,99.789261,29.739971,-20.386295,-28.805567
2675,99.799599,29.739948,-19.386248,-28.809893
2676,99.809937,29.739923,-18.386202,-28.814342
2677,99.820274,29.739899,-17.386154,-28.818699
2678,99.830612,29.739874,-16.386105,-28.822968
2679,99.840950,29.739847,-15.386059,-28.827356
2680,99.851288,29.739820,-14.386010,-28.831656
2681,99.861626,29.739794,-13.385960,-28.835865
2682,99.871964,29.739765,-12.385910,-28.840195
2683,99.882301,29.739735,-11.385859,-28.844648
2684,99.892639,29.739706,-10.385809,-28.848799
2685,99.902977,29.739674,-9.385756,-28.853283
2686,99.913307,29.739643,-8.386442,-28.857466
2687,99.923645,29.739611,-7.386390,-28.861767
2688,99.933983,29.739576,-6.386336,-28.866194
2689,99.944321,29.739542,-5.386282,-28.870529
2690,99.954659,29.739508,-4.386227,-28.874773
2691,99.964996,29.739471,-3.386172,-28.879141
2692,99.975334,29.739435,-2.386115,-28.883417
2693,99.985672,29.739399,-1.386058,-28.887606
2694,99.996010,29.739361,-0.386000,-28.891912
2695,100.006348,29.739321,0.614058,-28.896341
2696,100.016685,29.739281,1.614118,-28.900682
2697,100.027023,29.739241,2.614178,-28.904932
2698,100.037354,29.739199,3.613501,-28.909304
2699,100.047691,29.739157,4.613563,-28.913584
2700,100.058029,29.739115,5.613625,-28.917776
2701,100.068367,29.739071,6.613688,-28.922089
2702,100.078705,29.739025,7.613753,-28.926523
2703,100.089043,29.738981,8.613818,-28.930656
2704,100.099380,29.738934,9.613885,-28.935122
2705,100.109718,29.738888,10.613952,-28.939285
2706,100.120056,29.738840,11.614019,-28.943571
2707,100.130394,29.738791,12.614089,-28.947979
2708,100.140724,29.738741,13.613420,-28.952297
2709,100.151062,29.738691,14.613492,-28.956524
2710,100.161400,29.738640,15.613564,-28.960871
2711,100.171738,29.738588,16.613636,-28.965132
2712,100.182076,29.738535,17.613710,-28.969509
2713,100.192413,29.738482,18.613787,-28.973801
2714,100.202751,29.738428,19.613863,-28.978001
2715,100.213089,29.738373,20.613939,-28.982323
2716,100.223427,29.738317,21.614017,-28.986555
2717,100.233757,29.738260,22.613359,-28.990908
2718,100.244095,29.738203,23.613440,-28.995173
2719,100.254433,29.738146,24.613522,-28.999344
2720,100.264771,29.738087,25.613605,-29.003639
2721,100.275108,29.738026,26.613689,-29.008055
2722,100.285446,29.737965,27.613775,-29.012381
2723,100.295784,29.737904,28.613861,-29.016617
2724,100.306122,29.737843,29.613947,-29.020763
2725,100.316452,29.737780,30.613298,-29.025034
2726,100.326790,29.737715,31.613390,-29.029423
2727,100.337128,29.737650,32.613480,-29.033720
2728,100.347466,29.737585,33.613575,-29.037930
2729,100.357803,29.737518,34.613667,-29.042259
2730,100.368141,29.737452,35.613762,-29.046499
2731,100.378479,29.737383,36.613861,-29.050863
2732,100.388809,29.737314,37.613224,-29.055138
2733,100.399147,29.737246,38.613319,-29.059319
2734,100.409485,29.737175,39.613422,-29.063623
2735,100.419823,29.737104,40.613522,-29.067837
2736,100.430161,29.737032,41.613628,-29.072172
2737,100.440498,29.736959,42.613731,-29.076416
2738,100.450829,29.736885,43.613102,-29.080786
2739,100.461166,29.736811,44.613213,-29.085062
2740,100.471504,29.736736,45.613319,-29.089249
2741,100.481842,29.736660,46.613430,-29.093557
2742,100.492180,29.736584,47.613544,-29.097773
2743,100.502518,29.736506,48.613655,-29.102114
2744,99.499817,29.749306,-48.381649,-27.684219
2745,99.510155,29.749306,-47.381699,-27.688528
2746,99.520493,29.749304,-46.381744,-27.692957
2747,99.530838,29.749302,-45.381058,-27.697300
2748,99.541176,29.749300,-44.381111,-27.701551
2749,99.551514,29.749296,-43.381161,-27.705923
2750,99.561852,29.749292,-42.381207,-27.710205
2751,99.572189,29.749287,-41.381256,-27.714607
2752,99.582527,29.749281,-40.381310,-27.718920
2753,99.592865,29.749273,-39.381359,-27.723356
2754,99.603203,29.749266,-38.381405,-27.727699
2755,99.613541,29.749258,-37.381458,-27.731955
2756,99.623878,29.749249,-36.381504,-27.736330
2757,99.634216,29.749239,-35.381554,-27.740618
2758,99.644554,29.749228,-34.381603,-27.745024
2759,99.654892,29.749216,-33.381653,-27.749342
2760,99.665230,29.749203,-32.381699,-27.753778
2761,99.675568,29.749189,-31.381746,-27.758129
2762,99.685905,29.749176,-30.381794,-27.762388
2763,99.696243,29.749161,-29.381842,-27.766768
2764,99.706581,29.749146,-28.381889,-27.771059
2765,99.716919,29.749128,-27.381935,-27.775471
2766,99.727264,29.749111,-26.381245,-27.779795
2767,99.737602,29.749094,-25.381289,-27.784025
2768,99.747940,29.749075,-24.381334,-27.788380
2769,99.758278,29.749056,-23.381378,-27.792643
2770,99.768616,29.749035,-22.381424,-27.797028
2771,99.778954,29.749014,-21.381468,-27.801323
2772,99.789291,29.748991,-20.381514,-27.805738
2773,99.799629,29.748968,-19.381557,-27.810064
2774,99.809967,29.748945,-18.381599,-27.814301
2775,99.820305,29.748920,-17.381643,-27.818659
2776,99.830643,29.748896,-16.381683,-27.822926
2777,99.840981,29.748869,-15.381725,-27.827314
2778,99.851318,29.748842,-14.381766,-27.831614
2779,99.861656,29.748814,-13.381806,-27.836035
2780,99.871994,29.748785,-12.381846,-27.840364
2781,99.882332,29.748756,-11.381886,-27.844606
2782,99.892670,29.748726,-10.381925,-27.848969
2783,99.903008,29.748695,-9.381963,-27.853241
2784,99.913345,29.748663,-8.382000,-27.857634
2785,99.923683,29.748631,-7.382037,-27.861937
2786,99.934021,29.748598,-6.382073,-27.866150
2787,99.944359,29.748564,-5.382109,-27.870487
2788,99.954697,29.748529,-4.382143,-27.874731
2789,99.965042,29.748493,-3.381440,-27.879097
2790,99.975380,29.748457,-2.381473,-27.883373
2791,99.985718,29.748419,-1.381506,-27.887772
2792,99.996056,29.748381,-0.381538,-27.892080
2793,100.006393,29.748343,0.618431,-27.896297
2794,100.016731,29.748302,1.618401,-27.900637
2795,100.027069,29.748262,2.618371,-27.904884
2796,100.037407,29.748220,3.618342,-27.909256
2797,100.047745,29.748178,4.618314,-27.913538
2798,100.058083,29.748135,5.618288,-27.917940
2799,100.068420,29.748091,6.618261,-27.922253
2800,100.078758,29.748047,7.618236,-27.926476
2801,100.089096,29.748001,8.618211,-27.930819
2802,100.099434,29.747955,9.618188,-27.935072
2803,100.109772,29.747908,10.618165,-27.939447
2804,100.120110,29.747860,11.618143,-27.943733
2805,100.130447,29.747812,12.618123,-27.947927
2806,100.140785,29.747763,13.618104,-27.952244
2807,100.151123,29.747713,14.618084,-27.956470
2808,100.161461,29.747662,15.618067,-27.960819
2809,100.171799,29.747610,16.618052,-27.965076
2810,100.182137,29.747557,17.618034,-27.969456
2811,100.192474,29.747503,18.618019,-27.973745
2812,100.202812,29.747450,19.618006,-27.977945
2813,100.213150,29.747395,20.617994,-27.982265
2814,100.223488,29.747339,21.617983,-27.986498
2815,100.233826,29.747282,22.617973,-27.990850
2816,100.244164,29.747225,23.617964,-27.995111
2817,100.254501,29.747166,24.617954,-27.999496
2818,100.264839,29.747107,25.617949,-28.003792
2819,100.275177,29.747047,26.617943,-28.007994
2820,100.285515,29.746986,27.617937,-28.012320
2821,100.295853,29.746925,28.617935,-28.016554
2822,100.306190,29.746862,29.617933,-28.020912
2823,100.316528,29.746799,30.617931,-28.025179
2824,100.326866,29.746737,31.617931,-28.029356
2825,100.337204,29.746672,32.617935,-28.033655
2826,100.347542,29.746605,33.617939,-28.038074
2827,100.357880,29.746540,34.617943,-28.042192
2828,100.368217,29.746471,35.617950,-28.046644
2829,100.378555,29.746405,36.617954,-28.050793
2830,100.388893,29.746336,37.617966,-28.055065
2831,100.399231,29.746265,38.617973,-28.059458
2832,100.409569,29.746197,39.617985,-28.063549
2833,100.419907,29.746124,40.617996,-28.067972
2834,100.430244,29.746054,41.618011,-28.072096
2835,100.440582,29.745979,42.618027,-28.076551
2836,100.450920,29.745907,43.618042,-28.080706
2837,100.461258,29.745832,44.618061,-28.084982
2838,100.471596,29.745758,45.618080,-28.089169
2839,100.481926,29.745682,46.617363,-28.093477
2840,100.492264,29.745605,47.617386,-28.097694
2841,100.502602,29.745527,48.617409,-28.102034
2842,99.499817,29.758327,-48.377304,-26.684172
2843,99.510162,29.758327,-47.376705,-26.688484
2844,99.520500,29.758326,-46.376846,-26.692915
2845,99.530838,29.758324,-45.376984,-26.697254
2846,99.541176,29.758322,-44.377125,-26.701504
2847,99.551514,29.758318,-43.377266,-26.705877
2848,99.561852,29.758312,-42.377407,-26.710369
2849,99.572197,29.758308,-41.376804,-26.714565
2850,99.582535,29.758303,-40.376945,-26.718878
2851,99.592873,29.758295,-39.377087,-26.723310
2852,99.603210,29.758287,-38.377224,-26.727655
2853,99.613548,29.758280,-37.377365,-26.731911
2854,99.623886,29.758270,-36.377499,-26.736284
2855,99.634232,29.758259,-35.376904,-26.740786
2856,99.644569,29.758249,-34.377041,-26.744982
2857,99.654907,29.758238,-33.377178,-26.749298
2858,99.665245,29.758224,-32.377316,-26.753738
2859,99.675583,29.758211,-31.377453,-26.758085
2860,99.685921,29.758198,-30.377590,-26.762346
2861,99.696266,29.758183,-29.376989,-26.766727
2862,99.706604,29.758167,-28.377127,-26.771017
2863,99.716942,29.758150,-27.377264,-26.775429
2864,99.727280,29.758133,-26.377398,-26.779753
2865,99.737617,29.758116,-25.377535,-26.783983
2866,99.747963,29.758097,-24.376932,-26.788338
2867,99.758301,29.758076,-23.377066,-26.792812
2868,99.768639,29.758057,-22.377201,-26.796984
2869,99.778976,29.758036,-21.377337,-26.801279
2870,99.789314,29.758013,-20.377468,-26.805695
2871,99.799652,29.757990,-19.377604,-26.810022
2872,99.809998,29.757967,-18.376999,-26.814259
2873,99.820335,29.757942,-17.377129,-26.818615
2874,99.830673,29.757915,-16.377262,-26.823095
2875,99.841011,29.757891,-15.377393,-26.827272
2876,99.851349,29.757864,-14.377523,-26.831570
2877,99.861687,29.757835,-13.377654,-26.835993
2878,99.872032,29.757807,-12.377046,-26.840322
2879,99.882370,29.757778,-11.377174,-26.844563
2880,99.892708,29.757748,-10.377303,-26.848925
2881,99.903046,29.757717,-9.377431,-26.853197
2882,99.913383,29.757685,-8.377559,-26.857590
2883,99.923721,29.757652,-7.377685,-26.861893
2884,99.934059,29.757620,-6.377811,-26.866106
2885,99.944405,29.757586,-5.377198,-26.870441
2886,99.954742,29.757549,-4.377323,-26.874897
2887,99.965080,29.757515,-3.377447,-26.879051
2888,99.975418,29.757479,-2.377570,-26.883327
2889,99.985756,29.757441,-1.377692,-26.887724
2890,99.996094,29.757402,-0.377814,-26.892033
2891,100.006439,29.757362,0.622803,-26.896461
2892,100.016777,29.757324,1.622683,-26.900589
2893,100.027115,29.757282,2.622563,-26.905048
2894,100.037453,29.757242,3.622445,-26.909208
2895,100.047791,29.757200,4.622327,-26.913488
2896,100.058128,29.757156,5.622211,-26.917891
2897,100.068466,29.757113,6.622095,-26.922203
2898,100.078812,29.757069,7.622717,-26.926424
2899,100.089149,29.757023,8.622603,-26.930767
2900,100.099487,29.756977,9.622490,-26.935020
2901,100.109825,29.756929,10.622378,-26.939394
2902,100.120163,29.756882,11.622266,-26.943680
2903,100.130501,29.756832,12.622156,-26.948086
2904,100.140839,29.756784,13.622046,-26.952192
2905,100.151184,29.756733,14.622676,-26.956627
2906,100.161522,29.756681,15.622568,-26.960974
2907,100.171860,29.756630,16.622461,-26.965233
2908,100.182198,29.756578,17.622356,-26.969400
2909,100.192535,29.756525,18.622252,-26.973690
2910,100.202873,29.756470,19.622149,-26.978100
2911,100.213211,29.756414,20.622047,-26.982420
2912,100.223549,29.756359,21.621944,-26.986650
2913,100.233894,29.756302,22.622583,-26.991001
2914,100.244232,29.756245,23.622484,-26.995264
2915,100.254570,29.756187,24.622387,-26.999435
2916,100.264908,29.756128,25.622290,-27.003729
2917,100.275246,29.756067,26.622196,-27.008142
2918,100.285583,29.756008,27.622099,-27.012257
2919,100.295921,29.755945,28.622007,-27.016703
2920,100.306259,29.755884,29.621916,-27.020847
2921,100.316597,29.755821,30.621824,-27.025114
2922,100.326942,29.755756,31.622475,-27.029499
2923,100.337280,29.755692,32.622387,-27.033796
2924,100.347618,29.755627,33.622299,-27.038006
2925,100.357956,29.755560,34.622215,-27.042334
2926,100.368294,29.755493,35.622128,-27.046574
2927,100.378632,29.755424,36.622047,-27.050934
2928,100.388969,29.755356,37.621964,-27.055204
2929,100.399307,29.755287,38.621887,-27.059385
2930,100.409645,29.755217,39.621807,-27.063688
2931,100.419983,29.755146,40.621731,-27.067900
2932,100.430328,29.755074,41.622395,-27.072231
2933,100.440666,29.755001,42.622318,-27.076475
2934,100.451004,29.754927,43.622246,-27.080839
2935,100.461342,29.754852,44.622177,-27.085114
2936,100.471680,29.754778,45.622105,-27.089298
2937,100.482018,29.754702,46.622036,-27.093605
2938,100.492355,29.754625,47.621967,-27.097822
2939,100.502693,29.754547,48.621902,-27.102160
2940,99.499817,29.767349,-48.372959,-25.684124
2941,99.510162,29.767349,-47.372452,-25.688435
2942,99.520500,29.767347,-46.372681,-25.692865
2943,99.530838,29.767345,-45.372910,-25.697206
2944,99.541183,29.767342,-44.372402,-25.701670
2945,99.551521,29.767340,-43.372631,-25.705830
2946,99.561859,29.767334,-42.372864,-25.710323
2947,99.572197,29.767328,-41.373089,-25.714727
2948,99.582542,29.767323,-40.372581,-25.719044
2949,99.592880,29.767317,-39.372814,-25.723265
2950,99.603218,29.767309,-38.373039,-25.727610
2951,99.613564,29.767300,-37.372532,-25.732079
2952,99.623901,29.767292,-36.372757,-25.736242
2953,99.634239,29.767281,-35.372990,-25.740740
2954,99.644577,29.767271,-34.373215,-25.744936
2955,99.654922,29.767258,-33.372707,-25.749466
2956,99.665260,29.767246,-32.372932,-25.753693
2957,99.675598,29.767233,-31.373159,-25.758043
2958,99.685944,29.767220,-30.372648,-25.762302
2959,99.696281,29.767204,-29.372877,-25.766684
2960,99.706619,29.767189,-28.373104,-25.770973
2961,99.716965,29.767172,-27.372591,-25.775387
2962,99.727303,29.767155,-26.372816,-25.779709
2963,99.737640,29.767136,-25.373043,-25.784151
2964,99.747978,29.767118,-24.373268,-25.788294
2965,99.758324,29.767097,-23.372753,-25.792770
2966,99.768661,29.767078,-22.372978,-25.796942
2967,99.778999,29.767056,-21.373203,-25.801447
2968,99.789345,29.767035,-20.372688,-25.805653
2969,99.799683,29.767012,-19.372911,-25.809978
2970,99.810020,29.766987,-18.373135,-25.814426
2971,99.820358,29.766962,-17.373356,-25.818783
2972,99.830704,29.766937,-16.372839,-25.823051
2973,99.841042,29.766912,-15.373060,-25.827229
2974,99.851379,29.766884,-14.373281,-25.831738
2975,99.861725,29.766857,-13.372764,-25.835947
2976,99.872063,29.766829,-12.372982,-25.840277
2977,99.882401,29.766800,-11.373201,-25.844517
2978,99.892738,29.766769,-10.373420,-25.848879
2979,99.903084,29.766739,-9.372899,-25.853153
2980,99.913422,29.766706,-8.373117,-25.857546
2981,99.923759,29.766674,-7.373333,-25.861847
2982,99.934105,29.766640,-6.372811,-25.866272
2983,99.944443,29.766605,-5.373026,-25.870605
2984,99.954781,29.766571,-4.373241,-25.874849
2985,99.965118,29.766535,-3.373454,-25.879217
2986,99.975464,29.766499,-2.372929,-25.883492
2987,99.985802,29.766462,-1.373142,-25.887678
2988,99.996140,29.766424,-0.373353,-25.891985
2989,100.006477,29.766384,0.626436,-25.896414
2990,100.016823,29.766344,1.626964,-25.900751
2991,100.027161,29.766304,2.626755,-25.905001
2992,100.037498,29.766262,3.626547,-25.909370
2993,100.047844,29.766220,4.627077,-25.913651
2994,100.058182,29.766178,5.626871,-25.917839
2995,100.068520,29.766134,6.626665,-25.922152
2996,100.078857,29.766088,7.626460,-25.926584
2997,100.089203,29.766045,8.626994,-25.930716
2998,100.099541,29.765997,9.626791,-25.935179
2999,100.109879,29.765951,10.626589,-25.939342
3000,100.120216,29.765903,11.626388,-25.943626
3001,100.130562,29.765854,12.626925,-25.948030
3002,100.140900,29.765804,13.626725,-25.952347
3003,100.151237,29.765755,14.626528,-25.956572
3004,100.161575,29.765703,15.626330,-25.960920
3005,100.171921,29.765652,16.626871,-25.965176
3006,100.182259,29.765598,17.626678,-25.969555
3007,100.192596,29.765545,18.626482,-25.973845
3008,100.202934,29.765491,19.626289,-25.978041
3009,100.213280,29.765436,20.626837,-25.982359
3010,100.223618,29.765381,21.626644,-25.986589
3011,100.233955,29.765324,22.626455,-25.990942
3012,100.244293,29.765266,23.626266,-25.995203
3013,100.254639,29.765207,24.626816,-25.999584
3014,100.264977,29.765148,25.626631,-26.003878
3015,100.275314,29.765089,26.626446,-26.008080
3016,100.285652,29.765028,27.626263,-26.012403
3017,100.295998,29.764967,28.626816,-26.016636
3018,100.306335,29.764904,29.626635,-26.020992
3019,100.316673,29.764841,30.626455,-26.025257
3020,100.327011,29.764778,31.626276,-26.029434
3021,100.337357,29.764713,32.626835,-26.033728
3022,100.347694,29.764647,33.626659,-26.038147
3023,100.358032,29.764582,34.626484,-26.042263
3024,100.368370,29.764513,35.626312,-26.046713
3025,100.378708,29.764446,36.626137,-26.050861
3026,100.389053,29.764378,37.626701,-26.055128
3027,100.399391,29.764307,38.626534,-26.059521
3028,100.409729,29.764238,39.626366,-26.063612
3029,100.420067,29.764166,40.626198,-26.068033
3030,100.430405,29.764095,41.626034,-26.072157
3031,100.440750,29.764021,42.626610,-26.076607
3032,100.451088,29.763948,43.626446,-26.080759
3033,100.461426,29.763874,44.626286,-26.085033
3034,100.471764,29.763798,45.626125,-26.089430
3035,100.482101,29.763723,46.625965,-26.093523
3036,100.492447,29.763645,47.626549,-26.097948
3037,100.502785,29.763569,48.626392,-26.102074
3038,99.499817,29.776371,-48.368614,-24.684074
3039,99.510162,29.776369,-47.368195,-24.688597
3040,99.520500,29.776369,-46.368515,-24.692816
3041,99.530846,29.776367,-45.368099,-24.697161
3042,99.541183,29.776363,-44.368420,-24.701622
3043,99.551521,29.776360,-43.368740,-24.705992
3044,99.561867,29.776356,-42.368317,-24.710278
3045,99.572205,29.776350,-41.368637,-24.714680
3046,99.582550,29.776344,-40.368217,-24.718996
3047,99.592888,29.776339,-39.368534,-24.723219
3048,99.603233,29.776331,-38.368118,-24.727566
3049,99.613571,29.776321,-37.368439,-24.732031
3050,99.623909,29.776312,-36.368755,-24.736406
3051,99.634254,29.776302,-35.368336,-24.740696
3052,99.644592,29.776291,-34.368652,-24.745102
3053,99.654938,29.776279,-33.368229,-24.749422
3054,99.665276,29.776268,-32.368549,-24.753649
3055,99.675613,29.776255,-31.368868,-24.757998
3056,99.685959,29.776239,-30.368444,-24.762468
3057,99.696297,29.776226,-29.368761,-24.766638
3058,99.706642,29.776209,-28.368341,-24.771141
3059,99.716980,29.776194,-27.368656,-24.775341
3060,99.727325,29.776176,-26.368235,-24.779665
3061,99.737663,29.776157,-25.368551,-24.784107
3062,99.748001,29.776138,-24.368866,-24.788460
3063,99.758347,29.776119,-23.368441,-24.792725
3064,99.768684,29.776098,-22.368755,-24.797108
3065,99.779030,29.776077,-21.368332,-24.801405
3066,99.789368,29.776054,-20.368645,-24.805819
3067,99.799706,29.776031,-19.368959,-24.810144
3068,99.810051,29.776009,-18.368534,-24.814381
3069,99.820389,29.775984,-17.368843,-24.818739
3070,99.830734,29.775959,-16.368418,-24.823006
3071,99.841072,29.775932,-15.368729,-24.827394
3072,99.851410,29.775906,-14.369040,-24.831694
3073,99.861755,29.775879,-13.368611,-24.835903
3074,99.872093,29.775850,-12.368920,-24.840233
3075,99.882439,29.775820,-11.368491,-24.844683
3076,99.892776,29.775789,-10.368800,-24.849045
3077,99.903114,29.775759,-9.369106,-24.853317
3078,99.913460,29.775728,-8.368676,-24.857498
3079,99.923798,29.775696,-7.368982,-24.861801
3080,99.934143,29.775661,-6.368550,-24.866224
3081,99.944481,29.775627,-5.368855,-24.870558
3082,99.954819,29.775593,-4.369159,-24.874804
3083,99.965164,29.775557,-3.368725,-24.879168
3084,99.975502,29.775520,-2.369027,-24.883444
3085,99.985847,29.775482,-1.368591,-24.887840
3086,99.996185,29.775444,-0.368893,-24.892147
3087,100.006523,29.775406,0.630807,-24.896364
3088,100.016869,29.775366,1.631245,-24.900702
3089,100.027206,29.775326,2.630946,-24.904951
3090,100.037552,29.775284,3.631386,-24.909321
3091,100.047890,29.775242,4.631088,-24.913599
3092,100.058228,29.775198,5.630792,-24.917999
3093,100.068573,29.775154,6.631234,-24.922310
3094,100.078911,29.775110,7.630939,-24.926531
3095,100.089256,29.775064,8.631384,-24.930874
3096,100.099594,29.775019,9.631091,-24.935125
3097,100.109932,29.774971,10.630799,-24.939501
3098,100.120277,29.774923,11.631247,-24.943783
3099,100.130615,29.774876,12.630956,-24.947977
3100,100.140953,29.774826,13.630667,-24.952291
3101,100.151299,29.774775,14.631116,-24.956726
3102,100.161636,29.774725,15.630829,-24.960863
3103,100.171982,29.774673,16.631281,-24.965117
3104,100.182320,29.774620,17.630997,-24.969496
3105,100.192657,29.774567,18.630713,-24.973783
3106,100.203003,29.774511,19.631168,-24.978191
3107,100.213341,29.774458,20.630884,-24.982302
3108,100.223679,29.774401,21.630606,-24.986740
3109,100.234024,29.774345,22.631062,-24.990879
3110,100.244362,29.774286,23.630785,-24.995352
3111,100.254700,29.774229,24.630508,-24.999521
3112,100.265045,29.774170,25.630968,-25.003813
3113,100.275383,29.774111,26.630693,-25.008013
3114,100.285728,29.774050,27.631159,-25.012337
3115,100.296066,29.773987,28.630886,-25.016781
3116,100.306404,29.773926,29.630613,-25.020926
3117,100.316750,29.773863,30.631083,-25.025188
3118,100.327087,29.773798,31.630812,-25.029573
3119,100.337425,29.773733,32.630547,-25.033871
3120,100.347771,29.773668,33.631016,-25.038076
3121,100.358109,29.773602,34.630753,-25.042402
3122,100.368446,29.773535,35.630489,-25.046640
3123,100.378792,29.773466,36.630966,-25.050999
3124,100.389130,29.773397,37.630703,-25.055267
3125,100.399467,29.773329,38.630444,-25.059446
3126,100.409813,29.773258,39.630920,-25.063744
3127,100.420151,29.773188,40.630669,-25.067955
3128,100.430489,29.773115,41.630409,-25.072287
3129,100.440834,29.773043,42.630894,-25.076527
3130,100.451172,29.772968,43.630646,-25.080891
3131,100.461510,29.772894,44.630394,-25.085163
3132,100.471855,29.772820,45.630878,-25.089344
3133,100.482193,29.772743,46.630634,-25.093649
3134,100.492531,29.772667,47.630386,-25.097864
3135,100.502876,29.772589,48.630878,-25.102198
3136,99.499817,29.785391,-48.364269,-23.684235
3137,99.510162,29.785391,-47.363941,-23.688547
3138,99.520500,29.785389,-46.364353,-23.692976
3139,99.530846,29.785387,-45.364025,-23.697321
3140,99.541191,29.785385,-44.363693,-23.701574
3141,99.551529,29.785381,-43.364101,-23.705946
3142,99.561874,29.785378,-42.363773,-23.710228
3143,99.572212,29.785372,-41.364185,-23.714632
3144,99.582558,29.785366,-40.363853,-23.718946
3145,99.592896,29.785358,-39.364262,-23.723383
3146,99.603241,29.785351,-38.363934,-23.727728
3147,99.613579,29.785343,-37.364342,-23.731983
3148,99.623924,29.785334,-36.364010,-23.736361
3149,99.634262,29.785324,-35.364418,-23.740646
3150,99.644608,29.785313,-34.364090,-23.745056
3151,99.654945,29.785301,-33.364494,-23.749372
3152,99.665291,29.785288,-32.364166,-23.753815
3153,99.675629,29.785275,-31.364574,-23.758162
3154,99.685974,29.785261,-30.364243,-23.762423
3155,99.696320,29.785246,-29.363911,-23.766804
3156,99.706657,29.785231,-28.364317,-23.771093
3157,99.717003,29.785213,-27.363985,-23.775507
3158,99.727341,29.785196,-26.364391,-23.779829
3159,99.737686,29.785179,-25.364059,-23.784061
3160,99.748024,29.785160,-24.364464,-23.788414
3161,99.758369,29.785141,-23.364128,-23.792677
3162,99.768707,29.785120,-22.364532,-23.797062
3163,99.779053,29.785099,-21.364199,-23.801357
3164,99.789391,29.785076,-20.364601,-23.805771
3165,99.799736,29.785053,-19.364267,-23.810101
3166,99.810074,29.785030,-18.364670,-23.814335
3167,99.820419,29.785006,-17.364334,-23.818691
3168,99.830757,29.784981,-16.364735,-23.822960
3169,99.841103,29.784954,-15.364397,-23.827347
3170,99.851448,29.784927,-14.364059,-23.831646
3171,99.861786,29.784899,-13.364459,-23.836067
3172,99.872131,29.784870,-12.364121,-23.840397
3173,99.882469,29.784842,-11.364519,-23.844637
3174,99.892815,29.784811,-10.364180,-23.848997
3175,99.903152,29.784781,-9.364576,-23.853270
3176,99.913498,29.784748,-8.364235,-23.857662
3177,99.923836,29.784716,-7.364631,-23.861963
3178,99.934181,29.784683,-6.364289,-23.866177
3179,99.944519,29.784649,-5.364684,-23.870510
3180,99.954865,29.784613,-4.364340,-23.874966
3181,99.965202,29.784578,-3.364733,-23.879120
3182,99.975548,29.784542,-2.364388,-23.883394
3183,99.985886,29.784504,-1.364780,-23.887791
3184,99.996231,29.784466,-0.364433,-23.892097
3185,100.006569,29.784426,0.635176,-23.896526
3186,100.016914,29.784388,1.635525,-23.900650
3187,100.027252,29.784346,2.635136,-23.905109
3188,100.037598,29.784306,3.635486,-23.909267
3189,100.047935,29.784264,4.635098,-23.913548
3190,100.058281,29.784220,5.635450,-23.917948
3191,100.068619,29.784176,6.635065,-23.922258
3192,100.078964,29.784132,7.635418,-23.926477
3193,100.089302,29.784086,8.635035,-23.930820
3194,100.099648,29.784040,9.635389,-23.935070
3195,100.109985,29.783993,10.635008,-23.939444
3196,100.120331,29.783945,11.635365,-23.943727
3197,100.130669,29.783895,12.634985,-23.948132
3198,100.141014,29.783846,13.635344,-23.952446
3199,100.151352,29.783796,14.634966,-23.956671
3200,100.161697,29.783745,15.635327,-23.961016
3201,100.172035,29.783693,16.634951,-23.965271
3202,100.182381,29.783640,17.635315,-23.969646
3203,100.192719,29.783587,18.634939,-23.973936
3204,100.203064,29.783533,19.635305,-23.978130
3205,100.213402,29.783478,20.634933,-23.982449
3206,100.223747,29.783422,21.635302,-23.986677
3207,100.234085,29.783365,22.634932,-23.991028
3208,100.244431,29.783308,23.635302,-23.995287
3209,100.254768,29.783249,24.634933,-23.999668
3210,100.265114,29.783190,25.635307,-24.003960
3211,100.275452,29.783131,26.634941,-24.008160
3212,100.285797,29.783070,27.635317,-24.012480
3213,100.296135,29.783009,28.634953,-24.016714
3214,100.306480,29.782946,29.635330,-24.021067
3215,100.316818,29.782883,30.634972,-24.025330
3216,100.327164,29.782820,31.635349,-24.029505
3217,100.337502,29.782755,32.634991,-24.033798
3218,100.347847,29.782688,33.635376,-24.038216
3219,100.358185,29.782623,34.635021,-24.042330
3220,100.368530,29.782555,35.635403,-24.046776
3221,100.378868,29.782488,36.635052,-24.050924
3222,100.389206,29.782419,37.634701,-24.055191
3223,100.399551,29.782349,38.635090,-24.059580
3224,100.409889,29.782278,39.634743,-24.063879
3225,100.420235,29.782207,40.635132,-24.068087
3226,100.430573,29.782135,41.634789,-24.072418
3227,100.440918,29.782063,42.635181,-24.076656
3228,100.451256,29.781990,43.634838,-24.080809
3229,100.461601,29.781916,44.635235,-24.085077
3230,100.471939,29.781839,45.634899,-24.089472
3231,100.482285,29.781763,46.635296,-24.093773
3232,100.492622,29.781687,47.634960,-24.097986
3233,100.502960,29.781610,48.634624,-24.102112
3234,99.499817,29.794413,-48.359921,-22.684183
3235,99.510162,29.794413,-47.359684,-22.688494
3236,99.520508,29.794411,-46.359444,-22.692928
3237,99.530846,29.794409,-45.359947,-22.697268
3238,99.541191,29.794407,-44.359707,-22.701521
3239,99.551537,29.794403,-43.359470,-22.705894
3240,99.561874,29.794399,-42.359966,-22.710178
3241,99.572220,29.794394,-41.359726,-22.714582
3242,99.582565,29.794388,-40.359489,-22.718899
3243,99.592903,29.794380,-39.359989,-22.723331
3244,99.603249,29.794373,-38.359745,-22.727680
3245,99.613594,29.794365,-37.359509,-22.731936
3246,99.623932,29.794355,-36.360004,-22.736311
3247,99.634277,29.794346,-35.359764,-22.740599
3248,99.644623,29.794334,-34.359528,-22.745008
3249,99.654961,29.794323,-33.360023,-22.749327
3250,99.665306,29.794310,-32.359783,-22.753765
3251,99.675652,29.794296,-31.359541,-22.758116
3252,99.685989,29.794283,-30.360037,-22.762375
3253,99.696335,29.794268,-29.359797,-22.766756
3254,99.706680,29.794252,-28.359554,-22.771048
3255,99.717018,29.794235,-27.360050,-22.775459
3256,99.727364,29.794218,-26.359808,-22.779781
3257,99.737701,29.794201,-25.360302,-22.784012
3258,99.748047,29.794182,-24.360060,-22.788366
3259,99.758392,29.794161,-23.359816,-22.792841
3260,99.768730,29.794142,-22.360310,-22.797014
3261,99.779076,29.794121,-21.360065,-22.801308
3262,99.789421,29.794098,-20.359821,-22.805727
3263,99.799759,29.794075,-19.360315,-22.810051
3264,99.810104,29.794052,-18.360069,-22.814287
3265,99.820450,29.794027,-17.359821,-22.818645
3266,99.830788,29.794001,-16.360313,-22.823124
3267,99.841133,29.793976,-15.360065,-22.827301
3268,99.851479,29.793949,-14.359818,-22.831600
3269,99.861816,29.793921,-13.360308,-22.836018
3270,99.872162,29.793892,-12.360059,-22.840347
3271,99.882507,29.793863,-11.359810,-22.844587
3272,99.892845,29.793833,-10.360297,-22.848949
3273,99.903191,29.793802,-9.360047,-22.853218
3274,99.913536,29.793770,-8.359796,-22.857611
3275,99.923874,29.793737,-7.360281,-22.861914
3276,99.934219,29.793703,-6.360029,-22.866339
3277,99.944557,29.793671,-5.360513,-22.870459
3278,99.954903,29.793634,-4.360260,-22.874914
3279,99.965248,29.793598,-3.360005,-22.879280
3280,99.975586,29.793562,-2.360487,-22.883554
3281,99.985931,29.793526,-1.360231,-22.887739
3282,99.996277,29.793488,-0.359975,-22.892044
3283,100.006615,29.793447,0.639545,-22.896473
3284,100.016960,29.793407,1.639804,-22.900810
3285,100.027306,29.793367,2.640063,-22.905056
3286,100.037643,29.793325,3.639585,-22.909426
3287,100.047989,29.793283,4.639846,-22.913704
3288,100.058327,29.793242,5.639369,-22.917892
3289,100.068672,29.793198,6.639632,-22.922203
3290,100.079018,29.793152,7.639895,-22.926632
3291,100.089355,29.793106,8.639421,-22.930975
3292,100.099701,29.793060,9.639688,-22.935226
3293,100.110046,29.793015,10.639953,-22.939386
3294,100.120384,29.792965,11.639483,-22.943880
3295,100.130730,29.792917,12.639751,-22.948072
3296,100.141068,29.792868,13.639282,-22.952387
3297,100.151413,29.792818,14.639552,-22.956610
3298,100.161758,29.792767,15.639823,-22.960955
3299,100.172096,29.792715,16.639357,-22.965212
3300,100.182442,29.792662,17.639631,-22.969585
3301,100.192787,29.792608,18.639904,-22.973871
3302,100.203125,29.792555,19.639441,-22.978069
3303,100.213470,29.792500,20.639719,-22.982388
3304,100.223808,29.792442,21.639257,-22.986826
3305,100.234154,29.792387,22.639538,-22.990963
3306,100.244499,29.792330,23.639816,-22.995220
3307,100.254837,29.792271,24.639359,-22.999601
3308,100.265182,29.792212,25.639641,-23.003891
3309,100.275520,29.792152,26.639185,-23.008091
3310,100.285866,29.792091,27.639471,-23.012413
3311,100.296211,29.792030,28.639755,-23.016644
3312,100.306549,29.791967,29.639305,-23.020996
3313,100.316895,29.791904,30.639593,-23.025257
3314,100.327232,29.791840,31.639145,-23.029644
3315,100.337578,29.791775,32.639435,-23.033937
3316,100.347923,29.791710,33.639725,-23.038141
3317,100.358261,29.791643,34.639286,-23.042467
3318,100.368607,29.791576,35.639580,-23.046701
3319,100.378944,29.791508,36.639137,-23.051058
3320,100.389290,29.791439,37.639435,-23.055325
3321,100.399628,29.791370,38.638992,-23.059502
3322,100.409973,29.791300,39.639294,-23.063799
3323,100.420319,29.791229,40.639595,-23.068007
3324,100.430656,29.791157,41.639160,-23.072336
3325,100.441002,29.791084,42.639465,-23.076574
3326,100.451340,29.791010,43.639030,-23.080936
3327,100.461685,29.790936,44.639339,-23.085205
3328,100.472023,29.790861,45.638908,-23.089386
3329,100.482368,29.790785,46.639221,-23.093687
3330,100.492714,29.790709,47.639530,-23.097897
3331,100.503052,29.790630,48.639111,-23.102232
3332,99.499817,29.803434,-48.355576,-21.684130
3333,99.510162,29.803434,-47.355427,-21.688442
3334,99.520508,29.803432,-46.355278,-21.692875
3335,99.530853,29.803431,-45.355129,-21.697216
3336,99.541191,29.803427,-44.355721,-21.701679
3337,99.551537,29.803425,-43.355572,-21.705841
3338,99.561882,29.803419,-42.355423,-21.710339
3339,99.572227,29.803415,-41.355270,-21.714531
3340,99.582573,29.803408,-40.355122,-21.719059
3341,99.592911,29.803402,-39.355709,-21.723282
3342,99.603256,29.803394,-38.355564,-21.727629
3343,99.613602,29.803385,-37.355412,-21.732096
3344,99.623947,29.803377,-36.355263,-21.736261
3345,99.634285,29.803366,-35.355850,-21.740759
3346,99.644630,29.803356,-34.355698,-21.744957
3347,99.654976,29.803343,-33.355553,-21.749489
3348,99.665321,29.803331,-32.355400,-21.753717
3349,99.675667,29.803318,-31.355247,-21.758066
3350,99.686005,29.803305,-30.355833,-21.762323
3351,99.696350,29.803289,-29.355682,-21.766706
3352,99.706696,29.803274,-28.355530,-21.770998
3353,99.717041,29.803257,-27.355379,-21.775410
3354,99.727386,29.803240,-26.355227,-21.779732
3355,99.737724,29.803221,-25.355810,-21.784176
3356,99.748070,29.803204,-24.355658,-21.788319
3357,99.758415,29.803183,-23.355503,-21.792793
3358,99.768761,29.803162,-22.355350,-21.797178
3359,99.779099,29.803141,-21.355934,-21.801470
3360,99.789444,29.803120,-20.355778,-21.805676
3361,99.799789,29.803097,-19.355623,-21.810001
3362,99.810135,29.803072,-18.355467,-21.814449
3363,99.820473,29.803047,-17.356049,-21.818806
3364,99.830818,29.803022,-16.355892,-21.823074
3365,99.841164,29.802996,-15.355736,-21.827463
3366,99.851509,29.802969,-14.355577,-21.831760
3367,99.861855,29.802942,-13.355419,-21.835968
3368,99.872192,29.802914,-12.355997,-21.840298
3369,99.882538,29.802883,-11.355838,-21.844748
3370,99.892883,29.802855,-10.355678,-21.848898
3371,99.903229,29.802822,-9.355517,-21.853380
3372,99.913567,29.802792,-8.356093,-21.857561
3373,99.923912,29.802759,-7.355932,-21.861864
3374,99.934258,29.802725,-6.355769,-21.866287
3375,99.944603,29.802691,-5.355606,-21.870619
3376,99.954941,29.802656,-4.356180,-21.874863
3377,99.965286,29.802620,-3.356015,-21.879227
3378,99.975632,29.802584,-2.355850,-21.883501
3379,99.985977,29.802546,-1.355684,-21.887897
3380,99.996315,29.802507,-0.356254,-21.892202
3381,100.006660,29.802469,0.643913,-21.896418
3382,100.017006,29.802429,1.644082,-21.900755
3383,100.027351,29.802389,2.644251,-21.905003
3384,100.037689,29.802347,3.643683,-21.909370
3385,100.048035,29.802305,4.643854,-21.913649
3386,100.058380,29.802261,5.644026,-21.918049
3387,100.068726,29.802217,6.644199,-21.922358
3388,100.079063,29.802174,7.643634,-21.926577
3389,100.089409,29.802128,8.643808,-21.930918
3390,100.099754,29.802082,9.643985,-21.935167
3391,100.110100,29.802034,10.644160,-21.939539
3392,100.120438,29.801987,11.643600,-21.943823
3393,100.130783,29.801939,12.643777,-21.948013
3394,100.141129,29.801889,13.643957,-21.952326
3395,100.151474,29.801838,14.644136,-21.956760
3396,100.161812,29.801786,15.643581,-21.961105
3397,100.172157,29.801735,16.643763,-21.965359
3398,100.182503,29.801683,17.643946,-21.969524
3399,100.192848,29.801630,18.644129,-21.973808
3400,100.203186,29.801575,19.643578,-21.978216
3401,100.213531,29.801519,20.643764,-21.982533
3402,100.223877,29.801464,21.643951,-21.986759
3403,100.234222,29.801407,22.644140,-21.991108
3404,100.244560,29.801350,23.643591,-21.995365
3405,100.254906,29.801292,24.643784,-21.999533
3406,100.265251,29.801233,25.643974,-22.003822
3407,100.275589,29.801172,26.643431,-22.008234
3408,100.285934,29.801111,27.643625,-22.012554
3409,100.296280,29.801050,28.643820,-22.016783
3410,100.306625,29.800987,29.644018,-22.021135
3411,100.316963,29.800924,30.643478,-22.025398
3412,100.327309,29.800861,31.643679,-22.029570
3413,100.337654,29.800797,32.643879,-22.033861
3414,100.347992,29.800730,33.643345,-22.038277
3415,100.358337,29.800665,34.643547,-22.042391
3416,100.368683,29.800596,35.643749,-22.046837
3417,100.379028,29.800529,36.643955,-22.050978
3418,100.389366,29.800461,37.643425,-22.055246
3419,100.399712,29.800390,38.643639,-22.059631
3420,100.410057,29.800320,39.643845,-22.063929
3421,100.420395,29.800249,40.643322,-22.068136
3422,100.430740,29.800177,41.643532,-22.072462
3423,100.441086,29.800104,42.643745,-22.076702
3424,100.451424,29.800032,43.643223,-22.080853
3425,100.461769,29.799957,44.643440,-22.085119
3426,100.472115,29.799881,45.643661,-22.089508
3427,100.482460,29.799805,46.643879,-22.093809
3428,100.492798,29.799728,47.643364,-22.098021
3429,100.503143,29.799650,48.643589,-22.102352
3430,99.499817,29.812456,-48.351227,-20.684074
3431,99.510162,29.812454,-47.351170,-20.688597
3432,99.520508,29.812454,-46.351109,-20.692818
3433,99.530853,29.812452,-45.351051,-20.697163
3434,99.541199,29.812449,-44.350990,-20.701628
3435,99.551544,29.812445,-43.350933,-20.706001
3436,99.561890,29.812441,-42.350876,-20.710285
3437,99.572235,29.812435,-41.350815,-20.714691
3438,99.582581,29.812429,-40.350758,-20.719006
3439,99.592918,29.812424,-39.351433,-20.723228
3440,99.603264,29.812416,-38.351376,-20.727575
3441,99.613609,29.812407,-37.351315,-20.732042
3442,99.623955,29.812397,-36.351254,-20.736422
3443,99.634300,29.812387,-35.351196,-20.740709
3444,99.644646,29.812376,-34.351135,-20.745117
3445,99.654991,29.812365,-33.351074,-20.749437
3446,99.665337,29.812353,-32.351013,-20.753666
3447,99.675682,29.812340,-31.350954,-20.758015
3448,99.686028,29.812325,-30.350893,-20.762487
3449,99.696365,29.812311,-29.351568,-20.766657
3450,99.706711,29.812294,-28.351505,-20.771158
3451,99.717056,29.812279,-27.351444,-20.775360
3452,99.727402,29.812262,-26.351381,-20.779682
3453,99.737747,29.812243,-25.351318,-20.784124
3454,99.748093,29.812223,-24.351255,-20.788479
3455,99.758438,29.812204,-23.351191,-20.792742
3456,99.768784,29.812183,-22.351128,-20.797127
3457,99.779129,29.812162,-21.351063,-20.801422
3458,99.789474,29.812140,-20.350998,-20.805838
3459,99.799812,29.812117,-19.351669,-20.810162
3460,99.810158,29.812094,-18.351604,-20.814398
3461,99.820503,29.812069,-17.351540,-20.818756
3462,99.830849,29.812044,-16.351471,-20.823023
3463,99.841194,29.812017,-15.351404,-20.827412
3464,99.851540,29.811991,-14.351336,-20.831709
3465,99.861885,29.811962,-13.351268,-20.836128
3466,99.872231,29.811934,-12.351199,-20.840460
3467,99.882576,29.811905,-11.351130,-20.844698
3468,99.892914,29.811874,-10.351797,-20.849058
3469,99.903259,29.811844,-9.351727,-20.853329
3470,99.913605,29.811811,-8.351655,-20.857721
3471,99.923950,29.811779,-7.351583,-20.862022
3472,99.934296,29.811747,-6.351510,-20.866234
3473,99.944641,29.811712,-5.351437,-20.870567
3474,99.954987,29.811678,-4.351363,-20.874811
3475,99.965332,29.811642,-3.351288,-20.879173
3476,99.975677,29.811605,-2.351213,-20.883448
3477,99.986015,29.811567,-1.351874,-20.887844
3478,99.996361,29.811529,-0.351797,-20.892149
3479,100.006706,29.811489,0.648281,-20.896574
3480,100.017052,29.811451,1.648359,-20.900702
3481,100.027397,29.811409,2.648438,-20.905159
3482,100.037743,29.811369,3.648518,-20.909315
3483,100.048088,29.811325,4.648600,-20.913803
3484,100.058434,29.811283,5.648681,-20.917990
3485,100.068771,29.811239,6.648026,-20.922300
3486,100.079117,29.811193,7.648110,-20.926731
3487,100.089462,29.811150,8.648194,-20.930859
3488,100.099808,29.811102,9.648279,-20.935320
3489,100.110153,29.811056,10.648366,-20.939480
3490,100.120499,29.811008,11.648453,-20.943762
3491,100.130844,29.810959,12.648541,-20.948164
3492,100.141182,29.810909,13.647893,-20.952477
3493,100.151527,29.810860,14.647984,-20.956699
3494,100.161873,29.810808,15.648074,-20.961042
3495,100.172218,29.810757,16.648167,-20.965298
3496,100.182564,29.810703,17.648260,-20.969671
3497,100.192909,29.810650,18.648354,-20.973955
3498,100.203255,29.810596,19.648449,-20.978151
3499,100.213593,29.810541,20.647808,-20.982468
3500,100.223938,29.810486,21.647905,-20.986692
3501,100.234283,29.810429,22.648005,-20.991041
3502,100.244629,29.810371,23.648104,-20.995296
3503,100.254974,29.810312,24.648205,-20.999676
3504,100.265320,29.810253,25.648306,-21.003963
3505,100.275665,29.810194,26.648411,-21.008162
3506,100.286003,29.810133,27.647778,-21.012482
3507,100.296349,29.810072,28.647882,-21.016712
3508,100.306694,29.810009,29.647991,-21.021063
3509,100.317039,29.809946,30.648098,-21.025324
3510,100.327385,29.809881,31.648207,-21.029705
3511,100.337730,29.809816,32.648319,-21.033998
3512,100.348068,29.809752,33.647690,-21.038200
3513,100.358414,29.809685,34.647804,-21.042524
3514,100.368759,29.809618,35.647923,-21.046759
3515,100.379105,29.809549,36.648041,-21.051111
3516,100.389450,29.809481,37.648155,-21.055374
3517,100.399796,29.809412,38.648273,-21.059549
3518,100.410133,29.809341,39.647655,-21.063848
3519,100.420479,29.809269,40.647778,-21.068264
3520,100.430824,29.809198,41.647900,-21.072378
3521,100.441170,29.809126,42.648022,-21.076614
3522,100.451515,29.809052,43.648151,-21.080973
3523,100.461853,29.808977,44.647537,-21.085243
3524,100.472198,29.808903,45.647667,-21.089420
3525,100.482544,29.808826,46.647800,-21.093719
3526,100.492889,29.808748,47.647934,-21.098141
3527,100.503235,29.808672,48.648067,-21.102259
3528,99.499817,29.821476,-48.346878,-19.684229
3529,99.510162,29.821476,-47.346909,-19.688541
3530,99.520508,29.821474,-46.346943,-19.692974
3531,99.530853,29.821472,-45.346973,-19.697319
3532,99.541199,29.821470,-44.347004,-19.701571
3533,99.551544,29.821466,-43.347034,-19.705946
3534,99.561890,29.821463,-42.347065,-19.710228
3535,99.572243,29.821457,-41.346359,-19.714636
3536,99.582588,29.821451,-40.346390,-19.718952
3537,99.592934,29.821444,-39.346420,-19.723389
3538,99.603279,29.821436,-38.346451,-19.727736
3539,99.613625,29.821428,-37.346481,-19.731993
3540,99.623970,29.821419,-36.346512,-19.736370
3541,99.634315,29.821409,-35.346539,-19.740658
3542,99.644661,29.821398,-34.346569,-19.745066
3543,99.655006,29.821386,-33.346603,-19.749384
3544,99.665352,29.821373,-32.346630,-19.753826
3545,99.675697,29.821360,-31.346659,-19.758175
3546,99.686043,29.821346,-30.346687,-19.762436
3547,99.696388,29.821331,-29.346714,-19.766817
3548,99.706734,29.821316,-28.346745,-19.771107
3549,99.717079,29.821299,-27.346771,-19.775520
3550,99.727425,29.821281,-26.346798,-19.779842
3551,99.737770,29.821264,-25.346827,-19.784075
3552,99.748116,29.821245,-24.346851,-19.788427
3553,99.758461,29.821226,-23.346878,-19.792692
3554,99.768806,29.821205,-22.346905,-19.797075
3555,99.779152,29.821184,-21.346930,-19.801371
3556,99.789497,29.821161,-20.346954,-19.805784
3557,99.799843,29.821138,-19.346981,-19.810112
3558,99.810188,29.821115,-18.347004,-19.814348
3559,99.820534,29.821091,-17.347027,-19.818705
3560,99.830879,29.821064,-16.347052,-19.823181
3561,99.841225,29.821039,-15.347074,-19.827360
3562,99.851570,29.821012,-14.347095,-19.831656
3563,99.861916,29.820984,-13.347117,-19.836077
3564,99.872261,29.820955,-12.347138,-19.840406
3565,99.882607,29.820927,-11.347158,-19.844645
3566,99.892952,29.820896,-10.347178,-19.849007
3567,99.903297,29.820866,-9.347198,-19.853275
3568,99.913643,29.820833,-8.347217,-19.857666
3569,99.923988,29.820801,-7.347234,-19.861969
3570,99.934334,29.820766,-6.347252,-19.866390
3571,99.944679,29.820734,-5.347268,-19.870512
3572,99.955025,29.820698,-4.347284,-19.874968
3573,99.965370,29.820662,-3.347300,-19.879330
3574,99.975716,29.820625,-2.347314,-19.883604
3575,99.986061,29.820589,-1.347328,-19.887787
3576,99.996407,29.820551,-0.347341,-19.892092
3577,100.006752,29.820511,0.652647,-19.896519
3578,100.017097,29.820471,1.652635,-19.900856
3579,100.027443,29.820431,2.652625,-19.905102
3580,100.037788,29.820389,3.652615,-19.909470
3581,100.048134,29.820347,4.652606,-19.913746
3582,100.058479,29.820303,5.652597,-19.918144
3583,100.068825,29.820261,6.652590,-19.922239
3584,100.079170,29.820215,7.652584,-19.926670
3585,100.089516,29.820169,8.652579,-19.931009
3586,100.099861,29.820124,9.652575,-19.935259
3587,100.110207,29.820076,10.652571,-19.939631
3588,100.120552,29.820028,11.652567,-19.943913
3589,100.130898,29.819981,12.652565,-19.948101
3590,100.141243,29.819931,13.652565,-19.952414
3591,100.151588,29.819880,14.652565,-19.956848
3592,100.161934,29.819830,15.652566,-19.960979
3593,100.172279,29.819777,16.652569,-19.965443
3594,100.182625,29.819725,17.652573,-19.969606
3595,100.192970,29.819672,18.652576,-19.973890
3596,100.203316,29.819616,19.652582,-19.978294
3597,100.213661,29.819561,20.652588,-19.982611
3598,100.224007,29.819506,21.652596,-19.986835
3599,100.234352,29.819448,22.652605,-19.991182
3600,100.244698,29.819391,23.652615,-19.995440
3601,100.255043,29.819334,24.652624,-19.999605
3602,100.265388,29.819275,25.652637,-20.003893
3603,100.275734,29.819214,26.652651,-20.008301
3604,100.286079,29.819153,27.652666,-20.012621
3605,100.296425,29.819092,28.652681,-20.016850
3606,100.306770,29.819029,29.652699,-20.021198
3607,100.317108,29.818966,30.651979,-20.025461
3608,100.327454,29.818903,31.651999,-20.029631
3609,100.337799,29.818838,32.652020,-20.033922
3610,100.348145,29.818771,33.652042,-20.038334
3611,100.358490,29.818707,34.652065,-20.042446
3612,100.368835,29.818638,35.652088,-20.046888
3613,100.379181,29.818571,36.652119,-20.051031
3614,100.389526,29.818502,37.652145,-20.055294
3615,100.399872,29.818432,38.652172,-20.059679
3616,100.410217,29.818361,39.652203,-20.063972
3617,100.420563,29.818291,40.652233,-20.068178
3618,100.430908,29.818218,41.652267,-20.072504
3619,100.441254,29.818146,42.652302,-20.076740
3620,100.451599,29.818071,43.652340,-20.081097
3621,100.461945,29.817997,44.652374,-20.085363
3622,100.472290,29.817923,45.652412,-20.089540
3623,100.482635,29.817846,46.652454,-20.093838
3624,100.492973,29.817770,47.651756,-20.098049
3625,100.503319,29.817692,48.651802,-20.102379
3626,99.499817,29.830498,-48.342525,-18.684172
3627,99.510162,29.830498,-47.342648,-18.688482
3628,99.520515,29.830496,-46.342033,-18.692921
3629,99.530861,29.830494,-45.342155,-18.697264
3630,99.541206,29.830492,-44.342278,-18.701515
3631,99.551552,29.830488,-43.342400,-18.705891
3632,99.561897,29.830482,-42.342518,-18.710384
3633,99.572243,29.830479,-41.342640,-18.714581
3634,99.582588,29.830473,-40.342758,-18.718895
3635,99.592941,29.830465,-39.342144,-18.723333
3636,99.603287,29.830458,-38.342262,-18.727680
3637,99.613632,29.830450,-37.342384,-18.731937
3638,99.623978,29.830441,-36.342503,-18.736315
3639,99.634323,29.830429,-35.342625,-18.740814
3640,99.644669,29.830420,-34.342743,-18.745012
3641,99.655022,29.830408,-33.342125,-18.749332
3642,99.665367,29.830395,-32.342243,-18.753771
3643,99.675713,29.830381,-31.342363,-18.758121
3644,99.686058,29.830368,-30.342482,-18.762381
3645,99.696404,29.830353,-29.342600,-18.766762
3646,99.706749,29.830338,-28.342718,-18.771053
3647,99.717094,29.830320,-27.342836,-18.775465
3648,99.727448,29.830303,-26.342216,-18.779789
3649,99.737793,29.830286,-25.342335,-18.784021
3650,99.748138,29.830267,-24.342449,-18.788376
3651,99.758484,29.830246,-23.342566,-18.792850
3652,99.768829,29.830227,-22.342682,-18.797024
3653,99.779175,29.830204,-21.342796,-18.801527
3654,99.789520,29.830183,-20.342913,-18.805733
3655,99.799866,29.830160,-19.343027,-18.810059
3656,99.810219,29.830135,-18.342403,-18.814507
3657,99.820564,29.830111,-17.342518,-18.818863
3658,99.830910,29.830086,-16.342630,-18.823130
3659,99.841255,29.830059,-15.342743,-18.827518
3660,99.851601,29.830032,-14.342855,-18.831814
3661,99.861946,29.830006,-13.342967,-18.836021
3662,99.872292,29.829977,-12.343078,-18.840351
3663,99.882645,29.829947,-11.342451,-18.844803
3664,99.892990,29.829918,-10.342561,-18.848951
3665,99.903336,29.829885,-9.342669,-18.853432
3666,99.913681,29.829855,-8.342778,-18.857611
3667,99.924026,29.829823,-7.342886,-18.861914
3668,99.934372,29.829788,-6.342994,-18.866337
3669,99.944717,29.829754,-5.343101,-18.870668
3670,99.955063,29.829720,-4.343206,-18.874910
3671,99.965416,29.829683,-3.342574,-18.879274
3672,99.975761,29.829647,-2.342679,-18.883547
3673,99.986107,29.829609,-1.342782,-18.887941
3674,99.996452,29.829571,-0.342885,-18.892246
3675,100.006798,29.829533,0.657013,-18.896461
3676,100.017143,29.829493,1.656911,-18.900797
3677,100.027489,29.829453,2.656811,-18.905043
3678,100.037834,29.829411,3.656711,-18.909410
3679,100.048187,29.829369,4.657349,-18.913685
3680,100.058533,29.829325,5.657251,-18.918083
3681,100.068878,29.829281,6.657154,-18.922392
3682,100.079224,29.829237,7.657058,-18.926609
3683,100.089569,29.829191,8.656961,-18.930950
3684,100.099915,29.829145,9.656867,-18.935198
3685,100.110260,29.829098,10.656774,-18.939568
3686,100.120605,29.829050,11.656681,-18.943848
3687,100.130951,29.829000,12.656590,-18.948250
3688,100.141304,29.828951,13.657236,-18.952560
3689,100.151649,29.828901,14.657146,-18.956781
3690,100.161995,29.828850,15.657058,-18.961124
3691,100.172340,29.828798,16.656971,-18.965378
3692,100.182686,29.828745,17.656883,-18.969749
3693,100.193031,29.828691,18.656797,-18.974033
3694,100.203377,29.828638,19.656713,-18.978226
3695,100.213722,29.828583,20.656630,-18.982542
3696,100.224068,29.828527,21.656548,-18.986767
3697,100.234413,29.828470,22.656467,-18.991114
3698,100.244759,29.828413,23.656387,-18.995369
3699,100.255112,29.828354,24.657045,-18.999744
3700,100.265457,29.828295,25.656967,-19.004032
3701,100.275803,29.828236,26.656891,-19.008228
3702,100.286148,29.828175,27.656815,-19.012547
3703,100.296494,29.828114,28.656740,-19.016775
3704,100.306839,29.828051,29.656668,-19.021124
3705,100.317184,29.827988,30.656595,-19.025383
3706,100.327530,29.827923,31.656525,-19.029764
3707,100.337875,29.827858,32.656456,-19.034054
3708,100.348221,29.827793,33.656387,-19.038254
3709,100.358566,29.827726,34.656319,-19.042576
3710,100.368912,29.827660,35.656258,-19.046808
3711,100.379265,29.827591,36.656929,-19.051159
3712,100.389610,29.827522,37.656868,-19.055420
3713,100.399956,29.827454,38.656803,-19.059593
3714,100.410301,29.827383,39.656746,-19.063887
3715,100.420647,29.827311,40.656689,-19.068302
3716,100.430992,29.827240,41.656631,-19.072416
3717,100.441338,29.827166,42.656578,-19.076862
3718,100.451683,29.827093,43.656525,-19.081007
3719,100.462029,29.827019,44.656467,-19.085274
3720,100.472374,29.826942,45.656418,-19.089661
3721,100.482719,29.826866,46.656372,-19.093960
3722,100.493065,29.826790,47.656319,-19.098166
3723,100.503410,29.826712,48.656277,-19.102493
3724,99.499817,29.839520,-48.338181,-17.684111
3725,99.510170,29.839520,-47.337654,-17.688427
3726,99.520515,29.839518,-46.337864,-17.692862
3727,99.530861,29.839516,-45.338074,-17.697203
3728,99.541206,29.839512,-44.338284,-17.701668
3729,99.551559,29.839508,-43.337761,-17.706045
3730,99.561905,29.839504,-42.337967,-17.710331
3731,99.572250,29.839499,-41.338181,-17.714735
3732,99.582596,29.839493,-40.338390,-17.719051
3733,99.592949,29.839487,-39.337864,-17.723278
3734,99.603294,29.839479,-38.338074,-17.727625
3735,99.613640,29.839470,-37.338284,-17.732092
3736,99.623993,29.839460,-36.337757,-17.736473
3737,99.634338,29.839451,-35.337967,-17.740759
3738,99.644684,29.839439,-34.338181,-17.745169
3739,99.655029,29.839428,-33.338387,-17.749487
3740,99.665382,29.839417,-32.337860,-17.753717
3741,99.675728,29.839403,-31.338068,-17.758066
3742,99.686073,29.839388,-30.338278,-17.762537
3743,99.696419,29.839375,-29.338484,-17.766706
3744,99.706772,29.839357,-28.337957,-17.771212
3745,99.717117,29.839342,-27.338163,-17.775412
3746,99.727463,29.839325,-26.338371,-17.779734
3747,99.737808,29.839306,-25.338577,-17.784178
3748,99.748161,29.839287,-24.338047,-17.788530
3749,99.758507,29.839268,-23.338253,-17.792795
3750,99.768852,29.839247,-22.338459,-17.797180
3751,99.779198,29.839226,-21.338667,-17.801472
3752,99.789551,29.839203,-20.338133,-17.805891
3753,99.799896,29.839180,-19.338337,-17.810215
3754,99.810242,29.839157,-18.338541,-17.814451
3755,99.820595,29.839132,-17.338007,-17.818810
3756,99.830940,29.839108,-16.338211,-17.823074
3757,99.841286,29.839081,-15.338413,-17.827463
3758,99.851631,29.839054,-14.338615,-17.831760
3759,99.861984,29.839025,-13.338080,-17.836180
3760,99.872330,29.838997,-12.338281,-17.840508
3761,99.882675,29.838968,-11.338482,-17.844746
3762,99.893021,29.838938,-10.338680,-17.849106
3763,99.903374,29.838907,-9.338142,-17.853376
3764,99.913719,29.838875,-8.338341,-17.857767
3765,99.924065,29.838842,-7.338539,-17.862068
3766,99.934410,29.838810,-6.338737,-17.866280
3767,99.944763,29.838776,-5.338196,-17.870611
3768,99.955109,29.838739,-4.338392,-17.875065
3769,99.965454,29.838705,-3.338587,-17.879217
3770,99.975800,29.838667,-2.338781,-17.883701
3771,99.986153,29.838631,-1.338237,-17.887882
3772,99.996498,29.838593,-0.338430,-17.892187
3773,100.006844,29.838552,0.661377,-17.896614
3774,100.017189,29.838512,1.661186,-17.900949
3775,100.027534,29.838472,2.660995,-17.905193
3776,100.037888,29.838430,3.661543,-17.909561
3777,100.048233,29.838388,4.661354,-17.913836
3778,100.058578,29.838346,5.661166,-17.918024
3779,100.068924,29.838303,6.660978,-17.922331
3780,100.079277,29.838257,7.661530,-17.926758
3781,100.089622,29.838211,8.661345,-17.931097
3782,100.099968,29.838165,9.661160,-17.935347
3783,100.110313,29.838120,10.660975,-17.939505
3784,100.120667,29.838070,11.661531,-17.943995
3785,100.131012,29.838022,12.661348,-17.948183
3786,100.141357,29.837973,13.661168,-17.952496
3787,100.151703,29.837923,14.660988,-17.956717
3788,100.162048,29.837872,15.660810,-17.961058
3789,100.172401,29.837820,16.661369,-17.965309
3790,100.182747,29.837767,17.661194,-17.969681
3791,100.193092,29.837713,18.661018,-17.973965
3792,100.203438,29.837658,19.660843,-17.978369
3793,100.213791,29.837603,20.661406,-17.982681
3794,100.224136,29.837547,21.661234,-17.986906
3795,100.234482,29.837490,22.661062,-17.991253
3796,100.244827,29.837433,23.660892,-17.995508
3797,100.255173,29.837376,24.660725,-17.999672
3798,100.265526,29.837317,25.661293,-18.003958
3799,100.275871,29.837255,26.661127,-18.008366
3800,100.286217,29.837194,27.660963,-18.012682
3801,100.296562,29.837133,28.660799,-18.016911
3802,100.306908,29.837070,29.660635,-18.021259
3803,100.317261,29.837008,30.661211,-18.025517
3804,100.327606,29.836945,31.661051,-18.029684
3805,100.337952,29.836880,32.660892,-18.033974
3806,100.348297,29.836813,33.660736,-18.038385
3807,100.358643,29.836748,34.660580,-18.042494
3808,100.368996,29.836679,35.661160,-18.046934
3809,100.379341,29.836613,36.661003,-18.051077
3810,100.389687,29.836544,37.660851,-18.055338
3811,100.400032,29.836473,38.660702,-18.059721
3812,100.410378,29.836403,39.660549,-18.064014
3813,100.420731,29.836332,40.661140,-18.068214
3814,100.431076,29.836260,41.660995,-18.072538
3815,100.441422,29.836187,42.660847,-18.076773
3816,100.451767,29.836113,43.660706,-18.081129
3817,100.462112,29.836039,44.660561,-18.085394
3818,100.472458,29.835964,45.660423,-18.089569
3819,100.482811,29.835888,46.661018,-18.093863
3820,100.493156,29.835812,47.660881,-18.098068
3821,100.503502,29.835733,48.660748,-18.102396
3822,99.499817,29.848539,-48.333828,-16.684263
3823,99.510170,29.848539,-47.333389,-16.688578
3824,99.520515,29.848539,-46.333691,-16.692801
3825,99.530861,29.848537,-45.333992,-16.697142
3826,99.541214,29.848534,-44.333557,-16.701611
3827,99.551559,29.848530,-43.333858,-16.705984
3828,99.561913,29.848526,-42.333424,-16.710272
3829,99.572258,29.848520,-41.333721,-16.714678
3830,99.582603,29.848515,-40.334023,-16.718992
3831,99.592957,29.848507,-39.333588,-16.723433
3832,99.603302,29.848499,-38.333885,-16.727777
3833,99.613655,29.848492,-37.333450,-16.732037
3834,99.624001,29.848482,-36.333752,-16.736414
3835,99.634346,29.848473,-35.334049,-16.740702
3836,99.644699,29.848461,-34.333614,-16.745111
3837,99.655045,29.848450,-33.333912,-16.749430
3838,99.665398,29.848438,-32.333473,-16.753662
3839,99.675743,29.848425,-31.333773,-16.758011
3840,99.686089,29.848410,-30.334072,-16.762482
3841,99.696442,29.848394,-29.333633,-16.766865
3842,99.706787,29.848379,-28.333931,-16.771154
3843,99.717133,29.848364,-27.334229,-16.775356
3844,99.727486,29.848345,-26.333790,-16.779890
3845,99.737831,29.848328,-25.334085,-16.784122
3846,99.748184,29.848309,-24.333645,-16.788477
3847,99.758530,29.848289,-23.333941,-16.792740
3848,99.768875,29.848269,-22.334236,-16.797123
3849,99.779228,29.848248,-21.333796,-16.801418
3850,99.789574,29.848225,-20.334089,-16.805834
3851,99.799927,29.848202,-19.333649,-16.810160
3852,99.810272,29.848179,-18.333941,-16.814394
3853,99.820618,29.848154,-17.334234,-16.818752
3854,99.830971,29.848129,-16.333792,-16.823019
3855,99.841316,29.848103,-15.334084,-16.827406
3856,99.851662,29.848076,-14.334376,-16.831703
3857,99.862015,29.848047,-13.333930,-16.836123
3858,99.872360,29.848019,-12.334221,-16.840450
3859,99.882713,29.847990,-11.333775,-16.844690
3860,99.893059,29.847960,-10.334064,-16.849049
3861,99.903404,29.847929,-9.334353,-16.853319
3862,99.913757,29.847897,-8.333904,-16.857712
3863,99.924103,29.847864,-7.334192,-16.862009
3864,99.934448,29.847830,-6.334479,-16.866432
3865,99.944801,29.847795,-5.334029,-16.870764
3866,99.955147,29.847761,-4.334315,-16.875006
3867,99.965492,29.847725,-3.334600,-16.879370
3868,99.975845,29.847689,-2.334147,-16.883640
3869,99.986191,29.847652,-1.334431,-16.887825
3870,99.996544,29.847612,-0.333976,-16.892340
3871,100.006889,29.847574,0.665741,-16.896553
3872,100.017235,29.847534,1.665460,-16.900888
3873,100.027588,29.847494,2.665917,-16.905132
3874,100.037933,29.847452,3.665637,-16.909498
3875,100.048279,29.847410,4.665358,-16.913774
3876,100.058632,29.847366,5.665817,-16.918171
3877,100.068977,29.847322,6.665540,-16.922478
3878,100.079323,29.847279,7.665264,-16.926695
3879,100.089676,29.847233,8.665726,-16.931034
3880,100.100021,29.847187,9.665451,-16.935282
3881,100.110374,29.847139,10.665915,-16.939650
3882,100.120720,29.847092,11.665642,-16.943930
3883,100.131065,29.847042,12.665370,-16.948330
3884,100.141418,29.846994,13.665837,-16.952427
3885,100.151764,29.846943,14.665567,-16.956860
3886,100.162109,29.846891,15.665298,-16.961201
3887,100.172462,29.846840,16.665768,-16.965450
3888,100.182808,29.846786,17.665503,-16.969824
3889,100.193153,29.846733,18.665236,-16.974108
3890,100.203506,29.846680,19.665709,-16.978296
3891,100.213852,29.846624,20.665445,-16.982611
3892,100.224197,29.846569,21.665184,-16.986835
3893,100.234550,29.846512,22.665659,-16.991179
3894,100.244896,29.846455,23.665398,-16.995434
3895,100.255241,29.846395,24.665140,-16.999809
3896,100.265594,29.846336,25.665619,-17.004093
3897,100.275940,29.846277,26.665363,-17.008289
3898,100.286285,29.846216,27.665108,-17.012606
3899,100.296638,29.846155,28.665590,-17.016830
3900,100.306984,29.846092,29.665339,-17.021179
3901,100.317329,29.846029,30.665087,-17.025438
3902,100.327682,29.845964,31.665575,-17.029814
3903,100.338028,29.845900,32.665325,-17.034103
3904,100.348373,29.845835,33.665077,-17.038303
3905,100.358727,29.845768,34.665565,-17.042622
3906,100.369072,29.845701,35.665321,-17.046852
3907,100.379417,29.845633,36.665077,-17.051203
3908,100.389763,29.845564,37.664837,-17.055464
3909,100.400116,29.845493,38.665333,-17.059843
3910,100.410461,29.845425,39.665092,-17.063927
3911,100.420807,29.845352,40.664856,-17.068338
3912,100.431160,29.845280,41.665356,-17.072660
3913,100.441505,29.845207,42.665123,-17.076893
3914,100.451851,29.845135,43.664886,-17.081038
3915,100.462204,29.845060,44.665390,-17.085299
3916,100.472549,29.844984,45.665161,-17.089684
3917,100.482895,29.844908,46.664928,-17.093981
3918,100.493240,29.844831,47.664703,-17.098186
3919,100.503593,29.844753,48.665215,-17.102510
3920,99.499817,29.857561,-48.329475,-15.684201
3921,99.510170,29.857561,-47.329128,-15.688517
3922,99.520515,29.857559,-46.329521,-15.692950
3923,99.530869,29.857557,-45.329174,-15.697296
3924,99.541214,29.857555,-44.329567,-15.701549
3925,99.551567,29.857552,-43.329220,-15.705926
3926,99.561913,29.857548,-42.329609,-15.710210
3927,99.572266,29.857542,-41.329266,-15.714618
3928,99.582611,29.857536,-40.329655,-15.718934
3929,99.592964,29.857529,-39.329308,-15.723372
3930,99.603310,29.857521,-38.329700,-15.727718
3931,99.613663,29.857513,-37.329353,-15.731977
3932,99.624008,29.857504,-36.329742,-15.736355
3933,99.634361,29.857494,-35.329395,-15.740644
3934,99.644707,29.857483,-34.329784,-15.745052
3935,99.655060,29.857471,-33.329437,-15.749373
3936,99.665405,29.857458,-32.329826,-15.753814
3937,99.675758,29.857445,-31.329477,-15.758165
3938,99.686104,29.857431,-30.329865,-15.762424
3939,99.696457,29.857416,-29.329517,-15.766807
3940,99.706810,29.857401,-28.329168,-15.771099
3941,99.717155,29.857384,-27.329557,-15.775511
3942,99.727509,29.857367,-26.329205,-15.779834
3943,99.737854,29.857349,-25.329592,-15.784065
3944,99.748207,29.857330,-24.329243,-15.788420
3945,99.758553,29.857309,-23.329628,-15.792893
3946,99.768906,29.857290,-22.329277,-15.797068
3947,99.779251,29.857267,-21.329662,-15.801573
3948,99.789604,29.857246,-20.329311,-15.805778
3949,99.799950,29.857224,-19.329695,-15.810102
3950,99.810303,29.857199,-18.329342,-15.814549
3951,99.820648,29.857174,-17.329727,-15.818906
3952,99.831001,29.857149,-16.329372,-15.823173
3953,99.841347,29.857122,-15.329755,-15.827559
3954,99.851700,29.857096,-14.329399,-15.831858
3955,99.862045,29.857069,-13.329781,-15.836064
3956,99.872398,29.857040,-12.329425,-15.840394
3957,99.882744,29.857010,-11.329804,-15.844843
3958,99.893097,29.856981,-10.329447,-15.848991
3959,99.903442,29.856949,-9.329827,-15.853472
3960,99.913795,29.856918,-8.329468,-15.857652
3961,99.924141,29.856886,-7.329846,-15.861951
3962,99.934486,29.856852,-6.330223,-15.866373
3963,99.944839,29.856817,-5.329863,-15.870704
3964,99.955185,29.856783,-4.330238,-15.874946
3965,99.965538,29.856747,-3.329876,-15.879309
3966,99.975883,29.856710,-2.330251,-15.883581
3967,99.986237,29.856672,-1.329888,-15.887975
3968,99.996582,29.856634,-0.330260,-15.892278
3969,100.006935,29.856596,0.670105,-15.896491
3970,100.017281,29.856556,1.669733,-15.900826
3971,100.027634,29.856514,2.670100,-15.905281
3972,100.037979,29.856474,3.669730,-15.909435
3973,100.048332,29.856432,4.670098,-15.913711
3974,100.058678,29.856388,5.669730,-15.918107
3975,100.069031,29.856344,6.670100,-15.922414
3976,100.079376,29.856298,7.669734,-15.926842
3977,100.089729,29.856255,8.670106,-15.930967
3978,100.100075,29.856207,9.669742,-15.935427
3979,100.110428,29.856161,10.670115,-15.939584
3980,100.120773,29.856113,11.669752,-15.943862
3981,100.131126,29.856064,12.670128,-15.948261
3982,100.141472,29.856014,13.669766,-15.952571
3983,100.151825,29.855965,14.670144,-15.956790
3984,100.162170,29.855913,15.669785,-15.961131
3985,100.172523,29.855862,16.670164,-15.965381
3986,100.182869,29.855808,17.669809,-15.969753
3987,100.193214,29.855755,18.669453,-15.974035
3988,100.203568,29.855700,19.669836,-15.978437
3989,100.213913,29.855646,20.669483,-15.982539
3990,100.224266,29.855589,21.669867,-15.986972
3991,100.234612,29.855532,22.669516,-15.991317
3992,100.244965,29.855474,23.669903,-15.995569
3993,100.255310,29.855417,24.669554,-15.999733
3994,100.265663,29.855358,25.669943,-16.004017
3995,100.276009,29.855297,26.669598,-16.008423
3996,100.286362,29.855236,27.669991,-16.012737
3997,100.296707,29.855175,28.669645,-16.016964
3998,100.307053,29.855112,29.669302,-16.021311
3999,100.317406,29.855049,30.669697,-16.025566
4000,100.327751,29.854986,31.669357,-16.029734
4001,100.338104,29.854921,32.669754,-16.034021
4002,100.348450,29.854855,33.669418,-16.038431
4003,100.358803,29.854788,34.669819,-16.042747
4004,100.369148,29.854721,35.669483,-16.046978
4005,100.379494,29.854652,36.669147,-16.051329
4006,100.389847,29.854584,37.669556,-16.055586
4007,100.400192,29.854515,38.669224,-16.059757
4008,100.410545,29.854445,39.669632,-16.064045
4009,100.420891,29.854374,40.669300,-16.068249
4010,100.431244,29.854301,41.669716,-16.072567
4011,100.441589,29.854229,42.669388,-16.076801
4012,100.451935,29.854155,43.669064,-16.081154
4013,100.462288,29.854080,44.669479,-16.085417
4014,100.472633,29.854004,45.669159,-16.089800
4015,100.482986,29.853930,46.669575,-16.093882
4016,100.493332,29.853851,47.669258,-16.098297
4017,100.503685,29.853775,48.669682,-16.102409
4018,99.499817,29.866583,-48.325123,-14.684138
4019,99.510170,29.866583,-47.324867,-14.688453
4020,99.520523,29.866581,-46.324608,-14.692889
4021,99.530869,29.866579,-45.325092,-14.697232
4022,99.541222,29.866575,-44.324837,-14.701700
4023,99.551567,29.866573,-43.325317,-14.705862
4024,99.561920,29.866568,-42.325062,-14.710361
4025,99.572273,29.866564,-41.324806,-14.714558
4026,99.582619,29.866556,-40.325287,-14.719084
4027,99.592972,29.866550,-39.325027,-14.723311
4028,99.603325,29.866543,-38.324772,-14.727660
4029,99.613670,29.866533,-37.325253,-14.732128
4030,99.624023,29.866526,-36.324997,-14.736296
4031,99.634377,29.866514,-35.324738,-14.740797
4032,99.644722,29.866505,-34.325218,-14.744994
4033,99.655075,29.866491,-33.324963,-14.749526
4034,99.665421,29.866480,-32.325439,-14.753754
4035,99.675774,29.866467,-31.325182,-14.758105
4036,99.686127,29.866453,-30.324923,-14.762367
4037,99.696472,29.866438,-29.325401,-14.766747
4038,99.706825,29.866423,-28.325142,-14.771040
4039,99.717178,29.866405,-27.324883,-14.775454
4040,99.727524,29.866388,-26.325359,-14.779775
4041,99.737877,29.866369,-25.325100,-14.784219
4042,99.748222,29.866350,-24.325579,-14.788571
4043,99.758575,29.866331,-23.325315,-14.792835
4044,99.768929,29.866310,-22.325054,-14.797220
4045,99.779274,29.866289,-21.325531,-14.801514
4046,99.789627,29.866268,-20.325268,-14.805718
4047,99.799980,29.866243,-19.325006,-14.810256
4048,99.810326,29.866220,-18.325481,-14.814490
4049,99.820679,29.866196,-17.325216,-14.818848
4050,99.831024,29.866171,-16.325689,-14.823113
4051,99.841377,29.866144,-15.325425,-14.827501
4052,99.851730,29.866117,-14.325160,-14.831799
4053,99.862076,29.866089,-13.325632,-14.836217
4054,99.872429,29.866060,-12.325366,-14.840545
4055,99.882782,29.866032,-11.325099,-14.844783
4056,99.893127,29.866001,-10.325568,-14.849143
4057,99.903481,29.865971,-9.325301,-14.853412
4058,99.913826,29.865938,-8.325769,-14.857801
4059,99.924179,29.865906,-7.325500,-14.862103
4060,99.934532,29.865873,-6.325231,-14.866312
4061,99.944878,29.865839,-5.325697,-14.870644
4062,99.955231,29.865803,-4.325426,-14.875095
4063,99.965576,29.865768,-3.325891,-14.879246
4064,99.975929,29.865730,-2.325619,-14.883731
4065,99.986282,29.865694,-1.325345,-14.887912
4066,99.996628,29.865656,-0.325808,-14.892215
4067,100.006981,29.865616,0.674467,-14.896640
4068,100.017326,29.865576,1.674006,-14.900973
4069,100.027679,29.865536,2.674282,-14.905218
4070,100.038033,29.865494,3.674559,-14.909582
4071,100.048378,29.865452,4.674100,-14.913857
4072,100.058731,29.865410,5.674379,-14.918042
4073,100.069077,29.865366,6.673922,-14.922349
4074,100.079430,29.865320,7.674203,-14.926775
4075,100.089783,29.865274,8.674484,-14.931112
4076,100.100128,29.865229,9.674030,-14.935359
4077,100.110481,29.865181,10.674314,-14.939728
4078,100.120827,29.865133,11.673862,-14.944006
4079,100.131180,29.865086,12.674147,-14.948193
4080,100.141533,29.865036,13.674433,-14.952501
4081,100.151878,29.864985,14.673984,-14.956932
4082,100.162231,29.864933,15.674272,-14.961271
4083,100.172577,29.864882,16.673824,-14.965522
4084,100.182930,29.864830,17.674114,-14.969681
4085,100.193283,29.864775,18.674406,-14.974173
4086,100.203629,29.864721,19.673962,-14.978364
4087,100.213982,29.864666,20.674255,-14.982675
4088,100.224327,29.864611,21.673813,-14.986897
4089,100.234680,29.864553,22.674109,-14.991241
4090,100.245026,29.864496,23.673668,-14.995493
4091,100.255379,29.864437,24.673967,-14.999867
4092,100.265732,29.864378,25.674265,-15.004149
4093,100.276077,29.864319,26.673830,-15.008345
4094,100.286430,29.864258,27.674131,-15.012658
4095,100.296776,29.864195,28.673697,-15.017096
4096,100.307129,29.864134,29.674002,-15.021229
4097,100.317474,29.864071,30.673571,-15.025485
4098,100.327827,29.864006,31.673878,-15.029861
4099,100.338181,29.863941,32.674187,-15.034147
4100,100.348526,29.863876,33.673759,-15.038345
4101,100.358879,29.863810,34.674065,-15.042662
4102,100.369225,29.863743,35.673641,-15.046890
4103,100.379578,29.863674,36.673958,-15.051238
4104,100.389923,29.863605,37.673534,-15.055498
4105,100.400276,29.863535,38.673851,-15.059877
4106,100.410622,29.863464,39.673431,-15.064168
4107,100.420975,29.863394,40.673752,-15.068366
4108,100.431328,29.863321,41.674068,-15.072686
4109,100.441673,29.863249,42.673653,-15.076918
4110,100.452026,29.863174,43.673977,-15.081268
4111,100.462372,29.863100,44.673565,-15.085532
4112,100.472725,29.863026,45.673889,-15.089703
4113,100.483070,29.862949,46.673481,-15.093996
4114,100.493423,29.862873,47.673809,-15.098197
4115,100.503769,29.862795,48.673405,-15.102523
4116,99.499817,29.875605,-48.320770,-13.684073
4117,99.510170,29.875603,-47.320606,-13.688601
4118,99.520523,29.875603,-46.320438,-13.692825
4119,99.530876,29.875601,-45.320271,-13.697171
4120,99.541222,29.875597,-44.320843,-13.701635
4121,99.551575,29.875593,-43.320675,-13.706013
4122,99.561928,29.875589,-42.320511,-13.710299
4123,99.572281,29.875584,-41.320343,-13.714707
4124,99.582626,29.875578,-40.320915,-13.719023
4125,99.592979,29.875572,-39.320751,-13.723250
4126,99.603333,29.875563,-38.320583,-13.727810
4127,99.613686,29.875555,-37.320415,-13.732068
4128,99.624031,29.875546,-36.320984,-13.736445
4129,99.634384,29.875536,-35.320820,-13.740735
4130,99.644737,29.875525,-34.320652,-13.745146
4131,99.655090,29.875513,-33.320484,-13.749466
4132,99.665436,29.875502,-32.321053,-13.753695
4133,99.675789,29.875488,-31.320885,-13.758045
4134,99.686142,29.875473,-30.320717,-13.762518
4135,99.696495,29.875458,-29.320549,-13.766900
4136,99.706841,29.875443,-28.321117,-13.771191
4137,99.717194,29.875427,-27.320948,-13.775393
4138,99.727547,29.875408,-26.320778,-13.779926
4139,99.737900,29.875391,-25.320608,-13.784159
4140,99.748245,29.875372,-24.321175,-13.788511
4141,99.758598,29.875353,-23.321003,-13.792775
4142,99.768951,29.875332,-22.320831,-13.797160
4143,99.779305,29.875311,-21.320660,-13.801455
4144,99.789650,29.875288,-20.321226,-13.805870
4145,99.800003,29.875265,-19.321054,-13.810195
4146,99.810356,29.875242,-18.320881,-13.814430
4147,99.820709,29.875217,-17.320707,-13.818789
4148,99.831055,29.875193,-16.321270,-13.823052
4149,99.841408,29.875166,-15.321096,-13.827440
4150,99.851761,29.875139,-14.320922,-13.831738
4151,99.862114,29.875111,-13.320746,-13.836156
4152,99.872459,29.875082,-12.321306,-13.840485
4153,99.882812,29.875053,-11.321131,-13.844723
4154,99.893166,29.875023,-10.320953,-13.849081
4155,99.903511,29.874992,-9.321512,-13.853350
4156,99.913864,29.874960,-8.321334,-13.857740
4157,99.924217,29.874928,-7.321155,-13.862040
4158,99.934570,29.874893,-6.320976,-13.866462
4159,99.944916,29.874859,-5.321532,-13.870792
4160,99.955269,29.874825,-4.321351,-13.875033
4161,99.965622,29.874788,-3.321169,-13.879395
4162,99.975975,29.874752,-2.320987,-13.883667
4163,99.986320,29.874714,-1.321540,-13.888060
4164,99.996674,29.874676,-0.321356,-13.892363
4165,100.007027,29.874638,0.678829,-13.896575
4166,100.017380,29.874598,1.679014,-13.900908
4167,100.027725,29.874557,2.678463,-13.905152
4168,100.038078,29.874516,3.678651,-13.909516
4169,100.048431,29.874474,4.678839,-13.913791
4170,100.058777,29.874430,5.678290,-13.918186
4171,100.069130,29.874386,6.678481,-13.922492
4172,100.079483,29.874342,7.678671,-13.926707
4173,100.089836,29.874296,8.678863,-13.931044
4174,100.100182,29.874250,9.678318,-13.935291
4175,100.110535,29.874203,10.678512,-13.939658
4176,100.120888,29.874155,11.678706,-13.943934
4177,100.131233,29.874105,12.678164,-13.948334
4178,100.141586,29.874056,13.678360,-13.952642
4179,100.151939,29.874006,14.678557,-13.956861
4180,100.162292,29.873955,15.678756,-13.961199
4181,100.172638,29.873903,16.678219,-13.965449
4182,100.182991,29.873850,17.678417,-13.969818
4183,100.193344,29.873796,18.678619,-13.974098
4184,100.203690,29.873741,19.678085,-13.978501
4185,100.214043,29.873688,20.678289,-13.982599
4186,100.224396,29.873631,21.678493,-13.987032
4187,100.234749,29.873573,22.678699,-13.991374
4188,100.245094,29.873516,23.678169,-13.995627
4189,100.255447,29.873459,24.678377,-13.999788
4190,100.265800,29.873400,25.678585,-14.004070
4191,100.276146,29.873339,26.678061,-14.008475
4192,100.286499,29.873278,27.678272,-14.012789
4193,100.296852,29.873217,28.678484,-14.017013
4194,100.307198,29.873154,29.677963,-14.021358
4195,100.317551,29.873091,30.678177,-14.025612
4196,100.327904,29.873028,31.678394,-14.029777
4197,100.338249,29.872963,32.677876,-14.034063
4198,100.348602,29.872896,33.678093,-14.038469
4199,100.358955,29.872829,34.678318,-14.042787
4200,100.369301,29.872763,35.677799,-14.047014
4201,100.379654,29.872694,36.678024,-14.051361
4202,100.390007,29.872625,37.678246,-14.055618
4203,100.400352,29.872557,38.677738,-14.059787
4204,100.410706,29.872486,39.677963,-14.064075
4205,100.421059,29.872414,40.678192,-14.068484
4206,100.431412,29.872343,41.678421,-14.072592
4207,100.441757,29.872269,42.677917,-14.077034
4208,100.452110,29.872196,43.678154,-14.081173
4209,100.462456,29.872122,44.677647,-14.085436
4210,100.472809,29.872046,45.677887,-14.089815
4211,100.483162,29.871969,46.678120,-14.094107
4212,100.493507,29.871893,47.677624,-14.098310
4213,100.503860,29.871815,48.677868,-14.102631
4214,99.499817,29.884624,-48.316414,-12.684218
4215,99.510170,29.884624,-47.316341,-12.688534
4216,99.520523,29.884623,-46.316261,-12.692970
4217,99.530876,29.884621,-45.316189,-12.697316
4218,99.541229,29.884619,-44.316113,-12.701572
4219,99.551582,29.884615,-43.316036,-12.705949
4220,99.561935,29.884611,-42.315960,-12.710237
4221,99.572281,29.884605,-41.316620,-12.714642
4222,99.582634,29.884600,-40.316544,-12.718959
4223,99.592987,29.884592,-39.316467,-12.723397
4224,99.603340,29.884584,-38.316391,-12.727747
4225,99.613693,29.884577,-37.316315,-12.732005
4226,99.624046,29.884567,-36.316238,-12.736384
4227,99.634399,29.884558,-35.316158,-12.740674
4228,99.644753,29.884546,-34.316086,-12.745084
4229,99.655098,29.884535,-33.316746,-12.749402
4230,99.665451,29.884521,-32.316666,-12.753843
4231,99.675804,29.884508,-31.316589,-12.758195
4232,99.686157,29.884495,-30.316509,-12.762456
4233,99.696510,29.884480,-29.316431,-12.766838
4234,99.706863,29.884464,-28.316353,-12.771130
4235,99.717216,29.884447,-27.316273,-12.775543
4236,99.727570,29.884430,-26.316195,-12.779866
4237,99.737915,29.884413,-25.316851,-12.784097
4238,99.748268,29.884394,-24.316771,-12.788451
4239,99.758621,29.884373,-23.316692,-12.792926
4240,99.768974,29.884354,-22.316608,-12.797100
4241,99.779327,29.884331,-21.316530,-12.801605
4242,99.789680,29.884310,-20.316448,-12.805810
4243,99.800034,29.884287,-19.316364,-12.810135
4244,99.810379,29.884262,-18.317020,-12.814580
4245,99.820732,29.884237,-17.316936,-12.818936
4246,99.831085,29.884212,-16.316853,-12.823203
4247,99.841438,29.884186,-15.316768,-12.827591
4248,99.851791,29.884159,-14.316684,-12.831887
4249,99.862144,29.884132,-13.316598,-12.836095
4250,99.872498,29.884104,-12.316512,-12.840423
4251,99.882851,29.884073,-11.316425,-12.844872
4252,99.893196,29.884043,-10.317075,-12.849230
4253,99.903549,29.884012,-9.316987,-12.853499
4254,99.913902,29.883982,-8.316899,-12.857677
4255,99.924255,29.883947,-7.316811,-12.862188
4256,99.934608,29.883915,-6.316720,-12.866398
4257,99.944962,29.883881,-5.316630,-12.870728
4258,99.955315,29.883846,-4.316540,-12.874969
4259,99.965660,29.883810,-3.317185,-12.879330
4260,99.976013,29.883774,-2.317092,-12.883601
4261,99.986366,29.883736,-1.316999,-12.887994
4262,99.996719,29.883698,-0.316905,-12.892297
4263,100.007072,29.883657,0.683189,-12.896720
4264,100.017426,29.883619,1.683285,-12.900842
4265,100.027771,29.883577,2.682644,-12.905297
4266,100.038124,29.883535,3.682741,-12.909661
4267,100.048477,29.883493,4.682839,-12.913935
4268,100.058830,29.883451,5.682938,-12.918119
4269,100.069183,29.883408,6.683038,-12.922423
4270,100.079536,29.883362,7.683138,-12.926849
4271,100.089890,29.883316,8.683239,-12.931186
4272,100.100235,29.883270,9.682605,-12.935431
4273,100.110588,29.883223,10.682708,-12.939798
4274,100.120941,29.883175,11.682813,-12.944076
4275,100.131294,29.883127,12.682918,-12.948261
4276,100.141647,29.883078,13.683023,-12.952569
4277,100.152000,29.883026,14.683131,-12.956998
4278,100.162346,29.882977,15.682502,-12.961126
4279,100.172699,29.882923,16.682611,-12.965586
4280,100.183052,29.882872,17.682720,-12.969744
4281,100.193405,29.882818,18.682833,-12.974024
4282,100.203758,29.882763,19.682945,-12.978424
4283,100.214111,29.882708,20.683058,-12.982734
4284,100.224457,29.882652,21.682436,-12.986955
4285,100.234810,29.882595,22.682552,-12.991296
4286,100.245163,29.882538,23.682669,-12.995547
4287,100.255516,29.882479,24.682787,-12.999919
4288,100.265869,29.882420,25.682907,-13.004201
4289,100.276215,29.882360,26.682289,-13.008394
4290,100.286568,29.882299,27.682409,-13.012707
4291,100.296921,29.882236,28.682535,-13.017140
4292,100.307274,29.882175,29.682659,-13.021274
4293,100.317627,29.882113,30.682783,-13.025526
4294,100.327972,29.882048,31.682175,-13.029903
4295,100.338326,29.881983,32.682301,-13.034188
4296,100.348679,29.881918,33.682430,-13.038383
4297,100.359032,29.881851,34.682560,-13.042697
4298,100.369385,29.881783,35.682690,-13.047134
4299,100.379730,29.881716,36.682091,-13.051271
4300,100.390083,29.881647,37.682224,-13.055529
4301,100.400436,29.881577,38.682358,-13.059905
4302,100.410789,29.881506,39.682495,-13.064193
4303,100.421143,29.881435,40.682632,-13.068389
4304,100.431488,29.881363,41.682037,-13.072710
4305,100.441841,29.881290,42.682178,-13.076938
4306,100.452194,29.881216,43.682323,-13.081287
4307,100.462547,29.881142,44.682468,-13.085546
4308,100.472900,29.881067,45.682613,-13.089714
4309,100.483246,29.880991,46.682022,-13.094007
4310,100.493599,29.880913,47.682171,-13.098418
4311,100.503952,29.880836,48.682323,-13.102528
4312,99.499817,29.893646,-48.312057,-11.684153
4313,99.510170,29.893646,-47.312073,-11.688467
4314,99.520523,29.893644,-46.312088,-11.692904
4315,99.530876,29.893642,-45.312103,-11.697249
4316,99.541229,29.893641,-44.312119,-11.701505
4317,99.551582,29.893637,-43.312134,-11.705882
4318,99.561935,29.893631,-42.312145,-11.710380
4319,99.572289,29.893627,-41.312160,-11.714577
4320,99.582642,29.893620,-40.312176,-11.719106
4321,99.592995,29.893614,-39.312187,-11.723333
4322,99.603348,29.893606,-38.312202,-11.727682
4323,99.613701,29.893597,-37.312214,-11.732151
4324,99.624054,29.893589,-36.312225,-11.736320
4325,99.634407,29.893578,-35.312241,-11.740820
4326,99.644760,29.893568,-34.312252,-11.745020
4327,99.655113,29.893555,-33.312271,-11.749551
4328,99.665466,29.893543,-32.312279,-11.753781
4329,99.675819,29.893530,-31.312292,-11.758132
4330,99.686172,29.893517,-30.312305,-11.762393
4331,99.696526,29.893501,-29.312317,-11.766775
4332,99.706879,29.893486,-28.312326,-11.771067
4333,99.717232,29.893469,-27.312338,-11.775479
4334,99.727585,29.893452,-26.312349,-11.779802
4335,99.737938,29.893433,-25.312359,-11.784246
4336,99.748291,29.893414,-24.312368,-11.788600
4337,99.758644,29.893394,-23.312380,-11.792863
4338,99.768997,29.893373,-22.312389,-11.797248
4339,99.779350,29.893353,-21.312397,-11.801542
4340,99.789703,29.893330,-20.312405,-11.805958
4341,99.800056,29.893307,-19.312414,-11.810284
4342,99.810410,29.893284,-18.312420,-11.814519
4343,99.820763,29.893259,-17.312428,-11.818874
4344,99.831116,29.893234,-16.312433,-11.823141
4345,99.841469,29.893208,-15.312440,-11.827527
4346,99.851822,29.893181,-14.312446,-11.831824
4347,99.862175,29.893152,-13.312450,-11.836242
4348,99.872528,29.893124,-12.312454,-11.840570
4349,99.882881,29.893095,-11.312458,-11.844808
4350,99.893234,29.893064,-10.312461,-11.849166
4351,99.903587,29.893034,-9.312463,-11.853435
4352,99.913940,29.893002,-8.312465,-11.857824
4353,99.924294,29.892969,-7.312466,-11.862124
4354,99.934647,29.892937,-6.312467,-11.866333
4355,99.945000,29.892902,-5.312467,-11.870663
4356,99.955353,29.892866,-4.312466,-11.875115
4357,99.965706,29.892830,-3.312464,-11.879476
4358,99.976059,29.892794,-2.312462,-11.883747
4359,99.986412,29.892757,-1.312459,-11.887928
4360,99.996765,29.892719,-0.312455,-11.892229
4361,100.007118,29.892679,0.687549,-11.896653
4362,100.017471,29.892639,1.687555,-11.900986
4363,100.027824,29.892599,2.687561,-11.905229
4364,100.038177,29.892557,3.687568,-11.909592
4365,100.048531,29.892515,4.687576,-11.913866
4366,100.058884,29.892471,5.687584,-11.918261
4367,100.069237,29.892427,6.687594,-11.922565
4368,100.079590,29.892384,7.687604,-11.926780
4369,100.089935,29.892338,8.686878,-11.931115
4370,100.100288,29.892292,9.686891,-11.935360
4371,100.110641,29.892244,10.686903,-11.939727
4372,100.120995,29.892197,11.686918,-11.944003
4373,100.131348,29.892147,12.686933,-11.948400
4374,100.141701,29.892097,13.686949,-11.952707
4375,100.152054,29.892048,14.686966,-11.956923
4376,100.162407,29.891996,15.686984,-11.961263
4377,100.172760,29.891945,16.687004,-11.965509
4378,100.183113,29.891891,17.687023,-11.969879
4379,100.193466,29.891838,18.687044,-11.974157
4380,100.203819,29.891785,19.687067,-11.978346
4381,100.214172,29.891729,20.687090,-11.982656
4382,100.224525,29.891672,21.687115,-11.987087
4383,100.234879,29.891615,22.687141,-11.991426
4384,100.245232,29.891558,23.687168,-11.995678
4385,100.255585,29.891500,24.687195,-11.999837
4386,100.265938,29.891441,25.687225,-12.004118
4387,100.276291,29.891380,26.687254,-12.008521
4388,100.286636,29.891319,27.686548,-12.012835
4389,100.296989,29.891258,28.686583,-12.017056
4390,100.307343,29.891195,29.686615,-12.021400
4391,100.317696,29.891132,30.686651,-12.025653
4392,100.328049,29.891068,31.686687,-12.030027
4393,100.338402,29.891003,32.686726,-12.034310
4394,100.348755,29.890938,33.686760,-12.038505
4395,100.359108,29.890871,34.686806,-12.042819
4396,100.369461,29.890804,35.686844,-12.047044
4397,100.379814,29.890736,36.686890,-12.051390
4398,100.390167,29.890667,37.686935,-12.055645
4399,100.400520,29.890596,38.686981,-12.060021
4400,100.410873,29.890528,39.687027,-12.064096
4401,100.421219,29.890455,40.686337,-12.068507
4402,100.431572,29.890383,41.686386,-12.072824
4403,100.441925,29.890310,42.686436,-12.077051
4404,100.452278,29.890236,43.686493,-12.081399
4405,100.462631,29.890162,44.686546,-12.085657
4406,100.472984,29.890087,45.686600,-12.089826
4407,100.483337,29.890011,46.686661,-12.094114
4408,100.493690,29.889935,47.686718,-12.098312
4409,100.504044,29.889856,48.686779,-12.102633
4410,99.499817,29.902668,-48.307705,-10.684083
4411,99.510170,29.902666,-47.307808,-10.688610
4412,99.520531,29.902666,-46.307175,-10.692838
4413,99.530884,29.902664,-45.307281,-10.697184
4414,99.541237,29.902660,-44.307388,-10.701652
4415,99.551590,29.902657,-43.307487,-10.706028
4416,99.561943,29.902653,-42.307594,-10.710315
4417,99.572296,29.902647,-41.307701,-10.714723
4418,99.582649,29.902641,-40.307800,-10.719040
4419,99.593002,29.902636,-39.307907,-10.723268
4420,99.603355,29.902628,-38.308010,-10.727616
4421,99.613716,29.902618,-37.307381,-10.732088
4422,99.624069,29.902609,-36.307480,-10.736467
4423,99.634422,29.902599,-35.307587,-10.740757
4424,99.644775,29.902588,-34.307686,-10.745167
4425,99.655128,29.902576,-33.307789,-10.749487
4426,99.665482,29.902565,-32.307892,-10.753716
4427,99.675835,29.902552,-31.307995,-10.758067
4428,99.686188,29.902536,-30.308098,-10.762540
4429,99.696548,29.902521,-29.307463,-10.766924
4430,99.706902,29.902506,-28.307564,-10.771214
4431,99.717255,29.902491,-27.307665,-10.775417
4432,99.727608,29.902472,-26.307766,-10.779950
4433,99.737961,29.902454,-25.307867,-10.784183
4434,99.748314,29.902435,-24.307966,-10.788536
4435,99.758667,29.902416,-23.308067,-10.792800
4436,99.769020,29.902395,-22.308167,-10.797184
4437,99.779373,29.902374,-21.308264,-10.801478
4438,99.789734,29.902351,-20.307627,-10.805895
4439,99.800087,29.902328,-19.307724,-10.810220
4440,99.810440,29.902306,-18.307823,-10.814454
4441,99.820793,29.902281,-17.307919,-10.818810
4442,99.831146,29.902254,-16.308016,-10.823287
4443,99.841499,29.902229,-15.308111,-10.827463
4444,99.851852,29.902203,-14.308207,-10.831759
4445,99.862206,29.902174,-13.308302,-10.836178
4446,99.872559,29.902145,-12.308396,-10.840505
4447,99.882919,29.902117,-11.307754,-10.844743
4448,99.893272,29.902086,-10.307847,-10.849102
4449,99.903625,29.902054,-9.307940,-10.853581
4450,99.913979,29.902023,-8.308031,-10.857759
4451,99.924332,29.901991,-7.308123,-10.862058
4452,99.934685,29.901957,-6.308213,-10.866479
4453,99.945038,29.901922,-5.308304,-10.870808
4454,99.955391,29.901888,-4.308393,-10.875048
4455,99.965744,29.901852,-3.308481,-10.879409
4456,99.976097,29.901815,-2.308569,-10.883679
4457,99.986458,29.901777,-1.307920,-10.888071
4458,99.996811,29.901739,-0.308006,-10.892373
4459,100.007164,29.901701,0.691908,-10.896584
4460,100.017517,29.901661,1.691824,-10.900917
4461,100.027870,29.901619,2.691740,-10.905370
4462,100.038223,29.901579,3.691656,-10.909522
4463,100.048576,29.901535,4.691574,-10.914007
4464,100.058929,29.901493,5.691493,-10.918189
4465,100.069283,29.901449,6.691411,-10.922494
4466,100.079636,29.901403,7.691332,-10.926919
4467,100.089989,29.901358,8.691253,-10.931253
4468,100.100342,29.901312,9.691175,-10.935499
4469,100.110703,29.901264,10.691835,-10.939864
4470,100.121056,29.901217,11.691759,-10.944139
4471,100.131409,29.901169,12.691684,-10.948325
4472,100.141762,29.901119,13.691609,-10.952632
4473,100.152115,29.901068,14.691537,-10.957060
4474,100.162468,29.901018,15.691464,-10.961185
4475,100.172821,29.900965,16.691395,-10.965645
4476,100.183174,29.900913,17.691324,-10.969801
4477,100.193527,29.900860,18.691254,-10.974079
4478,100.203880,29.900805,19.691187,-10.978478
4479,100.214233,29.900749,20.691118,-10.982788
4480,100.224586,29.900694,21.691055,-10.987007
4481,100.234940,29.900637,22.690990,-10.991346
4482,100.245300,29.900579,23.691662,-10.995595
4483,100.255653,29.900520,24.691601,-10.999966
4484,100.266006,29.900461,25.691540,-11.004246
4485,100.276360,29.900402,26.691481,-11.008436
4486,100.286713,29.900341,27.691422,-11.012748
4487,100.297066,29.900278,28.691362,-11.017180
4488,100.307419,29.900217,29.691307,-11.021313
4489,100.317772,29.900152,30.691252,-11.025775
4490,100.328125,29.900089,31.691198,-11.029938
4491,100.338478,29.900024,32.691147,-11.034221
4492,100.348831,29.899958,33.691093,-11.038625
4493,100.359184,29.899893,34.691048,-11.042728
4494,100.369537,29.899824,35.690994,-11.047163
4495,100.379890,29.899757,36.690948,-11.051297
4496,100.390244,29.899687,37.690907,-11.055762
4497,100.400597,29.899618,38.690861,-11.059928
4498,100.410950,29.899548,39.690815,-11.064213
4499,100.421303,29.899477,40.690773,-11.068409
4500,100.431656,29.899405,41.690735,-11.072725
4501,100.442009,29.899330,42.690697,-11.077163
4502,100.452362,29.899258,43.690659,-11.081300
4503,100.462715,29.899183,44.690624,-11.085557
4504,100.473068,29.899107,45.690590,-11.089935
4505,100.483421,29.899031,46.690559,-11.094224
4506,100.493774,29.898954,47.690529,-11.098422
4507,100.504135,29.898876,48.691235,-11.102737
4508,99.499817,29.911688,-48.303349,-9.684225
4509,99.510178,29.911688,-47.302803,-9.688543
4510,99.520531,29.911686,-46.303001,-9.692980
4511,99.530884,29.911684,-45.303196,-9.697325
4512,99.541237,29.911682,-44.303391,-9.701581
4513,99.551598,29.911678,-43.302849,-9.705961
4514,99.561951,29.911674,-42.303043,-9.710247
4515,99.572304,29.911669,-41.303234,-9.714655
4516,99.582657,29.911663,-40.303429,-9.718972
4517,99.593010,29.911655,-39.303623,-9.723412
4518,99.603371,29.911648,-38.303082,-9.727762
4519,99.613724,29.911640,-37.303276,-9.732020
4520,99.624077,29.911631,-36.303471,-9.736400
4521,99.634430,29.911621,-35.303665,-9.740688
4522,99.644791,29.911610,-34.303120,-9.745102
4523,99.655144,29.911598,-33.303314,-9.749421
4524,99.665497,29.911585,-32.303505,-9.753862
4525,99.675850,29.911572,-31.303699,-9.758213
4526,99.686211,29.911558,-30.303154,-9.762476
4527,99.696564,29.911543,-29.303347,-9.766857
4528,99.706917,29.911528,-28.303537,-9.771150
4529,99.717270,29.911510,-27.303728,-9.775561
4530,99.727631,29.911493,-26.303185,-9.779885
4531,99.737984,29.911476,-25.303373,-9.784118
4532,99.748337,29.911457,-24.303564,-9.788471
4533,99.758690,29.911436,-23.303755,-9.792945
4534,99.769051,29.911417,-22.303207,-9.797120
4535,99.779404,29.911394,-21.303396,-9.801625
4536,99.789757,29.911373,-20.303583,-9.805829
4537,99.800110,29.911350,-19.303774,-9.810153
4538,99.810463,29.911325,-18.303961,-9.814600
4539,99.820824,29.911301,-17.303410,-9.818956
4540,99.831177,29.911276,-16.303598,-9.823221
4541,99.841530,29.911249,-15.303784,-9.827608
4542,99.851883,29.911222,-14.303969,-9.831905
4543,99.862244,29.911196,-13.303418,-9.836112
4544,99.872597,29.911167,-12.303602,-9.840440
4545,99.882950,29.911137,-11.303787,-9.844888
4546,99.893303,29.911106,-10.303969,-9.849245
4547,99.903656,29.911076,-9.304152,-9.853514
4548,99.914017,29.911043,-8.303598,-9.857903
4549,99.924370,29.911011,-7.303780,-9.862202
4550,99.934723,29.910978,-6.303960,-9.866410
4551,99.945076,29.910944,-5.304141,-9.870740
4552,99.955437,29.910908,-4.303584,-9.875192
4553,99.965790,29.910873,-3.303762,-9.879340
4554,99.976143,29.910835,-2.303941,-9.883822
4555,99.986496,29.910799,-1.304118,-9.888002
4556,99.996849,29.910761,-0.304294,-9.892303
4557,100.007210,29.910721,0.696267,-9.896726
4558,100.017563,29.910681,1.696092,-9.901057
4559,100.027916,29.910641,2.695917,-9.905300
4560,100.038269,29.910599,3.695744,-9.909662
4561,100.048630,29.910557,4.696309,-9.913935
4562,100.058983,29.910513,5.696137,-9.918329
4563,100.069336,29.910469,6.695966,-9.922633
4564,100.079689,29.910425,7.695796,-9.926846
4565,100.090042,29.910379,8.695627,-9.931181
4566,100.100403,29.910334,9.696196,-9.935424
4567,100.110756,29.910286,10.696029,-9.939789
4568,100.121109,29.910238,11.695863,-9.944064
4569,100.131462,29.910189,12.695697,-9.948461
4570,100.141815,29.910139,13.695533,-9.952767
4571,100.152176,29.910089,14.696107,-9.956983
4572,100.162529,29.910038,15.695945,-9.961319
4573,100.172882,29.909986,16.695784,-9.965566
4574,100.183235,29.909933,17.695623,-9.969934
4575,100.193588,29.909880,18.695463,-9.974211
4576,100.203949,29.909826,19.696043,-9.978397
4577,100.214302,29.909771,20.695885,-9.982706
4578,100.224655,29.909714,21.695728,-9.987136
4579,100.235008,29.909657,22.695574,-9.991474
4580,100.245361,29.909599,23.695421,-9.995724
4581,100.255714,29.909542,24.695267,-9.999883
4582,100.266075,29.909481,25.695854,-10.004373
4583,100.276428,29.909422,26.695705,-10.008562
4584,100.286781,29.909361,27.695555,-10.012874
4585,100.297134,29.909300,28.695408,-10.017095
4586,100.307487,29.909237,29.695261,-10.021437
4587,100.317848,29.909174,30.695854,-10.025685
4588,100.328201,29.909109,31.695709,-10.030059
4589,100.338554,29.909044,32.695568,-10.034341
4590,100.348907,29.908979,33.695427,-10.038533
4591,100.359261,29.908913,34.695286,-10.042847
4592,100.369614,29.908846,35.695148,-10.047071
4593,100.379974,29.908777,36.695747,-10.051413
4594,100.390327,29.908709,37.695610,-10.055666
4595,100.400681,29.908638,38.695477,-10.060041
4596,100.411034,29.908567,39.695343,-10.064326
4597,100.421387,29.908497,40.695210,-10.068521
4598,100.431740,29.908424,41.695084,-10.072837
4599,100.442093,29.908352,42.694954,-10.077063
4600,100.452454,29.908278,43.695564,-10.081407
4601,100.462807,29.908203,44.695438,-10.085663
4602,100.473160,29.908129,45.695312,-10.089829
4603,100.483513,29.908052,46.695187,-10.094116
4604,100.493866,29.907974,47.695065,-10.098525
4605,100.504219,29.907896,48.694950,-10.102843
4606,99.499817,29.920710,-48.298988,-8.684154
4607,99.510178,29.920710,-47.298538,-8.688472
4608,99.520531,29.920708,-46.298824,-8.692908
4609,99.530884,29.920706,-45.299110,-8.697254
4610,99.541245,29.920704,-44.298656,-8.701512
4611,99.551598,29.920700,-43.298943,-8.705890
4612,99.561951,29.920694,-42.299225,-8.710387
4613,99.572311,29.920691,-41.298775,-8.714587
4614,99.582664,29.920683,-40.299057,-8.719115
4615,99.593025,29.920677,-39.298607,-8.723346
4616,99.603378,29.920670,-38.298889,-8.727694
4617,99.613731,29.920660,-37.299175,-8.732163
4618,99.624092,29.920652,-36.298721,-8.736333
4619,99.634445,29.920641,-35.299004,-8.740834
4620,99.644798,29.920631,-34.299290,-8.745032
4621,99.655159,29.920618,-33.298836,-8.749565
4622,99.665512,29.920607,-32.299118,-8.753796
4623,99.675865,29.920593,-31.299400,-8.758146
4624,99.686226,29.920580,-30.298944,-8.762408
4625,99.696579,29.920565,-29.299229,-8.766790
4626,99.706940,29.920549,-28.298773,-8.771083
4627,99.717293,29.920532,-27.299055,-8.775496
4628,99.727646,29.920515,-26.299335,-8.779819
4629,99.738007,29.920496,-25.298882,-8.784264
4630,99.748360,29.920477,-24.299162,-8.788616
4631,99.758713,29.920458,-23.299442,-8.792879
4632,99.769073,29.920437,-22.298985,-8.797265
4633,99.779427,29.920416,-21.299263,-8.801558
4634,99.789780,29.920393,-20.299543,-8.805973
4635,99.800140,29.920370,-19.299084,-8.810299
4636,99.810493,29.920347,-18.299362,-8.814533
4637,99.820847,29.920322,-17.299641,-8.818889
4638,99.831207,29.920298,-16.299179,-8.823155
4639,99.841560,29.920271,-15.299456,-8.827541
4640,99.851913,29.920244,-14.299732,-8.831838
4641,99.862274,29.920216,-13.299272,-8.836256
4642,99.872627,29.920187,-12.299546,-8.840583
4643,99.882988,29.920158,-11.299083,-8.844820
4644,99.893341,29.920128,-10.299356,-8.849177
4645,99.903694,29.920097,-9.299630,-8.853445
4646,99.914055,29.920065,-8.299166,-8.857835
4647,99.924408,29.920033,-7.299437,-8.862133
4648,99.934761,29.919998,-6.299708,-8.866552
4649,99.945122,29.919964,-5.299242,-8.870883
4650,99.955475,29.919930,-4.299512,-8.875121
4651,99.965828,29.919893,-3.299781,-8.879481
4652,99.976189,29.919857,-2.299312,-8.883752
4653,99.986542,29.919819,-1.299580,-8.888143
4654,99.996895,29.919781,-0.299846,-8.892444
4655,100.007256,29.919743,0.700624,-8.896654
4656,100.017609,29.919703,1.700359,-8.900987
4657,100.027962,29.919661,2.700095,-8.905438
4658,100.038322,29.919621,3.700568,-8.909590
4659,100.048676,29.919579,4.700305,-8.913862
4660,100.059029,29.919535,5.700044,-8.918256
4661,100.069389,29.919491,6.700519,-8.922559
4662,100.079742,29.919445,7.700259,-8.926983
4663,100.090096,29.919401,8.700000,-8.931106
4664,100.100456,29.919353,9.700479,-8.935559
4665,100.110809,29.919308,10.700221,-8.939713
4666,100.121162,29.919258,11.699965,-8.944200
4667,100.131523,29.919210,12.700445,-8.948382
4668,100.141876,29.919161,13.700191,-8.952688
4669,100.152229,29.919109,14.699938,-8.957115
4670,100.162590,29.919060,15.700422,-8.961239
4671,100.172943,29.919006,16.700171,-8.965697
4672,100.183296,29.918955,17.699921,-8.969853
4673,100.193649,29.918901,18.699671,-8.974130
4674,100.204010,29.918846,19.700161,-8.978527
4675,100.214363,29.918791,20.699913,-8.982835
4676,100.224716,29.918736,21.699665,-8.987053
4677,100.235077,29.918678,22.700159,-8.991390
4678,100.245430,29.918621,23.699915,-8.995639
4679,100.255783,29.918562,24.699673,-9.000009
4680,100.266144,29.918503,25.700167,-9.004286
4681,100.276497,29.918442,26.699928,-9.008688
4682,100.286850,29.918383,27.699688,-9.012786
4683,100.297211,29.918320,28.700188,-9.017216
4684,100.307564,29.918257,29.699951,-9.021557
4685,100.317917,29.918194,30.699715,-9.025807
4686,100.328270,29.918131,31.699480,-9.029969
4687,100.338631,29.918066,32.699986,-9.034248
4688,100.348984,29.917999,33.699753,-9.038651
4689,100.359337,29.917933,34.699524,-9.042964
4690,100.369698,29.917866,35.700031,-9.047185
4691,100.380051,29.917797,36.699806,-9.051528
4692,100.390404,29.917728,37.699577,-9.055781
4693,100.400757,29.917660,38.699352,-9.059944
4694,100.411118,29.917589,39.699867,-9.064226
4695,100.421471,29.917517,40.699646,-9.068632
4696,100.431824,29.917444,41.699425,-9.072948
4697,100.442184,29.917372,42.699940,-9.077169
4698,100.452538,29.917297,43.699726,-9.081514
4699,100.462891,29.917223,44.699509,-9.085771
4700,100.473244,29.917149,45.699291,-9.089936
4701,100.483604,29.917072,46.699818,-9.094220
4702,100.493958,29.916996,47.699604,-9.098416
4703,100.504311,29.916918,48.699394,-9.102735
4704,99.499817,29.929731,-48.294628,-7.684081
4705,99.510178,29.929729,-47.294270,-7.688611
4706,99.520531,29.929729,-46.294643,-7.692835
4707,99.530891,29.929728,-45.294281,-7.697184
4708,99.541245,29.929724,-44.294659,-7.701652
4709,99.551605,29.929720,-43.294296,-7.706031
4710,99.561958,29.929716,-42.294670,-7.710318
4711,99.572319,29.929710,-41.294308,-7.714728
4712,99.582672,29.929705,-40.294685,-7.719046
4713,99.593033,29.929699,-39.294319,-7.723275
4714,99.603386,29.929691,-38.294697,-7.727623
4715,99.613747,29.929682,-37.294334,-7.732095
4716,99.624100,29.929672,-36.294712,-7.736475
4717,99.634460,29.929663,-35.294346,-7.740766
4718,99.644814,29.929651,-34.294720,-7.745176
4719,99.655174,29.929640,-33.294357,-7.749497
4720,99.665527,29.929628,-32.294731,-7.753727
4721,99.675888,29.929615,-31.294365,-7.758080
4722,99.686241,29.929600,-30.294739,-7.762551
4723,99.696594,29.929585,-29.295111,-7.766933
4724,99.706955,29.929569,-28.294748,-7.771226
4725,99.717308,29.929552,-27.295118,-7.775638
4726,99.727669,29.929535,-26.294754,-7.779963
4727,99.738022,29.929518,-25.295124,-7.784194
4728,99.748383,29.929499,-24.294760,-7.788548
4729,99.758736,29.929480,-23.295130,-7.792811
4730,99.769096,29.929459,-22.294762,-7.797196
4731,99.779449,29.929438,-21.295132,-7.801490
4732,99.789810,29.929415,-20.294764,-7.805906
4733,99.800163,29.929392,-19.295134,-7.810230
4734,99.810524,29.929369,-18.294764,-7.814466
4735,99.820877,29.929344,-17.295134,-7.818821
4736,99.831238,29.929317,-16.294764,-7.823298
4737,99.841591,29.929293,-15.295129,-7.827473
4738,99.851952,29.929264,-14.294759,-7.831981
4739,99.862305,29.929237,-13.295124,-7.836186
4740,99.872665,29.929209,-12.294753,-7.840514
4741,99.883018,29.929178,-11.295117,-7.844962
4742,99.893379,29.929150,-10.294744,-7.849108
4743,99.903732,29.929117,-9.295108,-7.853588
4744,99.914085,29.929087,-8.295469,-7.857764
4745,99.924446,29.929052,-7.295095,-7.862275
4746,99.934799,29.929020,-6.295456,-7.866482
4747,99.945160,29.928986,-5.295081,-7.870811
4748,99.955513,29.928951,-4.295440,-7.875050
4749,99.965874,29.928915,-3.295063,-7.879410
4750,99.976227,29.928879,-2.295421,-7.883680
4751,99.986588,29.928841,-1.295043,-7.888071
4752,99.996941,29.928802,-0.295399,-7.892371
4753,100.007301,29.928762,0.704981,-7.896793
4754,100.017654,29.928722,1.704626,-7.901124
4755,100.028015,29.928682,2.705008,-7.905365
4756,100.038368,29.928640,3.704654,-7.909727
4757,100.048721,29.928598,4.704301,-7.913999
4758,100.059082,29.928555,5.704686,-7.918392
4759,100.069435,29.928511,6.704334,-7.922694
4760,100.079796,29.928467,7.704720,-7.926907
4761,100.090149,29.928421,8.704371,-7.931240
4762,100.100510,29.928375,9.704760,-7.935483
4763,100.110863,29.928328,10.704412,-7.939847
4764,100.121223,29.928280,11.704802,-7.944121
4765,100.131577,29.928230,12.704456,-7.948516
4766,100.141930,29.928181,13.704111,-7.952821
4767,100.152290,29.928131,14.704505,-7.957035
4768,100.162643,29.928080,15.704162,-7.961371
4769,100.173004,29.928028,16.704557,-7.965616
4770,100.183357,29.927975,17.704216,-7.969983
4771,100.193718,29.927921,18.704613,-7.974258
4772,100.204071,29.927866,19.704275,-7.978656
4773,100.214432,29.927813,20.704674,-7.982750
4774,100.224785,29.927755,21.704338,-7.987179
4775,100.235138,29.927698,22.704004,-7.991517
4776,100.245499,29.927641,23.704407,-7.995764
4777,100.255852,29.927582,24.704075,-8.000133
4778,100.266212,29.927523,25.704479,-8.004410
4779,100.276566,29.927464,26.704149,-8.008598
4780,100.286926,29.927402,27.704556,-8.012907
4781,100.297279,29.927341,28.704227,-8.017126
4782,100.307632,29.927279,29.703901,-8.021467
4783,100.317993,29.927216,30.704311,-8.025715
4784,100.328346,29.927151,31.703989,-8.030087
4785,100.338707,29.927086,32.704399,-8.034366
4786,100.349060,29.927021,33.704079,-8.038557
4787,100.359413,29.926954,34.703758,-8.042870
4788,100.369774,29.926886,35.704174,-8.047299
4789,100.380127,29.926819,36.703861,-8.051432
4790,100.390488,29.926750,37.704277,-8.055681
4791,100.400841,29.926680,38.703964,-8.060056
4792,100.411194,29.926609,39.703651,-8.064339
4793,100.421555,29.926538,40.704075,-8.068530
4794,100.431908,29.926466,41.703766,-8.072845
4795,100.442268,29.926394,42.704193,-8.077065
4796,100.452621,29.926319,43.703888,-8.081411
4797,100.462975,29.926245,44.703579,-8.085666
4798,100.473335,29.926168,45.704010,-8.090039
4799,100.483688,29.926092,46.703709,-8.094325
4800,100.494049,29.926016,47.704140,-8.098517
4801,100.504402,29.925938,48.703842,-8.102835
4802,99.499817,29.938751,-48.290272,-6.684218
4803,99.510178,29.938751,-47.290001,-6.688536
4804,99.520538,29.938749,-46.289730,-6.692976
4805,99.530891,29.938747,-45.290195,-6.697321
4806,99.541252,29.938745,-44.289921,-6.701580
4807,99.551605,29.938742,-43.290390,-6.705957
4808,99.561966,29.938738,-42.290115,-6.710246
4809,99.572327,29.938732,-41.289848,-6.714657
4810,99.582680,29.938726,-40.290314,-6.718974
4811,99.593040,29.938719,-39.290039,-6.723415
4812,99.603394,29.938711,-38.290504,-6.727763
4813,99.613754,29.938704,-37.290230,-6.732024
4814,99.624115,29.938694,-36.289963,-6.736405
4815,99.634468,29.938684,-35.290421,-6.740694
4816,99.644829,29.938673,-34.290154,-6.745106
4817,99.655182,29.938662,-33.290615,-6.749426
4818,99.665543,29.938648,-32.290340,-6.753869
4819,99.675903,29.938635,-31.290068,-6.758221
4820,99.686256,29.938622,-30.290531,-6.762481
4821,99.696617,29.938606,-29.290258,-6.766865
4822,99.706970,29.938591,-28.290720,-6.771156
4823,99.717331,29.938574,-27.290445,-6.775570
4824,99.727692,29.938557,-26.290171,-6.779893
4825,99.738045,29.938540,-25.290630,-6.784125
4826,99.748405,29.938520,-24.290356,-6.788479
4827,99.758759,29.938499,-23.290817,-6.792953
4828,99.769119,29.938478,-22.290541,-6.797338
4829,99.779480,29.938457,-21.290264,-6.801633
4830,99.789833,29.938437,-20.290722,-6.805836
4831,99.800194,29.938414,-19.290445,-6.810161
4832,99.810547,29.938389,-18.290905,-6.814607
4833,99.820908,29.938364,-17.290625,-6.818963
4834,99.831268,29.938339,-16.290346,-6.823228
4835,99.841621,29.938313,-15.290803,-6.827614
4836,99.851982,29.938286,-14.290523,-6.831911
4837,99.862335,29.938257,-13.290978,-6.836328
4838,99.872696,29.938229,-12.290696,-6.840655
4839,99.883057,29.938200,-11.290415,-6.844892
4840,99.893410,29.938169,-10.290869,-6.849249
4841,99.903770,29.938139,-9.290586,-6.853517
4842,99.914124,29.938107,-8.291039,-6.857904
4843,99.924484,29.938074,-7.290754,-6.862203
4844,99.934837,29.938042,-6.291205,-6.866410
4845,99.945198,29.938007,-5.290919,-6.870739
4846,99.955559,29.937971,-4.290633,-6.875189
4847,99.965912,29.937935,-3.291083,-6.879549
4848,99.976273,29.937899,-2.290795,-6.883818
4849,99.986626,29.937860,-1.291243,-6.888209
4850,99.996986,29.937822,-0.290953,-6.892509
4851,100.007347,29.937784,0.709337,-6.896719
4852,100.017700,29.937744,1.708891,-6.901049
4853,100.028061,29.937704,2.709183,-6.905290
4854,100.038414,29.937662,3.708739,-6.909652
4855,100.048775,29.937620,4.709033,-6.913923
4856,100.059128,29.937576,5.708591,-6.918315
4857,100.069489,29.937532,6.708885,-6.922618
4858,100.079849,29.937489,7.709181,-6.926829
4859,100.090202,29.937443,8.708742,-6.931162
4860,100.100563,29.937395,9.709040,-6.935616
4861,100.110916,29.937349,10.708602,-6.939769
4862,100.121277,29.937300,11.708901,-6.944253
4863,100.131630,29.937252,12.708466,-6.948437
4864,100.141991,29.937202,13.708768,-6.952740
4865,100.152351,29.937151,14.709070,-6.957165
4866,100.162704,29.937101,15.708637,-6.961289
4867,100.173065,29.937048,16.708941,-6.965744
4868,100.183418,29.936996,17.708511,-6.969899
4869,100.193779,29.936941,18.708818,-6.974386
4870,100.204132,29.936888,19.708389,-6.978571
4871,100.214493,29.936832,20.708698,-6.982877
4872,100.224846,29.936777,21.708271,-6.987094
4873,100.235207,29.936720,22.708584,-6.991430
4874,100.245567,29.936663,23.708897,-6.995676
4875,100.255920,29.936604,24.708473,-7.000044
4876,100.266281,29.936544,25.708788,-7.004321
4877,100.276634,29.936483,26.708366,-7.008721
4878,100.286995,29.936422,27.708683,-7.013028
4879,100.297348,29.936361,28.708265,-7.017247
4880,100.307709,29.936298,29.708586,-7.021585
4881,100.318062,29.936235,30.708170,-7.025835
4882,100.328423,29.936171,31.708492,-7.030204
4883,100.338776,29.936106,32.708080,-7.034484
4884,100.349136,29.936041,33.708401,-7.038672
4885,100.359497,29.935974,34.708729,-7.042982
4886,100.369850,29.935907,35.708321,-7.047203
4887,100.380211,29.935839,36.708649,-7.051542
4888,100.390564,29.935770,37.708241,-7.055794
4889,100.400925,29.935699,38.708572,-7.060165
4890,100.411278,29.935629,39.708172,-7.064448
4891,100.421638,29.935558,40.708504,-7.068638
4892,100.431992,29.935486,41.708107,-7.072952
4893,100.442352,29.935413,42.708443,-7.077172
4894,100.452705,29.935339,43.708042,-7.081517
4895,100.463066,29.935265,44.708382,-7.085768
4896,100.473419,29.935190,45.707989,-7.089932
4897,100.483780,29.935114,46.708332,-7.094214
4898,100.494133,29.935036,47.707943,-7.098620
4899,100.504494,29.934958,48.708286,-7.102933
4900,99.499817,29.947773,-48.285912,-5.684143
4901,99.510178,29.947773,-47.285732,-5.688461
4902,99.520538,29.947771,-46.285549,-5.692900
4903,99.530891,29.947769,-45.286106,-5.697246
4904,99.541252,29.947767,-44.285927,-5.701505
4905,99.551613,29.947763,-43.285744,-5.705884
4906,99.561974,29.947758,-42.285561,-5.710385
4907,99.572327,29.947754,-41.286118,-5.714581
4908,99.582687,29.947746,-40.285938,-5.719113
4909,99.593048,29.947741,-39.285755,-5.723342
4910,99.603409,29.947733,-38.285576,-5.727693
4911,99.613762,29.947723,-37.286129,-5.732162
4912,99.624123,29.947716,-36.285946,-5.736332
4913,99.634483,29.947704,-35.285767,-5.740834
4914,99.644836,29.947695,-34.286320,-5.745033
4915,99.655197,29.947681,-33.286137,-5.749567
4916,99.665558,29.947670,-32.285954,-5.753798
4917,99.675919,29.947657,-31.285770,-5.758150
4918,99.686272,29.947641,-30.286324,-5.762621
4919,99.696632,29.947628,-29.286140,-5.766793
4920,99.706993,29.947611,-28.285957,-5.771297
4921,99.717354,29.947596,-27.285772,-5.775500
4922,99.727707,29.947578,-26.286324,-5.779821
4923,99.738068,29.947559,-25.286139,-5.784266
4924,99.748428,29.947540,-24.285954,-5.788620
4925,99.758781,29.947521,-23.286505,-5.792882
4926,99.769142,29.947500,-22.286318,-5.797267
4927,99.779503,29.947479,-21.286131,-5.801562
4928,99.789864,29.947456,-20.285946,-5.805977
4929,99.800217,29.947433,-19.286493,-5.810301
4930,99.810577,29.947411,-18.286306,-5.814536
4931,99.820938,29.947386,-17.286118,-5.818892
4932,99.831291,29.947361,-16.286665,-5.823156
4933,99.841652,29.947334,-15.286475,-5.827543
4934,99.852013,29.947308,-14.286286,-5.831840
4935,99.862373,29.947279,-13.286096,-5.836257
4936,99.872726,29.947250,-12.286640,-5.840582
4937,99.883087,29.947222,-11.286449,-5.844820
4938,99.893448,29.947191,-10.286257,-5.849177
4939,99.903801,29.947159,-9.286800,-5.853655
4940,99.914162,29.947128,-8.286608,-5.857832
4941,99.924522,29.947096,-7.286413,-5.862130
4942,99.934883,29.947062,-6.286218,-5.866549
4943,99.945236,29.947027,-5.286759,-5.870877
4944,99.955597,29.946993,-4.286563,-5.875116
4945,99.965958,29.946957,-3.286366,-5.879475
4946,99.976311,29.946920,-2.286905,-5.883744
4947,99.986671,29.946882,-1.286707,-5.888134
4948,99.997032,29.946844,-0.286508,-5.892434
4949,100.007393,29.946804,0.713692,-5.896854
4950,100.017746,29.946764,1.713156,-5.901185
4951,100.028107,29.946724,2.713358,-5.905425
4952,100.038467,29.946682,3.713560,-5.909786
4953,100.048820,29.946640,4.713027,-5.914057
4954,100.059181,29.946598,5.713231,-5.918238
4955,100.069542,29.946552,6.713436,-5.922750
4956,100.079895,29.946508,7.712905,-5.926962
4957,100.090256,29.946463,8.713111,-5.931294
4958,100.100616,29.946417,9.713319,-5.935536
4959,100.110977,29.946369,10.713528,-5.939899
4960,100.121330,29.946321,11.713000,-5.944172
4961,100.131691,29.946272,12.713211,-5.948566
4962,100.142052,29.946222,13.713422,-5.952869
4963,100.152405,29.946173,14.712898,-5.957083
4964,100.162766,29.946121,15.713111,-5.961417
4965,100.173126,29.946070,16.713326,-5.965661
4966,100.183479,29.946016,17.712805,-5.970026
4967,100.193840,29.945963,18.713022,-5.974301
4968,100.204201,29.945908,19.713240,-5.978696
4969,100.214554,29.945852,20.712721,-5.983003
4970,100.224915,29.945797,21.712942,-5.987217
4971,100.235275,29.945740,22.713161,-5.991553
4972,100.245628,29.945683,23.712648,-5.995800
4973,100.255989,29.945623,24.712872,-6.000166
4974,100.266350,29.945564,25.713097,-6.004442
4975,100.276703,29.945505,26.712584,-6.008629
4976,100.287064,29.945444,27.712811,-6.012936
4977,100.297424,29.945381,28.713039,-6.017364
4978,100.307777,29.945320,29.712534,-6.021492
4979,100.318138,29.945257,30.712763,-6.025739
4980,100.328499,29.945192,31.712994,-6.030107
4981,100.338852,29.945127,32.712494,-6.034387
4982,100.349213,29.945061,33.712727,-6.038786
4983,100.359573,29.944994,34.712959,-6.043095
4984,100.369926,29.944927,35.712460,-6.047315
4985,100.380287,29.944859,36.712704,-6.051654
4986,100.390648,29.944790,37.712940,-6.055903
4987,100.401001,29.944721,38.712444,-6.060064
4988,100.411362,29.944651,39.712688,-6.064344
4989,100.421722,29.944578,40.712933,-6.068745
4990,100.432076,29.944506,41.712440,-6.073058
4991,100.442436,29.944433,42.712688,-6.077277
4992,100.452789,29.944359,43.712200,-6.081621
4993,100.463150,29.944284,44.712448,-6.085872
4994,100.473511,29.944210,45.712700,-6.090032
4995,100.483864,29.944134,46.712219,-6.094316
4996,100.494225,29.944056,47.712471,-6.098719
4997,100.504585,29.943979,48.712727,-6.102820
4998,99.499817,29.956795,-48.281551,-4.684065
4999,99.510178,29.956793,-47.281460,-4.688595
5000,99.520538,29.956793,-46.281372,-4.692823
5001,99.530899,29.956791,-45.281277,-4.697172
5002,99.541260,29.956787,-44.281189,-4.701642
5003,99.551620,29.956783,-43.281097,-4.706022
5004,99.561974,29.956779,-42.281742,-4.710308
5005,99.572334,29.956774,-41.281651,-4.714719
5006,99.582695,29.956768,-40.281563,-4.719038
5007,99.593056,29.956760,-39.281471,-4.723479
5008,99.603416,29.956753,-38.281380,-4.727830
5009,99.613777,29.956745,-37.281288,-4.732090
5010,99.624130,29.956736,-36.281933,-4.736469
5011,99.634491,29.956726,-35.281841,-4.740760
5012,99.644852,29.956715,-34.281750,-4.745173
5013,99.655212,29.956703,-33.281654,-4.749494
5014,99.665573,29.956690,-32.281563,-4.753936
5015,99.675934,29.956676,-31.281473,-4.758289
5016,99.686295,29.956663,-30.281380,-4.762551
5017,99.696648,29.956648,-29.282024,-4.766932
5018,99.707008,29.956633,-28.281929,-4.771224
5019,99.717369,29.956615,-27.281836,-4.775638
5020,99.727730,29.956598,-26.281740,-4.779962
5021,99.738091,29.956581,-25.281647,-4.784194
5022,99.748451,29.956562,-24.281551,-4.788548
5023,99.758804,29.956541,-23.282192,-4.793022
5024,99.769165,29.956522,-22.282095,-4.797195
5025,99.779526,29.956499,-21.282000,-4.801701
5026,99.789886,29.956478,-20.281904,-4.805905
5027,99.800247,29.956455,-19.281807,-4.810229
5028,99.810608,29.956430,-18.281710,-4.814676
5029,99.820969,29.956406,-17.281610,-4.819031
5030,99.831322,29.956381,-16.282249,-4.823296
5031,99.841682,29.956354,-15.282149,-4.827682
5032,99.852043,29.956327,-14.282050,-4.831978
5033,99.862404,29.956301,-13.281949,-4.836184
5034,99.872765,29.956272,-12.281849,-4.840510
5035,99.883125,29.956242,-11.281748,-4.844958
5036,99.893478,29.956211,-10.282383,-4.849315
5037,99.903839,29.956181,-9.282279,-4.853581
5038,99.914200,29.956148,-8.282177,-4.857970
5039,99.924561,29.956116,-7.282073,-4.862267
5040,99.934921,29.956083,-6.281968,-4.866475
5041,99.945282,29.956049,-5.281863,-4.870803
5042,99.955635,29.956013,-4.282494,-4.875252
5043,99.965996,29.955976,-3.282387,-4.879611
5044,99.976357,29.955940,-2.282280,-4.883879
5045,99.986717,29.955904,-1.282172,-4.888058
5046,99.997078,29.955864,-0.282063,-4.892569
5047,100.007439,29.955826,0.718046,-4.896778
5048,100.017792,29.955786,1.717420,-4.901108
5049,100.028152,29.955746,2.717531,-4.905347
5050,100.038513,29.955704,3.717643,-4.909708
5051,100.048874,29.955662,4.717756,-4.913979
5052,100.059235,29.955618,5.717870,-4.918370
5053,100.069588,29.955574,6.717248,-4.922671
5054,100.079948,29.955530,7.717363,-4.926882
5055,100.090309,29.955484,8.717480,-4.931214
5056,100.100670,29.955437,9.717597,-4.935667
5057,100.111031,29.955391,10.717715,-4.939817
5058,100.121391,29.955341,11.717834,-4.944301
5059,100.131744,29.955294,12.717217,-4.948483
5060,100.142105,29.955244,13.717339,-4.952786
5061,100.152466,29.955193,14.717461,-4.957210
5062,100.162827,29.955143,15.717584,-4.961332
5063,100.173187,29.955090,16.717709,-4.965786
5064,100.183540,29.955038,17.717098,-4.969941
5065,100.193901,29.954983,18.717222,-4.974426
5066,100.204262,29.954929,19.717352,-4.978609
5067,100.214622,29.954874,20.717478,-4.982913
5068,100.224983,29.954819,21.717609,-4.987127
5069,100.235336,29.954762,22.717003,-4.991464
5070,100.245697,29.954702,23.717134,-4.995920
5071,100.256058,29.954645,24.717268,-5.000075
5072,100.266418,29.954586,25.717402,-5.004350
5073,100.276779,29.954525,26.717537,-5.008747
5074,100.287132,29.954464,27.716938,-5.013055
5075,100.297493,29.954403,28.717073,-5.017271
5076,100.307854,29.954340,29.717215,-5.021607
5077,100.318214,29.954277,30.717354,-5.025854
5078,100.328568,29.954212,31.716761,-5.030223
5079,100.338928,29.954147,32.716904,-5.034501
5080,100.349289,29.954082,33.717049,-5.038688
5081,100.359650,29.954016,34.717190,-5.042995
5082,100.370010,29.953949,35.717339,-5.047213
5083,100.380363,29.953880,36.716751,-5.051554
5084,100.390724,29.953812,37.716900,-5.055802
5085,100.401085,29.953741,38.717052,-5.060171
5086,100.411446,29.953671,39.717201,-5.064450
5087,100.421799,29.953600,40.716621,-5.068641
5088,100.432159,29.953527,41.716778,-5.072951
5089,100.442520,29.953453,42.716934,-5.077381
5090,100.452881,29.953381,43.717091,-5.081510
5091,100.463234,29.953306,44.716511,-5.085763
5092,100.473595,29.953230,45.716675,-5.090134
5093,100.483955,29.953154,46.716835,-5.094415
5094,100.494316,29.953077,47.716999,-5.098605
5095,100.504669,29.952999,48.716431,-5.102919
5096,99.499817,29.965815,-48.277187,-3.684199
5097,99.510178,29.965815,-47.277187,-3.688517
5098,99.520538,29.965813,-46.277187,-3.692956
5099,99.530899,29.965811,-45.277187,-3.697305
5100,99.541260,29.965809,-44.277187,-3.701564
5101,99.551620,29.965805,-43.277187,-3.705944
5102,99.561981,29.965801,-42.277187,-3.710233
5103,99.572342,29.965796,-41.277187,-3.714643
5104,99.582703,29.965790,-40.277187,-3.718963
5105,99.593063,29.965782,-39.277187,-3.723404
5106,99.603424,29.965775,-38.277184,-3.727755
5107,99.613785,29.965767,-37.277184,-3.732015
5108,99.624146,29.965757,-36.277184,-3.736396
5109,99.634506,29.965746,-35.277184,-3.740898
5110,99.644867,29.965736,-34.277180,-3.745099
5111,99.655228,29.965725,-33.277180,-3.749420
5112,99.665588,29.965712,-32.277176,-3.753863
5113,99.675949,29.965698,-31.277174,-3.758215
5114,99.686310,29.965685,-30.277170,-3.762476
5115,99.696671,29.965670,-29.277168,-3.766859
5116,99.707031,29.965654,-28.277164,-3.771152
5117,99.717392,29.965637,-27.277163,-3.775565
5118,99.727753,29.965620,-26.277159,-3.779888
5119,99.738113,29.965601,-25.277153,-3.784333
5120,99.748474,29.965582,-24.277149,-3.788687
5121,99.758835,29.965563,-23.277143,-3.792950
5122,99.769196,29.965542,-22.277138,-3.797334
5123,99.779549,29.965521,-21.277868,-3.801627
5124,99.789909,29.965498,-20.277863,-3.806042
5125,99.800270,29.965475,-19.277855,-3.810367
5126,99.810631,29.965452,-18.277847,-3.814601
5127,99.820992,29.965427,-17.277840,-3.818957
5128,99.831352,29.965403,-16.277832,-3.823222
5129,99.841713,29.965376,-15.277823,-3.827608
5130,99.852074,29.965349,-14.277815,-3.831903
5131,99.862434,29.965321,-13.277804,-3.836320
5132,99.872795,29.965292,-12.277794,-3.840647
5133,99.883156,29.965263,-11.277783,-3.844883
5134,99.893517,29.965233,-10.277772,-3.849240
5135,99.903877,29.965202,-9.277759,-3.853507
5136,99.914238,29.965170,-8.277746,-3.857894
5137,99.924599,29.965137,-7.277733,-3.862192
5138,99.934959,29.965103,-6.277719,-3.866610
5139,99.945320,29.965069,-5.277704,-3.870938
5140,99.955681,29.965034,-4.277689,-3.875175
5141,99.966042,29.964998,-3.277672,-3.879534
5142,99.976402,29.964962,-2.277656,-3.883802
5143,99.986763,29.964924,-1.277638,-3.888192
5144,99.997124,29.964886,-0.277619,-3.892491
5145,100.007484,29.964848,0.722400,-3.896699
5146,100.017838,29.964808,1.721684,-3.901029
5147,100.028198,29.964766,2.721704,-3.905480
5148,100.038559,29.964724,3.721726,-3.909840
5149,100.048920,29.964682,4.721748,-3.914110
5150,100.059280,29.964640,5.721772,-3.918290
5151,100.069641,29.964596,6.721796,-3.922590
5152,100.080002,29.964550,7.721821,-3.927012
5153,100.090363,29.964504,8.721847,-3.931343
5154,100.100723,29.964458,9.721874,-3.935584
5155,100.111084,29.964411,10.721901,-3.939946
5156,100.121445,29.964363,11.721931,-3.944218
5157,100.131805,29.964314,12.721960,-3.948610
5158,100.142166,29.964264,13.721992,-3.952913
5159,100.152527,29.964214,14.722022,-3.957124
5160,100.162888,29.964163,15.722055,-3.961457
5161,100.173241,29.964111,16.721354,-3.965701
5162,100.183601,29.964058,17.721388,-3.970064
5163,100.193962,29.964005,18.721424,-3.974338
5164,100.204323,29.963949,19.721460,-3.978732
5165,100.214684,29.963894,20.721500,-3.983036
5166,100.225044,29.963839,21.721539,-3.987250
5167,100.235405,29.963781,22.721579,-3.991584
5168,100.245766,29.963724,23.721619,-3.995828
5169,100.256126,29.963665,24.721663,-4.000194
5170,100.266487,29.963606,25.721706,-4.004468
5171,100.276848,29.963547,26.721752,-4.008653
5172,100.287209,29.963486,27.721796,-4.012958
5173,100.297562,29.963423,28.721109,-4.017387
5174,100.307922,29.963362,29.721159,-4.021512
5175,100.318283,29.963297,30.721207,-4.025969
5176,100.328644,29.963234,31.721258,-4.030125
5177,100.339005,29.963169,32.721310,-4.034401
5178,100.349365,29.963102,33.721363,-4.038799
5179,100.359726,29.963036,34.721420,-4.043106
5180,100.370087,29.962969,35.721478,-4.047322
5181,100.380447,29.962900,36.721535,-4.051661
5182,100.390808,29.962831,37.721592,-4.055908
5183,100.401161,29.962761,38.720917,-4.060279
5184,100.411522,29.962690,39.720982,-4.064557
5185,100.421883,29.962620,40.721043,-4.068745
5186,100.432243,29.962547,41.721107,-4.073054
5187,100.442604,29.962475,42.721176,-4.077272
5188,100.452965,29.962400,43.721241,-4.081612
5189,100.463326,29.962326,44.721313,-4.085861
5190,100.473686,29.962250,45.721382,-4.090231
5191,100.484047,29.962173,46.721458,-4.094511
5192,100.494400,29.962097,47.720795,-4.098703
5193,100.504761,29.962019,48.720867,-4.103014
5194,99.499817,29.974836,-48.272827,-2.684119
5195,99.510178,29.974836,-47.272919,-2.688437
5196,99.520538,29.974834,-46.273006,-2.692877
5197,99.530907,29.974833,-45.272358,-2.697229
5198,99.541267,29.974829,-44.272453,-2.701699
5199,99.551628,29.974827,-43.272545,-2.705867
5200,99.561989,29.974821,-42.272633,-2.710368
5201,99.572350,29.974815,-41.272724,-2.714778
5202,99.582710,29.974810,-40.272812,-2.719098
5203,99.593071,29.974804,-39.272903,-2.723327
5204,99.603432,29.974796,-38.272987,-2.727678
5205,99.613792,29.974787,-37.273079,-2.732149
5206,99.624153,29.974777,-36.273167,-2.736530
5207,99.634521,29.974768,-35.272518,-2.740824
5208,99.644882,29.974756,-34.272610,-2.745235
5209,99.655243,29.974745,-33.272697,-2.749556
5210,99.665604,29.974733,-32.272789,-2.753788
5211,99.675964,29.974720,-31.272875,-2.758139
5212,99.686325,29.974705,-30.272963,-2.762613
5213,99.696686,29.974691,-29.273048,-2.766784
5214,99.707047,29.974674,-28.273136,-2.771288
5215,99.717407,29.974659,-27.273224,-2.775490
5216,99.727768,29.974642,-26.273310,-2.779813
5217,99.738129,29.974623,-25.273396,-2.784257
5218,99.748497,29.974604,-24.272747,-2.788612
5219,99.758858,29.974585,-23.272831,-2.792875
5220,99.769218,29.974564,-22.272917,-2.797259
5221,99.779579,29.974543,-21.273001,-2.801553
5222,99.789940,29.974520,-20.273085,-2.805968
5223,99.800301,29.974497,-19.273169,-2.810292
5224,99.810661,29.974474,-18.273252,-2.814527
5225,99.821022,29.974449,-17.273335,-2.818882
5226,99.831383,29.974422,-16.273417,-2.823358
5227,99.841743,29.974398,-15.273498,-2.827533
5228,99.852104,29.974369,-14.273579,-2.832039
5229,99.862465,29.974342,-13.273659,-2.836244
5230,99.872833,29.974314,-12.273003,-2.840571
5231,99.883194,29.974283,-11.273083,-2.845019
5232,99.893555,29.974253,-10.273161,-2.849375
5233,99.903915,29.974222,-9.273239,-2.853642
5234,99.914276,29.974190,-8.273317,-2.858029
5235,99.924637,29.974157,-7.273394,-2.862326
5236,99.934998,29.974125,-6.273470,-2.866533
5237,99.945358,29.974091,-5.273545,-2.870860
5238,99.955719,29.974054,-4.273621,-2.875309
5239,99.966080,29.974020,-3.273695,-2.879456
5240,99.976440,29.973982,-2.273768,-2.883935
5241,99.986801,29.973946,-1.273841,-2.888113
5242,99.997162,29.973907,-0.273913,-2.892411
5243,100.007523,29.973867,0.726016,-2.896831
5244,100.017891,29.973827,1.726682,-2.901160
5245,100.028252,29.973787,2.726613,-2.905399
5246,100.038612,29.973745,3.726544,-2.909759
5247,100.048973,29.973703,4.726476,-2.914029
5248,100.059334,29.973660,5.726409,-2.918419
5249,100.069695,29.973616,6.726343,-2.922719
5250,100.080055,29.973572,7.726277,-2.926929
5251,100.090416,29.973526,8.726213,-2.931260
5252,100.100777,29.973478,9.726150,-2.935712
5253,100.111137,29.973433,10.726087,-2.939862
5254,100.121498,29.973383,11.726026,-2.944344
5255,100.131859,29.973335,12.725965,-2.948525
5256,100.142220,29.973286,13.725905,-2.952827
5257,100.152580,29.973234,14.725846,-2.957250
5258,100.162941,29.973183,15.725790,-2.961582
5259,100.173302,29.973131,16.725733,-2.965824
5260,100.183662,29.973078,17.725677,-2.970187
5261,100.194031,29.973024,18.726360,-2.974459
5262,100.204391,29.972971,19.726307,-2.978641
5263,100.214752,29.972916,20.726254,-2.982944
5264,100.225113,29.972858,21.726204,-2.987369
5265,100.235474,29.972803,22.726152,-2.991491
5266,100.245834,29.972744,23.726103,-2.995946
5267,100.256195,29.972687,24.726057,-3.000100
5268,100.266556,29.972628,25.726009,-3.004374
5269,100.276917,29.972567,26.725965,-3.008769
5270,100.287277,29.972506,27.725920,-3.013074
5271,100.297638,29.972445,28.725878,-3.017289
5272,100.307999,29.972382,29.725836,-3.021624
5273,100.318359,29.972319,30.725796,-3.025869
5274,100.328720,29.972254,31.725756,-3.030236
5275,100.339081,29.972189,32.725719,-3.034512
5276,100.349442,29.972124,33.725681,-3.038697
5277,100.359802,29.972057,34.725643,-3.043003
5278,100.370163,29.971989,35.725613,-3.047431
5279,100.380524,29.971922,36.725578,-3.051557
5280,100.390884,29.971851,37.725552,-3.056015
5281,100.401245,29.971783,38.725521,-3.060171
5282,100.411606,29.971712,39.725491,-3.064449
5283,100.421967,29.971640,40.725464,-3.068847
5284,100.432327,29.971567,41.725437,-3.073155
5285,100.442688,29.971495,42.725414,-3.077373
5286,100.453049,29.971420,43.725391,-3.081712
5287,100.463409,29.971346,44.725372,-3.085961
5288,100.473770,29.971272,45.725353,-3.090119
5289,100.484131,29.971195,46.725330,-3.094398
5290,100.494492,29.971117,47.725315,-3.098798
5291,100.504852,29.971039,48.725300,-3.103108
5292,99.499817,29.983856,-48.268463,-1.684250
5293,99.510185,29.983856,-47.267910,-1.688571
5294,99.520546,29.983856,-46.268089,-1.692799
5295,99.530907,29.983852,-45.268269,-1.697359
5296,99.541267,29.983850,-44.268448,-1.701618
5297,99.551628,29.983847,-43.268627,-1.705997
5298,99.561996,29.983843,-42.268074,-1.710289
5299,99.572357,29.983837,-41.268253,-1.714700
5300,99.582718,29.983831,-40.268433,-1.719019
5301,99.593079,29.983824,-39.268612,-1.723460
5302,99.603439,29.983816,-38.268795,-1.727811
5303,99.613808,29.983809,-37.268238,-1.732073
5304,99.624168,29.983799,-36.268417,-1.736454
5305,99.634529,29.983789,-35.268597,-1.740745
5306,99.644890,29.983778,-34.268776,-1.745157
5307,99.655258,29.983767,-33.268219,-1.749480
5308,99.665619,29.983753,-32.268398,-1.753922
5309,99.675980,29.983740,-31.268576,-1.758274
5310,99.686340,29.983727,-30.268753,-1.762536
5311,99.696701,29.983711,-29.268932,-1.766918
5312,99.707069,29.983696,-28.268373,-1.771212
5313,99.717430,29.983679,-27.268551,-1.775625
5314,99.727791,29.983662,-26.268726,-1.779948
5315,99.738152,29.983644,-25.268902,-1.784181
5316,99.748512,29.983625,-24.269079,-1.788534
5317,99.758881,29.983604,-23.268520,-1.793010
5318,99.769241,29.983583,-22.268696,-1.797394
5319,99.779602,29.983562,-21.268869,-1.801688
5320,99.789963,29.983541,-20.269043,-1.805891
5321,99.800323,29.983519,-19.269217,-1.810215
5322,99.810692,29.983494,-18.268654,-1.814662
5323,99.821053,29.983469,-17.268827,-1.819017
5324,99.831413,29.983444,-16.268999,-1.823282
5325,99.841774,29.983418,-15.269172,-1.827667
5326,99.852142,29.983391,-14.268607,-1.831963
5327,99.862503,29.983362,-13.268778,-1.836380
5328,99.872864,29.983334,-12.268950,-1.840705
5329,99.883224,29.983305,-11.269118,-1.844941
5330,99.893585,29.983274,-10.269288,-1.849297
5331,99.903954,29.983244,-9.268720,-1.853564
5332,99.914314,29.983212,-8.268888,-1.857951
5333,99.924675,29.983179,-7.269055,-1.862248
5334,99.935036,29.983145,-6.269222,-1.866665
5335,99.945396,29.983110,-5.269388,-1.870993
5336,99.955765,29.983076,-4.268817,-1.875230
5337,99.966125,29.983040,-3.268981,-1.879588
5338,99.976486,29.983004,-2.269145,-1.883855
5339,99.986847,29.982965,-1.269308,-1.888244
5340,99.997208,29.982927,-0.269470,-1.892542
5341,100.007568,29.982889,0.730368,-1.896750
5342,100.017937,29.982849,1.730944,-1.901079
5343,100.028297,29.982807,2.730784,-1.905529
5344,100.038658,29.982765,3.730625,-1.909888
5345,100.049019,29.982723,4.730466,-1.914157
5346,100.059380,29.982681,5.730309,-1.918336
5347,100.069748,29.982637,6.730889,-1.922635
5348,100.080109,29.982592,7.730733,-1.927056
5349,100.090469,29.982546,8.730578,-1.931386
5350,100.100830,29.982500,9.730425,-1.935627
5351,100.111191,29.982452,10.730271,-1.939988
5352,100.121552,29.982405,11.730120,-1.944258
5353,100.131920,29.982355,12.730705,-1.948649
5354,100.142281,29.982306,13.730556,-1.952950
5355,100.152641,29.982256,14.730406,-1.957161
5356,100.163002,29.982204,15.730258,-1.961493
5357,100.173363,29.982153,16.730112,-1.965735
5358,100.183731,29.982100,17.730701,-1.970096
5359,100.194092,29.982046,18.730556,-1.974368
5360,100.204453,29.981991,19.730413,-1.978761
5361,100.214813,29.981936,20.730272,-1.983064
5362,100.225174,29.981880,21.730129,-1.987276
5363,100.235535,29.981823,22.729988,-1.991610
5364,100.245903,29.981766,23.730585,-1.995851
5365,100.256264,29.981707,24.730448,-2.000216
5366,100.266624,29.981647,25.730310,-2.004489
5367,100.276985,29.981586,26.730175,-2.008884
5368,100.287346,29.981525,27.730042,-2.013188
5369,100.297707,29.981464,28.729908,-2.017402
5370,100.308067,29.981401,29.729774,-2.021737
5371,100.318436,29.981339,30.730381,-2.025980
5372,100.328796,29.981274,31.730251,-2.030345
5373,100.339157,29.981209,32.730122,-2.034621
5374,100.349518,29.981144,33.729996,-2.038805
5375,100.359879,29.981077,34.729870,-2.043111
5376,100.370239,29.981010,35.729748,-2.047327
5377,100.380600,29.980942,36.729626,-2.051663
5378,100.390968,29.980873,37.730240,-2.055907
5379,100.401329,29.980803,38.730118,-2.060274
5380,100.411690,29.980732,39.730000,-2.064551
5381,100.422050,29.980661,40.729881,-2.068737
5382,100.432411,29.980589,41.729767,-2.073045
5383,100.442772,29.980515,42.729652,-2.077473
5384,100.453133,29.980442,43.729538,-2.081600
5385,100.463493,29.980368,44.729431,-2.085847
5386,100.473862,29.980291,45.730053,-2.090213
5387,100.484222,29.980215,46.729946,-2.094491
5388,100.494583,29.980139,47.729839,-2.098679
5389,100.504944,29.980061,48.729733,-2.102988
5390,99.499817,29.992878,-48.264103,-0.684168
5391,99.510185,29.992878,-47.263634,-0.688489
5392,99.520546,29.992876,-46.263905,-0.692928
5393,99.530907,29.992874,-45.264175,-0.697277
5394,99.541275,29.992872,-44.263710,-0.701539
5395,99.551636,29.992868,-43.263981,-0.705918
5396,99.561996,29.992863,-42.264256,-0.710419
5397,99.572365,29.992859,-41.263790,-0.714620
5398,99.582726,29.992853,-40.264057,-0.718940
5399,99.593086,29.992846,-39.264328,-0.723381
5400,99.603455,29.992838,-38.263863,-0.727733
5401,99.613815,29.992828,-37.264133,-0.732205
5402,99.624176,29.992821,-36.264400,-0.736374
5403,99.634544,29.992809,-35.263939,-0.740879
5404,99.644905,29.992800,-34.264206,-0.745079
5405,99.655266,29.992786,-33.264477,-0.749611
5406,99.665634,29.992775,-32.264008,-0.753844
5407,99.675995,29.992762,-31.264277,-0.758196
5408,99.686356,29.992748,-30.264545,-0.762457
5409,99.696724,29.992733,-29.264076,-0.766842
5410,99.707085,29.992716,-28.264345,-0.771345
5411,99.717445,29.992701,-27.264612,-0.775547
5412,99.727814,29.992683,-26.264143,-0.779871
5413,99.738174,29.992664,-25.264410,-0.784315
5414,99.748535,29.992645,-24.264677,-0.788668
5415,99.758904,29.992626,-23.264208,-0.792933
5416,99.769264,29.992605,-22.264473,-0.797316
5417,99.779625,29.992584,-21.264738,-0.801610
5418,99.789993,29.992561,-20.264265,-0.806026
5419,99.800354,29.992538,-19.264532,-0.810350
5420,99.810715,29.992516,-18.264795,-0.814584
5421,99.821083,29.992491,-17.264322,-0.818939
5422,99.831444,29.992464,-16.264585,-0.823415
5423,99.841805,29.992439,-15.264847,-0.827589
5424,99.852173,29.992413,-14.264373,-0.831885
5425,99.862534,29.992384,-13.264634,-0.836301
5426,99.872894,29.992355,-12.264894,-0.840626
5427,99.883263,29.992325,-11.264419,-0.845074
5428,99.893623,29.992296,-10.264679,-0.849218
5429,99.903984,29.992264,-9.264937,-0.853696
5430,99.914352,29.992233,-8.264459,-0.857872
5431,99.924713,29.992199,-7.264717,-0.862379
5432,99.935074,29.992167,-6.264974,-0.866585
5433,99.945442,29.992132,-5.264494,-0.870913
5434,99.955803,29.992096,-4.264750,-0.875361
5435,99.966164,29.992062,-3.265005,-0.879507
5436,99.976532,29.992023,-2.264523,-0.883986
5437,99.986893,29.991987,-1.264776,-0.888162
5438,99.997253,29.991949,-0.265029,-0.892460
5439,100.007614,29.991909,0.734719,-0.896879
5440,100.017982,29.991869,1.735204,-0.901208
5441,100.028343,29.991829,2.734954,-0.905446
5442,100.038704,29.991787,3.734704,-0.909805
5443,100.049072,29.991745,4.735192,-0.914073
5444,100.059433,29.991701,5.734944,-0.918463
5445,100.069794,29.991657,6.734697,-0.922762
5446,100.080162,29.991613,7.735188,-0.926971
5447,100.090523,29.991568,8.734942,-0.931300
5448,100.100883,29.991520,9.734698,-0.935751
5449,100.111252,29.991474,10.735191,-0.939900
5450,100.121613,29.991425,11.734949,-0.944381
5451,100.131973,29.991377,12.734708,-0.948561
5452,100.142334,29.991327,13.734467,-0.952862
5453,100.152702,29.991276,14.734963,-0.957283
5454,100.163063,29.991224,15.734726,-0.961614
5455,100.173424,29.991173,16.734488,-0.965855
5456,100.183792,29.991119,17.734989,-0.970216
5457,100.194153,29.991066,18.734755,-0.974488
5458,100.204514,29.991013,19.734520,-0.978669
5459,100.214874,29.990957,20.734285,-0.982971
5460,100.225243,29.990900,21.734791,-0.987393
5461,100.235603,29.990843,22.734560,-0.991726
5462,100.245964,29.990786,23.734329,-0.995968
5463,100.256332,29.990726,24.734838,-1.000330
5464,100.266693,29.990667,25.734612,-1.004603
5465,100.277054,29.990608,26.734385,-1.008786
5466,100.287415,29.990547,27.734159,-1.013090
5467,100.297783,29.990484,28.734673,-1.017513
5468,100.308144,29.990423,29.734449,-1.021636
5469,100.318504,29.990358,30.734228,-1.026091
5470,100.328873,29.990295,31.734747,-1.030242
5471,100.339233,29.990231,32.734528,-1.034517
5472,100.349594,29.990164,33.734310,-1.038913
5473,100.359955,29.990097,34.734093,-1.043218
5474,100.370323,29.990030,35.734615,-1.047430
5475,100.380684,29.989962,36.734402,-1.051766
5476,100.391045,29.989893,37.734192,-1.056011
5477,100.401405,29.989822,38.733982,-1.060378
5478,100.411774,29.989752,39.734509,-1.064651
5479,100.422134,29.989681,40.734303,-1.068837
5480,100.432495,29.989609,41.734093,-1.073144
5481,100.442856,29.989536,42.733887,-1.077360
5482,100.453224,29.989462,43.734421,-1.081694
5483,100.463585,29.989388,44.734219,-1.085941
5484,100.473946,29.989311,45.734020,-1.090309
5485,100.484306,29.989235,46.733822,-1.094587
5486,100.494675,29.989159,47.734360,-1.098771
5487,100.505035,29.989080,48.734165,-1.103079
5488,99.499817,30.001900,-48.259735,0.315916
5489,99.510185,30.001898,-47.259361,0.311383
5490,99.520546,30.001898,-46.259724,0.307155
5491,99.530914,30.001896,-45.259346,0.302804
5492,99.541275,30.001892,-44.259708,0.298334
5493,99.551643,30.001888,-43.259331,0.293951
5494,99.562004,30.001884,-42.259697,0.289662
5495,99.572372,30.001879,-41.259319,0.285249
5496,99.582733,30.001873,-40.259678,0.280930
5497,99.593094,30.001867,-39.260044,0.276701
5498,99.603462,30.001858,-38.259666,0.272136
5499,99.613823,30.001850,-37.260029,0.267876
5500,99.624191,30.001841,-36.259651,0.263493
5501,99.634552,30.001831,-35.260014,0.259203
5502,99.644920,30.001820,-34.259636,0.254789
5503,99.655281,30.001808,-33.259995,0.250468
5504,99.665649,30.001797,-32.259617,0.246235
5505,99.676010,30.001783,-31.259977,0.241883
5506,99.686378,30.001768,-30.259600,0.237409
5507,99.696739,30.001753,-29.259958,0.233026
5508,99.707100,30.001738,-28.260317,0.228735
5509,99.717468,30.001720,-27.259939,0.224320
5510,99.727829,30.001703,-26.260298,0.219997
5511,99.738197,30.001686,-25.259918,0.215764
5512,99.748558,30.001667,-24.260273,0.211411
5513,99.758926,30.001646,-23.259895,0.206935
5514,99.769287,30.001627,-22.260250,0.202763
5515,99.779655,30.001604,-21.259871,0.198257
5516,99.790016,30.001583,-20.260225,0.194054
5517,99.800385,30.001560,-19.259844,0.189729
5518,99.810745,30.001535,-18.260199,0.185284
5519,99.821106,30.001511,-17.260553,0.180929
5520,99.831474,30.001486,-16.260168,0.176664
5521,99.841835,30.001459,-15.260523,0.172279
5522,99.852203,30.001432,-14.260139,0.167983
5523,99.862564,30.001404,-13.260490,0.163568
5524,99.872932,30.001375,-12.260105,0.159242
5525,99.883293,30.001347,-11.260456,0.155007
5526,99.893661,30.001316,-10.260069,0.150650
5527,99.904022,30.001286,-9.260419,0.146385
5528,99.914383,30.001253,-8.260768,0.141998
5529,99.924751,30.001221,-7.260379,0.137702
5530,99.935112,30.001186,-6.260727,0.133285
5531,99.945480,30.001152,-5.260337,0.128958
5532,99.955841,30.001118,-4.260684,0.124721
5533,99.966209,30.001081,-3.260293,0.120364
5534,99.976570,30.001045,-2.260638,0.116097
5535,99.986938,30.001007,-1.260245,0.111709
5536,99.997299,30.000969,-0.260588,0.107412
5537,100.007660,30.000931,0.739070,0.103205
5538,100.018028,30.000891,1.739464,0.098877
5539,100.028389,30.000849,2.739124,0.094428
5540,100.038757,30.000807,3.739520,0.090069
5541,100.049118,30.000765,4.739181,0.085801
5542,100.059486,30.000723,5.739579,0.081623
5543,100.069847,30.000679,6.739241,0.077325
5544,100.080208,30.000633,7.738905,0.072905
5545,100.090576,30.000587,8.739305,0.068576
5546,100.100937,30.000542,9.738971,0.064337
5547,100.111305,30.000494,10.739373,0.059977
5548,100.121666,30.000446,11.739041,0.055708
5549,100.132034,30.000397,12.739446,0.051318
5550,100.142395,30.000347,13.739114,0.047017
5551,100.152756,30.000298,14.738784,0.042808
5552,100.163124,30.000246,15.739192,0.038478
5553,100.173485,30.000195,16.738863,0.034237
5554,100.183853,30.000141,17.739273,0.029877
5555,100.194214,30.000088,18.738947,0.025606
5556,100.204575,30.000032,19.738623,0.021214
5557,100.214943,29.999977,20.739037,0.016913
5558,100.225304,29.999922,21.738714,0.012702
5559,100.235672,29.999865,22.739128,0.008371
5560,100.246033,29.999807,23.738808,0.004129
5561,100.256401,29.999748,24.739227,-0.000232
5562,100.266762,29.999689,25.738909,-0.004505
5563,100.277122,29.999628,26.738592,-0.008898
5564,100.287491,29.999567,27.739014,-0.013199
5565,100.297852,29.999506,28.738699,-0.017412
5566,100.308212,29.999443,29.738386,-0.021746
5567,100.318581,29.999380,30.738811,-0.025987
5568,100.328941,29.999315,31.738503,-0.030352
5569,100.339310,29.999250,32.738926,-0.034623
5570,100.349670,29.999186,33.738621,-0.038807
5571,100.360031,29.999119,34.738312,-0.043111
5572,100.370399,29.999050,35.738747,-0.047535
5573,100.380760,29.998983,36.738441,-0.051658
5574,100.391129,29.998913,37.738876,-0.056112
5575,100.401489,29.998844,38.738575,-0.060266
5576,100.411850,29.998774,39.738274,-0.064542
5577,100.422218,29.998701,40.738716,-0.068935
5578,100.432579,29.998629,41.738419,-0.073241
5579,100.442940,29.998556,42.738121,-0.077457
5580,100.453308,29.998482,43.738567,-0.081791
5581,100.463669,29.998407,44.738274,-0.086037
5582,100.474037,29.998333,45.738720,-0.090190
5583,100.484398,29.998255,46.738430,-0.094678
5584,100.494759,29.998178,47.738140,-0.098864
5585,100.505127,29.998100,48.738590,-0.103168
5586,99.499817,30.010920,-48.255371,1.315790
5587,99.510185,30.010920,-47.255085,1.311468
5588,99.520546,30.010918,-46.255539,1.307029
5589,99.530914,30.010916,-45.255253,1.302677
5590,99.541283,30.010914,-44.254971,1.298416
5591,99.551643,30.010910,-43.255421,1.294036
5592,99.562012,30.010906,-42.255138,1.289744
5593,99.572372,30.010900,-41.255585,1.285334
5594,99.582741,30.010895,-40.255302,1.281012
5595,99.593109,30.010887,-39.255020,1.276569
5596,99.603470,30.010880,-38.255470,1.272219
5597,99.613838,30.010872,-37.255184,1.267956
5598,99.624199,30.010862,-36.255634,1.263576
5599,99.634567,30.010851,-35.255348,1.259072
5600,99.644928,30.010841,-34.255802,1.254872
5601,99.655296,30.010830,-33.255512,1.250548
5602,99.665665,30.010817,-32.255230,1.246104
5603,99.676025,30.010803,-31.255678,1.241753
5604,99.686394,30.010790,-30.255390,1.237490
5605,99.696754,30.010775,-29.255840,1.233108
5606,99.707123,30.010759,-28.255552,1.228814
5607,99.717491,30.010742,-27.255264,1.224399
5608,99.727852,30.010725,-26.255713,1.220077
5609,99.738220,30.010706,-25.255424,1.215632
5610,99.748581,30.010687,-24.255871,1.211279
5611,99.758949,30.010668,-23.255583,1.207015
5612,99.769310,30.010647,-22.256029,1.202632
5613,99.779678,30.010626,-21.255739,1.198337
5614,99.790047,30.010603,-20.255449,1.193922
5615,99.800407,30.010580,-19.255894,1.189598
5616,99.810776,30.010557,-18.255602,1.185364
5617,99.821136,30.010532,-17.256046,1.181010
5618,99.831505,30.010508,-16.255754,1.176745
5619,99.841866,30.010481,-15.256197,1.172360
5620,99.852234,30.010454,-14.255904,1.168065
5621,99.862602,30.010426,-13.255610,1.163648
5622,99.872963,30.010397,-12.256052,1.159323
5623,99.883331,30.010368,-11.255756,1.155088
5624,99.893692,30.010338,-10.256197,1.150732
5625,99.904060,30.010305,-9.255901,1.146255
5626,99.914421,30.010275,-8.256340,1.142081
5627,99.924789,30.010242,-7.256042,1.137784
5628,99.935158,30.010208,-6.255744,1.133367
5629,99.945518,30.010174,-5.256182,1.129041
5630,99.955887,30.010139,-4.255882,1.124805
5631,99.966248,30.010103,-3.256318,1.120448
5632,99.976616,30.010065,-2.256016,1.115970
5633,99.986977,30.010029,-1.256451,1.111794
5634,99.997345,30.009991,-0.256148,1.107497
5635,100.007706,30.009951,0.743419,1.103078
5636,100.018074,30.009911,1.743723,1.098751
5637,100.028442,30.009871,2.744028,1.094514
5638,100.038803,30.009829,3.743598,1.090155
5639,100.049171,30.009787,4.743904,1.085888
5640,100.059532,30.009743,5.743475,1.081499
5641,100.069901,30.009699,6.743784,1.077201
5642,100.080261,30.009655,7.743358,1.072993
5643,100.090630,30.009609,8.743667,1.068665
5644,100.100990,30.009562,9.743242,1.064214
5645,100.111359,30.009514,10.743555,1.059856
5646,100.121719,30.009466,11.743132,1.055586
5647,100.132088,30.009418,12.743445,1.051408
5648,100.142456,30.009369,13.743760,1.047109
5649,100.152817,30.009317,14.743340,1.042689
5650,100.163185,30.009266,15.743657,1.038359
5651,100.173546,30.009214,16.743238,1.034119
5652,100.183914,30.009161,17.743559,1.029760
5653,100.194275,30.009108,18.743143,1.025489
5654,100.204643,30.009052,19.743464,1.021099
5655,100.215004,30.008997,20.743050,1.016798
5656,100.225372,30.008942,21.743374,1.012588
5657,100.235733,30.008884,22.742962,1.008256
5658,100.246101,30.008827,23.743288,1.004017
5659,100.256462,30.008768,24.742876,0.999654
5660,100.266830,30.008709,25.743206,0.995384
5661,100.277191,30.008650,26.742800,0.991203
5662,100.287560,30.008589,27.743130,0.986902
5663,100.297928,30.008526,28.743462,0.982480
5664,100.308289,30.008463,29.743059,0.978147
5665,100.318657,30.008400,30.743393,0.973907
5666,100.329018,30.008335,31.742992,0.969543
5667,100.339386,30.008270,32.743328,0.965272
5668,100.349747,30.008205,33.742931,0.961089
5669,100.360115,30.008139,34.743271,0.956787
5670,100.370476,30.008072,35.742874,0.952574
5671,100.380844,30.008003,36.743214,0.948242
5672,100.391205,30.007935,37.742825,0.943998
5673,100.401573,30.007864,38.743168,0.939635
5674,100.411934,30.007793,39.742779,0.935360
5675,100.422302,30.007721,40.743126,0.930968
5676,100.432663,30.007650,41.742737,0.926874
5677,100.443031,30.007576,42.743092,0.922450
5678,100.453392,30.007504,43.742702,0.918326
5679,100.463760,30.007427,44.743057,0.913872
5680,100.474121,30.007353,45.742676,0.909717
5681,100.484489,30.007277,46.743034,0.905444
5682,100.494850,30.007198,47.742657,0.901047
5683,100.505219,30.007120,48.743015,0.896744
5684,99.499817,30.019941,-48.251003,2.315876
5685,99.510185,30.019941,-47.250809,2.311555
5686,99.520554,30.019939,-46.250618,2.307112
5687,99.530914,30.019938,-45.251156,2.302764
5688,99.541283,30.019934,-44.250965,2.298291
5689,99.551651,30.019932,-43.250771,2.294120
5690,99.562019,30.019926,-42.250580,2.289617
5691,99.572380,30.019920,-41.251118,2.285207
5692,99.582748,30.019915,-40.250927,2.280885
5693,99.593117,30.019909,-39.250729,2.276653
5694,99.603477,30.019901,-38.251270,2.272302
5695,99.613846,30.019892,-37.251080,2.267829
5696,99.624214,30.019882,-36.250881,2.263446
5697,99.634575,30.019873,-35.251423,2.259156
5698,99.644943,30.019861,-34.251228,2.254742
5699,99.655312,30.019850,-33.251030,2.250419
5700,99.665680,30.019838,-32.250835,2.246186
5701,99.676041,30.019825,-31.251377,2.241835
5702,99.686409,30.019810,-30.251183,2.237360
5703,99.696777,30.019794,-29.250984,2.232977
5704,99.707138,30.019779,-28.251524,2.228685
5705,99.717506,30.019764,-27.251326,2.224482
5706,99.727875,30.019745,-26.251129,2.219947
5707,99.738235,30.019728,-25.251665,2.215715
5708,99.748604,30.019709,-24.251469,2.211361
5709,99.758972,30.019690,-23.251270,2.207097
5710,99.769341,30.019669,-22.251070,2.202712
5711,99.779701,30.019648,-21.251608,2.198419
5712,99.790070,30.019625,-20.251408,2.194004
5713,99.800438,30.019602,-19.251207,2.189679
5714,99.810799,30.019577,-18.251741,2.185235
5715,99.821167,30.019552,-17.251541,2.180880
5716,99.831535,30.019527,-16.251339,2.176615
5717,99.841896,30.019501,-15.251873,2.172231
5718,99.852264,30.019474,-14.251671,2.167936
5719,99.862633,30.019447,-13.251467,2.163731
5720,99.873001,30.019419,-12.251263,2.159405
5721,99.883362,30.019388,-11.251795,2.154960
5722,99.893730,30.019358,-10.251589,2.150604
5723,99.904099,30.019327,-9.251384,2.146338
5724,99.914459,30.019295,-8.251913,2.141953
5725,99.924828,30.019262,-7.251706,2.137657
5726,99.935196,30.019228,-6.251499,2.133240
5727,99.945557,30.019194,-5.252026,2.128914
5728,99.955925,30.019159,-4.251817,2.124678
5729,99.966293,30.019123,-3.251607,2.120321
5730,99.976654,30.019087,-2.252133,2.116055
5731,99.987022,30.019049,-1.251921,2.111668
5732,99.997391,30.019011,-0.251709,2.107371
5733,100.007751,30.018972,0.747768,2.103165
5734,100.018120,30.018932,1.747981,2.098838
5735,100.028488,30.018890,2.748196,2.094390
5736,100.038849,30.018848,3.747675,2.090032
5737,100.049217,30.018806,4.747891,2.085765
5738,100.059586,30.018764,5.748108,2.081588
5739,100.069946,30.018719,6.747590,2.077078
5740,100.080315,30.018675,7.747808,2.072871
5741,100.090683,30.018629,8.748029,2.068543
5742,100.101044,30.018583,9.747513,2.064305
5743,100.111412,30.018536,10.747734,2.059947
5744,100.121780,30.018488,11.747957,2.055679
5745,100.132141,30.018438,12.747444,2.051289
5746,100.142509,30.018389,13.747669,2.046991
5747,100.152878,30.018339,14.747893,2.042783
5748,100.163239,30.018288,15.747385,2.038453
5749,100.173607,30.018234,16.747612,2.034003
5750,100.183975,30.018183,17.747839,2.029855
5751,100.194336,30.018127,18.747334,2.025374
5752,100.204704,30.018074,19.747564,2.021195
5753,100.215073,30.018019,20.747797,2.016896
5754,100.225433,30.017962,21.747293,2.012475
5755,100.235802,30.017906,22.747528,2.008356
5756,100.246170,30.017847,23.747765,2.003906
5757,100.256531,30.017790,24.747263,1.999755
5758,100.266899,30.017729,25.747499,1.995274
5759,100.277267,30.017670,26.747738,1.991095
5760,100.287628,30.017609,27.747242,1.986793
5761,100.297997,30.017548,28.747484,1.982584
5762,100.308365,30.017485,29.747726,1.978253
5763,100.318726,30.017422,30.747234,1.974011
5764,100.329094,30.017357,31.747478,1.969650
5765,100.339455,30.017292,32.746990,1.965377
5766,100.349823,30.017225,33.747238,1.960986
5767,100.360191,30.017159,34.747486,1.956685
5768,100.370552,30.017092,35.747002,1.952472
5769,100.380920,30.017023,36.747250,1.948141
5770,100.391289,30.016954,37.747505,1.943900
5771,100.401649,30.016884,38.747025,1.939535
5772,100.412018,30.016813,39.747276,1.935264
5773,100.422379,30.016743,40.746799,1.931081
5774,100.432747,30.016670,41.747059,1.926779
5775,100.443115,30.016598,42.747318,1.922567
5776,100.453476,30.016523,43.746845,1.918232
5777,100.463844,30.016449,44.747105,1.913991
5778,100.474213,30.016373,45.747372,1.909628
5779,100.484573,30.016296,46.746902,1.905353
5780,100.494942,30.016220,47.747169,1.901171
5781,100.505302,30.016142,48.746704,1.896865
5782,99.499817,30.028961,-48.246635,3.315753
5783,99.510185,30.028961,-47.246536,3.311431
5784,99.520554,30.028961,-46.246429,3.307200
5785,99.530922,30.028957,-45.246326,3.302637
5786,99.541290,30.028955,-44.246223,3.298376
5787,99.551651,30.028952,-43.246857,3.293996
5788,99.562019,30.028948,-42.246754,3.289704
5789,99.572388,30.028942,-41.246647,3.285292
5790,99.582756,30.028936,-40.246548,3.280969
5791,99.593124,30.028929,-39.246441,3.276526
5792,99.603493,30.028921,-38.246342,3.272174
5793,99.613853,30.028913,-37.246967,3.267914
5794,99.624222,30.028904,-36.246868,3.263531
5795,99.634590,30.028894,-35.246761,3.259238
5796,99.644958,30.028883,-34.246655,3.254825
5797,99.655327,30.028872,-33.246552,3.250502
5798,99.665695,30.028858,-32.246449,3.246058
5799,99.676056,30.028845,-31.247076,3.241707
5800,99.686424,30.028831,-30.246971,3.237444
5801,99.696793,30.028816,-29.246864,3.233060
5802,99.707161,30.028801,-28.246758,3.228767
5803,99.717529,30.028784,-27.246653,3.224353
5804,99.727890,30.028767,-26.247282,3.220031
5805,99.738258,30.028748,-25.247173,3.215586
5806,99.748627,30.028730,-24.247066,3.211444
5807,99.758995,30.028709,-23.246960,3.206969
5808,99.769363,30.028688,-22.246849,3.202584
5809,99.779732,30.028667,-21.246740,3.198290
5810,99.790092,30.028645,-20.247368,3.193877
5811,99.800461,30.028622,-19.247257,3.189552
5812,99.810829,30.028599,-18.247147,3.185318
5813,99.821198,30.028574,-17.247038,3.180963
5814,99.831566,30.028549,-16.246925,3.176699
5815,99.841927,30.028522,-15.247549,3.172314
5816,99.852295,30.028496,-14.247437,3.168020
5817,99.862663,30.028467,-13.247324,3.163604
5818,99.873032,30.028439,-12.247211,3.159279
5819,99.883400,30.028410,-11.247097,3.155044
5820,99.893768,30.028379,-10.246982,3.150688
5821,99.904129,30.028347,-9.247602,3.146212
5822,99.914497,30.028316,-8.247486,3.142038
5823,99.924866,30.028284,-7.247370,3.137742
5824,99.935234,30.028250,-6.247253,3.133325
5825,99.945602,30.028215,-5.247135,3.128999
5826,99.955963,30.028181,-4.247753,3.124764
5827,99.966331,30.028145,-3.247633,3.120408
5828,99.976700,30.028107,-2.247513,3.115930
5829,99.987068,30.028070,-1.247392,3.111755
5830,99.997437,30.028032,-0.247271,3.107459
5831,100.007797,30.027992,0.752116,3.103041
5832,100.018166,30.027952,1.752239,3.098715
5833,100.028534,30.027912,2.752362,3.094478
5834,100.038902,30.027870,3.752487,3.090121
5835,100.049271,30.027828,4.752613,3.085854
5836,100.059631,30.027784,5.752003,3.081466
5837,100.070000,30.027740,6.752131,3.077169
5838,100.080368,30.027695,7.752259,3.072751
5839,100.090736,30.027651,8.752388,3.068635
5840,100.101105,30.027603,9.752519,3.064187
5841,100.111465,30.027555,10.751913,3.059828
5842,100.121834,30.027508,11.752045,3.055560
5843,100.132202,30.027460,12.752178,3.051383
5844,100.142570,30.027411,13.752312,3.047086
5845,100.152939,30.027359,14.752447,3.042666
5846,100.163300,30.027308,15.751846,3.038337
5847,100.173668,30.027256,16.751984,3.034099
5848,100.184036,30.027203,17.752121,3.029741
5849,100.194405,30.027149,18.752262,3.025472
5850,100.204765,30.027094,19.751665,3.021082
5851,100.215134,30.027039,20.751806,3.016783
5852,100.225502,30.026983,21.751949,3.012575
5853,100.235870,30.026926,22.752092,3.008246
5854,100.246239,30.026869,23.752235,3.004007
5855,100.256599,30.026810,24.751646,2.999646
5856,100.266968,30.026751,25.751793,2.995377
5857,100.277336,30.026690,26.751942,2.990987
5858,100.287704,30.026628,27.752092,2.986687
5859,100.298065,30.026567,28.751507,2.982476
5860,100.308434,30.026505,29.751657,2.978147
5861,100.318802,30.026442,30.751810,2.973907
5862,100.329170,30.026377,31.751965,2.969547
5863,100.339531,30.026312,32.751385,2.965275
5864,100.349899,30.026247,33.751541,2.961096
5865,100.360268,30.026180,34.751698,2.956795
5866,100.370636,30.026112,35.751858,2.952374
5867,100.380997,30.026043,36.751286,2.948041
5868,100.391365,30.025974,37.751450,2.943801
5869,100.401733,30.025906,38.751614,2.939651
5870,100.412102,30.025835,39.751778,2.935381
5871,100.422462,30.025763,40.751205,2.930986
5872,100.432831,30.025690,41.751373,2.926685
5873,100.443199,30.025618,42.751549,2.922475
5874,100.453568,30.025543,43.751717,2.918143
5875,100.463928,30.025469,44.751152,2.913899
5876,100.474297,30.025393,45.751328,2.909537
5877,100.484665,30.025316,46.751503,2.905266
5878,100.495033,30.025240,47.751678,2.901085
5879,100.505394,30.025162,48.751122,2.896780
5880,99.499817,30.037983,-48.242271,4.315842
5881,99.510185,30.037983,-47.242252,4.311521
5882,99.520554,30.037981,-46.242241,4.307078
5883,99.530922,30.037979,-45.242229,4.302726
5884,99.541290,30.037977,-44.242218,4.298465
5885,99.551659,30.037973,-43.242203,4.294083
5886,99.562027,30.037968,-42.242191,4.289579
5887,99.572395,30.037964,-41.242180,4.285378
5888,99.582764,30.037956,-40.242168,4.280845
5889,99.593132,30.037951,-39.242153,4.276613
5890,99.603500,30.037943,-38.242142,4.272260
5891,99.613869,30.037933,-37.242126,4.267787
5892,99.624237,30.037926,-36.242115,4.263615
5893,99.634605,30.037914,-35.242096,4.259112
5894,99.644974,30.037905,-34.242081,4.254910
5895,99.655342,30.037891,-33.242069,4.250375
5896,99.665703,30.037880,-32.242790,4.246146
5897,99.676071,30.037867,-31.242775,4.241792
5898,99.686440,30.037851,-30.242762,4.237318
5899,99.696808,30.037838,-29.242746,4.233146
5900,99.707176,30.037821,-28.242731,4.228641
5901,99.717545,30.037806,-27.242712,4.224439
5902,99.727913,30.037788,-26.242697,4.220115
5903,99.738281,30.037769,-25.242680,4.215671
5904,99.748650,30.037750,-24.242664,4.211317
5905,99.759018,30.037731,-23.242647,4.207053
5906,99.769386,30.037710,-22.242628,4.202669
5907,99.779755,30.037689,-21.242609,4.198375
5908,99.790123,30.037666,-20.242590,4.193960
5909,99.800491,30.037643,-19.242573,4.189636
5910,99.810860,30.037619,-18.242552,4.185190
5911,99.821228,30.037596,-17.242531,4.181047
5912,99.831596,30.037569,-16.242510,4.176572
5913,99.841965,30.037542,-15.242489,4.172187
5914,99.852325,30.037516,-14.243204,4.167893
5915,99.862694,30.037489,-13.243181,4.163690
5916,99.873062,30.037460,-12.243158,4.159364
5917,99.883430,30.037430,-11.243134,4.154919
5918,99.893799,30.037399,-10.243112,4.150563
5919,99.904167,30.037369,-9.243086,4.146298
5920,99.914536,30.037336,-8.243060,4.141912
5921,99.924904,30.037304,-7.243035,4.137617
5922,99.935272,30.037270,-6.243008,4.133201
5923,99.945641,30.037235,-5.242981,4.128875
5924,99.956009,30.037201,-4.242953,4.124640
5925,99.966377,30.037165,-3.242924,4.120284
5926,99.976746,30.037128,-2.242895,4.116019
5927,99.987114,30.037090,-1.242864,4.111632
5928,99.997475,30.037052,-0.243569,4.107336
5929,100.007843,30.037014,0.756463,4.103130
5930,100.018211,30.036974,1.756495,4.098804
5931,100.028580,30.036932,2.756529,4.094357
5932,100.038948,30.036890,3.756563,4.090000
5933,100.049316,30.036848,4.756598,4.085733
5934,100.059685,30.036806,5.756634,4.081558
5935,100.070053,30.036760,6.756670,4.077050
5936,100.080421,30.036716,7.756708,4.072844
5937,100.090790,30.036671,8.756747,4.068517
5938,100.101158,30.036625,9.756786,4.064280
5939,100.111526,30.036577,10.756827,4.059922
5940,100.121895,30.036530,11.756868,4.055655
5941,100.132256,30.036480,12.756175,4.051267
5942,100.142624,30.036430,13.756218,4.046969
5943,100.152992,30.036379,14.756263,4.042551
5944,100.163361,30.036329,15.756308,4.038435
5945,100.173729,30.036276,16.756353,4.033986
5946,100.184097,30.036222,17.756403,4.029627
5947,100.194466,30.036169,18.756451,4.025360
5948,100.204834,30.036116,19.756500,4.021183
5949,100.215202,30.036060,20.756550,4.016884
5950,100.225571,30.036003,21.756601,4.012465
5951,100.235931,30.035946,22.755920,4.008135
5952,100.246300,30.035889,23.755974,4.003897
5953,100.256668,30.035830,24.756029,3.999538
5954,100.267036,30.035770,25.756086,3.995270
5955,100.277405,30.035711,26.756142,3.991092
5956,100.287773,30.035650,27.756201,3.986793
5957,100.298141,30.035587,28.756262,3.982373
5958,100.308510,30.035524,29.756325,3.978044
5959,100.318878,30.035461,30.756386,3.973805
5960,100.329239,30.035398,31.755714,3.969655
5961,100.339607,30.035332,32.755779,3.965174
5962,100.349976,30.035267,33.755848,3.960995
5963,100.360344,30.035200,34.755913,3.956696
5964,100.370712,30.035133,35.755985,3.952487
5965,100.381081,30.035065,36.756054,3.948157
5966,100.391449,30.034996,37.756126,3.943917
5967,100.401817,30.034925,38.756199,3.939557
5968,100.412178,30.034855,39.755539,3.935284
5969,100.422546,30.034782,40.755611,3.930893
5970,100.432915,30.034710,41.755692,3.926593
5971,100.443283,30.034637,42.755768,3.922383
5972,100.453651,30.034563,43.755852,3.918052
5973,100.464020,30.034489,44.755932,3.913812
5974,100.474388,30.034414,45.756016,3.909662
5975,100.484749,30.034336,46.755367,3.905177
5976,100.495117,30.034260,47.755455,3.900997
5977,100.505486,30.034182,48.755539,3.896696
5978,99.499817,30.047005,-48.237900,5.315932
5979,99.510185,30.047003,-47.237976,5.311399
5980,99.520554,30.047003,-46.238056,5.307168
5981,99.530922,30.047001,-45.238132,5.302816
5982,99.541298,30.046997,-44.237476,5.298341
5983,99.551666,30.046993,-43.237556,5.293959
5984,99.562035,30.046989,-42.237633,5.289667
5985,99.572403,30.046984,-41.237705,5.285254
5986,99.582771,30.046978,-40.237785,5.280932
5987,99.593140,30.046970,-39.237862,5.276489
5988,99.603508,30.046963,-38.237942,5.272137
5989,99.613876,30.046955,-37.238018,5.267875
5990,99.624245,30.046946,-36.238094,5.263492
5991,99.634613,30.046936,-35.238171,5.259200
5992,99.644981,30.046925,-34.238247,5.254786
5993,99.655350,30.046913,-33.238323,5.250464
5994,99.665718,30.046900,-32.238400,5.246020
5995,99.676086,30.046886,-31.238476,5.241667
5996,99.686462,30.046873,-30.237814,5.237402
5997,99.696831,30.046858,-29.237890,5.233019
5998,99.707199,30.046843,-28.237965,5.228726
5999,99.717567,30.046825,-27.238039,5.224312
6000,99.727936,30.046808,-26.238113,5.219989
6001,99.738304,30.046791,-25.238188,5.215756
6002,99.748672,30.046772,-24.238260,5.211402
6003,99.759041,30.046751,-23.238335,5.206927
6004,99.769409,30.046730,-22.238407,5.202543
6005,99.779778,30.046709,-21.238478,5.198249
6006,99.790146,30.046688,-20.238550,5.194046
6007,99.800514,30.046665,-19.238621,5.189723
6008,99.810883,30.046640,-18.238693,5.185277
6009,99.821251,30.046616,-17.238764,5.180923
6010,99.831619,30.046591,-16.238832,5.176659
6011,99.841995,30.046564,-15.238166,5.172274
6012,99.852364,30.046537,-14.238235,5.167979
6013,99.862732,30.046509,-13.238303,5.163564
6014,99.873100,30.046480,-12.238371,5.159239
6015,99.883469,30.046452,-11.238438,5.155005
6016,99.893837,30.046421,-10.238503,5.150650
6017,99.904205,30.046389,-9.238570,5.146174
6018,99.914574,30.046358,-8.238636,5.142000
6019,99.924942,30.046326,-7.238700,5.137705
6020,99.935310,30.046291,-6.238764,5.133289
6021,99.945679,30.046257,-5.238827,5.128964
6022,99.956047,30.046223,-4.238890,5.124729
6023,99.966415,30.046186,-3.238951,5.120374
6024,99.976784,30.046148,-2.239012,5.115897
6025,99.987152,30.046112,-1.239073,5.111722
6026,99.997520,30.046074,-0.239132,5.107426
6027,100.007889,30.046034,0.760809,5.103010
6028,100.018257,30.045994,1.760751,5.098683
6029,100.028625,30.045954,2.760694,5.094448
6030,100.039001,30.045912,3.761373,5.090092
6031,100.049370,30.045870,4.761318,5.085826
6032,100.059738,30.045826,5.761263,5.081439
6033,100.070107,30.045782,6.761209,5.077143
6034,100.080475,30.045736,7.761156,5.072726
6035,100.090843,30.045691,8.761105,5.068399
6036,100.101212,30.045645,9.761054,5.064164
6037,100.111580,30.045597,10.761003,5.059806
6038,100.121948,30.045549,11.760954,5.055540
6039,100.132317,30.045500,12.760906,5.051152
6040,100.142685,30.045450,13.760859,5.046855
6041,100.153053,30.045401,14.760813,5.042649
6042,100.163422,30.045349,15.760768,5.038322
6043,100.173790,30.045298,16.760723,5.034085
6044,100.184158,30.045244,17.760679,5.029727
6045,100.194527,30.045191,18.760639,5.025460
6046,100.204895,30.045135,19.760597,5.021072
6047,100.215263,30.045080,20.760557,5.016774
6048,100.225632,30.045025,21.760519,5.012568
6049,100.236000,30.044968,22.760481,5.008239
6050,100.246368,30.044909,23.760445,5.003790
6051,100.256737,30.044851,24.760410,4.999643
6052,100.267105,30.044792,25.760374,4.995376
6053,100.277473,30.044731,26.760342,4.990987
6054,100.287842,30.044670,27.760311,4.986689
6055,100.298210,30.044609,28.760281,4.982481
6056,100.308578,30.044546,29.760252,4.978152
6057,100.318947,30.044483,30.760223,4.973914
6058,100.329315,30.044418,31.760197,4.969555
6059,100.339684,30.044353,32.760170,4.965286
6060,100.350052,30.044287,33.760147,4.960896
6061,100.360420,30.044220,34.760124,4.956598
6062,100.370789,30.044153,35.760101,4.952389
6063,100.381157,30.044085,36.760082,4.948060
6064,100.391525,30.044016,37.760067,4.943821
6065,100.401894,30.043945,38.760048,4.939461
6066,100.412262,30.043875,39.760033,4.935192
6067,100.422630,30.043804,40.760017,4.931013
6068,100.432999,30.043732,41.760002,4.926713
6069,100.443367,30.043657,42.759991,4.922293
6070,100.453735,30.043585,43.759983,4.918174
6071,100.464104,30.043509,44.759975,4.913723
6072,100.474472,30.043434,45.759968,4.909575
6073,100.484840,30.043358,46.759960,4.905305
6074,100.495209,30.043280,47.759956,4.900914
6075,100.505577,30.043201,48.759956,4.896613
6076,99.499817,30.056025,-48.233532,6.315813
6077,99.510185,30.056025,-47.233700,6.311491
6078,99.520561,30.056023,-46.233131,6.307046
6079,99.530930,30.056021,-45.233299,6.302694
6080,99.541298,30.056019,-44.233467,6.298433
6081,99.551666,30.056015,-43.233635,6.294050
6082,99.562035,30.056009,-42.233803,6.289547
6083,99.572411,30.056005,-41.233238,6.285344
6084,99.582779,30.056000,-40.233406,6.281022
6085,99.593147,30.055992,-39.233574,6.276578
6086,99.603516,30.055984,-38.233742,6.272226
6087,99.613884,30.055977,-37.233910,6.267964
6088,99.624260,30.055967,-36.233341,6.263579
6089,99.634628,30.055956,-35.233509,6.259076
6090,99.644997,30.055946,-34.233677,6.254874
6091,99.655365,30.055935,-33.233841,6.250551
6092,99.665733,30.055922,-32.234009,6.246108
6093,99.676109,30.055908,-31.233440,6.241753
6094,99.686478,30.055895,-30.233604,6.237490
6095,99.696846,30.055880,-29.233770,6.233107
6096,99.707214,30.055862,-28.233936,6.228602
6097,99.717583,30.055847,-27.234102,6.224401
6098,99.727959,30.055830,-26.233530,6.220075
6099,99.738327,30.055811,-25.233694,6.215631
6100,99.748695,30.055792,-24.233858,6.211278
6101,99.759064,30.055773,-23.234022,6.207015
6102,99.769432,30.055752,-22.234186,6.202631
6103,99.779800,30.055731,-21.234348,6.198337
6104,99.790176,30.055708,-20.233774,6.193922
6105,99.800545,30.055685,-19.233936,6.189598
6106,99.810913,30.055662,-18.234098,6.185364
6107,99.821281,30.055637,-17.234259,6.181010
6108,99.831650,30.055611,-16.234419,6.176535
6109,99.842026,30.055586,-15.233843,6.172361
6110,99.852394,30.055557,-14.234002,6.167855
6111,99.862762,30.055531,-13.234161,6.163652
6112,99.873131,30.055502,-12.234320,6.159328
6113,99.883499,30.055471,-11.234476,6.154882
6114,99.893867,30.055441,-10.234633,6.150528
6115,99.904243,30.055410,-9.234055,6.146263
6116,99.914612,30.055378,-8.234211,6.141878
6117,99.924980,30.055346,-7.234366,6.137583
6118,99.935349,30.055311,-6.234520,6.133167
6119,99.945717,30.055277,-5.234674,6.128842
6120,99.956093,30.055243,-4.234091,6.124608
6121,99.966461,30.055206,-3.234244,6.120253
6122,99.976830,30.055170,-2.234395,6.115987
6123,99.987198,30.055132,-1.234546,6.111601
6124,99.997566,30.055094,-0.234696,6.107306
6125,100.007935,30.055056,0.765154,6.103102
6126,100.018311,30.055016,1.765741,6.098776
6127,100.028679,30.054974,2.765594,6.094329
6128,100.039047,30.054932,3.765447,6.089973
6129,100.049416,30.054890,4.765301,6.085709
6130,100.059784,30.054846,5.765156,6.081322
6131,100.070152,30.054802,6.765011,6.077026
6132,100.080528,30.054758,7.765604,6.072821
6133,100.090897,30.054712,8.765461,6.068495
6134,100.101265,30.054665,9.765319,6.064048
6135,100.111633,30.054619,10.765179,6.059903
6136,100.122002,30.054569,11.765039,6.055425
6137,100.132370,30.054522,12.764900,6.051250
6138,100.142746,30.054472,13.765498,6.046955
6139,100.153114,30.054420,14.765362,6.042537
6140,100.163483,30.054369,15.765225,6.038210
6141,100.173851,30.054317,16.765091,6.033974
6142,100.184219,30.054264,17.764957,6.029617
6143,100.194588,30.054211,18.764824,6.025350
6144,100.204956,30.054157,19.764694,6.021174
6145,100.215332,30.054100,20.765299,6.016667
6146,100.225700,30.054045,21.765169,6.012460
6147,100.236069,30.053988,22.765041,6.008133
6148,100.246437,30.053930,23.764914,6.003896
6149,100.256805,30.053871,24.764790,5.999538
6150,100.267174,30.053812,25.764664,5.995271
6151,100.277542,30.053751,26.764542,5.990883
6152,100.287910,30.053690,27.764418,5.986585
6153,100.298286,30.053629,28.765034,5.982380
6154,100.308655,30.053566,29.764914,5.978052
6155,100.319023,30.053503,30.764795,5.973814
6156,100.329391,30.053438,31.764677,5.969456
6157,100.339760,30.053373,32.764561,5.965188
6158,100.350128,30.053308,33.764446,5.961011
6159,100.360497,30.053242,34.764332,5.956712
6160,100.370865,30.053173,35.764221,5.952293
6161,100.381241,30.053104,36.764847,5.947967
6162,100.391609,30.053036,37.764740,5.943728
6163,100.401978,30.052965,38.764629,5.939370
6164,100.412346,30.052895,39.764523,5.935101
6165,100.422714,30.052824,40.764420,5.930923
6166,100.433083,30.052752,41.764317,5.926624
6167,100.443451,30.052679,42.764214,5.922416
6168,100.453819,30.052605,43.764114,5.918087
6169,100.464188,30.052530,44.764011,5.913847
6170,100.474564,30.052454,45.764652,5.909491
6171,100.484932,30.052378,46.764553,5.905221
6172,100.495300,30.052299,47.764462,5.900832
6173,100.505669,30.052223,48.764366,5.896744
6174,99.499817,30.065046,-48.229160,7.315906
6175,99.510193,30.065044,-47.228683,7.311370
6176,99.520561,30.065044,-46.228943,7.307139
6177,99.530930,30.065042,-45.229202,7.302787
6178,99.541306,30.065039,-44.228725,7.298312
6179,99.551674,30.065035,-43.228985,7.293930
6180,99.562042,30.065031,-42.229240,7.289638
6181,99.572411,30.065025,-41.229500,7.285225
6182,99.582787,30.065020,-40.229023,7.280901
6183,99.593155,30.065014,-39.229282,7.276670
6184,99.603523,30.065006,-38.229542,7.272317
6185,99.613899,30.064997,-37.229061,7.267841
6186,99.624268,30.064987,-36.229321,7.263459
6187,99.634636,30.064978,-35.229580,7.259167
6188,99.645012,30.064966,-34.229103,7.254751
6189,99.655380,30.064955,-33.229359,7.250429
6190,99.665749,30.064941,-32.229618,7.245986
6191,99.676125,30.064930,-31.229137,7.241842
6192,99.686493,30.064915,-30.229395,7.237368
6193,99.696861,30.064899,-29.229650,7.232985
6194,99.707237,30.064884,-28.229170,7.228690
6195,99.717606,30.064867,-27.229425,7.224277
6196,99.727974,30.064850,-26.229681,7.219954
6197,99.738350,30.064833,-25.229200,7.215719
6198,99.748718,30.064814,-24.229456,7.211366
6199,99.759087,30.064793,-23.229710,7.206892
6200,99.769455,30.064774,-22.229963,7.202719
6201,99.779831,30.064751,-21.229481,7.198214
6202,99.790199,30.064730,-20.229734,7.194011
6203,99.800568,30.064707,-19.229986,7.189687
6204,99.810944,30.064682,-18.229502,7.185241
6205,99.821312,30.064657,-17.229753,7.180887
6206,99.831680,30.064632,-16.230005,7.176624
6207,99.842056,30.064606,-15.229521,7.172239
6208,99.852425,30.064579,-14.229771,7.167945
6209,99.862793,30.064550,-13.230020,7.163530
6210,99.873169,30.064522,-12.229532,7.159205
6211,99.883537,30.064493,-11.229781,7.154972
6212,99.893906,30.064463,-10.230028,7.150617
6213,99.904274,30.064430,-9.230275,7.146142
6214,99.914650,30.064400,-8.229786,7.141968
6215,99.925018,30.064367,-7.230032,7.137674
6216,99.935387,30.064333,-6.230277,7.133258
6217,99.945763,30.064299,-5.229785,7.128933
6218,99.956131,30.064264,-4.230029,7.124699
6219,99.966499,30.064228,-3.230272,7.120344
6220,99.976875,30.064190,-2.229779,7.115868
6221,99.987244,30.064154,-1.230020,7.111694
6222,99.997612,30.064116,-0.230261,7.107399
6223,100.007980,30.064075,0.769499,7.102984
6224,100.018356,30.064035,1.769995,7.098659
6225,100.028725,30.063995,2.769757,7.094424
6226,100.039093,30.063953,3.769520,7.090068
6227,100.049469,30.063911,4.770019,7.085804
6228,100.059837,30.063868,5.769783,7.081418
6229,100.070206,30.063824,6.769548,7.077123
6230,100.080574,30.063778,7.769314,7.072706
6231,100.090950,30.063732,8.769816,7.068381
6232,100.101318,30.063686,9.769584,7.064146
6233,100.111687,30.063639,10.769354,7.059790
6234,100.122063,30.063591,11.769858,7.055525
6235,100.132431,30.063541,12.769629,7.051138
6236,100.142799,30.063492,13.769401,7.046842
6237,100.153168,30.063442,14.769173,7.042637
6238,100.163544,30.063391,15.769683,7.038311
6239,100.173912,30.063337,16.769457,7.033864
6240,100.184280,30.063286,17.769232,7.029719
6241,100.194649,30.063231,18.769011,7.025242
6242,100.205025,30.063177,19.769524,7.021068
6243,100.215393,30.063122,20.769302,7.016771
6244,100.225761,30.063065,21.769085,7.012353
6245,100.236137,30.063009,22.769600,7.008240
6246,100.246506,30.062950,23.769382,7.003792
6247,100.256874,30.062891,24.769167,6.999434
6248,100.267242,30.062832,25.768951,6.995168
6249,100.277618,30.062773,26.769472,6.990993
6250,100.287987,30.062712,27.769260,6.986696
6251,100.298355,30.062649,28.769049,6.982278
6252,100.308723,30.062586,29.768837,6.977951
6253,100.319099,30.062523,30.769365,6.973716
6254,100.329468,30.062458,31.769156,6.969358
6255,100.339836,30.062393,32.768948,6.965091
6256,100.350204,30.062328,33.768745,6.960915
6257,100.360580,30.062262,34.769276,6.956619
6258,100.370949,30.062193,35.769073,6.952201
6259,100.381317,30.062126,36.768875,6.948084
6260,100.391685,30.062056,37.768677,6.943635
6261,100.402054,30.061987,38.768478,6.939488
6262,100.412430,30.061916,39.769016,6.935223
6263,100.422798,30.061844,40.768822,6.930834
6264,100.433167,30.061771,41.768623,6.926536
6265,100.443535,30.061699,42.768433,6.922328
6266,100.453911,30.061625,43.768978,6.918003
6267,100.464279,30.061550,44.768784,6.913764
6268,100.474648,30.061474,45.768597,6.909406
6269,100.485016,30.061398,46.768414,6.905137
6270,100.495392,30.061321,47.768959,6.900963
6271,100.505760,30.061243,48.768776,6.896664
6272,99.499817,30.074066,-48.224789,8.315789
6273,99.510193,30.074066,-47.224403,8.311465
6274,99.520561,30.074064,-46.224754,8.307022
6275,99.530937,30.074062,-45.224369,8.302667
6276,99.541306,30.074060,-44.224716,8.298407
6277,99.551674,30.074057,-43.225067,8.294024
6278,99.562050,30.074053,-42.224678,8.289729
6279,99.572418,30.074047,-41.225029,8.285317
6280,99.582794,30.074041,-40.224644,8.280993
6281,99.593163,30.074034,-39.224991,8.276549
6282,99.603539,30.074026,-38.224606,8.272195
6283,99.613907,30.074018,-37.224953,8.267934
6284,99.624283,30.074009,-36.224567,8.263548
6285,99.634651,30.073997,-35.224918,8.259045
6286,99.645020,30.073988,-34.225266,8.254844
6287,99.655396,30.073977,-33.224876,8.250519
6288,99.665764,30.073963,-32.225224,8.246076
6289,99.676140,30.073950,-31.224836,8.241721
6290,99.686508,30.073936,-30.225183,8.237458
6291,99.696884,30.073921,-29.224794,8.233073
6292,99.707253,30.073906,-28.225142,8.228782
6293,99.717621,30.073889,-27.225487,8.224367
6294,99.727997,30.073872,-26.225098,8.220043
6295,99.738365,30.073853,-25.225443,8.215599
6296,99.748741,30.073833,-24.225052,8.211245
6297,99.759109,30.073814,-23.225399,8.206982
6298,99.769485,30.073793,-22.225006,8.202597
6299,99.779854,30.073772,-21.225349,8.198304
6300,99.790230,30.073750,-20.224958,8.193889
6301,99.800598,30.073727,-19.225300,8.189565
6302,99.810966,30.073704,-18.225645,8.185332
6303,99.821342,30.073679,-17.225250,8.180978
6304,99.831711,30.073652,-16.225592,8.176503
6305,99.842087,30.073627,-15.225197,8.172329
6306,99.852455,30.073599,-14.225538,8.167824
6307,99.862831,30.073572,-13.225142,8.163621
6308,99.873199,30.073544,-12.225481,8.159296
6309,99.883568,30.073513,-11.225821,8.154852
6310,99.893944,30.073483,-10.225424,8.150497
6311,99.904312,30.073452,-9.225760,8.146234
6312,99.914688,30.073420,-8.225363,8.141849
6313,99.925056,30.073387,-7.225699,8.137554
6314,99.935425,30.073353,-6.226035,8.133140
6315,99.945801,30.073318,-5.225634,8.128815
6316,99.956169,30.073284,-4.225968,8.124581
6317,99.966545,30.073248,-3.225566,8.120226
6318,99.976913,30.073212,-2.225899,8.115962
6319,99.987289,30.073174,-1.225495,8.111577
6320,99.997658,30.073135,-0.225827,8.107283
6321,100.008026,30.073095,0.773843,8.102867
6322,100.018402,30.073055,1.774249,8.098542
6323,100.028770,30.073015,2.773920,8.094308
6324,100.039146,30.072973,3.774327,8.089953
6325,100.049515,30.072931,4.774000,8.085689
6326,100.059883,30.072887,5.773674,8.081304
6327,100.070259,30.072844,6.774084,8.077009
6328,100.080627,30.072800,7.773759,8.072804
6329,100.091003,30.072754,8.774171,8.068480
6330,100.101372,30.072706,9.773848,8.064034
6331,100.111740,30.072660,10.773526,8.059889
6332,100.122116,30.072611,11.773941,8.055413
6333,100.132484,30.072563,12.773622,8.051239
6334,100.142860,30.072514,13.774037,8.046945
6335,100.153229,30.072462,14.773720,8.042528
6336,100.163597,30.072411,15.773403,8.038202
6337,100.173973,30.072359,16.773823,8.033968
6338,100.184341,30.072306,17.773508,8.029612
6339,100.194717,30.072252,18.773930,8.025347
6340,100.205086,30.072197,19.773617,8.020961
6341,100.215454,30.072142,20.773304,8.016665
6342,100.225830,30.072086,21.773731,8.012461
6343,100.236198,30.072029,22.773422,8.008134
6344,100.246574,30.071972,23.773848,8.003901
6345,100.256943,30.071913,24.773540,7.999544
6346,100.267311,30.071854,25.773237,7.995277
6347,100.277687,30.071793,26.773668,7.990892
6348,100.288055,30.071732,27.773363,7.986596
6349,100.298424,30.071671,28.773060,7.982390
6350,100.308800,30.071608,29.773497,7.978065
6351,100.319168,30.071543,30.773197,7.973617
6352,100.329544,30.071480,31.773632,7.969474
6353,100.339912,30.071415,32.773335,7.965207
6354,100.350281,30.071348,33.773045,7.960820
6355,100.360657,30.071281,34.773479,7.956525
6356,100.371025,30.071215,35.773186,7.952318
6357,100.381393,30.071146,36.772900,7.947991
6358,100.391769,30.071077,37.773342,7.943757
6359,100.402138,30.071007,38.773056,7.939399
6360,100.412514,30.070936,39.773499,7.935135
6361,100.422882,30.070864,40.773216,7.930747
6362,100.433250,30.070791,41.772930,7.926449
6363,100.443626,30.070719,42.773384,7.922245
6364,100.453995,30.070644,43.773102,7.917917
6365,100.464363,30.070570,44.772820,7.913680
6366,100.474739,30.070494,45.773277,7.909325
6367,100.485107,30.070417,46.772999,7.905057
6368,100.495476,30.070341,47.772728,7.900880
6369,100.505852,30.070263,48.773186,7.896585
6370,99.499817,30.083088,-48.220417,9.315885
6371,99.510193,30.083088,-47.220119,9.311561
6372,99.520561,30.083086,-46.220562,9.307118
6373,99.530937,30.083084,-45.220264,9.302764
6374,99.541313,30.083080,-44.219975,9.298288
6375,99.551682,30.083076,-43.220413,9.293906
6376,99.562057,30.083073,-42.220116,9.289611
6377,99.572426,30.083067,-41.220558,9.285199
6378,99.582802,30.083061,-40.220261,9.280874
6379,99.593170,30.083055,-39.220699,9.276644
6380,99.603546,30.083048,-38.220406,9.272288
6381,99.613914,30.083038,-37.220844,9.267816
6382,99.624290,30.083029,-36.220547,9.263431
6383,99.634666,30.083019,-35.220249,9.259136
6384,99.645035,30.083008,-34.220692,9.254724
6385,99.655411,30.082996,-33.220394,9.250399
6386,99.665779,30.082985,-32.220833,9.246167
6387,99.676155,30.082972,-31.220533,9.241813
6388,99.686523,30.082956,-30.220972,9.237339
6389,99.696899,30.082941,-29.220675,9.232954
6390,99.707275,30.082926,-28.220375,9.228661
6391,99.717644,30.082909,-27.220812,9.224246
6392,99.728020,30.082891,-26.220514,9.219922
6393,99.738388,30.082874,-25.220949,9.215691
6394,99.748764,30.082855,-24.220650,9.211335
6395,99.759132,30.082834,-23.221087,9.206861
6396,99.769508,30.082815,-22.220785,9.202688
6397,99.779877,30.082792,-21.221220,9.198184
6398,99.790253,30.082771,-20.220919,9.193980
6399,99.800629,30.082748,-19.220617,9.189656
6400,99.810997,30.082724,-18.221048,9.185212
6401,99.821373,30.082699,-17.220747,9.180858
6402,99.831741,30.082674,-16.221178,9.176595
6403,99.842117,30.082647,-15.220875,9.172210
6404,99.852486,30.082621,-14.221307,9.167916
6405,99.862862,30.082592,-13.221002,9.163501
6406,99.873230,30.082563,-12.221432,9.159178
6407,99.883606,30.082535,-11.221125,9.154944
6408,99.893974,30.082504,-10.221555,9.150590
6409,99.904350,30.082472,-9.221247,9.146115
6410,99.914726,30.082441,-8.220940,9.141941
6411,99.925095,30.082409,-7.221366,9.137648
6412,99.935471,30.082375,-6.221056,9.133232
6413,99.945839,30.082340,-5.221482,9.128909
6414,99.956215,30.082306,-4.221172,9.124675
6415,99.966583,30.082270,-3.221596,9.120321
6416,99.976959,30.082232,-2.221284,9.115846
6417,99.987328,30.082195,-1.221707,9.111671
6418,99.997704,30.082155,-0.221393,9.107167
6419,100.008072,30.082117,0.778186,9.102962
6420,100.018448,30.082077,1.778501,9.098639
6421,100.028816,30.082037,2.778081,9.094405
6422,100.039192,30.081995,3.778398,9.090051
6423,100.049568,30.081951,4.778716,9.085575
6424,100.059937,30.081909,5.778299,9.081402
6425,100.070312,30.081865,6.778618,9.077107
6426,100.080681,30.081820,7.778203,9.072692
6427,100.091057,30.081774,8.778524,9.068368
6428,100.101425,30.081728,9.778111,9.064134
6429,100.111801,30.081680,10.778434,9.059779
6430,100.122169,30.081633,11.778023,9.055514
6431,100.132545,30.081583,12.778348,9.051130
6432,100.142914,30.081533,13.777938,9.046835
6433,100.153290,30.081484,14.778265,9.042632
6434,100.163658,30.081432,15.777858,9.038305
6435,100.174034,30.081379,16.778185,9.033861
6436,100.184402,30.081326,17.777781,9.029506
6437,100.194778,30.081272,18.778111,9.025241
6438,100.205147,30.081219,19.777708,9.021068
6439,100.215523,30.081163,20.778044,9.016773
6440,100.225891,30.081106,21.777641,9.012357
6441,100.236267,30.081049,22.777977,9.008032
6442,100.246635,30.080992,23.777578,9.003797
6443,100.257011,30.080933,24.777916,8.999442
6444,100.267380,30.080873,25.777519,8.995177
6445,100.277756,30.080812,26.777859,8.990793
6446,100.288124,30.080751,27.777468,8.986497
6447,100.298500,30.080690,28.777809,8.982293
6448,100.308868,30.080627,29.777418,8.977967
6449,100.319244,30.080564,30.777761,8.973733
6450,100.329613,30.080500,31.777372,8.969377
6451,100.339989,30.080435,32.777721,8.965114
6452,100.350357,30.080368,33.777336,8.960727
6453,100.360733,30.080301,34.777687,8.956432
6454,100.371101,30.080235,35.777302,8.952227
6455,100.381477,30.080166,36.777657,8.947903
6456,100.391846,30.080097,37.777275,8.943666
6457,100.402222,30.080027,38.777630,8.939312
6458,100.412590,30.079956,39.777252,8.935045
6459,100.422966,30.079885,40.777611,8.930872
6460,100.433334,30.079813,41.777233,8.926576
6461,100.443710,30.079739,42.777599,8.922161
6462,100.454079,30.079664,43.777225,8.917834
6463,100.464455,30.079590,44.777592,8.913600
6464,100.474823,30.079515,45.777218,8.909454
6465,100.485199,30.079439,46.777592,8.905190
6466,100.495567,30.079361,47.777222,8.900803
6467,100.505943,30.079283,48.777596,8.896509
6468,99.499817,30.092108,-48.216042,10.315771
6469,99.510193,30.092108,-47.215839,10.311446
6470,99.520569,30.092106,-46.215637,10.307001
6471,99.530937,30.092104,-45.216167,10.302649
6472,99.541313,30.092102,-44.215961,10.298385
6473,99.551689,30.092098,-43.215759,10.294000
6474,99.562057,30.092094,-42.216290,10.289709
6475,99.572433,30.092089,-41.216084,10.285294
6476,99.582809,30.092083,-40.215878,10.280969
6477,99.593178,30.092075,-39.216412,10.276526
6478,99.603554,30.092068,-38.216202,10.272172
6479,99.613930,30.092060,-37.215996,10.267908
6480,99.624298,30.092051,-36.216526,10.263525
6481,99.634674,30.092041,-35.216320,10.259232
6482,99.645050,30.092030,-34.216118,10.254816
6483,99.655426,30.092018,-33.215912,10.250492
6484,99.665794,30.092005,-32.216438,10.246049
6485,99.676170,30.091991,-31.216232,10.241694
6486,99.686546,30.091978,-30.216026,10.237431
6487,99.696915,30.091963,-29.216553,10.233047
6488,99.707291,30.091948,-28.216345,10.228753
6489,99.717667,30.091930,-27.216139,10.224339
6490,99.728035,30.091913,-26.216663,10.220016
6491,99.738411,30.091894,-25.216457,10.215571
6492,99.748787,30.091875,-24.216248,10.211217
6493,99.759155,30.091856,-23.216774,10.206954
6494,99.769531,30.091835,-22.216564,10.202569
6495,99.779907,30.091814,-21.216354,10.198276
6496,99.790276,30.091791,-20.216879,10.193862
6497,99.800652,30.091768,-19.216667,10.189538
6498,99.811028,30.091745,-18.216455,10.185305
6499,99.821396,30.091721,-17.216978,10.180951
6500,99.831772,30.091694,-16.216766,10.176476
6501,99.842148,30.091669,-15.216553,10.172303
6502,99.852516,30.091640,-14.217075,10.167799
6503,99.862892,30.091614,-13.216861,10.163595
6504,99.873268,30.091585,-12.216646,10.159271
6505,99.883636,30.091555,-11.217166,10.154827
6506,99.894012,30.091524,-10.216950,10.150473
6507,99.904388,30.091494,-9.216733,10.146209
6508,99.914757,30.091461,-8.217252,10.141825
6509,99.925133,30.091429,-7.217034,10.137531
6510,99.935509,30.091394,-6.216815,10.133116
6511,99.945877,30.091360,-5.217331,10.128793
6512,99.956253,30.091326,-4.217112,10.124559
6513,99.966629,30.091290,-3.216891,10.120205
6514,99.976997,30.091253,-2.217405,10.115942
6515,99.987373,30.091215,-1.217183,10.111558
6516,99.997749,30.091177,-0.216960,10.107264
6517,100.008118,30.091137,0.782528,10.102850
6518,100.018494,30.091097,1.782752,10.098525
6519,100.028870,30.091057,2.782978,10.094292
6520,100.039238,30.091015,3.782468,10.089937
6521,100.049614,30.090973,4.782695,10.085674
6522,100.059990,30.090929,5.782923,10.081290
6523,100.070358,30.090885,6.782416,10.076996
6524,100.080734,30.090841,7.782646,10.072793
6525,100.091110,30.090796,8.782876,10.068469
6526,100.101479,30.090748,9.782372,10.064023
6527,100.111855,30.090700,10.782604,10.059669
6528,100.122231,30.090652,11.782838,10.055407
6529,100.132599,30.090603,12.782337,10.051022
6530,100.142975,30.090553,13.782572,10.046727
6531,100.153351,30.090504,14.782808,10.042525
6532,100.163719,30.090452,15.782310,10.038200
6533,100.174095,30.090401,16.782549,10.033967
6534,100.184464,30.090347,17.782053,10.029613
6535,100.194839,30.090294,18.782293,10.025349
6536,100.205215,30.090239,19.782536,10.020965
6537,100.215584,30.090183,20.782042,10.016670
6538,100.225960,30.090126,21.782286,10.012255
6539,100.236336,30.090071,22.782532,10.008143
6540,100.246704,30.090012,23.782042,10.003697
6541,100.257080,30.089954,24.782290,9.999555
6542,100.267456,30.089893,25.782537,9.995080
6543,100.277824,30.089834,26.782051,9.990905
6544,100.288200,30.089773,27.782303,9.986612
6545,100.298569,30.089710,28.781818,9.982196
6546,100.308945,30.089647,29.782072,9.977872
6547,100.319321,30.089584,30.782326,9.973639
6548,100.329689,30.089520,31.781847,9.969284
6549,100.340065,30.089455,32.782104,9.965020
6550,100.350433,30.089390,33.781628,9.960846
6551,100.360809,30.089323,34.781887,9.956553
6552,100.371185,30.089254,35.782150,9.952139
6553,100.381554,30.089186,36.781677,9.947812
6554,100.391930,30.089117,37.781937,9.943579
6555,100.402298,30.089048,38.781467,9.939435
6556,100.412674,30.088976,39.781734,9.934960
6557,100.423050,30.088905,40.782005,9.930787
6558,100.433418,30.088833,41.781540,9.926491
6559,100.443794,30.088760,42.781807,9.922289
6560,100.454163,30.088686,43.781349,9.917963
6561,100.464539,30.088610,44.781620,9.913519
6562,100.474915,30.088535,45.781895,9.909376
6563,100.485283,30.088459,46.781437,9.905110
6564,100.495659,30.088381,47.781715,9.900725
6565,100.506027,30.088303,48.781261,9.896430
6566,99.499817,30.101130,-48.211674,11.315870
6567,99.510193,30.101130,-47.211559,11.311545
6568,99.520569,30.101128,-46.211445,11.307099
6569,99.530945,30.101126,-45.211327,11.302745
6570,99.541321,30.101122,-44.211216,11.298269
6571,99.551689,30.101120,-43.211838,11.294099
6572,99.562065,30.101114,-42.211723,11.289594
6573,99.572441,30.101109,-41.211609,11.285178
6574,99.582817,30.101103,-40.211494,11.280853
6575,99.593193,30.101097,-39.211380,11.276620
6576,99.603561,30.101089,-38.212002,11.272267
6577,99.613937,30.101080,-37.211887,11.267793
6578,99.624313,30.101070,-36.211773,11.263409
6579,99.634689,30.101061,-35.211655,11.259113
6580,99.645065,30.101049,-34.211544,11.254699
6581,99.655434,30.101038,-33.212162,11.250377
6582,99.665810,30.101027,-32.212044,11.246143
6583,99.676186,30.101013,-31.211929,11.241789
6584,99.686562,30.100998,-30.211815,11.237313
6585,99.696938,30.100983,-29.211697,11.232928
6586,99.707306,30.100967,-28.212317,11.228637
6587,99.717682,30.100950,-27.212200,11.224221
6588,99.728058,30.100933,-26.212082,11.219898
6589,99.738434,30.100916,-25.211964,11.215664
6590,99.748810,30.100897,-24.211845,11.211310
6591,99.759178,30.100876,-23.212461,11.206837
6592,99.769554,30.100857,-22.212341,11.202664
6593,99.779930,30.100834,-21.212223,11.198158
6594,99.790306,30.100813,-20.212103,11.193955
6595,99.800682,30.100790,-19.211983,11.189631
6596,99.811050,30.100765,-18.212597,11.185187
6597,99.821426,30.100740,-17.212477,11.180834
6598,99.831802,30.100716,-16.212353,11.176570
6599,99.842178,30.100689,-15.212232,11.172186
6600,99.852554,30.100662,-14.212109,11.167892
6601,99.862923,30.100634,-13.212721,11.163479
6602,99.873299,30.100605,-12.212597,11.159155
6603,99.883675,30.100576,-11.212472,11.154922
6604,99.894051,30.100546,-10.212347,11.150567
6605,99.904427,30.100513,-9.212221,11.146092
6606,99.914795,30.100483,-8.212829,11.141921
6607,99.925171,30.100451,-7.212702,11.137628
6608,99.935547,30.100416,-6.212574,11.133213
6609,99.945923,30.100382,-5.212446,11.128890
6610,99.956299,30.100346,-4.212317,11.124445
6611,99.966667,30.100311,-3.212922,11.120303
6612,99.977043,30.100273,-2.212792,11.115829
6613,99.987419,30.100237,-1.212660,11.111655
6614,99.997795,30.100197,-0.212528,11.107151
6615,100.008163,30.100159,0.786869,11.102948
6616,100.018539,30.100119,1.787003,11.098625
6617,100.028915,30.100077,2.787138,11.094181
6618,100.039291,30.100037,3.787273,11.090038
6619,100.049667,30.099993,4.787409,11.085564
6620,100.060036,30.099951,5.786811,11.081390
6621,100.070412,30.099905,6.786949,11.076887
6622,100.080788,30.099861,7.787088,11.072683
6623,100.091164,30.099815,8.787228,11.068360
6624,100.101532,30.099770,9.786633,11.064127
6625,100.111908,30.099722,10.786775,11.059773
6626,100.122284,30.099674,11.786917,11.055511
6627,100.132660,30.099625,12.787061,11.051126
6628,100.143036,30.099575,13.787205,11.046834
6629,100.153404,30.099524,14.786615,11.042418
6630,100.163780,30.099472,15.786761,11.038095
6631,100.174156,30.099421,16.786911,11.033863
6632,100.184532,30.099367,17.787058,11.029510
6633,100.194901,30.099314,18.786472,11.025246
6634,100.205276,30.099258,19.786623,11.020863
6635,100.215652,30.099203,20.786776,11.016569
6636,100.226028,30.099148,21.786928,11.012367
6637,100.236397,30.099091,22.786348,11.008042
6638,100.246773,30.099033,23.786503,11.003810
6639,100.257149,30.098974,24.786659,10.999456
6640,100.267525,30.098915,25.786816,10.995194
6641,100.277893,30.098854,26.786240,10.990808
6642,100.288269,30.098793,27.786400,10.986516
6643,100.298645,30.098732,28.786562,10.982313
6644,100.309021,30.098669,29.786724,10.977991
6645,100.319389,30.098604,30.786154,10.973545
6646,100.329765,30.098541,31.786318,10.969403
6647,100.340141,30.098476,32.786484,10.965140
6648,100.350517,30.098410,33.786652,10.960758
6649,100.360886,30.098343,34.786087,10.956463
6650,100.371262,30.098276,35.786259,10.952261
6651,100.381638,30.098207,36.786430,10.947938
6652,100.392006,30.098137,37.785866,10.943491
6653,100.402382,30.098068,38.786041,10.939349
6654,100.412758,30.097998,39.786221,10.935088
6655,100.423134,30.097925,40.786396,10.930704
6656,100.433502,30.097853,41.785839,10.926409
6657,100.443878,30.097780,42.786018,10.922207
6658,100.454254,30.097706,43.786198,10.917885
6659,100.464622,30.097631,44.785648,10.913650
6660,100.474998,30.097555,45.785831,10.909296
6661,100.485374,30.097479,46.786018,10.905034
6662,100.495750,30.097401,47.786205,10.900651
6663,100.506119,30.097322,48.785664,10.896356
6664,99.499817,30.110149,-48.207298,12.315759
6665,99.510193,30.110149,-47.207272,12.311434
6666,99.520569,30.110149,-46.207249,12.307200
6667,99.530945,30.110146,-45.207226,12.302634
6668,99.541321,30.110144,-44.207203,12.298370
6669,99.551697,30.110140,-43.207180,12.293984
6670,99.562073,30.110136,-42.207157,12.289690
6671,99.572449,30.110130,-41.207138,12.285275
6672,99.582825,30.110125,-40.207108,12.280951
6673,99.593201,30.110117,-39.207088,12.276505
6674,99.603577,30.110109,-38.207062,12.272151
6675,99.613953,30.110102,-37.207039,12.267888
6676,99.624321,30.110092,-36.207748,12.263506
6677,99.634697,30.110083,-35.207726,12.259212
6678,99.645073,30.110071,-34.207703,12.254797
6679,99.655449,30.110060,-33.207676,12.250473
6680,99.665825,30.110046,-32.207653,12.246027
6681,99.676201,30.110033,-31.207626,12.241673
6682,99.686577,30.110020,-30.207602,12.237410
6683,99.696953,30.110004,-29.207577,12.233026
6684,99.707329,30.109989,-28.207550,12.228731
6685,99.717705,30.109972,-27.207523,12.224317
6686,99.728081,30.109955,-26.207497,12.219994
6687,99.738457,30.109936,-25.207470,12.215548
6688,99.748833,30.109917,-24.207441,12.211194
6689,99.759201,30.109898,-23.208151,12.206933
6690,99.769577,30.109877,-22.208120,12.202548
6691,99.779953,30.109856,-21.208092,12.198254
6692,99.790329,30.109833,-20.208063,12.193840
6693,99.800705,30.109810,-19.208033,12.189517
6694,99.811081,30.109787,-18.208004,12.185284
6695,99.821457,30.109762,-17.207973,12.180930
6696,99.831833,30.109735,-16.207941,12.176455
6697,99.842209,30.109711,-15.207911,12.172282
6698,99.852585,30.109682,-14.207878,12.167777
6699,99.862961,30.109655,-13.207845,12.163574
6700,99.873337,30.109627,-12.207811,12.159251
6701,99.883713,30.109596,-11.207778,12.154807
6702,99.894081,30.109566,-10.208479,12.150455
6703,99.904457,30.109535,-9.208444,12.146191
6704,99.914833,30.109503,-8.208408,12.141807
6705,99.925209,30.109470,-7.208372,12.137514
6706,99.935585,30.109436,-6.208334,12.133100
6707,99.945961,30.109402,-5.208297,12.128777
6708,99.956337,30.109367,-4.208258,12.124544
6709,99.966713,30.109331,-3.208219,12.120191
6710,99.977089,30.109295,-2.208179,12.115928
6711,99.987465,30.109257,-1.208138,12.111544
6712,99.997841,30.109219,-0.208097,12.107251
6713,100.008209,30.109179,0.791210,12.102837
6714,100.018585,30.109138,1.791253,12.098514
6715,100.028961,30.109098,2.791297,12.094281
6716,100.039337,30.109056,3.791341,12.089928
6717,100.049713,30.109015,4.791387,12.085665
6718,100.060089,30.108971,5.791433,12.081283
6719,100.070465,30.108927,6.791481,12.076989
6720,100.080841,30.108881,7.791529,12.072577
6721,100.091217,30.108835,8.791578,12.068253
6722,100.101593,30.108789,9.791628,12.064020
6723,100.111961,30.108742,10.790943,12.059667
6724,100.122337,30.108694,11.790995,12.055405
6725,100.132713,30.108644,12.791048,12.051022
6726,100.143089,30.108595,13.791101,12.046728
6727,100.153465,30.108545,14.791156,12.042526
6728,100.163841,30.108494,15.791213,12.038204
6729,100.174217,30.108440,16.791269,12.033761
6730,100.184593,30.108389,17.791328,12.029619
6731,100.194969,30.108334,18.791388,12.025146
6732,100.205338,30.108280,19.790710,12.020972
6733,100.215714,30.108225,20.790771,12.016680
6734,100.226089,30.108168,21.790834,12.012266
6735,100.236465,30.108110,22.790899,12.007944
6736,100.246841,30.108053,23.790962,12.003712
6737,100.257217,30.107994,24.791029,11.999359
6738,100.267593,30.107935,25.791096,11.995098
6739,100.277969,30.107874,26.791164,11.990715
6740,100.288338,30.107813,27.790499,11.986421
6741,100.298714,30.107752,28.790569,11.982220
6742,100.309090,30.107689,29.790640,11.977897
6743,100.319466,30.107626,30.790712,11.973665
6744,100.329842,30.107561,31.790789,11.969313
6745,100.340218,30.107496,32.790863,11.965051
6746,100.350594,30.107430,33.790943,11.960668
6747,100.360962,30.107363,34.790287,11.956374
6748,100.371338,30.107296,35.790363,11.952173
6749,100.381714,30.107227,36.790443,11.947850
6750,100.392090,30.107159,37.790527,11.943619
6751,100.402466,30.107088,38.790615,11.939266
6752,100.412842,30.107018,39.790695,11.935005
6753,100.423218,30.106945,40.790787,11.930622
6754,100.433586,30.106873,41.790138,11.926328
6755,100.443962,30.106800,42.790226,11.922127
6756,100.454338,30.106726,43.790318,11.917805
6757,100.464714,30.106651,44.790409,11.913573
6758,100.475090,30.106575,45.790504,11.909221
6759,100.485466,30.106499,46.790600,11.904960
6760,100.495834,30.106422,47.789963,11.900785
6761,100.506210,30.106344,48.790058,11.896494
6762,99.499817,30.119171,-48.202923,13.315861
6763,99.510193,30.119171,-47.202988,13.311535
6764,99.520569,30.119169,-46.203060,13.307090
6765,99.530945,30.119167,-45.203125,13.302735
6766,99.541321,30.119165,-44.203190,13.298470
6767,99.551704,30.119162,-43.202522,13.294083
6768,99.562080,30.119156,-42.202595,13.289578
6769,99.572456,30.119152,-41.202660,13.285374
6770,99.582832,30.119144,-40.202728,13.280839
6771,99.593208,30.119139,-39.202793,13.276605
6772,99.603584,30.119131,-38.202858,13.272251
6773,99.613960,30.119122,-37.202930,13.267776
6774,99.624336,30.119112,-36.202995,13.263391
6775,99.634712,30.119102,-35.203064,13.259097
6776,99.645088,30.119091,-34.203129,13.254682
6777,99.655464,30.119080,-33.203194,13.250359
6778,99.665840,30.119068,-32.203259,13.246125
6779,99.676216,30.119055,-31.203323,13.241771
6780,99.686592,30.119040,-30.203390,13.237296
6781,99.696968,30.119024,-29.203455,13.232911
6782,99.707344,30.119009,-28.203520,13.228617
6783,99.717720,30.118992,-27.203585,13.224203
6784,99.728096,30.118975,-26.203648,13.219879
6785,99.738472,30.118958,-25.203711,13.215647
6786,99.748856,30.118938,-24.203039,13.211291
6787,99.759232,30.118917,-23.203104,13.206817
6788,99.769608,30.118898,-22.203163,13.202643
6789,99.779984,30.118876,-21.203226,13.198138
6790,99.790359,30.118855,-20.203289,13.193935
6791,99.800735,30.118832,-19.203350,13.189612
6792,99.811111,30.118807,-18.203411,13.185168
6793,99.821487,30.118782,-17.203470,13.180815
6794,99.831863,30.118757,-16.203529,13.176552
6795,99.842239,30.118731,-15.203588,13.172168
6796,99.852615,30.118704,-14.203648,13.167875
6797,99.862991,30.118675,-13.203705,13.163461
6798,99.873367,30.118647,-12.203763,13.159138
6799,99.883743,30.118618,-11.203819,13.154905
6800,99.894119,30.118587,-10.203876,13.150552
6801,99.904495,30.118555,-9.203932,13.146077
6802,99.914871,30.118525,-8.203986,13.141905
6803,99.925247,30.118490,-7.204041,13.137402
6804,99.935623,30.118458,-6.204095,13.133200
6805,99.945999,30.118423,-5.204147,13.128876
6806,99.956375,30.118387,-4.204200,13.124433
6807,99.966751,30.118351,-3.204252,13.120079
6808,99.977127,30.118315,-2.204303,13.115816
6809,99.987503,30.118277,-1.204352,13.111434
6810,99.997879,30.118238,-0.204402,13.107141
6811,100.008255,30.118200,0.795550,13.102939
6812,100.018631,30.118160,1.795502,13.098617
6813,100.029015,30.118118,2.796190,13.094172
6814,100.039391,30.118076,3.796144,13.089819
6815,100.049767,30.118034,4.796099,13.085558
6816,100.060143,30.117990,5.796055,13.081175
6817,100.070518,30.117947,6.796011,13.076882
6818,100.080894,30.117903,7.795968,13.072680
6819,100.091270,30.117857,8.795927,13.068358
6820,100.101646,30.117809,9.795886,13.063915
6821,100.112022,30.117764,10.795846,13.059773
6822,100.122398,30.117714,11.795808,13.055301
6823,100.132774,30.117666,12.795770,13.051129
6824,100.143150,30.117617,13.795732,13.046837
6825,100.153526,30.117565,14.795696,13.042424
6826,100.163902,30.117514,15.795662,13.038102
6827,100.174278,30.117462,16.795628,13.033870
6828,100.184654,30.117409,17.795595,13.029518
6829,100.195030,30.117355,18.795563,13.025257
6830,100.205406,30.117300,19.795534,13.020874
6831,100.215782,30.117245,20.795504,13.016582
6832,100.226158,30.117188,21.795475,13.012170
6833,100.236534,30.117132,22.795446,13.008060
6834,100.246910,30.117073,23.795422,13.003616
6835,100.257286,30.117014,24.795397,12.999265
6836,100.267662,30.116955,25.795374,12.995003
6837,100.278038,30.116896,26.795349,12.990832
6838,100.288414,30.116835,27.795328,12.986540
6839,100.298790,30.116772,28.795309,12.982128
6840,100.309166,30.116709,29.795292,12.977807
6841,100.319542,30.116646,30.795273,12.973576
6842,100.329918,30.116581,31.795256,12.969224
6843,100.340294,30.116516,32.795242,12.964962
6844,100.350670,30.116449,33.795227,12.960580
6845,100.361046,30.116383,34.795216,12.956289
6846,100.371422,30.116316,35.795204,12.952088
6847,100.381798,30.116247,36.795197,12.947766
6848,100.392174,30.116179,37.795189,12.943536
6849,100.402550,30.116108,38.795181,12.939184
6850,100.412918,30.116037,39.794437,12.934921
6851,100.423294,30.115967,40.794434,12.930751
6852,100.433670,30.115894,41.794434,12.926459
6853,100.444046,30.115820,42.794430,12.922048
6854,100.454422,30.115746,43.794434,12.917727
6855,100.464798,30.115671,44.794434,12.913495
6856,100.475174,30.115595,45.794437,12.909144
6857,100.485550,30.115519,46.794441,12.904883
6858,100.495926,30.115442,47.794449,12.900713
6859,100.506302,30.115364,48.794456,12.896422
6860,99.499817,30.128191,-48.198547,14.315751
6861,99.510193,30.128191,-47.198704,14.311427
6862,99.520576,30.128191,-46.198128,14.307189
6863,99.530952,30.128189,-45.198284,14.302835
6864,99.541328,30.128185,-44.198444,14.298359
6865,99.551704,30.128181,-43.198601,14.293975
6866,99.562080,30.128178,-42.198761,14.289680
6867,99.572456,30.128172,-41.198917,14.285266
6868,99.582840,30.128166,-40.198345,14.280938
6869,99.593216,30.128159,-39.198502,14.276494
6870,99.603592,30.128151,-38.198662,14.272140
6871,99.613968,30.128143,-37.198818,14.267876
6872,99.624344,30.128134,-36.198971,14.263492
6873,99.634727,30.128124,-35.198395,14.259195
6874,99.645103,30.128113,-34.198551,14.254780
6875,99.655479,30.128101,-33.198708,14.250456
6876,99.665855,30.128088,-32.198864,14.246012
6877,99.676231,30.128075,-31.199022,14.241658
6878,99.686607,30.128061,-30.199177,14.237394
6879,99.696991,30.128046,-29.198597,14.233007
6880,99.707367,30.128031,-28.198753,14.228715
6881,99.717743,30.128014,-27.198908,14.224300
6882,99.728119,30.127996,-26.199064,14.219976
6883,99.738495,30.127977,-25.199219,14.215532
6884,99.748871,30.127958,-24.199373,14.211179
6885,99.759254,30.127939,-23.198792,14.206914
6886,99.769630,30.127918,-22.198944,14.202530
6887,99.780006,30.127897,-21.199095,14.198237
6888,99.790382,30.127874,-20.199247,14.193823
6889,99.800758,30.127851,-19.199400,14.189500
6890,99.811134,30.127829,-18.199553,14.185267
6891,99.821518,30.127804,-17.198967,14.180913
6892,99.831894,30.127777,-16.199118,14.176438
6893,99.842270,30.127750,-15.199268,14.172054
6894,99.852646,30.127724,-14.199417,14.167763
6895,99.863022,30.127697,-13.199567,14.163561
6896,99.873398,30.127668,-12.199714,14.159237
6897,99.883781,30.127638,-11.199127,14.154793
6898,99.894157,30.127607,-10.199273,14.150439
6899,99.904533,30.127577,-9.199420,14.146176
6900,99.914909,30.127544,-8.199567,14.141794
6901,99.925285,30.127512,-7.199711,14.137502
6902,99.935661,30.127478,-6.199855,14.133088
6903,99.946045,30.127443,-5.199264,14.128766
6904,99.956421,30.127409,-4.199407,14.124534
6905,99.966797,30.127373,-3.199550,14.120181
6906,99.977173,30.127337,-2.199691,14.115918
6907,99.987549,30.127298,-1.199832,14.111535
6908,99.997925,30.127260,-0.199972,14.107244
6909,100.008301,30.127220,0.799889,14.102830
6910,100.018684,30.127180,1.800485,14.098508
6911,100.029060,30.127140,2.800348,14.094276
6912,100.039436,30.127098,3.800211,14.089924
6913,100.049812,30.127056,4.800075,14.085662
6914,100.060188,30.127012,5.799940,14.081280
6915,100.070564,30.126968,6.799805,14.076987
6916,100.080948,30.126923,7.800407,14.072576
6917,100.091324,30.126877,8.800275,14.068254
6918,100.101700,30.126831,9.800142,14.064022
6919,100.112076,30.126783,10.800013,14.059669
6920,100.122452,30.126736,11.799883,14.055408
6921,100.132828,30.126686,12.799754,14.051026
6922,100.143204,30.126637,13.799627,14.046735
6923,100.153580,30.126585,14.799500,14.042322
6924,100.163963,30.126534,15.800109,14.038002
6925,100.174339,30.126482,16.799984,14.033771
6926,100.184715,30.126429,17.799862,14.029419
6927,100.195091,30.126375,18.799738,14.025157
6928,100.205467,30.126320,19.799618,14.020776
6929,100.215843,30.126265,20.799498,14.016484
6930,100.226219,30.126209,21.799379,14.012284
6931,100.236595,30.126152,22.799259,14.007962
6932,100.246979,30.126095,23.799879,14.003734
6933,100.257355,30.126036,24.799761,13.999382
6934,100.267731,30.125977,25.799648,13.995121
6935,100.278107,30.125916,26.799536,13.990739
6936,100.288483,30.125854,27.799423,13.986448
6937,100.298859,30.125792,28.799313,13.982037
6938,100.309235,30.125731,29.799204,13.977927
6939,100.319611,30.125666,30.799093,13.973485
6940,100.329994,30.125603,31.799723,13.969348
6941,100.340370,30.125536,32.799618,13.964875
6942,100.350746,30.125471,33.799511,13.960705
6943,100.361122,30.125404,34.799412,13.956415
6944,100.371498,30.125336,35.799309,13.952003
6945,100.381874,30.125267,36.799206,13.947682
6946,100.392250,30.125198,37.799110,13.943452
6947,100.402626,30.125128,38.799011,13.939101
6948,100.413002,30.125057,39.798916,13.934841
6949,100.423378,30.124987,40.798820,13.930671
6950,100.433754,30.124914,41.798725,13.926381
6951,100.444138,30.124840,42.799370,13.921972
6952,100.454514,30.124767,43.799278,13.917863
6953,100.464890,30.124691,44.799191,13.913422
6954,100.475266,30.124617,45.799103,13.909284
6955,100.485641,30.124538,46.799019,13.904812
6956,100.496017,30.124462,47.798935,13.900642
6957,100.506393,30.124384,48.798851,13.896353
6958,99.499817,30.137213,-48.194168,15.315855
6959,99.510201,30.137213,-47.193684,15.311528
6960,99.520576,30.137211,-46.193935,15.307083
6961,99.530952,30.137209,-45.194183,15.302728
6962,99.541328,30.137207,-44.194431,15.298464
6963,99.551712,30.137203,-43.193947,15.294076
6964,99.562088,30.137197,-42.194195,15.289570
6965,99.572464,30.137194,-41.194443,15.285367
6966,99.582848,30.137186,-40.193958,15.280829
6967,99.593224,30.137180,-39.194206,15.276596
6968,99.603600,30.137173,-38.194454,15.272242
6969,99.613983,30.137163,-37.193970,15.267764
6970,99.624359,30.137154,-36.194214,15.263379
6971,99.634735,30.137144,-35.194466,15.259085
6972,99.645111,30.137133,-34.194710,15.254671
6973,99.655495,30.137121,-33.194221,15.250344
6974,99.665871,30.137110,-32.194469,15.246111
6975,99.676247,30.137096,-31.194719,15.241757
6976,99.686630,30.137081,-30.194231,15.237281
6977,99.697006,30.137066,-29.194477,15.232898
6978,99.707382,30.137051,-28.194723,15.228603
6979,99.717766,30.137033,-27.194235,15.224188
6980,99.728142,30.137016,-26.194481,15.219864
6981,99.738518,30.136999,-25.194725,15.215631
6982,99.748894,30.136980,-24.194969,15.211278
6983,99.759277,30.136959,-23.194479,15.206802
6984,99.769653,30.136940,-22.194723,15.202630
6985,99.780029,30.136917,-21.194967,15.198126
6986,99.790413,30.136896,-20.194475,15.193922
6987,99.800789,30.136873,-19.194717,15.189599
6988,99.811165,30.136848,-18.194960,15.185155
6989,99.821541,30.136824,-17.195202,15.180801
6990,99.831924,30.136799,-16.194708,15.176538
6991,99.842300,30.136772,-15.194947,15.172155
6992,99.852676,30.136745,-14.195188,15.167862
6993,99.863060,30.136717,-13.194693,15.163448
6994,99.873436,30.136688,-12.194931,15.159126
6995,99.883812,30.136660,-11.195168,15.154894
6996,99.894188,30.136629,-10.195407,15.150541
6997,99.904572,30.136597,-9.194909,15.146067
6998,99.914948,30.136566,-8.195146,15.141895
6999,99.925323,30.136532,-7.195382,15.137392
7000,99.935707,30.136499,-6.194882,15.133189
7001,99.946083,30.136465,-5.195116,15.128867
7002,99.956459,30.136429,-4.195350,15.124425
7003,99.966835,30.136393,-3.195584,15.120072
7004,99.977219,30.136356,-2.195081,15.115810
7005,99.987595,30.136318,-1.195312,15.111427
7006,99.997971,30.136280,-0.195543,15.107136
7007,100.008354,30.136242,0.804962,15.102935
7008,100.018730,30.136202,1.804733,15.098614
7009,100.029106,30.136160,2.804504,15.094170
7010,100.039482,30.136118,3.804276,15.089818
7011,100.049866,30.136076,4.804785,15.085557
7012,100.060242,30.136032,5.804559,15.081175
7013,100.070618,30.135988,6.804334,15.076883
7014,100.080994,30.135944,7.804110,15.072682
7015,100.091377,30.135899,8.804621,15.068361
7016,100.101753,30.135851,9.804399,15.063919
7017,100.112129,30.135803,10.804177,15.059567
7018,100.122505,30.135756,11.803957,15.055306
7019,100.132889,30.135706,12.804473,15.050926
7020,100.143265,30.135656,13.804255,15.046635
7021,100.153641,30.135607,14.804037,15.042435
7022,100.164017,30.135555,15.803821,15.038114
7023,100.174400,30.135502,16.804340,15.033672
7024,100.184776,30.135450,17.804127,15.029532
7025,100.195152,30.135395,18.803913,15.025061
7026,100.205528,30.135342,19.803701,15.020890
7027,100.215912,30.135286,20.804224,15.016601
7028,100.226288,30.135229,21.804016,15.012190
7029,100.236664,30.135172,22.803806,15.007868
7030,100.247040,30.135115,23.803598,15.003638
7031,100.257423,30.135056,24.804127,14.999290
7032,100.267799,30.134996,25.803923,14.995028
7033,100.278175,30.134935,26.803719,14.990647
7034,100.288551,30.134874,27.803516,14.986358
7035,100.298935,30.134813,28.804049,14.982160
7036,100.309311,30.134750,29.803848,14.977839
7037,100.319687,30.134687,30.803648,14.973609
7038,100.330063,30.134623,31.803452,14.969259
7039,100.340446,30.134558,32.803989,14.965001
7040,100.350822,30.134491,33.803795,14.960620
7041,100.361198,30.134424,34.803600,14.956330
7042,100.371574,30.134357,35.803410,14.952131
7043,100.381950,30.134289,36.803219,14.947810
7044,100.392334,30.134218,37.803761,14.943372
7045,100.402710,30.134150,38.803574,14.939234
7046,100.413086,30.134079,39.803387,14.934974
7047,100.423462,30.134007,40.803204,14.930593
7048,100.433846,30.133934,41.803753,14.926307
7049,100.444221,30.133862,42.803570,14.922108
7050,100.454597,30.133787,43.803391,14.917789
7051,100.464973,30.133711,44.803211,14.913347
7052,100.475349,30.133636,45.803032,14.909209
7053,100.485733,30.133560,46.803589,14.904953
7054,100.496109,30.133482,47.803413,14.900573
7055,100.506485,30.133404,48.803242,14.896283
7056,99.499817,30.146233,-48.189793,16.315750
7057,99.510201,30.146233,-47.189400,16.311422
7058,99.520576,30.146233,-46.189739,16.307188
7059,99.530960,30.146231,-45.189339,16.302830
7060,99.541336,30.146227,-44.189682,16.298355
7061,99.551712,30.146223,-43.190025,16.293970
7062,99.562096,30.146219,-42.189625,16.289675
7063,99.572472,30.146214,-41.189964,16.285259
7064,99.582855,30.146208,-40.189571,16.280931
7065,99.593231,30.146200,-39.189911,16.276487
7066,99.603607,30.146193,-38.190250,16.272133
7067,99.613991,30.146185,-37.189854,16.267866
7068,99.624367,30.146175,-36.190197,16.263483
7069,99.634750,30.146166,-35.189796,16.259186
7070,99.645126,30.146154,-34.190136,16.254772
7071,99.655510,30.146143,-33.189739,16.250446
7072,99.665886,30.146130,-32.190079,16.246002
7073,99.676262,30.146116,-31.190416,16.241648
7074,99.686646,30.146103,-30.190018,16.237383
7075,99.697021,30.146088,-29.190355,16.233000
7076,99.707405,30.146072,-28.189957,16.228704
7077,99.717781,30.146055,-27.190292,16.224291
7078,99.728165,30.146038,-26.189894,16.219965
7079,99.738541,30.146019,-25.190231,16.215521
7080,99.748917,30.146000,-24.190567,16.211166
7081,99.759300,30.145981,-23.190166,16.206903
7082,99.769676,30.145960,-22.190502,16.202520
7083,99.780060,30.145939,-21.190102,16.198225
7084,99.790436,30.145916,-20.190435,16.193813
7085,99.800812,30.145893,-19.190767,16.189489
7086,99.811195,30.145870,-18.190365,16.185255
7087,99.821571,30.145845,-17.190699,16.180902
7088,99.831955,30.145819,-16.190296,16.176428
7089,99.842331,30.145792,-15.190627,16.172045
7090,99.852707,30.145765,-14.190958,16.167753
7091,99.863091,30.145739,-13.190554,16.163551
7092,99.873466,30.145708,-12.190884,16.159016
7093,99.883850,30.145679,-11.190477,16.154783
7094,99.894226,30.145649,-10.190805,16.150433
7095,99.904610,30.145618,-9.190398,16.146170
7096,99.914986,30.145586,-8.190726,16.141787
7097,99.925362,30.145554,-7.191053,16.137495
7098,99.935745,30.145519,-6.190644,16.133081
7099,99.946121,30.145485,-5.190969,16.128759
7100,99.956505,30.145451,-4.190559,16.124529
7101,99.966881,30.145414,-3.190883,16.120176
7102,99.977257,30.145376,-2.191206,16.115704
7103,99.987640,30.145340,-1.190793,16.111532
7104,99.998016,30.145302,-0.191115,16.107241
7105,100.008400,30.145262,0.809299,16.102829
7106,100.018776,30.145222,1.808979,16.098507
7107,100.029152,30.145180,2.808660,16.094065
7108,100.039536,30.145140,3.809076,16.089926
7109,100.049911,30.145096,4.808759,16.085453
7110,100.060287,30.145054,5.808442,16.081282
7111,100.070671,30.145008,6.808861,16.076780
7112,100.081047,30.144964,7.808547,16.072580
7113,100.091431,30.144918,8.808967,16.068260
7114,100.101807,30.144873,9.808654,16.064030
7115,100.112183,30.144825,10.808342,16.059677
7116,100.122566,30.144775,11.808765,16.055206
7117,100.132942,30.144728,12.808455,16.051037
7118,100.143326,30.144678,13.808881,16.046747
7119,100.153702,30.144627,14.808573,16.042336
7120,100.164078,30.144575,15.808266,16.038015
7121,100.174461,30.144524,16.808695,16.033787
7122,100.184837,30.144470,17.808392,16.029436
7123,100.195213,30.144417,18.808086,16.025175
7124,100.205597,30.144361,19.808517,16.020796
7125,100.215973,30.144306,20.808216,16.016506
7126,100.226357,30.144249,21.808651,16.012096
7127,100.236732,30.144194,22.808350,16.007988
7128,100.247108,30.144135,23.808052,16.003548
7129,100.257492,30.144075,24.808491,15.999198
7130,100.267868,30.144016,25.808193,15.994939
7131,100.278244,30.143957,26.807898,15.990769
7132,100.288628,30.143894,27.808342,15.986270
7133,100.299004,30.143833,28.808048,15.982070
7134,100.309380,30.143770,29.807758,15.977751
7135,100.319763,30.143707,30.808203,15.973523
7136,100.330139,30.143642,31.807915,15.969173
7137,100.340523,30.143578,32.808365,15.964917
7138,100.350899,30.143511,33.808075,15.960536
7139,100.361275,30.143444,34.807793,15.956247
7140,100.371658,30.143377,35.808243,15.952051
7141,100.382034,30.143309,36.807961,15.947731
7142,100.392410,30.143240,37.807678,15.943503
7143,100.402794,30.143169,38.808136,15.939156
7144,100.413170,30.143099,39.807858,15.934896
7145,100.423546,30.143026,40.807583,15.930517
7146,100.433929,30.142954,41.808044,15.926231
7147,100.444305,30.142881,42.807770,15.922033
7148,100.454681,30.142807,43.807495,15.917714
7149,100.465065,30.142733,44.807961,15.913488
7150,100.475441,30.142656,45.807690,15.909140
7151,100.485817,30.142580,46.807426,15.904881
7152,100.496201,30.142502,47.807896,15.900505
7153,100.506577,30.142424,48.807632,15.896215
7154,99.499817,30.155254,-48.185413,17.315857
7155,99.510201,30.155254,-47.185108,17.311529
7156,99.520576,30.155252,-46.185539,17.307083
7157,99.530960,30.155251,-45.185238,17.302727
7158,99.541336,30.155249,-44.185669,17.298464
7159,99.551720,30.155245,-43.185364,17.294075
7160,99.562103,30.155239,-42.185059,17.289566
7161,99.572479,30.155235,-41.185490,17.285364
7162,99.582863,30.155228,-40.185184,17.280825
7163,99.593239,30.155222,-39.185612,17.276592
7164,99.603622,30.155214,-38.185310,17.272234
7165,99.613998,30.155205,-37.185741,17.267759
7166,99.624382,30.155195,-36.185436,17.263372
7167,99.634758,30.155186,-35.185867,17.259081
7168,99.645142,30.155174,-34.185558,17.254662
7169,99.655518,30.155163,-33.185989,17.250340
7170,99.665901,30.155151,-32.185684,17.246103
7171,99.676285,30.155138,-31.185377,17.241749
7172,99.686661,30.155123,-30.185804,17.237274
7173,99.697044,30.155107,-29.185497,17.232889
7174,99.707420,30.155092,-28.185926,17.228596
7175,99.717804,30.155075,-27.185619,17.224180
7176,99.728180,30.155058,-26.186045,17.219858
7177,99.738564,30.155041,-25.185738,17.215624
7178,99.748940,30.155022,-24.186165,17.211269
7179,99.759323,30.155001,-23.185856,17.206795
7180,99.769699,30.154982,-22.186281,17.202623
7181,99.780083,30.154959,-21.185970,17.198116
7182,99.790459,30.154938,-20.186394,17.193916
7183,99.800842,30.154913,-19.186087,17.189379
7184,99.811226,30.154890,-18.185774,17.185146
7185,99.821602,30.154865,-17.186197,17.180796
7186,99.831985,30.154840,-16.185884,17.176531
7187,99.842361,30.154814,-15.186307,17.172148
7188,99.852745,30.154787,-14.185994,17.167856
7189,99.863121,30.154758,-13.186415,17.163443
7190,99.873505,30.154730,-12.186101,17.159119
7191,99.883881,30.154699,-11.186521,17.154676
7192,99.894264,30.154669,-10.186205,17.150324
7193,99.904640,30.154638,-9.186624,17.146063
7194,99.915024,30.154606,-8.186307,17.141680
7195,99.925400,30.154573,-7.186725,17.137388
7196,99.935783,30.154541,-6.186407,17.133188
7197,99.946159,30.154507,-5.186823,17.128864
7198,99.956543,30.154470,-4.186503,17.124422
7199,99.966919,30.154434,-3.186918,17.120070
7200,99.977303,30.154398,-2.186597,17.115808
7201,99.987686,30.154360,-1.186275,17.111427
7202,99.998062,30.154322,-0.186688,17.107136
7203,100.008446,30.154282,0.813636,17.102724
7204,100.018822,30.154242,1.813225,17.098404
7205,100.029205,30.154202,2.813550,17.094173
7206,100.039581,30.154160,3.813140,17.089823
7207,100.049965,30.154118,4.813467,17.085562
7208,100.060341,30.154074,5.813059,17.081182
7209,100.070724,30.154030,6.813388,17.076891
7210,100.081100,30.153984,7.812982,17.072479
7211,100.091484,30.153938,8.813312,17.068161
7212,100.101860,30.153893,9.812908,17.063931
7213,100.112244,30.153845,10.813240,17.059580
7214,100.122620,30.153797,11.812838,17.055319
7215,100.133003,30.153748,12.813172,17.050940
7216,100.143379,30.153698,13.812772,17.046648
7217,100.153763,30.153646,14.813108,17.042240
7218,100.164139,30.153595,15.812710,17.037920
7219,100.174522,30.153543,16.813047,17.033691
7220,100.184898,30.153490,17.812653,17.029341
7221,100.195282,30.153437,18.812992,17.025082
7222,100.205658,30.153381,19.812597,17.020700
7223,100.216042,30.153326,20.812941,17.016415
7224,100.226418,30.153271,21.812550,17.012215
7225,100.236801,30.153214,22.812895,17.007896
7226,100.247177,30.153154,23.812504,17.003454
7227,100.257561,30.153097,24.812851,16.999319
7228,100.267937,30.153036,25.812466,16.994850
7229,100.278320,30.152977,26.812815,16.990681
7230,100.288696,30.152916,27.812429,16.986393
7231,100.299080,30.152853,28.812780,16.981985
7232,100.309456,30.152790,29.812401,16.977667
7233,100.319839,30.152727,30.812754,16.973440
7234,100.330215,30.152662,31.812374,16.969090
7235,100.340591,30.152597,32.811996,16.964832
7236,100.350975,30.152531,33.812355,16.960455
7237,100.361351,30.152464,34.811981,16.956165
7238,100.371735,30.152397,35.812340,16.951971
7239,100.382111,30.152328,36.811970,16.947651
7240,100.392494,30.152260,37.812332,16.943426
7241,100.402870,30.152189,38.811962,16.939075
7242,100.413254,30.152119,39.812328,16.934820
7243,100.423630,30.152046,40.811962,16.930441
7244,100.434013,30.151974,41.812328,16.926157
7245,100.444389,30.151901,42.811966,16.921959
7246,100.454773,30.151827,43.812340,16.917645
7247,100.465149,30.151752,44.811977,16.913416
7248,100.475525,30.151676,45.811619,16.909069
7249,100.485909,30.151600,46.811993,16.904812
7250,100.496284,30.151522,47.811638,16.900436
7251,100.506668,30.151443,48.812019,16.896151
7252,99.499817,30.164274,-48.181034,18.315754
7253,99.510201,30.164274,-47.180820,18.311426
7254,99.520584,30.164274,-46.180611,18.307190
7255,99.530960,30.164270,-45.181129,18.302624
7256,99.541344,30.164268,-44.180920,18.298355
7257,99.551727,30.164265,-43.180702,18.293968
7258,99.562103,30.164261,-42.181225,18.289675
7259,99.572487,30.164255,-41.181011,18.285257
7260,99.582870,30.164249,-40.180798,18.280930
7261,99.593246,30.164242,-39.181320,18.276485
7262,99.603630,30.164234,-38.181107,18.272129
7263,99.614014,30.164227,-37.180889,18.267864
7264,99.624390,30.164217,-36.181416,18.263479
7265,99.634773,30.164207,-35.181198,18.259184
7266,99.645157,30.164196,-34.180984,18.254768
7267,99.655533,30.164185,-33.181503,18.250443
7268,99.665916,30.164171,-32.181290,18.245996
7269,99.676300,30.164158,-31.181072,18.241640
7270,99.686676,30.164145,-30.181591,18.237379
7271,99.697060,30.164129,-29.181377,18.232992
7272,99.707443,30.164114,-28.181160,18.228697
7273,99.717819,30.164097,-27.181677,18.224285
7274,99.728203,30.164080,-26.181461,18.219959
7275,99.738586,30.164061,-25.181244,18.215513
7276,99.748962,30.164042,-24.181761,18.211163
7277,99.759346,30.164022,-23.181543,18.206898
7278,99.769730,30.164001,-22.181324,18.202513
7279,99.780106,30.163980,-21.181839,18.198221
7280,99.790489,30.163958,-20.181622,18.193806
7281,99.800873,30.163935,-19.181402,18.189482
7282,99.811249,30.163910,-18.181915,18.185040
7283,99.821632,30.163885,-17.181696,18.180685
7284,99.832016,30.163860,-16.181475,18.176424
7285,99.842392,30.163834,-15.181988,18.172041
7286,99.852776,30.163807,-14.181765,18.167747
7287,99.863152,30.163778,-13.182278,18.163336
7288,99.873535,30.163750,-12.182054,18.159014
7289,99.883919,30.163721,-11.181829,18.154781
7290,99.894295,30.163691,-10.182340,18.150429
7291,99.904678,30.163660,-9.182115,18.146168
7292,99.915062,30.163628,-8.181889,18.141785
7293,99.925438,30.163595,-7.182397,18.137495
7294,99.935822,30.163561,-6.182170,18.133081
7295,99.946205,30.163527,-5.181942,18.128759
7296,99.956581,30.163490,-4.182448,18.124319
7297,99.966965,30.163456,-3.182219,18.120178
7298,99.977348,30.163418,-2.181989,18.115705
7299,99.987724,30.163380,-1.182493,18.111324
7300,99.998108,30.163342,-0.182261,18.107033
7301,100.008492,30.163303,0.817971,18.102835
7302,100.018867,30.163263,1.817469,18.098513
7303,100.029251,30.163221,2.817703,18.094072
7304,100.039635,30.163179,3.817938,18.089720
7305,100.050011,30.163137,4.817439,18.085461
7306,100.060394,30.163094,5.817676,18.081079
7307,100.070770,30.163050,6.817178,18.076792
7308,100.081154,30.163006,7.817417,18.072592
7309,100.091537,30.162960,8.817656,18.068272
7310,100.101913,30.162912,9.817162,18.063829
7311,100.112297,30.162865,10.817402,18.059481
7312,100.122681,30.162817,11.817643,18.055223
7313,100.133057,30.162767,12.817152,18.050842
7314,100.143440,30.162718,13.817396,18.046553
7315,100.153816,30.162668,14.816906,18.042353
7316,100.164200,30.162617,15.817152,18.038034
7317,100.174583,30.162563,16.817400,18.033596
7318,100.184959,30.162512,17.816912,18.029459
7319,100.195343,30.162457,18.817162,18.024988
7320,100.205727,30.162403,19.817411,18.020823
7321,100.216103,30.162348,20.816927,18.016533
7322,100.226486,30.162291,21.817183,18.012125
7323,100.236862,30.162233,22.816702,18.007805
7324,100.247246,30.162176,23.816956,18.003578
7325,100.257629,30.162117,24.817211,17.999231
7326,100.268005,30.162058,25.816732,17.994972
7327,100.278389,30.161997,26.816992,17.990595
7328,100.288765,30.161936,27.816517,17.986307
7329,100.299149,30.161875,28.816778,17.982109
7330,100.309532,30.161812,29.817039,17.977793
7331,100.319908,30.161747,30.816568,17.973354
7332,100.330292,30.161684,31.816832,17.969219
7333,100.340668,30.161617,32.816364,17.964750
7334,100.351051,30.161552,33.816631,17.960585
7335,100.361435,30.161486,34.816898,17.956299
7336,100.371811,30.161417,35.816433,17.951891
7337,100.382195,30.161348,36.816708,17.947575
7338,100.392570,30.161280,37.816246,17.943348
7339,100.402954,30.161209,38.816521,17.939001
7340,100.413338,30.161139,39.816792,17.934746
7341,100.423714,30.161068,40.816338,17.930580
7342,100.434097,30.160994,41.816616,17.926085
7343,100.444473,30.160921,42.816158,17.921886
7344,100.454857,30.160847,43.816441,17.917572
7345,100.465233,30.160772,44.815987,17.913345
7346,100.475616,30.160696,45.816273,17.909000
7347,100.486000,30.160620,46.816559,17.904747
7348,100.496376,30.160542,47.816113,17.900370
7349,100.506760,30.160465,48.816402,17.896297
7350,99.499817,30.173296,-48.176655,19.315863
7351,99.510201,30.173296,-47.176533,19.311535
7352,99.520584,30.173294,-46.176411,19.307087
7353,99.530968,30.173292,-45.176289,19.302731
7354,99.541344,30.173288,-44.176903,19.298254
7355,99.551727,30.173286,-43.176777,19.294079
7356,99.562111,30.173281,-42.176655,19.289570
7357,99.572495,30.173277,-41.176533,19.285364
7358,99.582878,30.173269,-40.176411,19.280827
7359,99.593254,30.173264,-39.177025,19.276592
7360,99.603638,30.173256,-38.176899,19.272236
7361,99.614021,30.173246,-37.176777,19.267759
7362,99.624405,30.173237,-36.176651,19.263372
7363,99.634789,30.173227,-35.176533,19.259077
7364,99.645164,30.173216,-34.177139,19.254662
7365,99.655548,30.173204,-33.177017,19.250338
7366,99.665932,30.173193,-32.176891,19.246101
7367,99.676315,30.173180,-31.176767,19.241747
7368,99.686691,30.173164,-30.177380,19.237274
7369,99.697075,30.173149,-29.177254,19.232887
7370,99.707458,30.173134,-28.177130,19.228592
7371,99.717842,30.173117,-27.177004,19.224178
7372,99.728226,30.173100,-26.176876,19.219854
7373,99.738602,30.173082,-25.177485,19.215622
7374,99.748985,30.173063,-24.177357,19.211266
7375,99.759369,30.173042,-23.177233,19.206791
7376,99.769753,30.173021,-22.177103,19.202406
7377,99.780136,30.173000,-21.176977,19.198112
7378,99.790512,30.172979,-20.177582,19.193913
7379,99.800896,30.172955,-19.177454,19.189377
7380,99.811279,30.172932,-18.177324,19.185144
7381,99.821663,30.172907,-17.177193,19.180792
7382,99.832039,30.172882,-16.177799,19.176529
7383,99.842422,30.172855,-15.177668,19.172146
7384,99.852806,30.172829,-14.177536,19.167854
7385,99.863190,30.172800,-13.177404,19.163441
7386,99.873573,30.172771,-12.177272,19.159119
7387,99.883949,30.172741,-11.177874,19.154676
7388,99.894333,30.172710,-10.177740,19.150324
7389,99.904716,30.172680,-9.177606,19.146063
7390,99.915100,30.172647,-8.177471,19.141680
7391,99.925476,30.172615,-7.178070,19.137388
7392,99.935860,30.172581,-6.177934,19.132977
7393,99.946243,30.172546,-5.177796,19.128656
7394,99.956627,30.172512,-4.177659,19.124426
7395,99.967010,30.172476,-3.177521,19.120073
7396,99.977386,30.172440,-2.178116,19.115814
7397,99.987770,30.172401,-1.177976,19.111433
7398,99.998154,30.172363,-0.177836,19.107143
7399,100.008537,30.172323,0.822306,19.102732
7400,100.018913,30.172283,1.821713,19.098412
7401,100.029297,30.172243,2.821856,19.094181
7402,100.039680,30.172201,3.822000,19.089832
7403,100.050064,30.172157,4.822145,19.085361
7404,100.060440,30.172115,5.821556,19.081192
7405,100.070824,30.172071,6.821702,19.076902
7406,100.081207,30.172026,7.821850,19.072493
7407,100.091591,30.171980,8.821998,19.068174
7408,100.101967,30.171934,9.821412,19.063946
7409,100.112350,30.171886,10.821563,19.059595
7410,100.122734,30.171837,11.821713,19.055124
7411,100.133118,30.171789,12.821866,19.050959
7412,100.143494,30.171740,13.821284,19.046669
7413,100.153877,30.171688,14.821439,19.042259
7414,100.164261,30.171637,15.821593,19.037941
7415,100.174644,30.171585,16.821751,19.033714
7416,100.185020,30.171532,17.821173,19.029366
7417,100.195404,30.171478,18.821331,19.025108
7418,100.205788,30.171423,19.821489,19.020731
7419,100.216171,30.171368,20.821650,19.016443
7420,100.226547,30.171310,21.821077,19.012033
7421,100.236931,30.171253,22.821239,19.007717
7422,100.247314,30.171196,23.821404,19.003490
7423,100.257698,30.171137,24.821569,18.999144
7424,100.268074,30.171078,25.820999,18.994884
7425,100.278458,30.171017,26.821169,18.990509
7426,100.288841,30.170956,27.821339,18.986223
7427,100.299225,30.170895,28.821508,18.982027
7428,100.309601,30.170832,29.820944,18.977709
7429,100.319984,30.170769,30.821115,18.973484
7430,100.330368,30.170704,31.821289,18.969139
7431,100.340744,30.170639,32.820732,18.964880
7432,100.351128,30.170572,33.820908,18.960506
7433,100.361511,30.170506,34.821087,18.956221
7434,100.371895,30.170437,35.821266,18.951815
7435,100.382271,30.170370,36.820705,18.947708
7436,100.392654,30.170300,37.820892,18.943274
7437,100.403038,30.170229,38.821075,18.938929
7438,100.413414,30.170158,39.820522,18.934671
7439,100.423798,30.170088,40.820709,18.930508
7440,100.434181,30.170015,41.820900,18.926224
7441,100.444565,30.169941,42.821087,18.921818
7442,100.454941,30.169867,43.820541,18.917501
7443,100.465324,30.169792,44.820736,18.913279
7444,100.475708,30.169716,45.820930,18.908936
7445,100.486084,30.169640,46.820385,18.904680
7446,100.496468,30.169563,47.820587,18.900518
7447,100.506851,30.169485,48.820782,18.896235
7448,99.499817,30.182316,-48.172272,20.315763
7449,99.510201,30.182316,-47.172241,20.311436
7450,99.520584,30.182316,-46.172211,20.307199
7451,99.530968,30.182312,-45.172180,20.302629
7452,99.541351,30.182310,-44.172150,20.298363
7453,99.551735,30.182306,-43.172115,20.293974
7454,99.562119,30.182302,-42.172085,20.289679
7455,99.572502,30.182297,-41.172054,20.285261
7456,99.582886,30.182291,-40.172024,20.280933
7457,99.593262,30.182283,-39.172726,20.276491
7458,99.603645,30.182276,-38.172695,20.272133
7459,99.614029,30.182268,-37.172661,20.267868
7460,99.624413,30.182259,-36.172630,20.263481
7461,99.634796,30.182249,-35.172596,20.259186
7462,99.645180,30.182238,-34.172562,20.254770
7463,99.655563,30.182226,-33.172531,20.250443
7464,99.665947,30.182213,-32.172497,20.245998
7465,99.676331,30.182199,-31.172464,20.241642
7466,99.686714,30.182186,-30.172430,20.237377
7467,99.697098,30.182171,-29.172396,20.232992
7468,99.707481,30.182154,-28.172363,20.228487
7469,99.717857,30.182138,-27.173063,20.224285
7470,99.728241,30.182121,-26.173027,20.219961
7471,99.738625,30.182102,-25.172993,20.215515
7472,99.749008,30.182083,-24.172955,20.211163
7473,99.759392,30.182064,-23.172920,20.206898
7474,99.769775,30.182043,-22.172882,20.202513
7475,99.780159,30.182022,-21.172846,20.198221
7476,99.790543,30.181999,-20.172808,20.193806
7477,99.800926,30.181976,-19.172771,20.189482
7478,99.811310,30.181952,-18.172733,20.185040
7479,99.821686,30.181927,-17.173428,20.180687
7480,99.832069,30.181902,-16.173389,20.176426
7481,99.842453,30.181875,-15.173348,20.172043
7482,99.852837,30.181849,-14.173308,20.167749
7483,99.863220,30.181820,-13.173267,20.163338
7484,99.873604,30.181791,-12.173225,20.159016
7485,99.883987,30.181763,-11.173183,20.154783
7486,99.894371,30.181732,-10.173141,20.150433
7487,99.904755,30.181700,-9.173098,20.145960
7488,99.915138,30.181669,-8.173053,20.141788
7489,99.925522,30.181635,-7.173008,20.137287
7490,99.935898,30.181602,-6.173698,20.133085
7491,99.946281,30.181568,-5.173652,20.128765
7492,99.956665,30.181532,-4.173605,20.124325
7493,99.967049,30.181496,-3.173558,20.119972
7494,99.977432,30.181459,-2.173509,20.115713
7495,99.987816,30.181421,-1.173460,20.111332
7496,99.998199,30.181383,-0.173411,20.107042
7497,100.008583,30.181343,0.826640,20.102631
7498,100.018967,30.181303,1.826691,20.098312
7499,100.029343,30.181263,2.826009,20.094082
7500,100.039726,30.181221,3.826061,20.089733
7501,100.050110,30.181179,4.826115,20.085474
7502,100.060493,30.181135,5.826170,20.081093
7503,100.070877,30.181091,6.826226,20.076805
7504,100.081261,30.181046,7.826282,20.072397
7505,100.091644,30.181000,8.826340,20.068079
7506,100.102028,30.180954,9.826398,20.063850
7507,100.112404,30.180906,10.825723,20.059500
7508,100.122787,30.180859,11.825782,20.055243
7509,100.133171,30.180809,12.825844,20.050863
7510,100.143555,30.180759,13.825906,20.046576
7511,100.153938,30.180708,14.825970,20.042168
7512,100.164322,30.180656,15.826034,20.037849
7513,100.174706,30.180605,16.826099,20.033623
7514,100.185089,30.180552,17.826166,20.029276
7515,100.195465,30.180498,18.825499,20.025017
7516,100.205849,30.180443,19.825567,20.020641
7517,100.216232,30.180387,20.825636,20.016354
7518,100.226616,30.180332,21.825706,20.012157
7519,100.237000,30.180275,22.825779,20.007841
7520,100.247383,30.180216,23.825851,20.003405
7521,100.257767,30.180157,24.825926,19.999058
7522,100.268143,30.180098,25.825266,19.994801
7523,100.278526,30.180038,26.825344,19.990635
7524,100.288910,30.179977,27.825420,19.986349
7525,100.299294,30.179914,28.825500,19.981943
7526,100.309677,30.179852,29.825581,19.977629
7527,100.320061,30.179789,30.825663,19.973404
7528,100.330444,30.179724,31.825745,19.969059
7529,100.340820,30.179659,32.825092,19.964802
7530,100.351204,30.179592,33.825180,19.960428
7531,100.361588,30.179525,34.825264,19.956142
7532,100.371971,30.179459,35.825356,19.951950
7533,100.382355,30.179390,36.825447,19.947636
7534,100.392738,30.179319,37.825535,19.943199
7535,100.403114,30.179251,38.824894,19.939064
7536,100.413498,30.179178,39.824989,19.934599
7537,100.423882,30.179108,40.825081,19.930437
7538,100.434265,30.179035,41.825180,19.926155
7539,100.444649,30.178961,42.825279,19.921749
7540,100.455032,30.178886,43.825375,19.917435
7541,100.465408,30.178812,44.824741,19.913212
7542,100.475792,30.178736,45.824848,19.908867
7543,100.486176,30.178659,46.824947,19.904615
7544,100.496559,30.178583,47.825054,19.900454
7545,100.506943,30.178505,48.825165,19.896172
7546,99.499817,30.191338,-48.167896,21.315874
7547,99.510201,30.191338,-47.167953,21.311546
7548,99.520584,30.191336,-46.168011,21.307100
7549,99.530968,30.191334,-45.168072,21.302742
7550,99.541351,30.191330,-44.168133,21.298264
7551,99.551735,30.191328,-43.168190,21.294088
7552,99.562119,30.191322,-42.168251,21.289579
7553,99.572510,30.191317,-41.167576,21.285158
7554,99.582893,30.191311,-40.167633,21.280832
7555,99.593277,30.191305,-39.167690,21.276598
7556,99.603661,30.191298,-38.167755,21.272240
7557,99.614044,30.191288,-37.167812,21.267763
7558,99.624428,30.191278,-36.167870,21.263376
7559,99.634811,30.191269,-35.167931,21.259083
7560,99.645195,30.191257,-34.167988,21.254665
7561,99.655579,30.191246,-33.168041,21.250340
7562,99.665962,30.191235,-32.168102,21.246105
7563,99.676346,30.191221,-31.168159,21.241751
7564,99.686729,30.191206,-30.168217,21.237276
7565,99.697113,30.191191,-29.168274,21.232889
7566,99.707497,30.191175,-28.168329,21.228596
7567,99.717880,30.191158,-27.168386,21.224180
7568,99.728264,30.191141,-26.168444,21.219856
7569,99.738647,30.191124,-25.168499,21.215624
7570,99.749031,30.191105,-24.168552,21.211269
7571,99.759415,30.191084,-23.168608,21.206795
7572,99.769798,30.191063,-22.168663,21.202410
7573,99.780182,30.191042,-21.168716,21.198116
7574,99.790565,30.191019,-20.168770,21.193703
7575,99.800949,30.190996,-19.168821,21.189381
7576,99.811333,30.190973,-18.168875,21.185148
7577,99.821716,30.190948,-17.168928,21.180796
7578,99.832100,30.190922,-16.168978,21.176323
7579,99.842484,30.190897,-15.169029,21.172150
7580,99.852867,30.190868,-14.169080,21.167646
7581,99.863251,30.190842,-13.169130,21.163445
7582,99.873634,30.190813,-12.169180,21.159124
7583,99.884018,30.190783,-11.169229,21.154682
7584,99.894402,30.190752,-10.169276,21.150330
7585,99.904793,30.190722,-9.168589,21.146069
7586,99.915176,30.190689,-8.168636,21.141687
7587,99.925560,30.190657,-7.168683,21.137396
7588,99.935944,30.190622,-6.168728,21.132984
7589,99.946327,30.190588,-5.168773,21.128664
7590,99.956711,30.190554,-4.168817,21.124434
7591,99.967094,30.190517,-3.168861,21.120085
7592,99.977478,30.190479,-2.168903,21.115614
7593,99.987862,30.190443,-1.168945,21.111443
7594,99.998245,30.190403,-0.168986,21.106943
7595,100.008629,30.190365,0.830973,21.102745
7596,100.019012,30.190325,1.830933,21.098425
7597,100.029396,30.190283,2.830895,21.093985
7598,100.039780,30.190241,3.830857,21.089634
7599,100.050163,30.190199,4.830820,21.085377
7600,100.060547,30.190155,5.830783,21.080997
7601,100.070930,30.190111,6.830748,21.076710
7602,100.081314,30.190067,7.830713,21.072512
7603,100.091698,30.190022,8.830680,21.068193
7604,100.102081,30.189974,9.830647,21.063753
7605,100.112465,30.189926,10.830615,21.059406
7606,100.122849,30.189878,11.830585,21.055149
7607,100.133232,30.189829,12.830556,21.050772
7608,100.143616,30.189779,13.830526,21.046484
7609,100.153999,30.189730,14.830499,21.042288
7610,100.164383,30.189678,15.830472,21.037971
7611,100.174767,30.189625,16.830448,21.033533
7612,100.185150,30.189571,17.830421,21.029186
7613,100.195534,30.189518,18.830399,21.024929
7614,100.205917,30.189465,19.830376,21.020763
7615,100.216301,30.189407,20.830355,21.016268
7616,100.226685,30.189352,21.830334,21.012072
7617,100.237068,30.189295,22.830315,21.007755
7618,100.247452,30.189238,23.830297,21.003531
7619,100.257835,30.189178,24.830280,20.999186
7620,100.268219,30.189119,25.830265,20.994930
7621,100.278603,30.189058,26.830250,20.990555
7622,100.288986,30.188997,27.830238,20.986269
7623,100.299362,30.188934,28.829493,20.981861
7624,100.309746,30.188871,29.829481,20.977547
7625,100.320129,30.188808,30.829472,20.973322
7626,100.330513,30.188744,31.829462,20.968979
7627,100.340897,30.188679,32.829456,20.964725
7628,100.351280,30.188612,33.829453,20.960350
7629,100.361664,30.188545,34.829445,20.956066
7630,100.372047,30.188478,35.829445,20.951874
7631,100.382431,30.188410,36.829441,20.947561
7632,100.392815,30.188341,37.829441,20.943336
7633,100.403198,30.188271,38.829445,20.938993
7634,100.413582,30.188200,39.829445,20.934740
7635,100.423965,30.188128,40.829453,20.930367
7636,100.434349,30.188055,41.829456,20.926085
7637,100.444733,30.187983,42.829464,20.921892
7638,100.455116,30.187908,43.829472,20.917580
7639,100.465500,30.187832,44.829483,20.913147
7640,100.475883,30.187757,45.829494,20.909016
7641,100.486267,30.187679,46.829506,20.904552
7642,100.496651,30.187603,47.829525,20.900393
7643,100.507034,30.187525,48.829540,20.896111
7644,99.499817,30.200357,-48.163513,22.315777
7645,99.510201,30.200357,-47.163662,22.311449
7646,99.520592,30.200356,-46.163078,22.306997
7647,99.530975,30.200354,-45.163227,22.302641
7648,99.541359,30.200352,-44.163380,22.298374
7649,99.551743,30.200348,-43.163528,22.293987
7650,99.562126,30.200344,-42.163681,22.289690
7651,99.572510,30.200338,-41.163830,22.285273
7652,99.582901,30.200333,-40.163246,22.280943
7653,99.593285,30.200325,-39.163395,22.276497
7654,99.603668,30.200317,-38.163548,22.272141
7655,99.614052,30.200310,-37.163696,22.267876
7656,99.624435,30.200300,-36.163845,22.263489
7657,99.634819,30.200289,-35.163998,22.258982
7658,99.645203,30.200279,-34.164146,22.254778
7659,99.655594,30.200268,-33.163559,22.250450
7660,99.665977,30.200254,-32.163708,22.246004
7661,99.676361,30.200241,-31.163855,22.241648
7662,99.686745,30.200228,-30.164001,22.237385
7663,99.697128,30.200212,-29.164150,22.233000
7664,99.707512,30.200195,-28.164299,22.228495
7665,99.717903,30.200180,-27.163712,22.224289
7666,99.728287,30.200163,-26.163857,22.219965
7667,99.738670,30.200144,-25.164003,22.215519
7668,99.749054,30.200125,-24.164150,22.211166
7669,99.759438,30.200106,-23.164297,22.206903
7670,99.769821,30.200085,-22.164442,22.202520
7671,99.780212,30.200064,-21.163851,22.198225
7672,99.790596,30.200041,-20.163996,22.193813
7673,99.800980,30.200018,-19.164141,22.189487
7674,99.811363,30.199993,-18.164284,22.185045
7675,99.821747,30.199968,-17.164427,22.180693
7676,99.832130,30.199944,-16.164570,22.176432
7677,99.842514,30.199917,-15.164711,22.172049
7678,99.852905,30.199890,-14.164118,22.167755
7679,99.863289,30.199862,-13.164259,22.163343
7680,99.873672,30.199833,-12.164399,22.159021
7681,99.884056,30.199804,-11.164539,22.154791
7682,99.894440,30.199774,-10.164678,22.150440
7683,99.904823,30.199741,-9.164817,22.145969
7684,99.915207,30.199709,-8.164954,22.141588
7685,99.925598,30.199677,-7.164357,22.137297
7686,99.935982,30.199644,-6.164494,22.133095
7687,99.946365,30.199610,-5.164629,22.128775
7688,99.956749,30.199574,-4.164765,22.124336
7689,99.967133,30.199537,-3.164899,22.119984
7690,99.977516,30.199501,-2.165033,22.115726
7691,99.987900,30.199463,-1.165166,22.111345
7692,99.998291,30.199425,-0.164563,22.107058
7693,100.008675,30.199385,0.835305,22.102646
7694,100.019058,30.199345,1.835175,22.098328
7695,100.029442,30.199305,2.835045,22.094099
7696,100.039825,30.199263,3.834916,22.089750
7697,100.050209,30.199221,4.834788,22.085493
7698,100.060593,30.199177,5.834661,22.081114
7699,100.070976,30.199133,6.834535,22.076826
7700,100.081367,30.199087,7.835144,22.072418
7701,100.091751,30.199041,8.835019,22.068100
7702,100.102135,30.198996,9.834895,22.063873
7703,100.112518,30.198948,10.834772,22.059525
7704,100.122902,30.198898,11.834651,22.055058
7705,100.133286,30.198851,12.834530,22.050890
7706,100.143669,30.198801,13.834411,22.046604
7707,100.154053,30.198750,14.834292,22.042198
7708,100.164444,30.198698,15.834909,22.037880
7709,100.174828,30.198647,16.834793,22.033657
7710,100.185211,30.198593,17.834679,22.029308
7711,100.195595,30.198540,18.834562,22.025053
7712,100.205978,30.198484,19.834450,22.020678
7713,100.216362,30.198429,20.834335,22.016392
7714,100.226746,30.198372,21.834227,22.011986
7715,100.237129,30.198315,22.834116,22.007669
7716,100.247513,30.198257,23.834005,22.003445
7717,100.257904,30.198198,24.834635,21.999102
7718,100.268288,30.198139,25.834528,21.994848
7719,100.278671,30.198078,26.834421,21.990473
7720,100.289055,30.198017,27.834318,21.986187
7721,100.299438,30.197956,28.834215,21.981995
7722,100.309822,30.197893,29.834114,21.977680
7723,100.320206,30.197828,30.834013,21.973246
7724,100.330589,30.197763,31.833914,21.968903
7725,100.340973,30.197699,32.833817,21.964649
7726,100.351357,30.197634,33.833717,21.960485
7727,100.361748,30.197565,34.834358,21.955994
7728,100.372131,30.197498,35.834267,21.951801
7729,100.382515,30.197430,36.834175,21.947489
7730,100.392899,30.197361,37.834084,21.943266
7731,100.403282,30.197290,38.833992,21.938923
7732,100.413666,30.197220,39.833908,21.934671
7733,100.424049,30.197147,40.833820,21.930300
7734,100.434433,30.197075,41.833733,21.926018
7735,100.444817,30.197002,42.833649,21.921825
7736,100.455200,30.196928,43.833565,21.917513
7737,100.465584,30.196852,44.833488,21.913082
7738,100.475967,30.196777,45.833405,21.908951
7739,100.486351,30.196701,46.833328,21.904701
7740,100.496735,30.196623,47.833256,21.900330
7741,100.507126,30.196545,48.833916,21.896053
7742,99.499817,30.209379,-48.159130,23.315893
7743,99.510208,30.209379,-47.158634,23.311562
7744,99.520592,30.209377,-46.158875,23.307114
7745,99.530975,30.209375,-45.159119,23.302755
7746,99.541359,30.209372,-44.159359,23.298277
7747,99.551750,30.209368,-43.158867,23.293888
7748,99.562134,30.209364,-42.159111,23.289593
7749,99.572517,30.209358,-41.159351,23.285173
7750,99.582909,30.209352,-40.158855,23.280846
7751,99.593292,30.209347,-39.159096,23.276609
7752,99.603676,30.209339,-38.159336,23.272253
7753,99.614059,30.209330,-37.159576,23.267775
7754,99.624451,30.209320,-36.159084,23.263386
7755,99.634834,30.209311,-35.159325,23.259092
7756,99.645218,30.209299,-34.159565,23.254675
7757,99.655602,30.209288,-33.159805,23.250351
7758,99.665993,30.209274,-32.159309,23.245905
7759,99.676376,30.209261,-31.159552,23.241549
7760,99.686760,30.209248,-30.159788,23.237286
7761,99.697151,30.209232,-29.159292,23.232899
7762,99.707535,30.209217,-28.159531,23.228603
7763,99.717918,30.209200,-27.159769,23.224190
7764,99.728302,30.209183,-26.160007,23.219866
7765,99.738693,30.209164,-25.159512,23.215418
7766,99.749077,30.209145,-24.159748,23.211065
7767,99.759460,30.209126,-23.159985,23.206802
7768,99.769852,30.209105,-22.159487,23.202417
7769,99.780235,30.209084,-21.159723,23.198126
7770,99.790619,30.209061,-20.159958,23.193710
7771,99.801003,30.209038,-19.160192,23.189388
7772,99.811394,30.209015,-18.159691,23.185156
7773,99.821777,30.208990,-17.159925,23.180803
7774,99.832161,30.208963,-16.160160,23.176331
7775,99.842545,30.208937,-15.160393,23.171949
7776,99.852936,30.208910,-14.159890,23.167656
7777,99.863319,30.208883,-13.160122,23.163456
7778,99.873703,30.208853,-12.160355,23.158924
7779,99.884094,30.208824,-11.159850,23.154692
7780,99.894478,30.208794,-10.160080,23.150339
7781,99.904861,30.208763,-9.160310,23.146080
7782,99.915245,30.208731,-8.160539,23.141699
7783,99.925636,30.208698,-7.160032,23.137407
7784,99.936020,30.208664,-6.160260,23.132998
7785,99.946404,30.208630,-5.160486,23.128677
7786,99.956787,30.208593,-4.160713,23.124239
7787,99.967178,30.208559,-3.160203,23.120100
7788,99.977562,30.208521,-2.160428,23.115629
7789,99.987946,30.208483,-1.160652,23.111250
7790,99.998329,30.208445,-0.160875,23.106960
7791,100.008720,30.208406,0.839637,23.102762
7792,100.019104,30.208366,1.839415,23.098444
7793,100.029488,30.208324,2.839195,23.094004
7794,100.039879,30.208282,3.839709,23.089657
7795,100.050262,30.208241,4.839490,23.085398
7796,100.060646,30.208197,5.839272,23.081020
7797,100.071030,30.208153,6.839055,23.076733
7798,100.081421,30.208107,7.839573,23.072325
7799,100.091805,30.208061,8.839357,23.068008
7800,100.102188,30.208015,9.839143,23.063782
7801,100.112572,30.207968,10.838930,23.059433
7802,100.122963,30.207920,11.839451,23.055178
7803,100.133347,30.207870,12.839239,23.050800
7804,100.143730,30.207821,13.839028,23.046516
7805,100.154114,30.207769,14.838820,23.042107
7806,100.164497,30.207718,15.838611,23.037792
7807,100.174889,30.207666,16.839136,23.033567
7808,100.185272,30.207613,17.838932,23.029222
7809,100.195656,30.207560,18.838724,23.024967
7810,100.206039,30.207504,19.838522,23.020592
7811,100.216431,30.207449,20.839052,23.016308
7812,100.226814,30.207392,21.838850,23.011902
7813,100.237198,30.207335,22.838650,23.007587
7814,100.247581,30.207277,23.838449,23.003363
7815,100.257973,30.207218,24.838985,22.999020
7816,100.268356,30.207159,25.838787,22.994766
7817,100.278740,30.207098,26.838593,22.990393
7818,100.289124,30.207037,27.838396,22.986107
7819,100.299507,30.206976,28.838203,22.981916
7820,100.309898,30.206913,29.838743,22.977604
7821,100.320282,30.206848,30.838554,22.973169
7822,100.330666,30.206785,31.838364,22.969038
7823,100.341049,30.206718,32.838177,22.964575
7824,100.351440,30.206654,33.838722,22.960415
7825,100.361824,30.206587,34.838535,22.956133
7826,100.372208,30.206518,35.838352,22.951729
7827,100.382591,30.206450,36.838169,22.947416
7828,100.392975,30.206381,37.837990,22.943195
7829,100.403366,30.206310,38.838539,22.938856
7830,100.413750,30.206240,39.838364,22.934603
7831,100.424133,30.206167,40.838184,22.930233
7832,100.434517,30.206095,41.838009,22.925951
7833,100.444901,30.206022,42.837833,22.921762
7834,100.455292,30.205948,43.838394,22.917454
7835,100.465675,30.205873,44.838223,22.913233
7836,100.476059,30.205797,45.838051,22.908892
7837,100.486443,30.205721,46.837883,22.904642
7838,100.496826,30.205643,47.837719,22.900272
7839,100.507210,30.205564,48.837551,22.895992
7840,99.499817,30.218399,-48.154743,24.315800
7841,99.510208,30.218399,-47.154343,24.311466
7842,99.520592,30.218397,-46.154675,24.307020
7843,99.530975,30.218395,-45.155006,24.302662
7844,99.541367,30.218393,-44.154606,24.298393
7845,99.551750,30.218390,-43.154938,24.294004
7846,99.562141,30.218386,-42.154533,24.289705
7847,99.572525,30.218380,-41.154869,24.285288
7848,99.582916,30.218374,-40.154465,24.280958
7849,99.593300,30.218367,-39.154797,24.276512
7850,99.603683,30.218359,-38.155128,24.272156
7851,99.614075,30.218351,-37.154728,24.267889
7852,99.624458,30.218342,-36.155060,24.263502
7853,99.634850,30.218330,-35.154655,24.258991
7854,99.645233,30.218321,-34.154987,24.254789
7855,99.655617,30.218307,-33.155315,24.250252
7856,99.666008,30.218296,-32.154915,24.246016
7857,99.676392,30.218283,-31.155245,24.241661
7858,99.686783,30.218267,-30.154840,24.237185
7859,99.697166,30.218254,-29.155170,24.233009
7860,99.707550,30.218237,-28.155500,24.228506
7861,99.717941,30.218222,-27.155094,24.224300
7862,99.728325,30.218203,-26.155424,24.219765
7863,99.738716,30.218185,-25.155018,24.215530
7864,99.749100,30.218166,-24.155346,24.211178
7865,99.759483,30.218145,-23.155674,24.206703
7866,99.769875,30.218126,-22.155266,24.202530
7867,99.780258,30.218103,-21.155592,24.198025
7868,99.790649,30.218082,-20.155184,24.193823
7869,99.801033,30.218060,-19.155510,24.189501
7870,99.811417,30.218035,-18.155836,24.185057
7871,99.821808,30.218010,-17.155426,24.180706
7872,99.832191,30.217985,-16.155750,24.176443
7873,99.842583,30.217958,-15.155341,24.172060
7874,99.852966,30.217932,-14.155664,24.167770
7875,99.863350,30.217903,-13.155987,24.163357
7876,99.873741,30.217875,-12.155574,24.159035
7877,99.884125,30.217844,-11.155896,24.154594
7878,99.894516,30.217813,-10.155482,24.150242
7879,99.904900,30.217783,-9.155804,24.145983
7880,99.915283,30.217751,-8.156123,24.141602
7881,99.925674,30.217718,-7.155708,24.137312
7882,99.936058,30.217684,-6.156026,24.132900
7883,99.946442,30.217649,-5.156344,24.128582
7884,99.956833,30.217615,-4.155927,24.124353
7885,99.967216,30.217579,-3.156243,24.120005
7886,99.977608,30.217543,-2.155824,24.115744
7887,99.987991,30.217505,-1.156139,24.111364
7888,99.998375,30.217466,-0.156453,24.107077
7889,100.008766,30.217426,0.843968,24.102669
7890,100.019150,30.217386,1.843655,24.098351
7891,100.029541,30.217344,2.844078,24.093910
7892,100.039925,30.217304,3.843767,24.089773
7893,100.050308,30.217260,4.843457,24.085304
7894,100.060699,30.217216,5.843883,24.080927
7895,100.071083,30.217173,6.843574,24.076641
7896,100.081467,30.217129,7.843266,24.072445
7897,100.091858,30.217083,8.843695,24.068129
7898,100.102242,30.217035,9.843389,24.063692
7899,100.112633,30.216988,10.843820,24.059345
7900,100.123016,30.216940,11.843515,24.055090
7901,100.133400,30.216890,12.843213,24.050713
7902,100.143791,30.216841,13.843645,24.046429
7903,100.154175,30.216791,14.843345,24.042233
7904,100.164558,30.216740,15.843045,24.037918
7905,100.174950,30.216686,16.843481,24.033482
7906,100.185333,30.216633,17.843184,24.029137
7907,100.195717,30.216579,18.842886,24.024883
7908,100.206108,30.216524,19.843327,24.020508
7909,100.216492,30.216469,20.843031,24.016224
7910,100.226883,30.216413,21.843473,24.012032
7911,100.237267,30.216356,22.843182,24.007717
7912,100.247650,30.216297,23.842890,24.003283
7913,100.258041,30.216240,24.843336,23.999153
7914,100.268425,30.216179,25.843046,23.994688
7915,100.278809,30.216120,26.842760,23.990524
7916,100.289200,30.216057,27.843208,23.986031
7917,100.299583,30.215996,28.842924,23.981840
7918,100.309967,30.215933,29.842640,23.977528
7919,100.320358,30.215870,30.843092,23.973307
7920,100.330742,30.215805,31.842810,23.968964
7921,100.341125,30.215740,32.842533,23.964710
7922,100.351517,30.215673,33.842987,23.960342
7923,100.361900,30.215607,34.842712,23.956060
7924,100.372284,30.215538,35.842438,23.951658
7925,100.382675,30.215469,36.842896,23.947348
7926,100.393059,30.215401,37.842621,23.943127
7927,100.403442,30.215330,38.842350,23.938787
7928,100.413834,30.215260,39.842815,23.934540
7929,100.424217,30.215187,40.842548,23.930168
7930,100.434601,30.215115,41.842281,23.925886
7931,100.444992,30.215042,42.842751,23.921700
7932,100.455376,30.214968,43.842484,23.917391
7933,100.465759,30.214893,44.842224,23.913170
7934,100.476143,30.214817,45.841961,23.908831
7935,100.486534,30.214741,46.842438,23.904585
7936,100.496918,30.214663,47.842178,23.900215
7937,100.507301,30.214584,48.841923,23.895935
7938,99.499817,30.227421,-48.150360,25.315916
7939,99.510208,30.227419,-47.150051,25.311373
7940,99.520592,30.227419,-46.150475,25.307137
7941,99.530983,30.227417,-45.150162,25.302778
7942,99.541367,30.227413,-44.150585,25.298298
7943,99.551758,30.227409,-43.150272,25.293909
7944,99.562141,30.227406,-42.150700,25.289612
7945,99.572533,30.227400,-41.150387,25.285191
7946,99.582916,30.227394,-40.150810,25.280865
7947,99.593307,30.227386,-39.150501,25.276417
7948,99.603699,30.227379,-38.150188,25.272057
7949,99.614082,30.227371,-37.150608,25.267792
7950,99.624474,30.227362,-36.150295,25.263405
7951,99.634857,30.227352,-35.150719,25.259109
7952,99.645248,30.227341,-34.150406,25.254690
7953,99.655632,30.227329,-33.150829,25.250364
7954,99.666023,30.227316,-32.150517,25.245918
7955,99.676407,30.227303,-31.150940,25.241562
7956,99.686798,30.227289,-30.150625,25.237297
7957,99.697182,30.227274,-29.151047,25.232912
7958,99.707573,30.227259,-28.150732,25.228617
7959,99.717957,30.227242,-27.151152,25.224203
7960,99.728348,30.227224,-26.150837,25.219877
7961,99.738731,30.227205,-25.151258,25.215433
7962,99.749123,30.227186,-24.150944,25.211079
7963,99.759506,30.227167,-23.151361,25.206816
7964,99.769897,30.227146,-22.151045,25.202431
7965,99.780289,30.227125,-21.150728,25.198139
7966,99.790672,30.227102,-20.151146,25.193724
7967,99.801064,30.227079,-19.150827,25.189402
7968,99.811447,30.227055,-18.151247,25.184959
7969,99.821838,30.227030,-17.150928,25.180605
7970,99.832222,30.227005,-16.151342,25.176346
7971,99.842613,30.226978,-15.151023,25.171963
7972,99.852997,30.226952,-14.151438,25.167671
7973,99.863388,30.226923,-13.151117,25.163260
7974,99.873772,30.226894,-12.151530,25.158939
7975,99.884163,30.226866,-11.151208,25.154709
7976,99.894547,30.226835,-10.151620,25.150358
7977,99.904938,30.226803,-9.151298,25.145887
7978,99.915321,30.226772,-8.151708,25.141716
7979,99.925713,30.226738,-7.151384,25.137215
7980,99.936096,30.226706,-6.151793,25.133018
7981,99.946487,30.226671,-5.151468,25.128696
7982,99.956871,30.226635,-4.151876,25.124258
7983,99.967262,30.226599,-3.151549,25.119907
7984,99.977646,30.226562,-2.151956,25.115650
7985,99.988037,30.226524,-1.151627,25.111271
7986,99.998421,30.226486,-0.152032,25.106983
7987,100.008812,30.226446,0.848298,25.102573
7988,100.019196,30.226406,1.847894,25.098255
7989,100.029587,30.226366,2.848226,25.094028
7990,100.039970,30.226324,3.847824,25.089682
7991,100.050362,30.226282,4.848157,25.085426
7992,100.060745,30.226238,5.847757,25.081049
7993,100.071136,30.226194,6.848092,25.076761
7994,100.081520,30.226149,7.847694,25.072355
7995,100.091911,30.226103,8.848030,25.068039
7996,100.102295,30.226057,9.847633,25.063812
7997,100.112686,30.226009,10.847973,25.059467
7998,100.123070,30.225960,11.847578,25.055000
7999,100.133461,30.225912,12.847919,25.050838
8000,100.143845,30.225861,13.847527,25.046339
8001,100.154236,30.225811,14.847869,25.042147
8002,100.164619,30.225760,15.847479,25.037832
8003,100.175011,30.225706,16.847824,25.033396
8004,100.185394,30.225655,17.847435,25.029264
8005,100.195786,30.225599,18.847782,25.024799
8006,100.206169,30.225546,19.847395,25.020638
8007,100.216560,30.225491,20.847744,25.016354
8008,100.226944,30.225433,21.847361,25.011950
8009,100.237335,30.225376,22.847713,25.007637
8010,100.247719,30.225319,23.847330,25.003414
8011,100.258110,30.225260,24.847683,24.999073
8012,100.268494,30.225199,25.847305,24.994610
8013,100.278885,30.225140,26.847660,24.990450
8014,100.289268,30.225079,27.847282,24.986166
8015,100.299652,30.225016,28.846909,24.981764
8016,100.310043,30.224953,29.847267,24.977453
8017,100.320427,30.224890,30.846895,24.973230
8018,100.330818,30.224825,31.847258,24.968891
8019,100.341202,30.224760,32.846886,24.964642
8020,100.351593,30.224693,33.847252,24.960270
8021,100.361977,30.224627,34.846882,24.955988
8022,100.372368,30.224560,35.847252,24.951801
8023,100.382751,30.224491,36.846886,24.947491
8024,100.393143,30.224421,37.847260,24.943060
8025,100.403526,30.224350,38.846893,24.938721
8026,100.413910,30.224279,39.846535,24.934471
8027,100.424301,30.224209,40.846905,24.930315
8028,100.434685,30.224136,41.846550,24.926035
8029,100.445076,30.224062,42.846931,24.921637
8030,100.455460,30.223988,43.846573,24.917328
8031,100.465851,30.223913,44.846954,24.913111
8032,100.476234,30.223837,45.846603,24.908773
8033,100.486626,30.223761,46.846985,24.904528
8034,100.497009,30.223682,47.846638,24.900158
8035,100.507393,30.223604,48.846291,24.895882
8036,99.499817,30.236441,-48.145973,26.315825
8037,99.510208,30.236441,-47.145756,26.311493
8038,99.520599,30.236439,-46.145535,26.307041
8039,99.530983,30.236437,-45.146049,26.302683
8040,99.541374,30.236435,-44.145828,26.298414
8041,99.551765,30.236431,-43.145611,26.294025
8042,99.562149,30.236425,-42.146126,26.289516
8043,99.572540,30.236422,-41.145901,26.285309
8044,99.582924,30.236414,-40.146420,26.280769
8045,99.593315,30.236408,-39.146198,26.276533
8046,99.603706,30.236401,-38.145977,26.272173
8047,99.614090,30.236391,-37.146492,26.267696
8048,99.624481,30.236383,-36.146271,26.263519
8049,99.634872,30.236372,-35.146049,26.259012
8050,99.645256,30.236361,-34.146561,26.254595
8051,99.655647,30.236349,-33.146343,26.250269
8052,99.666039,30.236338,-32.146122,26.246033
8053,99.676422,30.236324,-31.146633,26.241678
8054,99.686813,30.236309,-30.146410,26.237202
8055,99.697205,30.236294,-29.146189,26.232815
8056,99.707588,30.236279,-28.146700,26.228521
8057,99.717979,30.236261,-27.146477,26.224106
8058,99.728371,30.236244,-26.146254,26.219782
8059,99.738754,30.236227,-25.146763,26.215549
8060,99.749146,30.236208,-24.146540,26.211193
8061,99.759537,30.236187,-23.146315,26.206718
8062,99.769920,30.236166,-22.146824,26.202335
8063,99.780312,30.236145,-21.146599,26.198042
8064,99.790695,30.236122,-20.147108,26.193628
8065,99.801086,30.236099,-19.146881,26.189306
8066,99.811478,30.236076,-18.146654,26.185074
8067,99.821861,30.236052,-17.147161,26.180723
8068,99.832253,30.236025,-16.146935,26.176249
8069,99.842644,30.236000,-15.146705,26.172077
8070,99.853027,30.235971,-14.147211,26.167576
8071,99.863419,30.235945,-13.146981,26.163376
8072,99.873810,30.235916,-12.146751,26.159054
8073,99.884193,30.235886,-11.147255,26.154613
8074,99.894585,30.235855,-10.147024,26.150261
8075,99.904976,30.235825,-9.146792,26.146002
8076,99.915359,30.235792,-8.147294,26.141623
8077,99.925751,30.235760,-7.147061,26.137333
8078,99.936134,30.235725,-6.147562,26.132921
8079,99.946526,30.235691,-5.147327,26.128603
8080,99.956917,30.235657,-4.147092,26.124374
8081,99.967300,30.235620,-3.147590,26.120028
8082,99.977692,30.235582,-2.147353,26.115557
8083,99.988083,30.235544,-1.147116,26.111177
8084,99.998466,30.235506,-0.147612,26.106890
8085,100.008858,30.235468,0.852627,26.102694
8086,100.019241,30.235428,1.852132,26.098377
8087,100.029633,30.235386,2.852373,26.093939
8088,100.040024,30.235344,3.852614,26.089592
8089,100.050407,30.235302,4.852122,26.085337
8090,100.060799,30.235258,5.852365,26.080959
8091,100.071190,30.235214,6.852609,26.076674
8092,100.081573,30.235168,7.852119,26.072266
8093,100.091965,30.235123,8.852365,26.067951
8094,100.102348,30.235077,9.851878,26.063725
8095,100.112740,30.235029,10.852126,26.059381
8096,100.123131,30.234982,11.852374,26.055126
8097,100.133514,30.234932,12.851890,26.050751
8098,100.143906,30.234882,13.852140,26.046467
8099,100.154297,30.234831,14.852391,26.042063
8100,100.164680,30.234779,15.851911,26.037748
8101,100.175072,30.234728,16.852163,26.033525
8102,100.185455,30.234674,17.851683,26.029182
8103,100.195847,30.234621,18.851940,26.024927
8104,100.206238,30.234566,19.852198,26.020557
8105,100.216621,30.234510,20.851721,26.016273
8106,100.227013,30.234453,21.851980,26.011871
8107,100.237396,30.234396,22.851505,26.007557
8108,100.247787,30.234339,23.851768,26.003336
8109,100.258179,30.234280,24.852032,25.998997
8110,100.268562,30.234221,25.851561,25.994741
8111,100.278954,30.234159,26.851826,25.990374
8112,100.289337,30.234098,27.851357,25.986090
8113,100.299728,30.234035,28.851625,25.981689
8114,100.310120,30.233973,29.851894,25.977381
8115,100.320503,30.233910,30.851429,25.973160
8116,100.330894,30.233845,31.851702,25.968821
8117,100.341278,30.233780,32.851238,25.964571
8118,100.351669,30.233713,33.851517,25.960201
8119,100.362053,30.233646,34.851055,25.955919
8120,100.372444,30.233580,35.851334,25.951733
8121,100.382835,30.233511,36.851608,25.947426
8122,100.393219,30.233440,37.851158,25.942995
8123,100.403610,30.233372,38.851433,25.938869
8124,100.413994,30.233299,39.850983,25.934408
8125,100.424385,30.233229,40.851265,25.930252
8126,100.434769,30.233156,41.850815,25.925972
8127,100.445160,30.233082,42.851105,25.921576
8128,100.455551,30.233007,43.851395,25.917269
8129,100.465935,30.232933,44.850948,25.913054
8130,100.476326,30.232857,45.851238,25.908716
8131,100.486710,30.232780,46.850796,25.904469
8132,100.497101,30.232702,47.851093,25.900103
8133,100.507484,30.232624,48.850651,25.895826
8134,99.499817,30.245461,-48.141590,27.315733
8135,99.510208,30.245461,-47.141460,27.311403
8136,99.520599,30.245461,-46.141331,27.307161
8137,99.530991,30.245459,-45.141205,27.302803
8138,99.541374,30.245455,-44.141808,27.298325
8139,99.551765,30.245451,-43.141678,27.293934
8140,99.562157,30.245447,-42.141552,27.289635
8141,99.572548,30.245441,-41.141422,27.285215
8142,99.582932,30.245436,-40.142029,27.280890
8143,99.593323,30.245428,-39.141899,27.276440
8144,99.603714,30.245420,-38.141769,27.272079
8145,99.614105,30.245413,-37.141640,27.267813
8146,99.624496,30.245403,-36.141506,27.263426
8147,99.634880,30.245394,-35.142113,27.259130
8148,99.645271,30.245382,-34.141983,27.254713
8149,99.655663,30.245371,-33.141857,27.250385
8150,99.666054,30.245358,-32.141724,27.245937
8151,99.676437,30.245344,-31.142326,27.241585
8152,99.686829,30.245331,-30.142195,27.237318
8153,99.697220,30.245316,-29.142065,27.232931
8154,99.707611,30.245300,-28.141932,27.228636
8155,99.718002,30.245283,-27.141800,27.224220
8156,99.728386,30.245266,-26.142403,27.219898
8157,99.738777,30.245247,-25.142269,27.215452
8158,99.749168,30.245228,-24.142138,27.211098
8159,99.759560,30.245209,-23.142004,27.206835
8160,99.769943,30.245188,-22.142603,27.202452
8161,99.780334,30.245167,-21.142469,27.198158
8162,99.790726,30.245144,-20.142334,27.193745
8163,99.801117,30.245121,-19.142199,27.189423
8164,99.811501,30.245096,-18.142799,27.184978
8165,99.821892,30.245071,-17.142662,27.180628
8166,99.832283,30.245047,-16.142525,27.176365
8167,99.842674,30.245020,-15.142388,27.171982
8168,99.853065,30.244993,-14.142250,27.167692
8169,99.863449,30.244965,-13.142847,27.163280
8170,99.873840,30.244936,-12.142708,27.158958
8171,99.884232,30.244905,-11.142569,27.154518
8172,99.894623,30.244877,-10.142427,27.150379
8173,99.905006,30.244844,-9.143022,27.145908
8174,99.915398,30.244812,-8.142880,27.141529
8175,99.925789,30.244780,-7.142738,27.137239
8176,99.936180,30.244745,-6.142596,27.132830
8177,99.946564,30.244711,-5.143187,27.128511
8178,99.956955,30.244677,-4.143043,27.124283
8179,99.967346,30.244640,-3.142897,27.119934
8180,99.977737,30.244604,-2.142752,27.115677
8181,99.988121,30.244566,-1.143340,27.111300
8182,99.998512,30.244528,-0.143193,27.107012
8183,100.008904,30.244488,0.856955,27.102604
8184,100.019295,30.244448,1.857104,27.098288
8185,100.029678,30.244406,2.856519,27.093849
8186,100.040070,30.244366,3.856669,27.089712
8187,100.050461,30.244322,4.856820,27.085247
8188,100.060852,30.244278,5.856972,27.080872
8189,100.071236,30.244234,6.856391,27.076584
8190,100.081627,30.244190,7.856544,27.072392
8191,100.092018,30.244144,8.856699,27.068077
8192,100.102409,30.244097,9.856855,27.063641
8193,100.112793,30.244049,10.856277,27.059296
8194,100.123184,30.244001,11.856435,27.055040
8195,100.133575,30.243952,12.856594,27.050667
8196,100.143967,30.243902,13.856753,27.046383
8197,100.154350,30.243851,14.856179,27.041979
8198,100.164742,30.243799,15.856340,27.037666
8199,100.175133,30.243748,16.856504,27.033443
8200,100.185524,30.243694,17.856668,27.029102
8201,100.195908,30.243641,18.856098,27.024847
8202,100.206299,30.243586,19.856264,27.020475
8203,100.216690,30.243530,20.856432,27.016193
8204,100.227074,30.243473,21.855865,27.011791
8205,100.237465,30.243416,22.856033,27.007481
8206,100.247856,30.243359,23.856205,27.003260
8207,100.258247,30.243299,24.856377,26.998920
8208,100.268631,30.243240,25.855814,26.994667
8209,100.279022,30.243179,26.855988,26.990297
8210,100.289413,30.243118,27.856165,26.986017
8211,100.299797,30.243057,28.855606,26.981829
8212,100.310188,30.242994,29.855783,26.977518
8213,100.320580,30.242929,30.855963,26.973087
8214,100.330971,30.242865,31.856142,26.968750
8215,100.341354,30.242800,32.855591,26.964500
8216,100.351746,30.242733,33.855774,26.960131
8217,100.362137,30.242666,34.855957,26.955854
8218,100.372520,30.242599,35.855412,26.951666
8219,100.382912,30.242531,36.855598,26.947359
8220,100.393303,30.242462,37.855785,26.943142
8221,100.403687,30.242392,38.855240,26.938803
8222,100.414078,30.242321,39.855431,26.934557
8223,100.424469,30.242249,40.855625,26.930191
8224,100.434860,30.242176,41.855816,26.925917
8225,100.445244,30.242102,42.855282,26.921516
8226,100.455635,30.242027,43.855476,26.917212
8227,100.466026,30.241953,44.855675,26.912998
8228,100.476410,30.241877,45.855141,26.908661
8229,100.486801,30.241800,46.855343,26.904415
8230,100.497192,30.241722,47.855545,26.900051
8231,100.507576,30.241644,48.855015,26.895773
8232,99.499817,30.254482,-48.137199,28.315855
8233,99.510208,30.254482,-47.137165,28.311525
8234,99.520599,30.254480,-46.137123,28.307072
8235,99.530991,30.254478,-45.137089,28.302713
8236,99.541382,30.254477,-44.137051,28.298443
8237,99.551773,30.254473,-43.137012,28.294052
8238,99.562164,30.254467,-42.136978,28.289543
8239,99.572556,30.254463,-41.136936,28.285334
8240,99.582939,30.254456,-40.137638,28.280796
8241,99.593330,30.254450,-39.137596,28.276558
8242,99.603722,30.254442,-38.137558,28.272200
8243,99.614113,30.254433,-37.137520,28.267721
8244,99.624504,30.254423,-36.137482,28.263334
8245,99.634895,30.254414,-35.137440,28.259035
8246,99.645287,30.254402,-34.137405,28.254620
8247,99.655678,30.254391,-33.137367,28.250292
8248,99.666069,30.254379,-32.137325,28.246058
8249,99.676460,30.254366,-31.137285,28.241699
8250,99.686844,30.254351,-30.137981,28.237225
8251,99.697235,30.254335,-29.137941,28.232838
8252,99.707626,30.254320,-28.137901,28.228542
8253,99.718018,30.254303,-27.137859,28.224127
8254,99.728409,30.254286,-26.137819,28.219803
8255,99.738800,30.254267,-25.137777,28.215357
8256,99.749191,30.254250,-24.137733,28.211214
8257,99.759583,30.254229,-23.137691,28.206739
8258,99.769974,30.254208,-22.137648,28.202356
8259,99.780357,30.254187,-21.138340,28.198065
8260,99.790749,30.254164,-20.138296,28.193651
8261,99.801140,30.254141,-19.138252,28.189327
8262,99.811531,30.254118,-18.138206,28.185095
8263,99.821922,30.254093,-17.138163,28.180744
8264,99.832314,30.254066,-16.138117,28.176271
8265,99.842705,30.254040,-15.138071,28.171888
8266,99.853096,30.254013,-14.138024,28.167597
8267,99.863487,30.253984,-13.137978,28.163187
8268,99.873878,30.253956,-12.137930,28.158867
8269,99.884262,30.253927,-11.138616,28.154636
8270,99.894653,30.253897,-10.138566,28.150288
8271,99.905045,30.253866,-9.138516,28.146027
8272,99.915436,30.253834,-8.138467,28.141649
8273,99.925827,30.253799,-7.138416,28.137148
8274,99.936218,30.253767,-6.138364,28.132950
8275,99.946609,30.253733,-5.138312,28.128632
8276,99.957001,30.253696,-4.138259,28.124191
8277,99.967384,30.253660,-3.138940,28.119844
8278,99.977776,30.253624,-2.138885,28.115585
8279,99.988167,30.253586,-1.138830,28.111210
8280,99.998558,30.253548,-0.138774,28.106922
8281,100.008949,30.253508,0.861282,28.102514
8282,100.019341,30.253468,1.861340,28.098198
8283,100.029732,30.253428,2.861398,28.093973
8284,100.040123,30.253386,3.861458,28.089626
8285,100.050507,30.253344,4.860783,28.085371
8286,100.060898,30.253300,5.860844,28.080994
8287,100.071289,30.253256,6.860906,28.076710
8288,100.081680,30.253210,7.860969,28.072304
8289,100.092072,30.253164,8.861032,28.067989
8290,100.102463,30.253117,9.861096,28.063555
8291,100.112854,30.253071,10.861162,28.059422
8292,100.123245,30.253021,11.861229,28.054956
8293,100.133629,30.252974,12.860561,28.050795
8294,100.144020,30.252922,13.860631,28.046301
8295,100.154411,30.252872,14.860700,28.042107
8296,100.164803,30.252821,15.860770,28.037794
8297,100.175194,30.252768,16.860842,28.033363
8298,100.185585,30.252714,17.860914,28.029022
8299,100.195976,30.252661,18.860989,28.024769
8300,100.206360,30.252605,19.860329,28.020397
8301,100.216751,30.252550,20.860405,28.016115
8302,100.227142,30.252495,21.860481,28.011927
8303,100.237534,30.252438,22.860559,28.007616
8304,100.247925,30.252378,23.860640,28.003183
8305,100.258316,30.252319,24.860720,27.998844
8306,100.268700,30.252260,25.860065,27.994595
8307,100.279091,30.252199,26.860151,27.990225
8308,100.289482,30.252138,27.860235,27.985945
8309,100.299873,30.252077,28.860319,27.981758
8310,100.310265,30.252014,29.860407,27.977449
8311,100.320656,30.251949,30.860495,27.973019
8312,100.331039,30.251886,31.859850,27.968891
8313,100.341431,30.251820,32.859940,27.964432
8314,100.351822,30.251755,33.860031,27.960276
8315,100.362213,30.251688,34.860126,27.955999
8316,100.372604,30.251619,35.860218,27.951601
8317,100.382996,30.251551,36.860317,27.947294
8318,100.393379,30.251482,37.859680,27.943079
8319,100.403770,30.251411,38.859776,27.938742
8320,100.414162,30.251341,39.859875,27.934496
8321,100.424553,30.251268,40.859978,27.930130
8322,100.434944,30.251196,41.860081,27.925856
8323,100.445328,30.251122,42.859451,27.921459
8324,100.455719,30.251047,43.859558,27.917154
8325,100.466110,30.250973,44.859665,27.912939
8326,100.476501,30.250896,45.859772,27.908606
8327,100.486893,30.250820,46.859886,27.904364
8328,100.497276,30.250742,47.859261,27.899996
8329,100.507668,30.250664,48.859375,27.895723
8330,99.499817,30.263502,-48.132812,29.315767
8331,99.510208,30.263502,-47.132866,29.311436
8332,99.520599,30.263500,-46.132923,29.306984
8333,99.530991,30.263498,-45.132977,29.302626
8334,99.541382,30.263496,-44.133026,29.298355
8335,99.551773,30.263493,-43.133083,29.293964
8336,99.562164,30.263489,-42.133137,29.289665
8337,99.572556,30.263483,-41.133186,29.285246
8338,99.582947,30.263477,-40.133244,29.280918
8339,99.593338,30.263470,-39.133297,29.276468
8340,99.603729,30.263462,-38.133347,29.272110
8341,99.614120,30.263454,-37.133404,29.267841
8342,99.624519,30.263445,-36.132717,29.263451
8343,99.634911,30.263433,-35.132774,29.258944
8344,99.645302,30.263424,-34.132824,29.254736
8345,99.655693,30.263412,-33.132874,29.250410
8346,99.666084,30.263399,-32.132927,29.245962
8347,99.676476,30.263386,-31.132980,29.241608
8348,99.686867,30.263371,-30.133032,29.237131
8349,99.697258,30.263357,-29.133081,29.232958
8350,99.707649,30.263340,-28.133133,29.228449
8351,99.718040,30.263325,-27.133184,29.224247
8352,99.728432,30.263306,-26.133232,29.219709
8353,99.738823,30.263288,-25.133284,29.215477
8354,99.749214,30.263269,-24.133331,29.211121
8355,99.759605,30.263248,-23.133381,29.206646
8356,99.769997,30.263229,-22.133430,29.202475
8357,99.780388,30.263206,-21.133476,29.197971
8358,99.790779,30.263186,-20.133524,29.193769
8359,99.801170,30.263163,-19.133572,29.189447
8360,99.811562,30.263138,-18.133617,29.185003
8361,99.821953,30.263113,-17.133663,29.180653
8362,99.832344,30.263088,-16.133711,29.176390
8363,99.842735,30.263062,-15.133755,29.172010
8364,99.853127,30.263035,-14.133799,29.167719
8365,99.863518,30.263006,-13.133843,29.163307
8366,99.873909,30.262978,-12.133886,29.158987
8367,99.884300,30.262947,-11.133929,29.154545
8368,99.894691,30.262917,-10.133971,29.150196
8369,99.905083,30.262886,-9.134014,29.145937
8370,99.915474,30.262854,-8.134054,29.141556
8371,99.925865,30.262821,-7.134094,29.137270
8372,99.936256,30.262787,-6.134134,29.132860
8373,99.946648,30.262753,-5.134173,29.128542
8374,99.957039,30.262718,-4.134211,29.124315
8375,99.967430,30.262682,-3.134248,29.119967
8376,99.977821,30.262644,-2.134285,29.115498
8377,99.988213,30.262606,-1.134321,29.111120
8378,99.998604,30.262568,-0.134357,29.106834
8379,100.008995,30.262529,0.865609,29.102638
8380,100.019386,30.262489,1.865575,29.098322
8381,100.029778,30.262447,2.865542,29.093885
8382,100.040169,30.262405,3.865511,29.089539
8383,100.050560,30.262363,4.865479,29.085285
8384,100.060951,30.262320,5.865449,29.080910
8385,100.071342,30.262276,6.865420,29.076626
8386,100.081734,30.262230,7.865392,29.072220
8387,100.092125,30.262184,8.865364,29.067905
8388,100.102516,30.262138,9.865337,29.063684
8389,100.112907,30.262091,10.865312,29.059340
8390,100.123299,30.262043,11.865287,29.055086
8391,100.133690,30.261993,12.865264,29.050713
8392,100.144081,30.261944,13.865240,29.046432
8393,100.154472,30.261892,14.865219,29.042027
8394,100.164864,30.261841,15.865198,29.037716
8395,100.175255,30.261789,16.865177,29.033495
8396,100.185646,30.261736,17.865160,29.029154
8397,100.196037,30.261681,18.865143,29.024691
8398,100.206429,30.261627,19.865128,29.020531
8399,100.216820,30.261570,20.865110,29.016039
8400,100.227211,30.261515,21.865097,29.011852
8401,100.237602,30.261457,22.865084,29.007542
8402,100.247993,30.261398,23.865072,29.003111
8403,100.258385,30.261341,24.865061,28.998981
8404,100.268776,30.261280,25.865053,28.994522
8405,100.279167,30.261221,26.865044,28.990366
8406,100.289551,30.261160,27.864304,28.986084
8407,100.299942,30.261097,28.864296,28.981686
8408,100.310333,30.261034,29.864292,28.977379
8409,100.320724,30.260971,30.864288,28.973162
8410,100.331116,30.260906,31.864286,28.968824
8411,100.341507,30.260839,32.864285,28.964365
8412,100.351898,30.260775,33.864288,28.960211
8413,100.362289,30.260708,34.864288,28.955935
8414,100.372681,30.260639,35.864292,28.951536
8415,100.383072,30.260571,36.864296,28.947233
8416,100.393463,30.260502,37.864304,28.943018
8417,100.403854,30.260431,38.864311,28.938683
8418,100.414246,30.260361,39.864319,28.934437
8419,100.424637,30.260288,40.864330,28.930073
8420,100.435028,30.260216,41.864346,28.925798
8421,100.445419,30.260141,42.864357,28.921404
8422,100.455811,30.260069,43.864372,28.917313
8423,100.466202,30.259993,44.864388,28.912888
8424,100.476585,30.259916,45.863670,28.908550
8425,100.486977,30.259840,46.863693,28.904308
8426,100.497368,30.259764,47.863712,28.900158
8427,100.507759,30.259684,48.863735,28.895674
8428,99.499817,30.272524,-48.128426,30.315893
8429,99.510208,30.272524,-47.128571,30.311560
8430,99.520607,30.272522,-46.127979,30.307108
8431,99.530998,30.272520,-45.128124,30.302746
8432,99.541389,30.272516,-44.128269,30.298265
8433,99.551781,30.272512,-43.128414,30.293875
8434,99.562172,30.272509,-42.128559,30.289576
8435,99.572563,30.272503,-41.128704,30.285156
8436,99.582954,30.272497,-40.128849,30.280828
8437,99.593353,30.272491,-39.128258,30.276588
8438,99.603745,30.272484,-38.128403,30.272228
8439,99.614136,30.272474,-37.128548,30.267750
8440,99.624527,30.272465,-36.128693,30.263363
8441,99.634918,30.272455,-35.128838,30.259066
8442,99.645309,30.272444,-34.128975,30.254648
8443,99.655701,30.272432,-33.129120,30.250322
8444,99.666100,30.272419,-32.128532,30.245872
8445,99.676491,30.272406,-31.128674,30.241516
8446,99.686882,30.272392,-30.128815,30.237251
8447,99.697273,30.272377,-29.128958,30.232864
8448,99.707664,30.272362,-28.129099,30.228571
8449,99.718056,30.272345,-27.129240,30.224155
8450,99.728447,30.272327,-26.129383,30.219831
8451,99.738846,30.272308,-25.128790,30.215385
8452,99.749237,30.272289,-24.128929,30.211031
8453,99.759628,30.272270,-23.129068,30.206768
8454,99.770020,30.272249,-22.129210,30.202385
8455,99.780411,30.272228,-21.129347,30.198092
8456,99.790802,30.272205,-20.129486,30.193678
8457,99.801193,30.272182,-19.129625,30.189356
8458,99.811592,30.272158,-18.129030,30.184912
8459,99.821983,30.272133,-17.129166,30.180561
8460,99.832375,30.272108,-16.129303,30.176298
8461,99.842766,30.272081,-15.129438,30.171919
8462,99.853157,30.272055,-14.129574,30.167627
8463,99.863548,30.272026,-13.129709,30.163218
8464,99.873940,30.271997,-12.129844,30.158897
8465,99.884338,30.271969,-11.129244,30.154667
8466,99.894730,30.271938,-10.129377,30.150316
8467,99.905121,30.271906,-9.129510,30.145847
8468,99.915512,30.271873,-8.129642,30.141468
8469,99.925903,30.271841,-7.129774,30.137180
8470,99.936295,30.271809,-6.129904,30.132982
8471,99.946686,30.271772,-5.130034,30.128452
8472,99.957077,30.271738,-4.130164,30.124226
8473,99.967476,30.271702,-3.129558,30.119879
8474,99.977867,30.271666,-2.129686,30.115622
8475,99.988258,30.271627,-1.129813,30.111244
8476,99.998650,30.271589,-0.129940,30.106958
8477,100.009041,30.271549,0.869935,30.102551
8478,100.019432,30.271509,1.869810,30.098236
8479,100.029823,30.271467,2.869686,30.093800
8480,100.040215,30.271425,3.869563,30.089455
8481,100.050613,30.271383,4.870175,30.085201
8482,100.061005,30.271339,5.870053,30.080826
8483,100.071396,30.271296,6.869933,30.076542
8484,100.081787,30.271252,7.869813,30.072348
8485,100.092178,30.271204,8.869695,30.067823
8486,100.102570,30.271158,9.869577,30.063602
8487,100.112961,30.271111,10.869460,30.059258
8488,100.123352,30.271063,11.869344,30.055006
8489,100.133743,30.271013,12.869229,30.050632
8490,100.144142,30.270964,13.869849,30.046352
8491,100.154533,30.270912,14.869737,30.041948
8492,100.164925,30.270861,15.869625,30.037636
8493,100.175316,30.270809,16.869514,30.033419
8494,100.185707,30.270756,17.869404,30.029076
8495,100.196098,30.270702,18.869295,30.024826
8496,100.206490,30.270647,19.869188,30.020454
8497,100.216881,30.270592,20.869081,30.016176
8498,100.227272,30.270535,21.868977,30.011776
8499,100.237663,30.270477,22.868874,30.007467
8500,100.248062,30.270420,23.869503,30.003250
8501,100.258453,30.270361,24.869402,29.998911
8502,100.268845,30.270302,25.869301,29.994661
8503,100.279236,30.270241,26.869202,29.990295
8504,100.289627,30.270180,27.869104,29.986015
8505,100.300018,30.270117,28.869007,29.981619
8506,100.310410,30.270054,29.868912,29.977310
8507,100.320801,30.269991,30.868816,29.973095
8508,100.331192,30.269926,31.868725,29.968758
8509,100.341583,30.269861,32.868633,29.964512
8510,100.351974,30.269794,33.868542,29.960146
8511,100.362366,30.269728,34.868454,29.955872
8512,100.372757,30.269659,35.868362,29.951475
8513,100.383156,30.269590,36.869011,29.947172
8514,100.393547,30.269522,37.868927,29.942957
8515,100.403938,30.269451,38.868843,29.938623
8516,100.414330,30.269381,39.868763,29.934380
8517,100.424721,30.269308,40.868679,29.930016
8518,100.435112,30.269236,41.868603,29.925743
8519,100.445503,30.269163,42.868523,29.921560
8520,100.455894,30.269089,43.868450,29.917255
8521,100.466286,30.269012,44.868374,29.912834
8522,100.476677,30.268936,45.868301,29.908501
8523,100.487068,30.268860,46.868225,29.904261
8524,100.497459,30.268784,47.868156,29.900110
8525,100.507851,30.268703,48.868092,29.895624
8526,99.499817,30.281544,-48.124035,31.315807
8527,99.510208,30.281544,-47.124271,31.311476
8528,99.520607,30.281542,-46.123772,31.307022
8529,99.530998,30.281540,-45.124012,31.302662
8530,99.541389,30.281538,-44.124245,31.298393
8531,99.551788,30.281534,-43.123745,31.293999
8532,99.562180,30.281530,-42.123985,31.289700
8533,99.572571,30.281525,-41.124218,31.285280
8534,99.582962,30.281519,-40.124454,31.280951
8535,99.593361,30.281511,-39.123959,31.276501
8536,99.603752,30.281504,-38.124191,31.272141
8537,99.614143,30.281494,-37.124424,31.267662
8538,99.624535,30.281487,-36.124660,31.263487
8539,99.634933,30.281475,-35.124165,31.258976
8540,99.645325,30.281464,-34.124397,31.254559
8541,99.655716,30.281452,-33.124634,31.250233
8542,99.666115,30.281441,-32.124134,31.245995
8543,99.676506,30.281427,-31.124365,31.241638
8544,99.686897,30.281412,-30.124599,31.237162
8545,99.697289,30.281397,-29.124834,31.232777
8546,99.707687,30.281382,-28.124332,31.228481
8547,99.718079,30.281364,-27.124565,31.224064
8548,99.728470,30.281347,-26.124798,31.219740
8549,99.738861,30.281330,-25.125029,31.215508
8550,99.749260,30.281311,-24.124525,31.211153
8551,99.759651,30.281290,-23.124758,31.206678
8552,99.770042,30.281269,-22.124989,31.202295
8553,99.780434,30.281248,-21.125219,31.198002
8554,99.790833,30.281225,-20.124714,31.193588
8555,99.801224,30.281202,-19.124943,31.189266
8556,99.811615,30.281179,-18.125172,31.185036
8557,99.822014,30.281155,-17.124668,31.180681
8558,99.832405,30.281128,-16.124895,31.176210
8559,99.842796,30.281103,-15.125122,31.172041
8560,99.853188,30.281075,-14.125350,31.167540
8561,99.863586,30.281048,-13.124842,31.163338
8562,99.873978,30.281017,-12.125068,31.158806
8563,99.884369,30.280989,-11.125293,31.154577
8564,99.894760,30.280958,-10.125518,31.150229
8565,99.905159,30.280928,-9.125007,31.145971
8566,99.915550,30.280895,-8.125231,31.141592
8567,99.925941,30.280863,-7.125453,31.137302
8568,99.936333,30.280828,-6.125675,31.132895
8569,99.946732,30.280794,-5.125162,31.128576
8570,99.957123,30.280758,-4.125383,31.124138
8571,99.967514,30.280722,-3.125602,31.119791
8572,99.977905,30.280685,-2.125822,31.115536
8573,99.988304,30.280647,-1.125306,31.111158
8574,99.998695,30.280609,-0.125523,31.106873
8575,100.009087,30.280569,0.874260,31.102467
8576,100.019478,30.280529,1.874044,31.098152
8577,100.029877,30.280489,2.874563,31.093927
8578,100.040268,30.280447,3.874348,31.089582
8579,100.050659,30.280403,4.874135,31.085117
8580,100.061050,30.280361,5.873922,31.080954
8581,100.071449,30.280315,6.874445,31.076460
8582,100.081841,30.280272,7.874234,31.072268
8583,100.092232,30.280226,8.874024,31.067953
8584,100.102623,30.280178,9.873816,31.063520
8585,100.113022,30.280130,10.874341,31.059177
8586,100.123413,30.280083,11.874134,31.054926
8587,100.133804,30.280033,12.873929,31.050554
8588,100.144196,30.279984,13.873723,31.046274
8589,100.154587,30.279934,14.873519,31.042082
8590,100.164986,30.279881,15.874051,31.037561
8591,100.175377,30.279829,16.873848,31.033340
8592,100.185768,30.279776,17.873646,31.028999
8593,100.196159,30.279722,18.873447,31.024750
8594,100.206558,30.279667,19.873981,31.020382
8595,100.216949,30.279612,20.873785,31.016104
8596,100.227341,30.279554,21.873590,31.011703
8597,100.237732,30.279497,22.873394,31.007395
8598,100.248123,30.279440,23.873199,31.003176
8599,100.258522,30.279381,24.873741,30.998840
8600,100.268913,30.279322,25.873549,30.994593
8601,100.279305,30.279261,26.873358,30.990225
8602,100.289696,30.279200,27.873167,30.985947
8603,100.300087,30.279137,28.872980,30.981550
8604,100.310486,30.279074,29.873528,30.977245
8605,100.320877,30.279011,30.873343,30.973030
8606,100.331268,30.278946,31.873158,30.968693
8607,100.341660,30.278881,32.872978,30.964449
8608,100.352051,30.278814,33.872791,30.960081
8609,100.362450,30.278748,34.873348,30.955811
8610,100.372841,30.278679,35.873169,30.951416
8611,100.383232,30.278610,36.872993,30.947111
8612,100.393623,30.278542,37.872818,30.942896
8613,100.404015,30.278471,38.872643,30.938564
8614,100.414413,30.278400,39.873199,30.934322
8615,100.424805,30.278328,40.873032,30.929958
8616,100.435196,30.278255,41.872860,30.925688
8617,100.445587,30.278183,42.872692,30.921505
8618,100.455978,30.278109,43.872524,30.917204
8619,100.466377,30.278032,44.873089,30.912783
8620,100.476768,30.277958,45.872925,30.908665
8621,100.487160,30.277880,46.872761,30.904211
8622,100.497551,30.277803,47.872601,30.900061
8623,100.507942,30.277725,48.872440,30.895790
8624,99.499817,30.290565,-48.119644,32.315937
8625,99.510216,30.290564,-47.119240,32.311390
8626,99.520607,30.290564,-46.119568,32.307148
8627,99.530998,30.290562,-45.119896,32.302788
8628,99.541397,30.290558,-44.119488,32.298306
8629,99.551788,30.290554,-43.119812,32.293915
8630,99.562187,30.290550,-42.119408,32.289612
8631,99.572578,30.290545,-41.119736,32.285194
8632,99.582970,30.290539,-40.120064,32.280865
8633,99.593369,30.290531,-39.119652,32.276413
8634,99.603760,30.290524,-38.119980,32.272057
8635,99.614159,30.290516,-37.119576,32.267784
8636,99.624550,30.290506,-36.119900,32.263397
8637,99.634941,30.290497,-35.120228,32.259102
8638,99.645340,30.290485,-34.119816,32.254681
8639,99.655731,30.290474,-33.120140,32.250355
8640,99.666130,30.290461,-32.119736,32.245907
8641,99.676521,30.290447,-31.120058,32.241550
8642,99.686913,30.290434,-30.120382,32.237286
8643,99.697311,30.290419,-29.119974,32.232899
8644,99.707703,30.290401,-28.120298,32.228394
8645,99.718094,30.290386,-27.120623,32.224190
8646,99.728493,30.290369,-26.120211,32.219864
8647,99.738884,30.290350,-25.120535,32.215420
8648,99.749283,30.290331,-24.120123,32.211063
8649,99.759674,30.290312,-23.120445,32.206802
8650,99.770065,30.290291,-22.120768,32.202419
8651,99.780464,30.290268,-21.120356,32.197910
8652,99.790855,30.290247,-20.120676,32.193710
8653,99.801254,30.290224,-19.120264,32.189388
8654,99.811646,30.290199,-18.120584,32.184944
8655,99.822037,30.290174,-17.120903,32.180595
8656,99.832436,30.290150,-16.120489,32.176334
8657,99.842827,30.290123,-15.120807,32.171951
8658,99.853226,30.290096,-14.120391,32.167664
8659,99.863617,30.290068,-13.120709,32.163254
8660,99.874008,30.290039,-12.121025,32.158932
8661,99.884407,30.290009,-11.120608,32.154491
8662,99.894798,30.289978,-10.120924,32.150143
8663,99.905190,30.289948,-9.121239,32.145885
8664,99.915588,30.289915,-8.120819,32.141502
8665,99.925980,30.289883,-7.121133,32.137218
8666,99.936378,30.289848,-6.120712,32.132809
8667,99.946770,30.289814,-5.121025,32.128490
8668,99.957161,30.289780,-4.121336,32.124264
8669,99.967560,30.289743,-3.120913,32.119919
8670,99.977951,30.289705,-2.121224,32.115452
8671,99.988342,30.289667,-1.121533,32.111073
8672,99.998741,30.289629,-0.121108,32.106789
8673,100.009132,30.289591,0.878584,32.102592
8674,100.019531,30.289549,1.879011,32.098068
8675,100.029922,30.289509,2.878705,32.093845
8676,100.040314,30.289467,3.878399,32.089500
8677,100.050713,30.289425,4.878828,32.085247
8678,100.061104,30.289381,5.878524,32.080872
8679,100.071495,30.289337,6.878222,32.076591
8680,100.081894,30.289291,7.878654,32.072186
8681,100.092285,30.289246,8.878352,32.067875
8682,100.102676,30.289200,9.878053,32.063652
8683,100.113075,30.289152,10.878488,32.059311
8684,100.123466,30.289103,11.878189,32.054848
8685,100.133865,30.289055,12.878626,32.050686
8686,100.144257,30.289003,13.878330,32.046196
8687,100.154648,30.288954,14.878035,32.042007
8688,100.165047,30.288902,15.878473,32.037697
8689,100.175438,30.288849,16.878181,32.033264
8690,100.185829,30.288795,17.877888,32.028927
8691,100.196228,30.288742,18.878332,32.024677
8692,100.206619,30.288687,19.878042,32.020309
8693,100.217010,30.288631,20.877754,32.016029
8694,100.227409,30.288576,21.878199,32.011845
8695,100.237801,30.288519,22.877913,32.007534
8696,100.248192,30.288460,23.877626,32.003109
8697,100.258591,30.288401,24.878078,31.998772
8698,100.268982,30.288342,25.877794,31.994524
8699,100.279373,30.288280,26.877514,31.990156
8700,100.289772,30.288219,27.877966,31.985884
8701,100.300163,30.288157,28.877687,31.981483
8702,100.310555,30.288094,29.877411,31.977180
8703,100.320953,30.288031,30.877867,31.972967
8704,100.331345,30.287966,31.877592,31.968632
8705,100.341736,30.287901,32.877316,31.964386
8706,100.352135,30.287834,33.877777,31.960024
8707,100.362526,30.287767,34.877506,31.955750
8708,100.372917,30.287701,35.877239,31.951567
8709,100.383316,30.287632,36.877705,31.947266
8710,100.393707,30.287561,37.877434,31.942842
8711,100.404099,30.287491,38.877167,31.938507
8712,100.414497,30.287420,39.877636,31.934267
8713,100.424889,30.287348,40.877377,31.929907
8714,100.435280,30.287275,41.877113,31.925632
8715,100.445671,30.287203,42.876850,31.921453
8716,100.456070,30.287128,43.877327,31.917154
8717,100.466461,30.287052,44.877071,31.912733
8718,100.476852,30.286978,45.876816,31.908613
8719,100.487251,30.286900,46.877296,31.904163
8720,100.497643,30.286823,47.877045,31.900015
8721,100.508034,30.286745,48.876793,31.895746
8722,99.499817,30.299585,-48.115253,33.315853
8723,99.510216,30.299585,-47.114937,33.311520
8724,99.520607,30.299583,-46.115360,33.307068
8725,99.531006,30.299582,-45.115044,33.302704
8726,99.541397,30.299580,-44.115459,33.298435
8727,99.551796,30.299576,-43.115143,33.294044
8728,99.562187,30.299570,-42.115562,33.289532
8729,99.572586,30.299566,-41.115246,33.285320
8730,99.582977,30.299559,-40.115669,33.280781
8731,99.593376,30.299553,-39.115353,33.276539
8732,99.603767,30.299545,-38.115765,33.272179
8733,99.614166,30.299536,-37.115452,33.267700
8734,99.624557,30.299526,-36.115871,33.263313
8735,99.634956,30.299517,-35.115551,33.259014
8736,99.645348,30.299505,-34.115971,33.254597
8737,99.655746,30.299494,-33.115654,33.250271
8738,99.666145,30.299482,-32.115334,33.246033
8739,99.676537,30.299467,-31.115751,33.241467
8740,99.686935,30.299454,-30.115433,33.237194
8741,99.697327,30.299438,-29.115850,33.232811
8742,99.707726,30.299423,-28.115532,33.228516
8743,99.718117,30.299406,-27.115946,33.224102
8744,99.728516,30.299389,-26.115627,33.219772
8745,99.738907,30.299370,-25.116041,33.215332
8746,99.749306,30.299351,-24.115721,33.210976
8747,99.759697,30.299332,-23.116135,33.206715
8748,99.770096,30.299311,-22.115814,33.202328
8749,99.780487,30.299290,-21.116226,33.198040
8750,99.790886,30.299267,-20.115904,33.193626
8751,99.801277,30.299244,-19.116316,33.189301
8752,99.811676,30.299219,-18.115993,33.184860
8753,99.822067,30.299194,-17.116405,33.180508
8754,99.832466,30.299170,-16.116081,33.176247
8755,99.842857,30.299143,-15.116491,33.171867
8756,99.853256,30.299116,-14.116167,33.167576
8757,99.863647,30.299088,-13.116576,33.163162
8758,99.874046,30.299059,-12.116250,33.158844
8759,99.884438,30.299030,-11.116657,33.154617
8760,99.894836,30.299000,-10.116330,33.150265
8761,99.905228,30.298967,-9.116737,33.145798
8762,99.915627,30.298935,-8.116408,33.141418
8763,99.926018,30.298903,-7.116814,33.137135
8764,99.936417,30.298868,-6.116484,33.132721
8765,99.946808,30.298834,-5.116888,33.128407
8766,99.957207,30.298800,-4.116557,33.124180
8767,99.967598,30.298763,-3.116959,33.119835
8768,99.977997,30.298727,-2.116627,33.115578
8769,99.988388,30.298689,-1.117027,33.111202
8770,99.998787,30.298651,-0.116693,33.106918
8771,100.009178,30.298611,0.882907,33.102512
8772,100.019577,30.298571,1.883243,33.098198
8773,100.029968,30.298529,2.882845,33.093761
8774,100.040367,30.298487,3.883183,33.089417
8775,100.050758,30.298445,4.882787,33.085163
8776,100.061157,30.298401,5.883125,33.080791
8777,100.071548,30.298357,6.882731,33.076511
8778,100.081947,30.298311,7.883072,33.072105
8779,100.092339,30.298265,8.882680,33.067799
8780,100.102737,30.298220,9.883022,33.063576
8781,100.113129,30.298172,10.882632,33.059235
8782,100.123528,30.298124,11.882977,33.054985
8783,100.133919,30.298075,12.882587,33.050613
8784,100.144318,30.298025,13.882935,33.046333
8785,100.154709,30.297974,14.882547,33.041931
8786,100.165100,30.297922,15.882163,33.037621
8787,100.175499,30.297869,16.882511,33.033192
8788,100.185890,30.297817,17.882130,33.029064
8789,100.196289,30.297762,18.882481,33.024605
8790,100.206680,30.297709,19.882099,33.020451
8791,100.217079,30.297651,20.882454,33.015961
8792,100.227470,30.297596,21.882074,33.011772
8793,100.237869,30.297539,22.882431,33.007465
8794,100.248260,30.297480,23.882055,33.003040
8795,100.258659,30.297421,24.882414,32.998703
8796,100.269051,30.297361,25.882038,32.994457
8797,100.279449,30.297300,26.882401,32.990089
8798,100.289841,30.297239,27.882029,32.985817
8799,100.300240,30.297178,28.882391,32.981632
8800,100.310631,30.297115,29.882021,32.977329
8801,100.321022,30.297050,30.881655,32.972904
8802,100.331421,30.296986,31.882021,32.968571
8803,100.341812,30.296921,32.881657,32.964325
8804,100.352211,30.296854,33.882027,32.959965
8805,100.362602,30.296787,34.881664,32.955692
8806,100.373001,30.296721,35.882034,32.951511
8807,100.383392,30.296652,36.881676,32.947208
8808,100.393791,30.296581,37.882050,32.942783
8809,100.404182,30.296511,38.881695,32.938454
8810,100.414574,30.296440,39.881340,32.934212
8811,100.424973,30.296368,40.881718,32.929852
8812,100.435364,30.296295,41.881367,32.925583
8813,100.445763,30.296223,42.881748,32.921402
8814,100.456154,30.296148,43.881397,32.917103
8815,100.466553,30.296072,44.881786,32.912685
8816,100.476944,30.295998,45.881439,32.908566
8817,100.487335,30.295919,46.881092,32.904118
8818,100.497734,30.295843,47.881485,32.899967
8819,100.508125,30.295765,48.881142,32.895702
8820,99.499817,30.308605,-48.110863,34.315769
8821,99.510216,30.308605,-47.110638,34.311436
8822,99.520615,30.308603,-46.110413,34.306984
8823,99.531006,30.308601,-45.110928,34.302620
8824,99.541405,30.308599,-44.110699,34.298351
8825,99.551796,30.308596,-43.111210,34.293961
8826,99.562195,30.308592,-42.110985,34.289658
8827,99.572594,30.308586,-41.110764,34.285233
8828,99.582985,30.308580,-40.111271,34.280907
8829,99.593384,30.308573,-39.111046,34.276459
8830,99.603783,30.308565,-38.110821,34.272095
8831,99.614174,30.308558,-37.111328,34.267830
8832,99.624573,30.308548,-36.111107,34.263439
8833,99.634972,30.308537,-35.110878,34.258930
8834,99.645363,30.308527,-34.111385,34.254723
8835,99.655762,30.308514,-33.111164,34.250183
8836,99.666153,30.308502,-32.111671,34.245949
8837,99.676552,30.308489,-31.111443,34.241589
8838,99.686951,30.308474,-30.111217,34.237114
8839,99.697342,30.308460,-29.111725,34.232937
8840,99.707741,30.308443,-28.111496,34.228428
8841,99.718140,30.308428,-27.111269,34.224228
8842,99.728531,30.308409,-26.111774,34.219692
8843,99.738930,30.308392,-25.111547,34.215458
8844,99.749329,30.308372,-24.111319,34.211102
8845,99.759720,30.308352,-23.111824,34.206631
8846,99.770119,30.308331,-22.111593,34.202244
8847,99.780518,30.308310,-21.111362,34.197948
8848,99.790909,30.308287,-20.111868,34.193539
8849,99.801308,30.308264,-19.111637,34.189217
8850,99.811699,30.308241,-18.112139,34.184986
8851,99.822098,30.308216,-17.111908,34.180634
8852,99.832497,30.308189,-16.111675,34.176159
8853,99.842888,30.308165,-15.112177,34.171993
8854,99.853287,30.308136,-14.111943,34.167492
8855,99.863686,30.308109,-13.111709,34.163292
8856,99.874077,30.308079,-12.112209,34.158760
8857,99.884476,30.308050,-11.111974,34.154530
8858,99.894867,30.308020,-10.112472,34.150185
8859,99.905266,30.307989,-9.112235,34.145927
8860,99.915665,30.307957,-8.111999,34.141548
8861,99.926056,30.307922,-7.112495,34.137047
8862,99.936455,30.307890,-6.112257,34.132851
8863,99.946854,30.307856,-5.112018,34.128536
8864,99.957245,30.307819,-4.112512,34.124096
8865,99.967644,30.307783,-3.112272,34.119755
8866,99.978035,30.307747,-2.112764,34.115498
8867,99.988434,30.307709,-1.112522,34.111122
8868,99.998833,30.307671,-0.112280,34.106834
8869,100.009224,30.307631,0.887230,34.102428
8870,100.019623,30.307590,1.887474,34.098118
8871,100.030022,30.307550,2.887719,34.093895
8872,100.040413,30.307508,3.887231,34.089550
8873,100.050812,30.307465,4.887478,34.085087
8874,100.061203,30.307421,5.886992,34.080715
8875,100.071602,30.307377,6.887240,34.076435
8876,100.082001,30.307333,7.887490,34.072243
8877,100.092392,30.307287,8.887006,34.067928
8878,100.102791,30.307240,9.887258,34.063496
8879,100.113182,30.307192,10.886776,34.059155
8880,100.123581,30.307144,11.887030,34.054905
8881,100.133980,30.307095,12.887283,34.050541
8882,100.144371,30.307045,13.886805,34.046257
8883,100.154770,30.306993,14.887060,34.041859
8884,100.165161,30.306942,15.886584,34.037548
8885,100.175560,30.306890,16.886843,34.033333
8886,100.185959,30.306837,17.887102,34.028992
8887,100.196350,30.306782,18.886629,34.024536
8888,100.206749,30.306728,19.886890,34.020378
8889,100.217140,30.306673,20.886417,34.016102
8890,100.227539,30.306616,21.886683,34.011703
8891,100.237938,30.306559,22.886948,34.007397
8892,100.248329,30.306499,23.886480,34.002972
8893,100.258728,30.306442,24.886745,33.998848
8894,100.269119,30.306381,25.886282,33.994392
8895,100.279518,30.306322,26.886551,33.990238
8896,100.289909,30.306259,27.886087,33.985748
8897,100.300308,30.306198,28.886362,33.981571
8898,100.310707,30.306135,29.886635,33.977264
8899,100.321098,30.306070,30.886175,33.972839
8900,100.331497,30.306005,31.886452,33.968510
8901,100.341888,30.305941,32.885998,33.964264
8902,100.352287,30.305874,33.886272,33.959908
8903,100.362679,30.305807,34.885818,33.955631
8904,100.373077,30.305740,35.886101,33.951454
8905,100.383476,30.305672,36.886383,33.947151
8906,100.393867,30.305601,37.885933,33.942730
8907,100.404266,30.305532,38.886219,33.938614
8908,100.414658,30.305460,39.885773,33.934158
8909,100.425056,30.305389,40.886059,33.930012
8910,100.435448,30.305315,41.885616,33.925529
8911,100.445847,30.305243,42.885906,33.921356
8912,100.456238,30.305168,43.885468,33.917053
8913,100.466637,30.305092,44.885761,33.912636
8914,100.477036,30.305017,45.886059,33.908520
8915,100.487427,30.304939,46.885620,33.904072
8916,100.497826,30.304863,47.885918,33.899925
8917,100.508217,30.304785,48.885483,33.895660
8918,99.499817,30.317627,-48.106468,35.315903
8919,99.510216,30.317625,-47.106335,35.311356
8920,99.520615,30.317625,-46.106205,35.307114
8921,99.531013,30.317623,-45.106071,35.302750
8922,99.541405,30.317619,-44.106670,35.298271
8923,99.551804,30.317616,-43.106541,35.293880
8924,99.562202,30.317612,-42.106407,35.289574
8925,99.572601,30.317606,-41.106274,35.285152
8926,99.582993,30.317600,-40.106876,35.280823
8927,99.593391,30.317593,-39.106743,35.276375
8928,99.603790,30.317585,-38.106609,35.272011
8929,99.614189,30.317577,-37.106472,35.267742
8930,99.624580,30.317568,-36.107075,35.263355
8931,99.634979,30.317558,-35.106941,35.259060
8932,99.645378,30.317547,-34.106804,35.254635
8933,99.655777,30.317535,-33.106670,35.250309
8934,99.666168,30.317522,-32.107273,35.245865
8935,99.676567,30.317509,-31.107134,35.241508
8936,99.686966,30.317495,-30.107000,35.237240
8937,99.697365,30.317480,-29.106865,35.232853
8938,99.707764,30.317465,-28.106728,35.228558
8939,99.718155,30.317448,-27.107327,35.224140
8940,99.728554,30.317430,-26.107189,35.219818
8941,99.738953,30.317411,-25.107052,35.215370
8942,99.749352,30.317392,-24.106916,35.211014
8943,99.759743,30.317373,-23.107512,35.206753
8944,99.770142,30.317352,-22.107372,35.202370
8945,99.780540,30.317331,-21.107235,35.198078
8946,99.790939,30.317308,-20.107096,35.193665
8947,99.801331,30.317286,-19.107691,35.189342
8948,99.811729,30.317261,-18.107552,35.184902
8949,99.822128,30.317236,-17.107410,35.180550
8950,99.832527,30.317211,-16.107269,35.176289
8951,99.842918,30.317184,-15.107862,35.171909
8952,99.853317,30.317158,-14.107719,35.167618
8953,99.863716,30.317129,-13.107577,35.163208
8954,99.874115,30.317101,-12.107433,35.158886
8955,99.884506,30.317070,-11.108025,35.154449
8956,99.894905,30.317039,-10.107880,35.150101
8957,99.905304,30.317009,-9.107735,35.145844
8958,99.915703,30.316977,-8.107589,35.141464
8959,99.926094,30.316944,-7.108177,35.137180
8960,99.936493,30.316910,-6.108030,35.132771
8961,99.946892,30.316875,-5.107882,35.128452
8962,99.957291,30.316839,-4.107734,35.124016
8963,99.967682,30.316805,-3.108318,35.119884
8964,99.978081,30.316767,-2.108169,35.115417
8965,99.988480,30.316729,-1.108018,35.111042
8966,99.998878,30.316690,-0.107867,35.106758
8967,100.009270,30.316650,0.891552,35.102352
8968,100.019669,30.316610,1.891705,35.098038
8969,100.030067,30.316570,2.891858,35.093815
8970,100.040466,30.316528,3.892013,35.089474
8971,100.050858,30.316486,4.891435,35.085220
8972,100.061256,30.316442,5.891591,35.080849
8973,100.071655,30.316399,6.891748,35.076565
8974,100.082054,30.316353,7.891906,35.072163
8975,100.092445,30.316307,8.891331,35.067856
8976,100.102844,30.316259,9.891491,35.063423
8977,100.113243,30.316212,10.891652,35.059082
8978,100.123634,30.316164,11.891080,35.054832
8979,100.134033,30.316114,12.891243,35.050465
8980,100.144432,30.316065,13.891407,35.046185
8981,100.154831,30.316013,14.891572,35.041786
8982,100.165222,30.315962,15.891004,35.037476
8983,100.175621,30.315910,16.891172,35.033260
8984,100.186020,30.315857,17.891340,35.028923
8985,100.196411,30.315804,18.890776,35.024677
8986,100.206810,30.315748,19.890945,35.020309
8987,100.217209,30.315693,20.891115,35.016037
8988,100.227608,30.315636,21.891289,35.011635
8989,100.237999,30.315578,22.890728,35.007332
8990,100.248398,30.315521,23.890902,35.003117
8991,100.258797,30.315462,24.891081,34.998783
8992,100.269188,30.315401,25.890524,34.994328
8993,100.279587,30.315342,26.890701,34.990177
8994,100.289986,30.315281,27.890881,34.985901
8995,100.300385,30.315218,28.891062,34.981506
8996,100.310776,30.315155,29.890511,34.977203
8997,100.321175,30.315090,30.890694,34.972782
8998,100.331573,30.315027,31.890877,34.968658
8999,100.341965,30.314960,32.890331,34.964207
9000,100.352364,30.314896,33.890514,34.960060
9001,100.362762,30.314827,34.890709,34.955578
9002,100.373154,30.314760,35.890163,34.951393
9003,100.383553,30.314692,36.890354,34.947098
9004,100.393951,30.314621,37.890549,34.942677
9005,100.404343,30.314552,38.890007,34.938560
9006,100.414742,30.314480,39.890202,34.934109
9007,100.425140,30.314409,40.890400,34.929962
9008,100.435539,30.314335,41.890598,34.925484
9009,100.445930,30.314262,42.890068,34.921303
9010,100.456329,30.314188,43.890266,34.917007
9011,100.466728,30.314114,44.890469,34.912804
9012,100.477119,30.314037,45.889942,34.908478
9013,100.487518,30.313959,46.890148,34.904026
9014,100.497917,30.313883,47.890354,34.899887
9015,100.508308,30.313805,48.889828,34.895618
9016,99.499817,30.326647,-48.102077,36.315823
9017,99.510216,30.326647,-47.102036,36.311493
9018,99.520615,30.326645,-46.101997,36.307034
9019,99.531013,30.326643,-45.101952,36.302673
9020,99.541412,30.326641,-44.101910,36.298397
9021,99.551811,30.326637,-43.101871,36.294006
9022,99.562210,30.326632,-42.101830,36.289497
9023,99.572601,30.326628,-41.102520,36.285286
9024,99.583000,30.326620,-40.102482,36.280746
9025,99.593399,30.326614,-39.102436,36.276505
9026,99.603798,30.326607,-38.102394,36.272144
9027,99.614197,30.326597,-37.102352,36.267666
9028,99.624596,30.326588,-36.102310,36.263275
9029,99.634995,30.326578,-35.102264,36.258972
9030,99.645393,30.326567,-34.102222,36.254555
9031,99.655792,30.326555,-33.102180,36.250225
9032,99.666183,30.326544,-32.102871,36.245991
9033,99.676582,30.326530,-31.102827,36.241638
9034,99.686981,30.326515,-30.102783,36.237156
9035,99.697380,30.326500,-29.102739,36.232769
9036,99.707779,30.326485,-28.102695,36.228477
9037,99.718178,30.326468,-27.102650,36.224060
9038,99.728577,30.326450,-26.102606,36.219734
9039,99.738976,30.326431,-25.102558,36.215290
9040,99.749374,30.326412,-24.102514,36.210934
9041,99.759766,30.326393,-23.103201,36.206673
9042,99.770164,30.326372,-22.103155,36.202290
9043,99.780563,30.326351,-21.103106,36.197994
9044,99.790962,30.326328,-20.103058,36.193581
9045,99.801361,30.326305,-19.103012,36.189262
9046,99.811760,30.326281,-18.102962,36.184818
9047,99.822159,30.326256,-17.102915,36.180466
9048,99.832558,30.326231,-16.102863,36.176208
9049,99.842949,30.326204,-15.103547,36.171825
9050,99.853348,30.326178,-14.103497,36.167534
9051,99.863747,30.326149,-13.103445,36.163124
9052,99.874146,30.326120,-12.103394,36.158810
9053,99.884544,30.326092,-11.103341,36.154579
9054,99.894943,30.326061,-10.103288,36.150230
9055,99.905342,30.326029,-9.103234,36.145763
9056,99.915741,30.325996,-8.103180,36.141384
9057,99.926132,30.325964,-7.103859,36.137096
9058,99.936531,30.325930,-6.103803,36.132690
9059,99.946930,30.325895,-5.103747,36.128376
9060,99.957329,30.325861,-4.103690,36.124149
9061,99.967728,30.325825,-3.103632,36.119804
9062,99.978127,30.325787,-2.103574,36.115337
9063,99.988525,30.325750,-1.103515,36.111172
9064,99.998924,30.325710,-0.103455,36.106678
9065,100.009315,30.325672,0.895873,36.102486
9066,100.019714,30.325632,1.895934,36.098171
9067,100.030113,30.325590,2.895997,36.093739
9068,100.040512,30.325548,3.896060,36.089394
9069,100.050911,30.325506,4.896124,36.085144
9070,100.061310,30.325462,5.896189,36.080772
9071,100.071709,30.325418,6.896255,36.076492
9072,100.082100,30.325373,7.895588,36.072090
9073,100.092499,30.325327,8.895656,36.067780
9074,100.102898,30.325281,9.895724,36.063560
9075,100.113297,30.325233,10.895794,36.059219
9076,100.123695,30.325184,11.895864,36.054760
9077,100.134094,30.325136,12.895936,36.050602
9078,100.144493,30.325085,13.896008,36.046112
9079,100.154884,30.325035,14.895349,36.041927
9080,100.165283,30.324984,15.895423,36.037617
9081,100.175682,30.324930,16.895498,36.033192
9082,100.186081,30.324877,17.895576,36.028854
9083,100.196480,30.324823,18.895653,36.024609
9084,100.206879,30.324768,19.895733,36.020241
9085,100.217270,30.324713,20.895079,36.015965
9086,100.227669,30.324656,21.895161,36.011570
9087,100.238068,30.324598,22.895243,36.007267
9088,100.248466,30.324541,23.895327,36.003056
9089,100.258865,30.324482,24.895411,35.998718
9090,100.269264,30.324423,25.895496,35.994476
9091,100.279655,30.324362,26.894850,35.990112
9092,100.290054,30.324301,27.894938,35.985840
9093,100.300453,30.324238,28.895027,35.981445
9094,100.310852,30.324175,29.895117,35.977146
9095,100.321251,30.324112,30.895208,35.972935
9096,100.331650,30.324047,31.895302,35.968605
9097,100.342041,30.323980,32.894665,35.964153
9098,100.352440,30.323915,33.894760,35.960003
9099,100.362839,30.323849,34.894859,35.955734
9100,100.373238,30.323780,35.894958,35.951344
9101,100.383636,30.323711,36.895058,35.947048
9102,100.394028,30.323643,37.894424,35.942837
9103,100.404427,30.323572,38.894527,35.938507
9104,100.414825,30.323500,39.894634,35.934059
9105,100.425224,30.323429,40.894737,35.929913
9106,100.435623,30.323357,41.894844,35.925648
9107,100.446014,30.323282,42.894218,35.921257
9108,100.456413,30.323208,43.894333,35.916962
9109,100.466812,30.323133,44.894440,35.912758
9110,100.477211,30.323057,45.894554,35.908432
9111,100.487610,30.322979,46.894672,35.903988
9112,100.498001,30.322903,47.894051,35.899841
9113,100.508400,30.322824,48.894173,35.895576
9114,99.499817,30.335667,-48.097683,37.315746
9115,99.510216,30.335667,-47.097733,37.311413
9116,99.520615,30.335667,-46.097782,37.307171
9117,99.531013,30.335665,-45.097832,37.302807
9118,99.541412,30.335661,-44.097881,37.298325
9119,99.551811,30.335657,-43.097935,37.293930
9120,99.562210,30.335653,-42.097980,37.289627
9121,99.572609,30.335648,-41.098030,37.285206
9122,99.583008,30.335642,-40.098083,37.280876
9123,99.593407,30.335634,-39.098129,37.276424
9124,99.603806,30.335627,-38.098179,37.272064
9125,99.614204,30.335619,-37.098232,37.267796
9126,99.624603,30.335609,-36.098278,37.263405
9127,99.635002,30.335598,-35.098328,37.258896
9128,99.645401,30.335588,-34.098373,37.254688
9129,99.655800,30.335577,-33.098423,37.250359
9130,99.666199,30.335564,-32.098473,37.245911
9131,99.676598,30.335550,-31.098520,37.241554
9132,99.686996,30.335535,-30.098566,37.237080
9133,99.697395,30.335522,-29.098614,37.232903
9134,99.707794,30.335505,-28.098660,37.228394
9135,99.718193,30.335489,-27.098707,37.224190
9136,99.728592,30.335470,-26.098753,37.219654
9137,99.738998,30.335453,-25.098064,37.215420
9138,99.749397,30.335434,-24.098112,37.211063
9139,99.759796,30.335413,-23.098156,37.206589
9140,99.770195,30.335394,-22.098200,37.202419
9141,99.780594,30.335371,-21.098244,37.197914
9142,99.790993,30.335350,-20.098288,37.193710
9143,99.801392,30.335325,-19.098331,37.189178
9144,99.811790,30.335302,-18.098373,37.184948
9145,99.822189,30.335278,-17.098415,37.180599
9146,99.832588,30.335251,-16.098457,37.176125
9147,99.842987,30.335226,-15.098499,37.171959
9148,99.853386,30.335197,-14.098540,37.167454
9149,99.863785,30.335171,-13.098580,37.163258
9150,99.874184,30.335140,-12.098620,37.158726
9151,99.884583,30.335112,-11.098659,37.154495
9152,99.894981,30.335081,-10.098698,37.150150
9153,99.905380,30.335049,-9.098734,37.145679
9154,99.915779,30.335018,-8.098771,37.141514
9155,99.926178,30.334984,-7.098808,37.137016
9156,99.936577,30.334951,-6.098844,37.132820
9157,99.946976,30.334917,-5.098879,37.128510
9158,99.957375,30.334881,-4.098913,37.124069
9159,99.967773,30.334845,-3.098947,37.119728
9160,99.978172,30.334808,-2.098980,37.115467
9161,99.988571,30.334770,-1.099012,37.111099
9162,99.998970,30.334732,-0.099043,37.106812
9163,100.009361,30.334692,0.900193,37.102409
9164,100.019760,30.334652,1.900163,37.098099
9165,100.030159,30.334610,2.900134,37.093662
9166,100.040558,30.334568,3.900106,37.089321
9167,100.050957,30.334526,4.900079,37.085072
9168,100.061356,30.334482,5.900052,37.080700
9169,100.071754,30.334438,6.900027,37.076420
9170,100.082153,30.334393,7.900002,37.072014
9171,100.092552,30.334347,8.899979,37.067707
9172,100.102951,30.334301,9.899956,37.063488
9173,100.113350,30.334253,10.899935,37.059147
9174,100.123749,30.334206,11.899913,37.054901
9175,100.134148,30.334156,12.899894,37.050529
9176,100.144547,30.334106,13.899875,37.046253
9177,100.154945,30.334055,14.899858,37.041855
9178,100.165344,30.334003,15.899839,37.037552
9179,100.175743,30.333950,16.899824,37.033119
9180,100.186142,30.333897,17.899811,37.028786
9181,100.196541,30.333843,18.899797,37.024544
9182,100.206940,30.333788,19.899784,37.020176
9183,100.217339,30.333733,20.899773,37.015903
9184,100.227737,30.333675,21.899763,37.011509
9185,100.238136,30.333618,22.899754,37.007202
9186,100.248535,30.333561,23.899746,37.002987
9187,100.258934,30.333502,24.899738,36.998657
9188,100.269333,30.333443,25.899734,36.994415
9189,100.279732,30.333382,26.899729,36.990051
9190,100.290131,30.333321,27.899727,36.985783
9191,100.300529,30.333258,28.899725,36.981392
9192,100.310928,30.333195,29.899725,36.977089
9193,100.321327,30.333132,30.899725,36.972878
9194,100.331718,30.333067,31.898993,36.968548
9195,100.342117,30.333002,32.898994,36.964310
9196,100.352516,30.332935,33.898998,36.959949
9197,100.362915,30.332869,34.899010,36.955681
9198,100.373314,30.332800,35.899017,36.951290
9199,100.383713,30.332731,36.899025,36.946991
9200,100.394112,30.332663,37.899036,36.942783
9201,100.404510,30.332592,38.899048,36.938457
9202,100.414909,30.332520,39.899059,36.934013
9203,100.425308,30.332449,40.899075,36.929867
9204,100.435707,30.332376,41.899090,36.925602
9205,100.446106,30.332302,42.899105,36.921215
9206,100.456505,30.332228,43.899124,36.916920
9207,100.466904,30.332153,44.899143,36.912716
9208,100.477303,30.332077,45.899166,36.908390
9209,100.487694,30.331999,46.898457,36.903946
9210,100.498093,30.331923,47.898479,36.899799
9211,100.508492,30.331844,48.898506,36.895538
9212,99.499817,30.344688,-48.093288,38.315884
9213,99.510216,30.344688,-47.093430,38.311550
9214,99.520615,30.344687,-46.093571,38.307095
9215,99.531021,30.344685,-45.092976,38.302727
9216,99.541420,30.344681,-44.093121,38.298244
9217,99.551819,30.344677,-43.093262,38.293850
9218,99.562218,30.344673,-42.093403,38.289551
9219,99.572617,30.344667,-41.093544,38.285130
9220,99.583015,30.344662,-40.093685,38.280796
9221,99.593414,30.344656,-39.093822,38.276558
9222,99.603821,30.344648,-38.093231,38.272194
9223,99.614220,30.344639,-37.093372,38.267715
9224,99.624619,30.344629,-36.093513,38.263325
9225,99.635017,30.344620,-35.093651,38.259026
9226,99.645416,30.344608,-34.093792,38.254608
9227,99.655815,30.344597,-33.093933,38.250282
9228,99.666214,30.344584,-32.094070,38.245831
9229,99.676620,30.344570,-31.093477,38.241474
9230,99.687019,30.344557,-30.093615,38.237206
9231,99.697418,30.344542,-29.093754,38.232819
9232,99.707817,30.344526,-28.093893,38.228523
9233,99.718216,30.344509,-27.094028,38.224110
9234,99.728615,30.344492,-26.094168,38.219784
9235,99.739014,30.344473,-25.094305,38.215340
9236,99.749413,30.344454,-24.094440,38.210983
9237,99.759819,30.344435,-23.093843,38.206718
9238,99.770218,30.344414,-22.093981,38.202335
9239,99.780617,30.344393,-21.094114,38.198044
9240,99.791016,30.344370,-20.094250,38.193634
9241,99.801414,30.344347,-19.094385,38.189308
9242,99.811813,30.344322,-18.094519,38.184868
9243,99.822212,30.344297,-17.094652,38.180515
9244,99.832619,30.344273,-16.094053,38.176258
9245,99.843018,30.344246,-15.094186,38.171875
9246,99.853416,30.344219,-14.094317,38.167587
9247,99.863815,30.344191,-13.094449,38.163177
9248,99.874214,30.344162,-12.094580,38.158859
9249,99.884613,30.344131,-11.094710,38.154419
9250,99.895012,30.344101,-10.094840,38.150070
9251,99.905411,30.344070,-9.094969,38.145817
9252,99.915817,30.344038,-8.094364,38.141438
9253,99.926216,30.344006,-7.094491,38.137154
9254,99.936615,30.343971,-6.094619,38.132748
9255,99.947014,30.343937,-5.094745,38.128429
9256,99.957413,30.343901,-4.094871,38.123993
9257,99.967812,30.343864,-3.094996,38.119648
9258,99.978210,30.343828,-2.095120,38.115395
9259,99.988609,30.343790,-1.095244,38.111019
9260,99.999008,30.343752,-0.095366,38.106739
9261,100.009415,30.343712,0.905245,38.102333
9262,100.019814,30.343672,1.905124,38.098019
9263,100.030212,30.343632,2.905004,38.093800
9264,100.040611,30.343590,3.904885,38.089458
9265,100.051010,30.343546,4.904766,38.084995
9266,100.061409,30.343504,5.904648,38.080837
9267,100.071808,30.343458,6.904532,38.076344
9268,100.082207,30.343414,7.904416,38.072155
9269,100.092606,30.343369,8.904301,38.067848
9270,100.103012,30.343321,9.904920,38.063419
9271,100.113411,30.343273,10.904807,38.059078
9272,100.123810,30.343225,11.904695,38.054832
9273,100.134209,30.343176,12.904584,38.050465
9274,100.144608,30.343126,13.904473,38.046188
9275,100.155006,30.343075,14.904365,38.041790
9276,100.165405,30.343023,15.904256,38.037483
9277,100.175804,30.342972,16.904148,38.033264
9278,100.186203,30.342918,17.904043,38.028934
9279,100.196602,30.342863,18.903940,38.024475
9280,100.207001,30.342808,19.903833,38.020111
9281,100.217407,30.342752,20.904465,38.015839
9282,100.227806,30.342697,21.904364,38.011658
9283,100.238205,30.342640,22.904264,38.007351
9284,100.248604,30.342581,23.904163,38.002930
9285,100.259003,30.342522,24.904066,37.998596
9286,100.269402,30.342463,25.903969,37.994354
9287,100.279800,30.342402,26.903875,37.989994
9288,100.290199,30.342340,27.903780,37.985722
9289,100.300598,30.342278,28.903688,37.981331
9290,100.310997,30.342215,29.903595,37.977032
9291,100.321396,30.342152,30.903503,37.972820
9292,100.331795,30.342087,31.903414,37.968491
9293,100.342194,30.342022,32.903328,37.964252
9294,100.352600,30.341955,33.903973,37.959900
9295,100.362999,30.341888,34.903885,37.955627
9296,100.373398,30.341820,35.903805,37.951241
9297,100.383797,30.341751,36.903721,37.946945
9298,100.394196,30.341682,37.903641,37.942738
9299,100.404594,30.341612,38.903561,37.938412
9300,100.414993,30.341541,39.903484,37.934177
9301,100.425392,30.341469,40.903408,37.929821
9302,100.435791,30.341396,41.903332,37.925556
9303,100.446190,30.341322,42.903259,37.921173
9304,100.456589,30.341248,43.903183,37.916874
9305,100.466988,30.341173,44.903114,37.912670
9306,100.477386,30.341097,45.903042,37.908348
9307,100.487785,30.341019,46.902977,37.903908
9308,100.498184,30.340942,47.902908,37.899765
9309,100.508583,30.340864,48.902843,37.895504
9310,99.499817,30.353708,-48.088890,39.315807
9311,99.510216,30.353708,-47.089127,39.311478
9312,99.520622,30.353706,-46.088627,39.307014
9313,99.531021,30.353704,-45.088856,39.302650
9314,99.541420,30.353703,-44.089088,39.298382
9315,99.551826,30.353699,-43.088589,39.293987
9316,99.562225,30.353693,-42.088821,39.289474
9317,99.572624,30.353689,-41.089054,39.285263
9318,99.583023,30.353683,-40.089287,39.280933
9319,99.593430,30.353676,-39.088783,39.276478
9320,99.603828,30.353668,-38.089016,39.272118
9321,99.614227,30.353659,-37.089249,39.267635
9322,99.624626,30.353649,-36.089481,39.263248
9323,99.635033,30.353640,-35.088978,39.258949
9324,99.645432,30.353628,-34.089211,39.254528
9325,99.655830,30.353617,-33.089443,39.250198
9326,99.666229,30.353605,-32.089668,39.245964
9327,99.676636,30.353592,-31.089169,39.241604
9328,99.687035,30.353577,-30.089399,39.237129
9329,99.697433,30.353561,-29.089628,39.232742
9330,99.707832,30.353546,-28.089857,39.228447
9331,99.718239,30.353529,-27.089354,39.224026
9332,99.728638,30.353512,-26.089582,39.219704
9333,99.739037,30.353493,-25.089811,39.215260
9334,99.749435,30.353474,-24.090038,39.210907
9335,99.759842,30.353455,-23.089533,39.206642
9336,99.770241,30.353434,-22.089760,39.202259
9337,99.780640,30.353413,-21.089987,39.197964
9338,99.791039,30.353390,-20.090214,39.193554
9339,99.801445,30.353367,-19.089706,39.189232
9340,99.811844,30.353342,-18.089931,39.184788
9341,99.822243,30.353317,-17.090157,39.180439
9342,99.832642,30.353292,-16.090382,39.176178
9343,99.843048,30.353266,-15.089872,39.171799
9344,99.853447,30.353239,-14.090095,39.167507
9345,99.863846,30.353210,-13.090319,39.163097
9346,99.874245,30.353182,-12.090540,39.158783
9347,99.884651,30.353151,-11.090029,39.154339
9348,99.895050,30.353121,-10.090250,39.149994
9349,99.905449,30.353090,-9.090469,39.145737
9350,99.915848,30.353058,-8.090690,39.141361
9351,99.926254,30.353025,-7.090176,39.137074
9352,99.936653,30.352991,-6.090394,39.132668
9353,99.947052,30.352957,-5.090612,39.128353
9354,99.957451,30.352922,-4.090829,39.124130
9355,99.967857,30.352886,-3.090312,39.119785
9356,99.978256,30.352848,-2.090527,39.115322
9357,99.988655,30.352810,-1.090742,39.110947
9358,99.999054,30.352772,-0.090956,39.106663
9359,100.009460,30.352734,0.909564,39.102474
9360,100.019859,30.352692,1.909351,39.097950
9361,100.030258,30.352652,2.909140,39.093727
9362,100.040657,30.352610,3.908929,39.089386
9363,100.051064,30.352568,4.909452,39.085136
9364,100.061462,30.352524,5.909243,39.080765
9365,100.071861,30.352480,6.909035,39.076485
9366,100.082260,30.352434,7.908828,39.072086
9367,100.092659,30.352388,8.908621,39.067776
9368,100.103065,30.352341,9.909149,39.063347
9369,100.113464,30.352293,10.908945,39.059010
9370,100.123863,30.352245,11.908741,39.054760
9371,100.134262,30.352196,12.908539,39.050396
9372,100.144669,30.352146,13.909071,39.046120
9373,100.155067,30.352095,14.908870,39.041721
9374,100.165466,30.352043,15.908670,39.037418
9375,100.175865,30.351992,16.908472,39.033203
9376,100.186264,30.351938,17.908276,39.028866
9377,100.196671,30.351883,18.908812,39.024414
9378,100.207069,30.351830,19.908617,39.020256
9379,100.217468,30.351772,20.908424,39.015774
9380,100.227867,30.351717,21.908230,39.011593
9381,100.238274,30.351660,22.908772,39.007294
9382,100.248672,30.351601,23.908583,39.002869
9383,100.259071,30.351542,24.908392,38.998535
9384,100.269470,30.351482,25.908203,38.994297
9385,100.279869,30.351421,26.908018,38.989933
9386,100.290276,30.351360,27.908564,38.985664
9387,100.300674,30.351297,28.908381,38.981274
9388,100.311073,30.351234,29.908197,38.976978
9389,100.321472,30.351171,30.908016,38.972767
9390,100.331871,30.351107,31.907833,38.968437
9391,100.342270,30.351042,32.907658,38.964199
9392,100.352676,30.350975,33.908211,38.959843
9393,100.363075,30.350908,34.908035,38.955578
9394,100.373474,30.350840,35.907860,38.951191
9395,100.383873,30.350771,36.907684,38.946896
9396,100.394272,30.350702,37.907513,38.942688
9397,100.404678,30.350632,38.908073,38.938362
9398,100.415077,30.350561,39.907906,38.934128
9399,100.425476,30.350489,40.907738,38.929775
9400,100.435875,30.350416,41.907570,38.925510
9401,100.446274,30.350342,42.907406,38.921124
9402,100.456673,30.350267,43.907242,38.916832
9403,100.467079,30.350193,44.907814,38.912632
9404,100.477478,30.350117,45.907654,38.908314
9405,100.487877,30.350039,46.907494,38.903866
9406,100.498276,30.349962,47.907337,38.899727
9407,100.508675,30.349884,48.907181,38.895470
9408,99.499817,30.362728,-48.084496,40.315735
9409,99.510223,30.362728,-47.084087,40.311398
9410,99.520622,30.362728,-46.084412,40.307156
9411,99.531021,30.362726,-45.084736,40.302792
9412,99.541428,30.362722,-44.084324,40.298306
9413,99.551826,30.362719,-43.084648,40.293915
9414,99.562233,30.362715,-42.084240,40.289608
9415,99.572632,30.362709,-41.084564,40.285187
9416,99.583031,30.362703,-40.084888,40.280857
9417,99.593437,30.362696,-39.084476,40.276402
9418,99.603836,30.362688,-38.084801,40.272041
9419,99.614235,30.362680,-37.085125,40.267773
9420,99.624641,30.362671,-36.084713,40.263382
9421,99.635040,30.362661,-35.085033,40.259083
9422,99.645447,30.362650,-34.084625,40.254665
9423,99.655846,30.362638,-33.084949,40.250336
9424,99.666245,30.362625,-32.085270,40.245888
9425,99.676651,30.362612,-31.084860,40.241528
9426,99.687050,30.362597,-30.085180,40.237049
9427,99.697456,30.362583,-29.084768,40.232876
9428,99.707855,30.362566,-28.085091,40.228367
9429,99.718254,30.362551,-27.085411,40.224163
9430,99.728661,30.362532,-26.084995,40.219624
9431,99.739059,30.362514,-25.085316,40.215393
9432,99.749458,30.362495,-24.085636,40.211040
9433,99.759865,30.362474,-23.085222,40.206562
9434,99.770264,30.362453,-22.085541,40.202179
9435,99.780670,30.362432,-21.085125,40.197887
9436,99.791069,30.362410,-20.085443,40.193478
9437,99.801468,30.362387,-19.085760,40.189152
9438,99.811874,30.362364,-18.085344,40.184921
9439,99.822273,30.362339,-17.085661,40.180573
9440,99.832672,30.362312,-16.085976,40.176102
9441,99.843079,30.362286,-15.085559,40.171719
9442,99.853477,30.362259,-14.085873,40.167435
9443,99.863884,30.362230,-13.085454,40.163025
9444,99.874283,30.362202,-12.085768,40.158703
9445,99.884682,30.362173,-11.086082,40.154476
9446,99.895088,30.362143,-10.085660,40.150127
9447,99.905487,30.362110,-9.085972,40.145660
9448,99.915886,30.362080,-8.086283,40.141495
9449,99.926292,30.362045,-7.085860,40.137001
9450,99.936691,30.362013,-6.086170,40.132805
9451,99.947098,30.361977,-5.085746,40.128277
9452,99.957497,30.361942,-4.086054,40.124054
9453,99.967896,30.361906,-3.086362,40.119713
9454,99.978302,30.361870,-2.085936,40.115456
9455,99.988701,30.361832,-1.086242,40.111080
9456,99.999100,30.361792,-0.086547,40.106590
9457,100.009506,30.361753,0.913881,40.102398
9458,100.019905,30.361713,1.913578,40.098087
9459,100.030304,30.361671,2.913275,40.093655
9460,100.040710,30.361629,3.913706,40.089314
9461,100.051109,30.361588,4.913404,40.085064
9462,100.061508,30.361544,5.913104,40.080696
9463,100.071915,30.361500,6.913538,40.076412
9464,100.082314,30.361454,7.913239,40.072014
9465,100.092720,30.361408,8.913674,40.067707
9466,100.103119,30.361361,9.913378,40.063282
9467,100.113518,30.361315,10.913082,40.059151
9468,100.123924,30.361265,11.913521,40.054695
9469,100.134323,30.361216,12.913226,40.050327
9470,100.144722,30.361166,13.912933,40.046051
9471,100.155128,30.361115,14.913375,40.041656
9472,100.165527,30.361063,15.913085,40.037350
9473,100.175926,30.361012,16.912794,40.033138
9474,100.186333,30.360958,17.913240,40.028805
9475,100.196732,30.360905,18.912951,40.024563
9476,100.207130,30.360849,19.912664,40.020195
9477,100.217537,30.360794,20.913113,40.015926
9478,100.227936,30.360737,21.912828,40.011532
9479,100.238335,30.360680,22.912544,40.007229
9480,100.248741,30.360620,23.912998,40.002808
9481,100.259140,30.360563,24.912716,39.998692
9482,100.269539,30.360502,25.912437,39.994240
9483,100.279945,30.360441,26.912893,39.989880
9484,100.290344,30.360380,27.912615,39.985611
9485,100.300743,30.360319,28.912338,39.981430
9486,100.311150,30.360256,29.912796,39.977135
9487,100.321548,30.360191,30.912525,39.972713
9488,100.331947,30.360126,31.912252,39.968388
9489,100.342354,30.360062,32.912716,39.964153
9490,100.352753,30.359995,33.912445,39.959793
9491,100.363152,30.359928,34.912174,39.955528
9492,100.373550,30.359859,35.911911,39.951141
9493,100.383957,30.359791,36.912380,39.946846
9494,100.394356,30.359722,37.912113,39.942646
9495,100.404755,30.359652,38.911850,39.938316
9496,100.415161,30.359581,39.912323,39.934086
9497,100.425560,30.359509,40.912067,39.929729
9498,100.435959,30.359436,41.911808,39.925468
9499,100.446365,30.359362,42.912285,39.921089
9500,100.456764,30.359287,43.912033,39.916798
9501,100.467163,30.359213,44.911774,39.912594
9502,100.477562,30.359137,45.911522,39.908272
9503,100.487968,30.359058,46.912006,39.903831
9504,100.498367,30.358982,47.911758,39.899693
9505,100.508766,30.358904,48.911507,39.895435
9506,99.499817,30.371750,-48.080097,41.315876
9507,99.510223,30.371750,-47.079781,41.311539
9508,99.520622,30.371748,-46.080196,41.307087
9509,99.531029,30.371746,-45.079880,41.302719
9510,99.541428,30.371742,-44.080292,41.298233
9511,99.551834,30.371740,-43.079975,41.294052
9512,99.562233,30.371735,-42.080391,41.289539
9513,99.572639,30.371729,-41.080074,41.285114
9514,99.583038,30.371723,-40.080490,41.280781
9515,99.593445,30.371717,-39.080170,41.276539
9516,99.603844,30.371710,-38.080585,41.272179
9517,99.614250,30.371700,-37.080265,41.267700
9518,99.624649,30.371691,-36.080681,41.263309
9519,99.635056,30.371681,-35.080360,41.259007
9520,99.645454,30.371670,-34.080772,41.254589
9521,99.655861,30.371658,-33.080456,41.250259
9522,99.666260,30.371645,-32.080868,41.245811
9523,99.676666,30.371632,-31.080549,41.241451
9524,99.687065,30.371618,-30.080963,41.237186
9525,99.697472,30.371603,-29.080641,41.232800
9526,99.707870,30.371588,-28.081055,41.228504
9527,99.718277,30.371571,-27.080732,41.224087
9528,99.728676,30.371553,-26.081144,41.219761
9529,99.739082,30.371534,-25.080822,41.215317
9530,99.749481,30.371515,-24.081232,41.210964
9531,99.759888,30.371496,-23.080910,41.206699
9532,99.770287,30.371475,-22.081320,41.202316
9533,99.780693,30.371452,-21.080997,41.197811
9534,99.791092,30.371431,-20.081406,41.193611
9535,99.801498,30.371408,-19.081081,41.189289
9536,99.811897,30.371384,-18.081490,41.184849
9537,99.822304,30.371359,-17.081163,41.180496
9538,99.832703,30.371334,-16.081572,41.176239
9539,99.843109,30.371307,-15.081245,41.171856
9540,99.853508,30.371279,-14.081652,41.167355
9541,99.863914,30.371252,-13.081325,41.163158
9542,99.874313,30.371223,-12.081729,41.158840
9543,99.884720,30.371193,-11.081400,41.154404
9544,99.895119,30.371162,-10.081803,41.150055
9545,99.905525,30.371132,-9.081473,41.145798
9546,99.915924,30.371099,-8.081877,41.141422
9547,99.926331,30.371067,-7.081545,41.137138
9548,99.936729,30.371033,-6.081946,41.132729
9549,99.947136,30.370998,-5.081614,41.128418
9550,99.957535,30.370962,-4.082014,41.123981
9551,99.967941,30.370926,-3.081679,41.119637
9552,99.978340,30.370890,-2.082078,41.115383
9553,99.988747,30.370852,-1.081742,41.111012
9554,99.999146,30.370813,-0.082139,41.106731
9555,100.009552,30.370773,0.918198,41.102329
9556,100.019951,30.370733,1.917803,41.098015
9557,100.030357,30.370691,2.918142,41.093586
9558,100.040756,30.370649,3.917748,41.089245
9559,100.051163,30.370607,4.918089,41.084995
9560,100.061562,30.370564,5.917697,41.080624
9561,100.071968,30.370520,6.918039,41.076347
9562,100.082367,30.370474,7.917649,41.071949
9563,100.092773,30.370428,8.917994,41.067642
9564,100.103172,30.370382,9.917605,41.063423
9565,100.113579,30.370335,10.917952,41.059086
9566,100.123978,30.370285,11.917564,41.054630
9567,100.134384,30.370237,12.917913,41.050476
9568,100.144783,30.370186,13.917528,41.045990
9569,100.155182,30.370136,14.917146,41.041805
9570,100.165588,30.370085,15.917496,41.037498
9571,100.175987,30.370031,16.917116,41.033073
9572,100.186394,30.369978,17.917469,41.028744
9573,100.196793,30.369925,18.917089,41.024502
9574,100.207199,30.369869,19.917446,41.020138
9575,100.217598,30.369814,20.917068,41.015865
9576,100.228004,30.369757,21.917425,41.011471
9577,100.238403,30.369699,22.917051,41.007172
9578,100.248810,30.369642,23.917410,41.002964
9579,100.259209,30.369583,24.917040,40.998634
9580,100.269608,30.369522,25.916668,40.994183
9581,100.280014,30.369463,26.917030,40.990036
9582,100.290413,30.369400,27.916664,40.985554
9583,100.300819,30.369339,28.917028,40.981380
9584,100.311218,30.369276,29.916662,40.977081
9585,100.321625,30.369211,30.917030,40.972664
9586,100.332024,30.369146,31.916668,40.968334
9587,100.342430,30.369081,32.917038,40.964100
9588,100.352829,30.369015,33.916679,40.959747
9589,100.363228,30.368948,34.916321,40.955479
9590,100.373634,30.368879,35.916695,40.951096
9591,100.384033,30.368811,36.916340,40.946800
9592,100.394440,30.368742,37.916714,40.942596
9593,100.404839,30.368671,38.916363,40.938274
9594,100.415245,30.368601,39.916740,40.934044
9595,100.425644,30.368528,40.916389,40.929691
9596,100.436043,30.368456,41.916042,40.925426
9597,100.446449,30.368382,42.916431,40.921047
9598,100.456848,30.368307,43.916080,40.916756
9599,100.467255,30.368233,44.916470,40.912560
9600,100.477654,30.368156,45.916126,40.908237
9601,100.488060,30.368078,46.916519,40.903797
9602,100.498459,30.368002,47.916176,40.899662
9603,100.508858,30.367924,48.915840,40.895397
9604,99.499817,30.380770,-48.075699,42.315804
9605,99.510223,30.380770,-47.075474,42.311470
9606,99.520622,30.380768,-46.075981,42.307014
9607,99.531029,30.380766,-45.075752,42.302647
9608,99.541435,30.380764,-44.075527,42.298374
9609,99.551834,30.380760,-43.076035,42.293980
9610,99.562241,30.380754,-42.075809,42.289463
9611,99.572647,30.380751,-41.075581,42.285255
9612,99.583046,30.380745,-40.076088,42.280922
9613,99.593452,30.380737,-39.075863,42.276470
9614,99.603859,30.380730,-38.075634,42.272106
9615,99.614258,30.380720,-37.076141,42.267624
9616,99.624664,30.380711,-36.075912,42.263233
9617,99.635063,30.380701,-35.076420,42.258934
9618,99.645470,30.380690,-34.076191,42.254517
9619,99.655876,30.380678,-33.075966,42.250183
9620,99.666275,30.380667,-32.076469,42.245949
9621,99.676682,30.380653,-31.076241,42.241589
9622,99.687088,30.380638,-30.076012,42.237110
9623,99.697487,30.380623,-29.076515,42.232727
9624,99.707893,30.380608,-28.076284,42.228428
9625,99.718292,30.380590,-27.076790,42.224010
9626,99.728699,30.380573,-26.076559,42.219688
9627,99.739105,30.380554,-25.076328,42.215240
9628,99.749504,30.380535,-24.076830,42.210888
9629,99.759911,30.380516,-23.076599,42.206627
9630,99.770317,30.380495,-22.076366,42.202244
9631,99.780716,30.380474,-21.076870,42.197948
9632,99.791122,30.380451,-20.076637,42.193535
9633,99.801529,30.380428,-19.076403,42.189217
9634,99.811928,30.380404,-18.076902,42.184772
9635,99.822334,30.380379,-17.076670,42.180424
9636,99.832733,30.380354,-16.077168,42.176163
9637,99.843140,30.380327,-15.076933,42.171780
9638,99.853546,30.380301,-14.076697,42.167492
9639,99.863945,30.380272,-13.077194,42.163086
9640,99.874352,30.380243,-12.076957,42.158764
9641,99.884758,30.380213,-11.076719,42.154327
9642,99.895157,30.380182,-10.077216,42.149979
9643,99.905563,30.380152,-9.076977,42.145725
9644,99.915962,30.380119,-8.077471,42.141346
9645,99.926369,30.380087,-7.077231,42.137062
9646,99.936775,30.380053,-6.076990,42.132660
9647,99.947174,30.380018,-5.077482,42.128345
9648,99.957581,30.379982,-4.077240,42.123909
9649,99.967979,30.379946,-3.077731,42.119568
9650,99.978386,30.379910,-2.077487,42.115311
9651,99.988792,30.379871,-1.077243,42.110943
9652,99.999191,30.379833,-0.077732,42.106659
9653,100.009598,30.379793,0.922514,42.102257
9654,100.019997,30.379753,1.922027,42.097946
9655,100.030403,30.379713,2.922275,42.093727
9656,100.040810,30.379671,3.922523,42.089386
9657,100.051208,30.379627,4.922039,42.084927
9658,100.061615,30.379583,5.922289,42.080559
9659,100.072014,30.379539,6.921806,42.076283
9660,100.082420,30.379494,7.922058,42.071884
9661,100.092827,30.379448,8.922311,42.067574
9662,100.103226,30.379402,9.921831,42.063358
9663,100.113632,30.379354,10.922086,42.059025
9664,100.124031,30.379307,11.921608,42.054779
9665,100.134438,30.379257,12.921865,42.050411
9666,100.144844,30.379206,13.922122,42.045925
9667,100.155243,30.379156,14.921647,42.041740
9668,100.165649,30.379105,15.921907,42.037437
9669,100.176048,30.379051,16.921434,42.033016
9670,100.186455,30.378998,17.921698,42.028683
9671,100.196861,30.378944,18.921959,42.024441
9672,100.207260,30.378889,19.921490,42.020077
9673,100.217667,30.378834,20.921755,42.015808
9674,100.228065,30.378777,21.921288,42.011414
9675,100.238472,30.378719,22.921555,42.007118
9676,100.248878,30.378662,23.921824,42.002907
9677,100.259277,30.378603,24.921360,41.998577
9678,100.269684,30.378542,25.921631,41.994129
9679,100.280083,30.378483,26.921169,41.989979
9680,100.290489,30.378420,27.921444,41.985504
9681,100.300888,30.378359,28.920984,41.981323
9682,100.311295,30.378296,29.921259,41.977032
9683,100.321701,30.378231,30.921537,41.972614
9684,100.332100,30.378166,31.921082,41.968285
9685,100.342506,30.378101,32.921364,41.964054
9686,100.352905,30.378035,33.920910,41.959694
9687,100.363312,30.377968,34.921192,41.955433
9688,100.373711,30.377899,35.920742,41.951046
9689,100.384117,30.377831,36.921028,41.946758
9690,100.394516,30.377762,37.920582,41.942554
9691,100.404922,30.377691,38.920872,41.938236
9692,100.415329,30.377621,39.921162,41.934006
9693,100.425728,30.377548,40.920715,41.929649
9694,100.436134,30.377476,41.921009,41.925392
9695,100.446533,30.377401,42.920570,41.921009
9696,100.456940,30.377327,43.920864,41.916718
9697,100.467339,30.377253,44.920429,41.912521
9698,100.477745,30.377176,45.920727,41.908203
9699,100.488144,30.377098,46.920292,41.903763
9700,100.498550,30.377022,47.920593,41.899628
9701,100.508949,30.376944,48.920162,41.895367
9702,99.499817,30.389790,-48.071301,43.315739
9703,99.510223,30.389790,-47.071167,43.311398
9704,99.520630,30.389790,-46.071030,43.307152
9705,99.531029,30.389788,-45.071629,43.302792
9706,99.541435,30.389784,-44.071495,43.298306
9707,99.551842,30.389780,-43.071358,43.293911
9708,99.562248,30.389776,-42.071228,43.289604
9709,99.572655,30.389771,-41.071091,43.285179
9710,99.583054,30.389765,-40.071686,43.280853
9711,99.593460,30.389757,-39.071556,43.276394
9712,99.603867,30.389750,-38.071419,43.272034
9713,99.614273,30.389742,-37.071281,43.267761
9714,99.624672,30.389732,-36.071880,43.263374
9715,99.635078,30.389721,-35.071743,43.258862
9716,99.645485,30.389711,-34.071606,43.254654
9717,99.655891,30.389700,-33.071468,43.250324
9718,99.666290,30.389687,-32.072067,43.245876
9719,99.676697,30.389673,-31.071930,43.241516
9720,99.687103,30.389658,-30.071793,43.237038
9721,99.697510,30.389645,-29.071653,43.232864
9722,99.707909,30.389627,-28.072250,43.228355
9723,99.718315,30.389612,-27.072111,43.224152
9724,99.728722,30.389593,-26.071972,43.219612
9725,99.739128,30.389576,-25.071835,43.215378
9726,99.749527,30.389557,-24.072428,43.211029
9727,99.759933,30.389536,-23.072289,43.206551
9728,99.770340,30.389515,-22.072149,43.202168
9729,99.780746,30.389494,-21.072008,43.197876
9730,99.791145,30.389471,-20.072599,43.193466
9731,99.801552,30.389448,-19.072458,43.189140
9732,99.811958,30.389425,-18.072317,43.184910
9733,99.822365,30.389400,-17.072174,43.180557
9734,99.832764,30.389374,-16.072763,43.176090
9735,99.843170,30.389347,-15.072620,43.171711
9736,99.853577,30.389320,-14.072475,43.167423
9737,99.863983,30.389292,-13.072331,43.163013
9738,99.874382,30.389263,-12.072919,43.158695
9739,99.884789,30.389235,-11.072773,43.154469
9740,99.895195,30.389204,-10.072627,43.150120
9741,99.905602,30.389172,-9.072480,43.145653
9742,99.916000,30.389139,-8.073066,43.141277
9743,99.926407,30.389107,-7.072917,43.136993
9744,99.936813,30.389072,-6.072768,43.132587
9745,99.947220,30.389038,-5.072618,43.128273
9746,99.957619,30.389004,-4.073201,43.124050
9747,99.968025,30.388968,-3.073050,43.119705
9748,99.978432,30.388929,-2.072898,43.115246
9749,99.988831,30.388891,-1.073478,43.110870
9750,99.999237,30.388853,-0.073325,43.106590
9751,100.009644,30.388813,0.926829,43.102188
9752,100.020050,30.388773,1.926984,43.097878
9753,100.030449,30.388733,2.926407,43.093658
9754,100.040855,30.388691,3.926564,43.089321
9755,100.051262,30.388647,4.926721,43.084858
9756,100.061668,30.388605,5.926880,43.080704
9757,100.072067,30.388559,6.926306,43.076214
9758,100.082474,30.388515,7.926466,43.072029
9759,100.092880,30.388470,8.926627,43.067722
9760,100.103279,30.388422,9.926057,43.063293
9761,100.113686,30.388374,10.926220,43.058956
9762,100.124092,30.388327,11.926383,43.054714
9763,100.134499,30.388277,12.926549,43.050346
9764,100.144897,30.388227,13.925982,43.046074
9765,100.155304,30.388176,14.926148,43.041679
9766,100.165710,30.388124,15.926316,43.037380
9767,100.176117,30.388071,16.926487,43.032955
9768,100.186516,30.388018,17.925922,43.028622
9769,100.196922,30.387964,18.926094,43.024384
9770,100.207329,30.387909,19.926266,43.020020
9771,100.217728,30.387854,20.925707,43.015751
9772,100.228134,30.387796,21.925880,43.011360
9773,100.238541,30.387739,22.926056,43.007061
9774,100.248940,30.387682,23.925501,43.002853
9775,100.259346,30.387623,24.925680,42.998524
9776,100.269753,30.387564,25.925859,42.994286
9777,100.280159,30.387503,26.926039,42.989929
9778,100.290558,30.387442,27.925488,42.985661
9779,100.300964,30.387379,28.925673,42.981277
9780,100.311371,30.387316,29.925856,42.976982
9781,100.321770,30.387251,30.925308,42.972561
9782,100.332176,30.387186,31.925493,42.968239
9783,100.342583,30.387121,32.925682,42.964008
9784,100.352982,30.387054,33.925140,42.959652
9785,100.363388,30.386988,34.925331,42.955387
9786,100.373795,30.386919,35.925522,42.951008
9787,100.384193,30.386850,36.924984,42.946712
9788,100.394600,30.386782,37.925179,42.942513
9789,100.405006,30.386711,38.925377,42.938190
9790,100.415405,30.386641,39.924839,42.933960
9791,100.425812,30.386568,40.925037,42.929611
9792,100.436218,30.386496,41.925240,42.925350
9793,100.446617,30.386421,42.924709,42.920971
9794,100.457024,30.386347,43.924915,42.916683
9795,100.467430,30.386272,44.925117,42.912487
9796,100.477829,30.386196,45.924595,42.908169
9797,100.488235,30.386118,46.924801,42.903732
9798,100.498642,30.386042,47.925011,42.899597
9799,100.509041,30.385962,48.924488,42.895130
9800,99.499817,30.398811,-48.066902,44.315884
9801,99.510223,30.398811,-47.066860,44.311543
9802,99.520630,30.398809,-46.066818,44.307087
9803,99.531036,30.398808,-45.066772,44.302719
9804,99.541443,30.398804,-44.066730,44.298233
9805,99.551849,30.398800,-43.066689,44.293839
9806,99.562248,30.398796,-42.067375,44.289539
9807,99.572655,30.398790,-41.067333,44.285114
9808,99.583061,30.398785,-40.067287,44.280781
9809,99.593468,30.398779,-39.067242,44.276539
9810,99.603874,30.398771,-38.067200,44.272175
9811,99.614281,30.398762,-37.067158,44.267693
9812,99.624687,30.398752,-36.067112,44.263302
9813,99.635094,30.398743,-35.067066,44.258999
9814,99.645500,30.398731,-34.067024,44.254581
9815,99.655899,30.398720,-33.067711,44.250256
9816,99.666306,30.398706,-32.067665,44.245804
9817,99.676712,30.398693,-31.067619,44.241444
9818,99.687119,30.398680,-30.067574,44.237179
9819,99.697525,30.398664,-29.067528,44.232792
9820,99.707932,30.398649,-28.067480,44.228497
9821,99.718338,30.398632,-27.067434,44.224079
9822,99.728745,30.398615,-26.067387,44.219753
9823,99.739143,30.398596,-25.068071,44.215309
9824,99.749550,30.398577,-24.068026,44.210953
9825,99.759956,30.398558,-23.067976,44.206692
9826,99.770363,30.398537,-22.067928,44.202309
9827,99.780769,30.398514,-21.067879,44.197803
9828,99.791176,30.398493,-20.067829,44.193600
9829,99.801582,30.398468,-19.067780,44.189072
9830,99.811989,30.398445,-18.067728,44.184841
9831,99.822388,30.398420,-17.068413,44.180489
9832,99.832794,30.398394,-16.068361,44.176018
9833,99.843201,30.398369,-15.068308,44.171852
9834,99.853607,30.398340,-14.068255,44.167351
9835,99.864014,30.398314,-13.068202,44.163151
9836,99.874420,30.398283,-12.068149,44.158627
9837,99.884827,30.398254,-11.068093,44.154400
9838,99.895233,30.398224,-10.068039,44.150051
9839,99.905632,30.398191,-9.068717,44.145580
9840,99.916039,30.398161,-8.068661,44.141418
9841,99.926445,30.398127,-7.068604,44.136921
9842,99.936852,30.398094,-6.068546,44.132729
9843,99.947258,30.398058,-5.068488,44.128204
9844,99.957664,30.398024,-4.068429,44.123981
9845,99.968071,30.397987,-3.068370,44.119640
9846,99.978470,30.397951,-2.069042,44.115387
9847,99.988876,30.397913,-1.068981,44.111015
9848,99.999283,30.397873,-0.068919,44.106522
9849,100.009689,30.397835,0.931144,44.102333
9850,100.020096,30.397795,1.931207,44.098022
9851,100.030502,30.397753,2.931272,44.093594
9852,100.040909,30.397711,3.931337,44.089252
9853,100.051308,30.397669,4.930669,44.085007
9854,100.061714,30.397625,5.930737,44.080635
9855,100.072121,30.397581,6.930804,44.076363
9856,100.082527,30.397535,7.930873,44.071964
9857,100.092934,30.397490,8.930943,44.067657
9858,100.103340,30.397442,9.931014,44.063229
9859,100.113747,30.397394,10.931085,44.058899
9860,100.124146,30.397346,11.930424,44.054653
9861,100.134552,30.397297,12.930498,44.050289
9862,100.144958,30.397247,13.930573,44.046017
9863,100.155365,30.397196,14.930648,44.041622
9864,100.165771,30.397144,15.930724,44.037319
9865,100.176178,30.397093,16.930803,44.033108
9866,100.186577,30.397039,17.930149,44.028778
9867,100.196983,30.396984,18.930227,44.024323
9868,100.207390,30.396929,19.930309,44.019966
9869,100.217796,30.396873,20.930391,44.015694
9870,100.228203,30.396818,21.930473,44.011517
9871,100.238609,30.396759,22.930559,44.007008
9872,100.249008,30.396702,23.929911,44.002796
9873,100.259415,30.396643,24.929996,43.998474
9874,100.269821,30.396584,25.930084,43.994236
9875,100.280228,30.396523,26.930174,43.989880
9876,100.290634,30.396461,27.930264,43.985615
9877,100.301033,30.396399,28.929623,43.981228
9878,100.311440,30.396336,29.929714,43.976929
9879,100.321846,30.396271,30.929811,43.972515
9880,100.332253,30.396206,31.929907,43.968193
9881,100.342659,30.396141,32.930004,43.963963
9882,100.353065,30.396074,33.930103,43.959610
9883,100.363464,30.396008,34.929466,43.955345
9884,100.373871,30.395941,35.929565,43.951176
9885,100.384277,30.395870,36.929668,43.946671
9886,100.394684,30.395802,37.929775,43.942474
9887,100.405090,30.395731,38.929878,43.938152
9888,100.415489,30.395660,39.929249,43.933922
9889,100.425896,30.395588,40.929359,43.929573
9890,100.436302,30.395515,41.929470,43.925316
9891,100.446709,30.395441,42.929577,43.920937
9892,100.457115,30.395367,43.929691,43.916653
9893,100.467514,30.395292,44.929073,43.912453
9894,100.477921,30.395216,45.929188,43.908138
9895,100.488327,30.395138,46.929306,43.903698
9896,100.498734,30.395061,47.929420,43.899567
9897,100.509132,30.394981,48.928814,43.895096
9898,99.499817,30.407831,-48.062500,45.315815
9899,99.510223,30.407831,-47.062550,45.311478
9900,99.520630,30.407829,-46.062599,45.307018
9901,99.531036,30.407827,-45.062649,45.302658
9902,99.541443,30.407825,-44.062695,45.298378
9903,99.551849,30.407822,-43.062740,45.293983
9904,99.562256,30.407816,-42.062794,45.289467
9905,99.572662,30.407812,-41.062840,45.285259
9906,99.583069,30.407804,-40.062885,45.280712
9907,99.593475,30.407799,-39.062935,45.276470
9908,99.603882,30.407791,-38.062981,45.272106
9909,99.614288,30.407782,-37.063030,45.267624
9910,99.624695,30.407772,-36.063080,45.263233
9911,99.635101,30.407763,-35.063126,45.258934
9912,99.645508,30.407751,-34.063171,45.254513
9913,99.655914,30.407740,-33.063217,45.250183
9914,99.666321,30.407728,-32.063263,45.245945
9915,99.676727,30.407715,-31.063309,45.241585
9916,99.687134,30.407700,-30.063356,45.237110
9917,99.697540,30.407684,-29.063400,45.232723
9918,99.707947,30.407669,-28.063446,45.228424
9919,99.718353,30.407652,-27.063490,45.224007
9920,99.728760,30.407635,-26.063536,45.219685
9921,99.739166,30.407616,-25.063578,45.215237
9922,99.749573,30.407597,-24.063623,45.210884
9923,99.759979,30.407578,-23.063665,45.206619
9924,99.770386,30.407557,-22.063709,45.202240
9925,99.780792,30.407536,-21.063751,45.197945
9926,99.791199,30.407513,-20.063793,45.193531
9927,99.801605,30.407490,-19.063833,45.189213
9928,99.812012,30.407465,-18.063877,45.184769
9929,99.822418,30.407440,-17.063915,45.180416
9930,99.832825,30.407415,-16.063955,45.176159
9931,99.843231,30.407389,-15.063996,45.171780
9932,99.853638,30.407362,-14.064035,45.167492
9933,99.864044,30.407333,-13.064074,45.163082
9934,99.874451,30.407305,-12.064112,45.158764
9935,99.884857,30.407274,-11.064149,45.154327
9936,99.895264,30.407244,-10.064185,45.149979
9937,99.905670,30.407213,-9.064220,45.145725
9938,99.916077,30.407181,-8.064257,45.141350
9939,99.926483,30.407148,-7.064291,45.137066
9940,99.936890,30.407114,-6.064325,45.132660
9941,99.947296,30.407080,-5.064358,45.128349
9942,99.957703,30.407043,-4.064391,45.123913
9943,99.968109,30.407007,-3.064423,45.119572
9944,99.978516,30.406971,-2.064454,45.115322
9945,99.988922,30.406933,-1.064485,45.110950
9946,99.999329,30.406895,-0.064514,45.106667
9947,100.009735,30.406855,0.935457,45.102268
9948,100.020142,30.406815,1.935429,45.097958
9949,100.030548,30.406773,2.935402,45.093529
9950,100.040955,30.406731,3.935375,45.089191
9951,100.051361,30.406689,4.935350,45.084942
9952,100.061768,30.406645,5.935325,45.080574
9953,100.072174,30.406601,6.935302,45.076298
9954,100.082581,30.406555,7.935279,45.071903
9955,100.092987,30.406509,8.935257,45.067596
9956,100.103394,30.406462,9.935236,45.063171
9957,100.113800,30.406414,10.935216,45.058834
9958,100.124207,30.406366,11.935197,45.054592
9959,100.134613,30.406317,12.935179,45.050232
9960,100.145020,30.406267,13.935163,45.045956
9961,100.155426,30.406216,14.935146,45.041561
9962,100.165833,30.406164,15.935131,45.037262
9963,100.176239,30.406113,16.935118,45.033051
9964,100.186646,30.406059,17.935104,45.028717
9965,100.197052,30.406004,18.935093,45.024269
9966,100.207458,30.405951,19.935081,45.020123
9967,100.217857,30.405893,20.934340,45.015640
9968,100.228264,30.405838,21.934330,45.011459
9969,100.238670,30.405781,22.934324,45.007164
9970,100.249077,30.405722,23.934319,45.002747
9971,100.259483,30.405663,24.934313,44.998417
9972,100.269890,30.405603,25.934309,44.994183
9973,100.280296,30.405542,26.934307,44.989830
9974,100.290703,30.405481,27.934305,44.985561
9975,100.301109,30.405418,28.934307,44.981178
9976,100.311516,30.405355,29.934307,44.976887
9977,100.321922,30.405291,30.934311,44.972473
9978,100.332329,30.405228,31.934315,44.968361
9979,100.342735,30.405161,32.934319,44.963917
9980,100.353142,30.405094,33.934322,44.959564
9981,100.363548,30.405027,34.934334,44.955303
9982,100.373955,30.404961,35.934345,44.951134
9983,100.384361,30.404890,36.934357,44.946632
9984,100.394760,30.404821,37.933632,44.942429
9985,100.405167,30.404751,38.933643,44.938114
9986,100.415573,30.404680,39.933659,44.933884
9987,100.425980,30.404608,40.933678,44.929535
9988,100.436386,30.404535,41.933697,44.925282
9989,100.446793,30.404461,42.933716,44.920902
9990,100.457199,30.404387,43.933735,44.916618
9991,100.467606,30.404312,44.933758,44.912422
9992,100.478012,30.404236,45.933781,44.908104
9993,100.488419,30.404158,46.933807,44.903671
9994,100.498825,30.404081,47.933830,44.899540
9995,100.509232,30.404001,48.933865,44.895073
9996,99.499817,30.416851,-48.058102,46.315750
9997,99.510223,30.416851,-47.058243,46.311413
9998,99.520630,30.416851,-46.058380,46.307167
9999,99.531044,30.416847,-45.057789,46.302586
10000,99.541451,30.416845,-44.057926,46.298313
10001,99.551857,30.416842,-43.058067,46.293919
10002,99.562263,30.416838,-42.058208,46.289612
10003,99.572670,30.416832,-41.058342,46.285187
10004,99.583076,30.416826,-40.058483,46.280857
10005,99.593483,30.416819,-39.058624,46.276402
10006,99.603897,30.416811,-38.058033,46.272038
10007,99.614304,30.416803,-37.058167,46.267765
10008,99.624710,30.416794,-36.058308,46.263374
10009,99.635117,30.416782,-35.058445,46.258862
10010,99.645523,30.416773,-34.058586,46.254658
10011,99.655930,30.416759,-33.058723,46.250114
10012,99.666336,30.416748,-32.058861,46.245876
10013,99.676743,30.416735,-31.058998,46.241520
10014,99.687157,30.416719,-30.058403,46.237038
10015,99.697563,30.416704,-29.058540,46.232651
10016,99.707970,30.416689,-28.058676,46.228355
10017,99.718376,30.416672,-27.058813,46.223938
10018,99.728783,30.416655,-26.058949,46.219612
10019,99.739189,30.416637,-25.059084,46.215378
10020,99.749596,30.416618,-24.059221,46.211029
10021,99.760002,30.416597,-23.059355,46.206551
10022,99.770416,30.416576,-22.058756,46.202168
10023,99.780823,30.416555,-21.058891,46.197876
10024,99.791229,30.416533,-20.059023,46.193462
10025,99.801636,30.416510,-19.059156,46.189140
10026,99.812042,30.416485,-18.059290,46.184700
10027,99.822449,30.416460,-17.059422,46.180347
10028,99.832855,30.416435,-16.059553,46.176090
10029,99.843262,30.416409,-15.059685,46.171711
10030,99.853676,30.416382,-14.059082,46.167423
10031,99.864082,30.416353,-13.059212,46.163017
10032,99.874489,30.416325,-12.059341,46.158695
10033,99.884895,30.416294,-11.059471,46.154263
10034,99.895302,30.416264,-10.059599,46.149914
10035,99.905708,30.416233,-9.059726,46.145660
10036,99.916115,30.416201,-8.059853,46.141285
10037,99.926521,30.416168,-7.059979,46.137001
10038,99.936928,30.416134,-6.060105,46.132595
10039,99.947342,30.416100,-5.059496,46.128281
10040,99.957748,30.416063,-4.059621,46.123848
10041,99.968155,30.416027,-3.059744,46.119507
10042,99.978561,30.415991,-2.059867,46.115253
10043,99.988968,30.415953,-1.059989,46.110882
10044,99.999374,30.415915,-0.060110,46.106606
10045,100.009781,30.415874,0.939770,46.102203
10046,100.020187,30.415834,1.939650,46.097893
10047,100.030594,30.415792,2.939531,46.093464
10048,100.041008,30.415751,3.940146,46.089130
10049,100.051414,30.415709,4.940029,46.084877
10050,100.061821,30.415665,5.939913,46.080513
10051,100.072227,30.415621,6.939798,46.076237
10052,100.082634,30.415575,7.939683,46.071838
10053,100.093040,30.415529,8.939570,46.067535
10054,100.103447,30.415483,9.939458,46.063320
10055,100.113853,30.415436,10.939345,46.058987
10056,100.124260,30.415386,11.939236,46.054535
10057,100.134666,30.415337,12.939126,46.050171
10058,100.145073,30.415287,13.939017,46.045898
10059,100.155487,30.415236,14.939644,46.041508
10060,100.165894,30.415184,15.939536,46.037209
10061,100.176300,30.415133,16.939432,46.032997
10062,100.186707,30.415079,17.939325,46.028664
10063,100.197113,30.415024,18.939222,46.024216
10064,100.207520,30.414970,19.939121,46.020065
10065,100.217926,30.414913,20.939020,46.015587
10066,100.228333,30.414858,21.938919,46.011410
10067,100.238739,30.414801,22.938822,46.007114
10068,100.249146,30.414742,23.938725,46.002697
10069,100.259552,30.414682,24.938627,45.998371
10070,100.269958,30.414623,25.938532,45.994137
10071,100.280365,30.414562,26.938438,45.989780
10072,100.290779,30.414501,27.939077,45.985516
10073,100.301186,30.414438,28.938986,45.981133
10074,100.311592,30.414375,29.938896,45.976841
10075,100.321999,30.414312,30.938808,45.972637
10076,100.332405,30.414248,31.938721,45.968315
10077,100.342812,30.414181,32.938633,45.963875
10078,100.353218,30.414114,33.938549,45.959522
10079,100.363625,30.414047,34.938465,45.955261
10080,100.374031,30.413980,35.938381,45.951096
10081,100.384438,30.413912,36.938301,45.946804
10082,100.394844,30.413841,37.938221,45.942394
10083,100.405251,30.413771,38.938145,45.938076
10084,100.415657,30.413700,39.938065,45.933849
10085,100.426064,30.413628,40.937992,45.929501
10086,100.436470,30.413555,41.937920,45.925247
10087,100.446877,30.413481,42.937847,45.920868
10088,100.457283,30.413406,43.937778,45.916580
10089,100.467690,30.413332,44.937706,45.912392
10090,100.478096,30.413256,45.937641,45.908073
10091,100.488503,30.413177,46.937572,45.903641
10092,100.498917,30.413101,47.938244,45.899513
10093,100.509323,30.413021,48.938179,45.895046
10094,99.499817,30.425873,-48.053699,47.315899
10095,99.510223,30.425871,-47.053928,47.311352
10096,99.520638,30.425871,-46.053429,47.307102
10097,99.531044,30.425869,-45.053661,47.302734
10098,99.541451,30.425865,-44.053890,47.298248
10099,99.551857,30.425861,-43.054123,47.293854
10100,99.562271,30.425858,-42.053619,47.289547
10101,99.572678,30.425852,-41.053852,47.285122
10102,99.583084,30.425846,-40.054081,47.280788
10103,99.593491,30.425838,-39.054314,47.276337
10104,99.603905,30.425831,-38.053814,47.271973
10105,99.614311,30.425823,-37.054043,47.267700
10106,99.624718,30.425814,-36.054272,47.263309
10107,99.635132,30.425804,-35.053768,47.259007
10108,99.645538,30.425793,-34.054001,47.254585
10109,99.655945,30.425781,-33.054230,47.250259
10110,99.666351,30.425768,-32.054459,47.245808
10111,99.676765,30.425755,-31.053955,47.241447
10112,99.687172,30.425741,-30.054184,47.237183
10113,99.697578,30.425726,-29.054413,47.232796
10114,99.707985,30.425709,-28.054640,47.228291
10115,99.718399,30.425694,-27.054134,47.224083
10116,99.728806,30.425674,-26.054363,47.219547
10117,99.739212,30.425657,-25.054590,47.215313
10118,99.749619,30.425638,-24.054817,47.210957
10119,99.760033,30.425617,-23.054310,47.206482
10120,99.770439,30.425598,-22.054537,47.202309
10121,99.780846,30.425575,-21.054762,47.197807
10122,99.791252,30.425552,-20.054989,47.193394
10123,99.801666,30.425529,-19.054478,47.189075
10124,99.812073,30.425507,-18.054703,47.184845
10125,99.822479,30.425482,-17.054928,47.180492
10126,99.832886,30.425455,-16.055151,47.176022
10127,99.843300,30.425428,-15.054641,47.171646
10128,99.853706,30.425402,-14.054862,47.167355
10129,99.864113,30.425373,-13.055084,47.162949
10130,99.874519,30.425344,-12.055305,47.158630
10131,99.884926,30.425316,-11.055526,47.154408
10132,99.895340,30.425285,-10.055012,47.150059
10133,99.905746,30.425253,-9.055231,47.145596
10134,99.916153,30.425220,-8.055449,47.141220
10135,99.926559,30.425188,-7.055667,47.136932
10136,99.936974,30.425154,-6.055152,47.132530
10137,99.947380,30.425119,-5.055368,47.128220
10138,99.957787,30.425085,-4.055584,47.123997
10139,99.968193,30.425049,-3.055799,47.119652
10140,99.978607,30.425011,-2.055280,47.115192
10141,99.989014,30.424973,-1.055494,47.110821
10142,99.999420,30.424934,-0.055707,47.106541
10143,100.009827,30.424894,0.944081,47.102142
10144,100.020241,30.424854,1.944603,47.097832
10145,100.030647,30.424814,2.944393,47.093613
10146,100.041054,30.424772,3.944183,47.089279
10147,100.051460,30.424728,4.943975,47.084820
10148,100.061867,30.424685,5.943767,47.080452
10149,100.072281,30.424641,6.944293,47.076176
10150,100.082687,30.424595,7.944088,47.071781
10151,100.093094,30.424549,8.943883,47.067478
10152,100.103500,30.424503,9.943678,47.063263
10153,100.113914,30.424456,10.944208,47.058929
10154,100.124321,30.424406,11.944006,47.054478
10155,100.134727,30.424358,12.943805,47.050323
10156,100.145134,30.424307,13.943604,47.045845
10157,100.155540,30.424257,14.943405,47.041660
10158,100.165955,30.424206,15.943940,47.037365
10159,100.176361,30.424152,16.943745,47.032940
10160,100.186768,30.424099,17.943546,47.028614
10161,100.197174,30.424046,18.943352,47.024376
10162,100.207581,30.423990,19.943159,47.020016
10163,100.217995,30.423935,20.943699,47.015751
10164,100.228401,30.423878,21.943508,47.011360
10165,100.238808,30.423820,22.943316,47.007061
10166,100.249214,30.423761,23.943129,47.002647
10167,100.259621,30.423702,24.942942,46.998322
10168,100.270035,30.423643,25.943487,46.994091
10169,100.280441,30.423582,26.943300,46.989735
10170,100.290848,30.423521,27.943117,46.985474
10171,100.301254,30.423458,28.942934,46.981087
10172,100.311661,30.423395,29.942753,46.976791
10173,100.322075,30.423332,30.943304,46.972595
10174,100.332481,30.423267,31.943125,46.968273
10175,100.342888,30.423201,32.942947,46.963833
10176,100.353294,30.423134,33.942768,46.959480
10177,100.363701,30.423067,34.942596,46.955223
10178,100.374107,30.423000,35.942421,46.951054
10179,100.384521,30.422932,36.942982,46.946766
10180,100.394928,30.422861,37.942814,46.942360
10181,100.405334,30.422791,38.942642,46.938042
10182,100.415741,30.422720,39.942474,46.933815
10183,100.426147,30.422647,40.942310,46.929470
10184,100.436562,30.422575,41.942875,46.925217
10185,100.446968,30.422501,42.942711,46.920841
10186,100.457375,30.422426,43.942547,46.916553
10187,100.467781,30.422352,44.942387,46.912365
10188,100.478188,30.422276,45.942226,46.908047
10189,100.488594,30.422197,46.942070,46.903614
10190,100.499001,30.422119,47.941914,46.899273
10191,100.509415,30.422041,48.942493,46.895023
10192,99.499817,30.434893,-48.049297,48.315834
10193,99.510231,30.434893,-47.048885,48.311497
10194,99.520638,30.434891,-46.049206,48.307037
10195,99.531044,30.434889,-45.049530,48.302673
10196,99.541458,30.434887,-44.049122,48.298393
10197,99.551865,30.434883,-43.049446,48.293999
10198,99.562271,30.434877,-42.049770,48.289486
10199,99.572685,30.434874,-41.049355,48.285271
10200,99.583092,30.434866,-40.049679,48.280727
10201,99.593506,30.434860,-39.049271,48.276482
10202,99.603912,30.434853,-38.049591,48.272118
10203,99.614319,30.434843,-37.049915,48.267635
10204,99.624733,30.434834,-36.049503,48.263241
10205,99.635139,30.434824,-35.049824,48.258945
10206,99.645554,30.434813,-34.049416,48.254520
10207,99.655960,30.434801,-33.049736,48.250191
10208,99.666367,30.434788,-32.050056,48.245743
10209,99.676781,30.434774,-31.049644,48.241383
10210,99.687187,30.434761,-30.049965,48.237118
10211,99.697594,30.434746,-29.050285,48.232731
10212,99.708008,30.434731,-28.049871,48.228432
10213,99.718414,30.434713,-27.050192,48.224014
10214,99.728828,30.434696,-26.049778,48.219692
10215,99.739235,30.434677,-25.050097,48.215244
10216,99.749641,30.434658,-24.050413,48.210892
10217,99.760056,30.434639,-23.049999,48.206627
10218,99.770462,30.434618,-22.050316,48.202244
10219,99.780869,30.434595,-21.050634,48.197742
10220,99.791283,30.434574,-20.050219,48.193539
10221,99.801689,30.434551,-19.050535,48.189220
10222,99.812103,30.434526,-18.050117,48.184776
10223,99.822510,30.434502,-17.050434,48.180428
10224,99.832916,30.434477,-16.050749,48.176167
10225,99.843330,30.434450,-15.050329,48.171787
10226,99.853737,30.434422,-14.050644,48.167290
10227,99.864143,30.434395,-13.050956,48.163094
10228,99.874557,30.434364,-12.050536,48.158566
10229,99.884964,30.434336,-11.050848,48.154339
10230,99.895370,30.434305,-10.051159,48.149994
10231,99.905785,30.434273,-9.050737,48.145527
10232,99.916191,30.434242,-8.051047,48.141365
10233,99.926605,30.434208,-7.050623,48.136871
10234,99.937012,30.434175,-6.050932,48.132675
10235,99.947418,30.434139,-5.051241,48.128151
10236,99.957832,30.434105,-4.050815,48.123932
10237,99.968239,30.434069,-3.051121,48.119591
10238,99.978645,30.434031,-2.051428,48.115128
10239,99.989059,30.433994,-1.051000,48.110970
10240,99.999466,30.433954,-0.051304,48.106480
10241,100.009872,30.433916,0.948392,48.102287
10242,100.020287,30.433874,1.948823,48.097771
10243,100.030693,30.433834,2.948521,48.093555
10244,100.041100,30.433792,3.948220,48.089218
10245,100.051514,30.433748,4.948652,48.084759
10246,100.061920,30.433706,5.948353,48.080605
10247,100.072327,30.433661,6.948055,48.076118
10248,100.082741,30.433617,7.948490,48.071934
10249,100.093147,30.433569,8.948194,48.067417
10250,100.103561,30.433523,9.948631,48.063206
10251,100.113968,30.433475,10.948336,48.058876
10252,100.124374,30.433428,11.948042,48.054634
10253,100.134789,30.433378,12.948483,48.050270
10254,100.145195,30.433327,13.948191,48.045788
10255,100.155602,30.433277,14.947900,48.041611
10256,100.166016,30.433226,15.948342,48.037308
10257,100.176422,30.433172,16.948055,48.032887
10258,100.186829,30.433119,17.947767,48.028557
10259,100.197243,30.433065,18.948214,48.024323
10260,100.207649,30.433010,19.947927,48.019966
10261,100.218056,30.432955,20.947645,48.015697
10262,100.228470,30.432898,21.948093,48.011314
10263,100.238876,30.432840,22.947813,48.007015
10264,100.249283,30.432781,23.947531,48.002598
10265,100.259697,30.432722,24.947985,47.998276
10266,100.270103,30.432663,25.947706,47.994041
10267,100.280510,30.432602,26.947430,47.989689
10268,100.290916,30.432541,27.947153,47.985424
10269,100.301331,30.432478,28.947611,47.981045
10270,100.311737,30.432415,29.947338,47.976753
10271,100.322144,30.432352,30.947067,47.972549
10272,100.332558,30.432287,31.947527,47.968235
10273,100.342964,30.432220,32.947258,47.963795
10274,100.353371,30.432156,33.946991,47.959652
10275,100.363785,30.432087,34.947456,47.955185
10276,100.374191,30.432020,35.947193,47.951019
10277,100.384598,30.431952,36.946926,47.946732
10278,100.395012,30.431881,37.947399,47.942326
10279,100.405418,30.431810,38.947136,47.938007
10280,100.415825,30.431740,39.946877,47.933781
10281,100.426231,30.431667,40.946617,47.929436
10282,100.436646,30.431595,41.947094,47.925182
10283,100.447052,30.431520,42.946838,47.920807
10284,100.457458,30.431446,43.946587,47.916523
10285,100.467873,30.431370,44.947067,47.912125
10286,100.478279,30.431295,45.946815,47.908024
10287,100.488686,30.431217,46.946568,47.903591
10288,100.499092,30.431139,47.946320,47.899250
10289,100.509506,30.431061,48.946804,47.895000
10290,99.499817,30.443913,-48.044891,49.315777
10291,99.510231,30.443913,-47.044575,49.311436
10292,99.520638,30.443911,-46.044987,49.306980
10293,99.531052,30.443909,-45.044670,49.302608
10294,99.541458,30.443907,-44.045086,49.298336
10295,99.551872,30.443903,-43.044765,49.293938
10296,99.562279,30.443899,-42.045181,49.289635
10297,99.572693,30.443893,-41.044865,49.285206
10298,99.583099,30.443888,-40.045277,49.280876
10299,99.593513,30.443880,-39.044956,49.276417
10300,99.603920,30.443872,-38.045372,49.272057
10301,99.614334,30.443863,-37.045055,49.267570
10302,99.624741,30.443855,-36.045464,49.263390
10303,99.635155,30.443844,-35.045147,49.258881
10304,99.645561,30.443832,-34.045559,49.254456
10305,99.655975,30.443821,-33.045242,49.250130
10306,99.666382,30.443810,-32.045650,49.245892
10307,99.676796,30.443796,-31.045332,49.241531
10308,99.687202,30.443781,-30.045744,49.237049
10309,99.697617,30.443766,-29.045424,49.232662
10310,99.708023,30.443750,-28.045835,49.228367
10311,99.718437,30.443733,-27.045513,49.223949
10312,99.728844,30.443716,-26.045923,49.219624
10313,99.739258,30.443697,-25.045601,49.215179
10314,99.749664,30.443678,-24.046011,49.210823
10315,99.760078,30.443659,-23.045689,49.206562
10316,99.770485,30.443638,-22.046097,49.202179
10317,99.780899,30.443617,-21.045773,49.197887
10318,99.791306,30.443594,-20.046181,49.193478
10319,99.801720,30.443571,-19.045856,49.189152
10320,99.812126,30.443546,-18.046267,49.184711
10321,99.822540,30.443521,-17.045940,49.180363
10322,99.832947,30.443497,-16.046345,49.176105
10323,99.843361,30.443470,-15.046019,49.171722
10324,99.853767,30.443443,-14.046424,49.167439
10325,99.864182,30.443415,-13.046096,49.163029
10326,99.874588,30.443386,-12.046500,49.158710
10327,99.885002,30.443356,-11.046171,49.154278
10328,99.895409,30.443325,-10.046575,49.149929
10329,99.905823,30.443295,-9.046243,49.145676
10330,99.916229,30.443262,-8.046645,49.141300
10331,99.926643,30.443228,-7.046313,49.136806
10332,99.937050,30.443195,-6.046714,49.132614
10333,99.947464,30.443161,-5.046381,49.128300
10334,99.957870,30.443125,-4.046780,49.123871
10335,99.968285,30.443089,-3.046445,49.119526
10336,99.978691,30.443052,-2.046842,49.115276
10337,99.989105,30.443014,-1.046506,49.110909
10338,99.999512,30.442974,-0.046902,49.106419
10339,100.009918,30.442936,0.952703,49.102230
10340,100.020332,30.442896,1.953041,49.097923
10341,100.030739,30.442854,2.952647,49.093494
10342,100.041153,30.442812,3.952988,49.089161
10343,100.051559,30.442770,4.952596,49.084915
10344,100.061974,30.442726,5.952938,49.080547
10345,100.072380,30.442680,6.952548,49.076061
10346,100.082794,30.442636,7.952892,49.071880
10347,100.093201,30.442591,8.952503,49.067574
10348,100.103615,30.442543,9.952848,49.063152
10349,100.114021,30.442495,10.952463,49.058815
10350,100.124435,30.442448,11.952809,49.054577
10351,100.134842,30.442398,12.952426,49.050217
10352,100.145256,30.442348,13.952775,49.045944
10353,100.155663,30.442297,14.952393,49.041553
10354,100.166077,30.442245,15.952744,49.037258
10355,100.176483,30.442192,16.952366,49.032837
10356,100.186890,30.442139,17.951984,49.028507
10357,100.197304,30.442085,18.952339,49.024273
10358,100.207710,30.442030,19.951963,49.019913
10359,100.218124,30.441975,20.952320,49.015648
10360,100.228531,30.441917,21.951946,49.011261
10361,100.238945,30.441860,22.952305,49.006969
10362,100.249352,30.441801,23.951931,49.002556
10363,100.259766,30.441742,24.952295,48.998230
10364,100.270172,30.441683,25.951923,48.993996
10365,100.280579,30.441622,26.951555,48.989643
10366,100.290993,30.441561,27.951920,48.985382
10367,100.301399,30.441498,28.951555,48.980999
10368,100.311813,30.441435,29.951921,48.976711
10369,100.322220,30.441372,30.951559,48.972511
10370,100.332634,30.441307,31.951929,48.968197
10371,100.343040,30.441240,32.951569,48.963753
10372,100.353455,30.441175,33.951942,48.959618
10373,100.363861,30.441107,34.951584,48.955147
10374,100.374268,30.441040,35.951225,48.950981
10375,100.384682,30.440971,36.951603,48.946693
10376,100.395088,30.440901,37.951248,48.942287
10377,100.405502,30.440830,38.951630,48.937977
10378,100.415909,30.440760,39.951279,48.933750
10379,100.426315,30.440687,40.950932,48.929405
10380,100.436729,30.440615,41.951313,48.925152
10381,100.447136,30.440540,42.950966,48.920780
10382,100.457550,30.440466,43.951351,48.916500
10383,100.467957,30.440390,44.951008,48.912098
10384,100.478371,30.440313,45.951397,48.907787
10385,100.488777,30.440237,46.951057,48.903568
10386,100.499184,30.440159,47.950718,48.899227
10387,100.509598,30.440081,48.951115,48.894981
10388,99.499817,30.452934,-48.040489,50.315929
10389,99.510231,30.452932,-47.040260,50.311378
10390,99.520638,30.452932,-46.040764,50.307133
10391,99.531052,30.452930,-45.040539,50.302761
10392,99.541466,30.452927,-44.040318,50.298275
10393,99.551872,30.452923,-43.040821,50.293880
10394,99.562286,30.452919,-42.040592,50.289570
10395,99.572701,30.452913,-41.040367,50.285145
10396,99.583107,30.452908,-40.040871,50.280811
10397,99.593521,30.452900,-39.040646,50.276356
10398,99.603928,30.452892,-38.041153,50.271996
10399,99.614342,30.452885,-37.040924,50.267723
10400,99.624756,30.452875,-36.040695,50.263329
10401,99.635162,30.452866,-35.041203,50.259026
10402,99.645576,30.452854,-34.040974,50.254604
10403,99.655991,30.452843,-33.040745,50.250278
10404,99.666397,30.452829,-32.041248,50.245827
10405,99.676811,30.452816,-31.041021,50.241470
10406,99.687218,30.452801,-30.041525,50.236988
10407,99.697632,30.452787,-29.041294,50.232811
10408,99.708046,30.452770,-28.041067,50.228306
10409,99.718452,30.452753,-27.041569,50.223888
10410,99.728867,30.452736,-26.041338,50.219563
10411,99.739281,30.452719,-25.041107,50.215328
10412,99.749687,30.452700,-24.041609,50.210972
10413,99.760101,30.452679,-23.041378,50.206501
10414,99.770508,30.452658,-22.041880,50.202118
10415,99.780922,30.452637,-21.041647,50.197823
10416,99.791336,30.452614,-20.041414,50.193409
10417,99.801743,30.452591,-19.041914,50.189091
10418,99.812157,30.452566,-18.041679,50.184647
10419,99.822571,30.452541,-17.041445,50.180298
10420,99.832977,30.452517,-16.041943,50.176041
10421,99.843391,30.452490,-15.041708,50.171661
10422,99.853798,30.452463,-14.042205,50.167374
10423,99.864212,30.452435,-13.041968,50.162964
10424,99.874626,30.452406,-12.041732,50.158649
10425,99.885033,30.452375,-11.042228,50.154213
10426,99.895447,30.452345,-10.041989,50.149868
10427,99.905861,30.452314,-9.041750,50.145615
10428,99.916267,30.452282,-8.042244,50.141239
10429,99.926682,30.452250,-7.042004,50.136955
10430,99.937088,30.452215,-6.042496,50.132553
10431,99.947502,30.452181,-5.042254,50.128242
10432,99.957916,30.452145,-4.042012,50.123810
10433,99.968323,30.452108,-3.042502,50.119469
10434,99.978737,30.452072,-2.042258,50.115219
10435,99.989143,30.452034,-1.042746,50.110847
10436,99.999557,30.451996,-0.042501,50.106571
10437,100.009972,30.451956,0.957745,50.102173
10438,100.020378,30.451916,1.957259,50.097862
10439,100.030792,30.451874,2.957506,50.093437
10440,100.041199,30.451832,3.957022,50.089100
10441,100.051613,30.451790,4.957272,50.084854
10442,100.062027,30.451746,5.957521,50.080494
10443,100.072433,30.451702,6.957040,50.076214
10444,100.082848,30.451656,7.957292,50.071823
10445,100.093254,30.451611,8.956813,50.067520
10446,100.103668,30.451563,9.957067,50.063099
10447,100.114082,30.451515,10.957321,50.058765
10448,100.124489,30.451468,11.956843,50.054523
10449,100.134903,30.451418,12.957101,50.050163
10450,100.145309,30.451368,13.956626,50.045895
10451,100.155724,30.451317,14.956884,50.041504
10452,100.166130,30.451265,15.956412,50.037205
10453,100.176544,30.451212,16.956673,50.032784
10454,100.186958,30.451159,17.956936,50.028461
10455,100.197365,30.451105,18.956465,50.024223
10456,100.207779,30.451050,19.956728,50.019867
10457,100.218185,30.450994,20.956263,50.015602
10458,100.228600,30.450937,21.956528,50.011219
10459,100.239014,30.450880,22.956797,50.006924
10460,100.249420,30.450821,23.956331,50.002506
10461,100.259834,30.450764,24.956602,49.998398
10462,100.270241,30.450703,25.956141,49.993954
10463,100.280655,30.450642,26.956411,49.989601
10464,100.291061,30.450581,27.955954,49.985340
10465,100.301476,30.450518,28.956228,49.980961
10466,100.311882,30.450455,29.955772,49.976673
10467,100.322296,30.450392,30.956049,49.972473
10468,100.332710,30.450327,31.956327,49.968155
10469,100.343117,30.450260,32.955875,49.963715
10470,100.353531,30.450195,33.956158,49.959583
10471,100.363937,30.450127,34.955708,49.955112
10472,100.374352,30.450060,35.955994,49.950951
10473,100.384758,30.449991,36.955544,49.946659
10474,100.395172,30.449921,37.955833,49.942257
10475,100.405579,30.449850,38.955387,49.937943
10476,100.415993,30.449780,39.955677,49.933720
10477,100.426407,30.449707,40.955967,49.929379
10478,100.436813,30.449635,41.955528,49.925125
10479,100.447227,30.449560,42.955822,49.920753
10480,100.457634,30.449486,43.955387,49.916473
10481,100.468048,30.449409,44.955685,49.912075
10482,100.478455,30.449333,45.955250,49.907761
10483,100.488869,30.449257,46.955551,49.903542
10484,100.499275,30.449179,47.955116,49.899204
10485,100.509689,30.449100,48.955421,49.894958
10486,99.499817,30.461954,-48.036083,51.315872
10487,99.510231,30.461954,-47.035946,51.311531
10488,99.520645,30.461952,-46.035812,51.307072
10489,99.531052,30.461950,-45.036411,51.302704
10490,99.541466,30.461946,-44.036278,51.298214
10491,99.551880,30.461945,-43.036140,51.294029
10492,99.562294,30.461939,-42.036007,51.289513
10493,99.572701,30.461933,-41.036606,51.285088
10494,99.583115,30.461927,-40.036469,51.280750
10495,99.593529,30.461922,-39.036331,51.276508
10496,99.603943,30.461914,-38.036198,51.272144
10497,99.614349,30.461905,-37.036793,51.267662
10498,99.624763,30.461895,-36.036659,51.263271
10499,99.635178,30.461885,-35.036522,51.258965
10500,99.645592,30.461874,-34.036388,51.254543
10501,99.655998,30.461863,-33.036983,51.250214
10502,99.666412,30.461849,-32.036846,51.245766
10503,99.676826,30.461836,-31.036709,51.241405
10504,99.687241,30.461823,-30.036572,51.237137
10505,99.697647,30.461807,-29.037167,51.232750
10506,99.708061,30.461790,-28.037029,51.228241
10507,99.718475,30.461775,-27.036890,51.224033
10508,99.728889,30.461758,-26.036753,51.219711
10509,99.739296,30.461739,-25.037346,51.215267
10510,99.749710,30.461720,-24.037207,51.210911
10511,99.760124,30.461699,-23.037066,51.206436
10512,99.770538,30.461679,-22.036926,51.202267
10513,99.780945,30.461657,-21.037519,51.197762
10514,99.791359,30.461634,-20.037378,51.193348
10515,99.801773,30.461611,-19.037237,51.189026
10516,99.812187,30.461588,-18.037094,51.184795
10517,99.822594,30.461563,-17.037685,51.180450
10518,99.833008,30.461536,-16.037542,51.175980
10519,99.843422,30.461510,-15.037398,51.171600
10520,99.853836,30.461483,-14.037254,51.167313
10521,99.864243,30.461454,-13.037842,51.162907
10522,99.874657,30.461426,-12.037697,51.158588
10523,99.885071,30.461397,-11.037551,51.154362
10524,99.895485,30.461367,-10.037404,51.150021
10525,99.905891,30.461334,-9.037991,51.145554
10526,99.916306,30.461302,-8.037843,51.141178
10527,99.926720,30.461269,-7.037694,51.136898
10528,99.937134,30.461235,-6.037545,51.132492
10529,99.947540,30.461201,-5.038128,51.128185
10530,99.957954,30.461164,-4.037978,51.123749
10531,99.968369,30.461128,-3.037826,51.119411
10532,99.978775,30.461092,-2.038407,51.115162
10533,99.989189,30.461054,-1.038255,51.110794
10534,99.999603,30.461016,-0.038101,51.106510
10535,100.010017,30.460976,0.962053,51.102112
10536,100.020424,30.460936,1.961476,51.097809
10537,100.030838,30.460894,2.961632,51.093380
10538,100.041252,30.460852,3.961788,51.089043
10539,100.051666,30.460810,4.961946,51.084801
10540,100.062073,30.460766,5.961371,51.080433
10541,100.072487,30.460722,6.961531,51.076160
10542,100.082901,30.460676,7.961691,51.071770
10543,100.093307,30.460630,8.961120,51.067467
10544,100.103722,30.460583,9.961282,51.063042
10545,100.114136,30.460535,10.961445,51.058712
10546,100.124550,30.460487,11.961610,51.054474
10547,100.134956,30.460438,12.961042,51.050114
10548,100.145370,30.460388,13.961208,51.045845
10549,100.155785,30.460337,14.961375,51.041454
10550,100.166191,30.460285,15.960811,51.037155
10551,100.176605,30.460232,16.960981,51.032738
10552,100.187019,30.460178,17.961151,51.028412
10553,100.197433,30.460125,18.961323,51.024178
10554,100.207840,30.460070,19.960762,51.019821
10555,100.218254,30.460014,20.960936,51.015556
10556,100.228668,30.459957,21.961109,51.011173
10557,100.239075,30.459900,22.960552,51.006878
10558,100.249489,30.459843,23.960730,51.002674
10559,100.259903,30.459784,24.960909,50.998356
10560,100.270309,30.459723,25.960356,50.993912
10561,100.280724,30.459661,26.960535,50.989563
10562,100.291138,30.459600,27.960718,50.985302
10563,100.301552,30.459538,28.960901,50.980923
10564,100.311958,30.459475,29.960354,50.976631
10565,100.322372,30.459412,30.960539,50.972439
10566,100.332787,30.459347,31.960724,50.968117
10567,100.343193,30.459280,32.960182,50.963680
10568,100.353607,30.459215,33.960373,50.959545
10569,100.364021,30.459146,34.960564,50.955078
10570,100.374428,30.459080,35.960022,50.950912
10571,100.384842,30.459011,36.960217,50.946629
10572,100.395256,30.458941,37.960411,50.942226
10573,100.405663,30.458870,38.959873,50.937916
10574,100.416077,30.458799,39.960075,50.933693
10575,100.426491,30.458727,40.960274,50.929352
10576,100.436897,30.458654,41.959743,50.925098
10577,100.447311,30.458580,42.959946,50.920727
10578,100.457726,30.458506,43.960148,50.916451
10579,100.468132,30.458429,44.959621,50.912048
10580,100.478546,30.458353,45.959827,50.907742
10581,100.488960,30.458277,46.960033,50.903522
10582,100.499367,30.458199,47.959515,50.899185
10583,100.509781,30.458120,48.959728,50.894943
10584,99.499817,30.470974,-48.031677,52.315815
10585,99.510231,30.470974,-47.031631,52.311478
10586,99.520645,30.470972,-46.031590,52.307014
10587,99.531059,30.470970,-45.031548,52.302643
10588,99.541473,30.470968,-44.031506,52.298367
10589,99.551888,30.470964,-43.031460,52.293968
10590,99.562294,30.470959,-42.032154,52.289452
10591,99.572708,30.470955,-41.032104,52.285240
10592,99.583122,30.470947,-40.032063,52.280693
10593,99.593536,30.470942,-39.032021,52.276451
10594,99.603951,30.470934,-38.031975,52.272087
10595,99.614365,30.470924,-37.031933,52.267601
10596,99.624779,30.470915,-36.031891,52.263206
10597,99.635193,30.470905,-35.031845,52.258907
10598,99.645599,30.470894,-34.032532,52.254486
10599,99.656013,30.470882,-33.032490,52.250156
10600,99.666428,30.470869,-32.032444,52.245705
10601,99.676842,30.470856,-31.032398,52.241344
10602,99.687256,30.470842,-30.032352,52.237080
10603,99.697670,30.470827,-29.032307,52.232689
10604,99.708084,30.470812,-28.032259,52.228390
10605,99.718498,30.470795,-27.032213,52.223972
10606,99.728905,30.470778,-26.032898,52.219654
10607,99.739319,30.470758,-25.032852,52.215202
10608,99.749733,30.470739,-24.032804,52.210850
10609,99.760147,30.470720,-23.032757,52.206585
10610,99.770561,30.470699,-22.032707,52.202202
10611,99.780975,30.470676,-21.032658,52.197701
10612,99.791389,30.470655,-20.032610,52.193501
10613,99.801804,30.470633,-19.032560,52.189178
10614,99.812210,30.470608,-18.033241,52.184738
10615,99.822624,30.470583,-17.033192,52.180386
10616,99.833038,30.470556,-16.033140,52.175919
10617,99.843452,30.470531,-15.033088,52.171749
10618,99.853867,30.470503,-14.033036,52.167255
10619,99.864281,30.470476,-13.032984,52.163055
10620,99.874695,30.470446,-12.032929,52.158527
10621,99.885101,30.470417,-11.033608,52.154305
10622,99.895515,30.470387,-10.033554,52.149960
10623,99.905930,30.470354,-9.033498,52.145496
10624,99.916344,30.470322,-8.033442,52.141121
10625,99.926758,30.470289,-7.033386,52.136837
10626,99.937172,30.470255,-6.033328,52.132435
10627,99.947586,30.470221,-5.033270,52.128124
10628,99.958000,30.470186,-4.033211,52.123901
10629,99.968407,30.470150,-3.033885,52.119564
10630,99.978821,30.470112,-2.033824,52.115105
10631,99.989235,30.470074,-1.033763,52.110733
10632,99.999649,30.470036,-0.033702,52.106457
10633,100.010063,30.469995,0.966361,52.102058
10634,100.020477,30.469955,1.966424,52.097755
10635,100.030884,30.469915,2.965756,52.093536
10636,100.041298,30.469873,3.965821,52.089203
10637,100.051712,30.469830,4.965887,52.084747
10638,100.062126,30.469786,5.965954,52.080383
10639,100.072540,30.469742,6.966021,52.076111
10640,100.082954,30.469696,7.966090,52.071716
10641,100.093369,30.469650,8.966159,52.067413
10642,100.103775,30.469604,9.965497,52.063202
10643,100.114189,30.469557,10.965569,52.058872
10644,100.124603,30.469507,11.965641,52.054420
10645,100.135017,30.469458,12.965714,52.050064
10646,100.145432,30.469408,13.965788,52.045792
10647,100.155846,30.469357,14.965864,52.041405
10648,100.166252,30.469305,15.965208,52.037109
10649,100.176666,30.469254,16.965284,52.032902
10650,100.187080,30.469200,17.965363,52.028580
10651,100.197495,30.469145,18.965443,52.024128
10652,100.207909,30.469090,19.965525,52.019779
10653,100.218323,30.469034,20.965605,52.015511
10654,100.228729,30.468977,21.964956,52.011127
10655,100.239143,30.468920,22.965040,52.006836
10656,100.249557,30.468863,23.965126,52.002632
10657,100.259972,30.468803,24.965214,51.998314
10658,100.270386,30.468742,25.965302,51.993870
10659,100.280792,30.468681,26.964659,51.989521
10660,100.291206,30.468620,27.964748,51.985260
10661,100.301620,30.468557,28.964840,51.980885
10662,100.312035,30.468494,29.964931,51.976597
10663,100.322449,30.468431,30.965025,51.972397
10664,100.332863,30.468367,31.965120,51.968082
10665,100.343269,30.468300,32.964485,51.963646
10666,100.353683,30.468235,33.964581,51.959511
10667,100.364098,30.468166,34.964684,51.955048
10668,100.374512,30.468100,35.964787,51.950882
10669,100.384926,30.468031,36.964886,51.946602
10670,100.395332,30.467960,37.964256,51.942196
10671,100.405746,30.467890,38.964363,51.937881
10672,100.416161,30.467819,39.964470,51.933662
10673,100.426575,30.467747,40.964573,51.929325
10674,100.436989,30.467674,41.964684,51.925076
10675,100.447395,30.467600,42.964062,51.920704
10676,100.457809,30.467525,43.964176,51.916428
10677,100.468224,30.467449,44.964291,51.912025
10678,100.478638,30.467373,45.964405,51.907719
10679,100.489044,30.467297,46.963791,51.903503
10680,100.499458,30.467218,47.963905,51.899166
10681,100.509872,30.467140,48.964027,51.894920
10682,99.499817,30.479994,-48.027271,53.315762
10683,99.510231,30.479994,-47.027321,53.311420
10684,99.520645,30.479992,-46.027367,53.306961
10685,99.531059,30.479990,-45.027416,53.302589
10686,99.541473,30.479988,-44.027466,53.298313
10687,99.551888,30.479984,-43.027512,53.293915
10688,99.562302,30.479980,-42.027561,53.289608
10689,99.572716,30.479975,-41.027611,53.285183
10690,99.583130,30.479969,-40.027657,53.280849
10691,99.593544,30.479961,-39.027706,53.276390
10692,99.603958,30.479954,-38.027756,53.272026
10693,99.614372,30.479946,-37.027802,53.267754
10694,99.624786,30.479937,-36.027851,53.263359
10695,99.635201,30.479925,-35.027897,53.258846
10696,99.645615,30.479916,-34.027946,53.254635
10697,99.656029,30.479902,-33.027992,53.250095
10698,99.666443,30.479891,-32.028038,53.245857
10699,99.676857,30.479877,-31.028084,53.241497
10700,99.687271,30.479862,-30.028131,53.237019
10701,99.697685,30.479847,-29.028177,53.232628
10702,99.708099,30.479832,-28.028223,53.228333
10703,99.718513,30.479815,-27.028267,53.223915
10704,99.728928,30.479797,-26.028313,53.219589
10705,99.739342,30.479778,-25.028357,53.215145
10706,99.749756,30.479759,-24.028402,53.210789
10707,99.760170,30.479740,-23.028446,53.206528
10708,99.770584,30.479719,-22.028488,53.202145
10709,99.780998,30.479698,-21.028532,53.197853
10710,99.791412,30.479675,-20.028574,53.193443
10711,99.801826,30.479652,-19.028616,53.189117
10712,99.812241,30.479628,-18.028658,53.184681
10713,99.822655,30.479603,-17.028700,53.180328
10714,99.833069,30.479578,-16.028740,53.176071
10715,99.843483,30.479551,-15.028779,53.171692
10716,99.853897,30.479523,-14.028818,53.167194
10717,99.864311,30.479496,-13.028857,53.162994
10718,99.874725,30.479467,-12.028895,53.158684
10719,99.885139,30.479437,-11.028933,53.154247
10720,99.895554,30.479406,-10.028970,53.149902
10721,99.905968,30.479374,-9.029007,53.145439
10722,99.916382,30.479343,-8.029042,53.141273
10723,99.926796,30.479309,-7.029078,53.136780
10724,99.937210,30.479277,-6.029112,53.132591
10725,99.947624,30.479240,-5.029146,53.128067
10726,99.958038,30.479206,-4.029179,53.123848
10727,99.968452,30.479170,-3.029211,53.119507
10728,99.978867,30.479132,-2.029243,53.115047
10729,99.989281,30.479094,-1.029273,53.110680
10730,99.999695,30.479055,-0.029303,53.106403
10731,100.010109,30.479015,0.970668,53.102005
10732,100.020523,30.478975,1.970639,53.097698
10733,100.030937,30.478935,2.970612,53.093483
10734,100.041351,30.478893,3.970585,53.089149
10735,100.051765,30.478849,4.970559,53.084690
10736,100.062180,30.478806,5.970534,53.080330
10737,100.072594,30.478762,6.970510,53.076057
10738,100.083008,30.478716,7.970487,53.071663
10739,100.093422,30.478670,8.970465,53.067364
10740,100.103836,30.478624,9.970444,53.063152
10741,100.114250,30.478577,10.970423,53.058823
10742,100.124664,30.478527,11.970404,53.054371
10743,100.135078,30.478477,12.970386,53.050014
10744,100.145485,30.478428,13.969636,53.045746
10745,100.155899,30.478376,14.969619,53.041359
10746,100.166313,30.478325,15.969604,53.037064
10747,100.176727,30.478273,16.969589,53.032856
10748,100.187141,30.478220,17.969576,53.028530
10749,100.197556,30.478165,18.969564,53.024086
10750,100.207970,30.478109,19.969553,53.019730
10751,100.218384,30.478054,20.969543,53.015469
10752,100.228798,30.477997,21.969536,53.011086
10753,100.239212,30.477940,22.969528,53.006794
10754,100.249626,30.477882,23.969521,53.002594
10755,100.260040,30.477823,24.969515,52.998272
10756,100.270454,30.477762,25.969511,52.993832
10757,100.280869,30.477701,26.969509,52.989483
10758,100.291283,30.477640,27.969507,52.985226
10759,100.301697,30.477577,28.969507,52.980846
10760,100.312111,30.477514,29.969509,52.976562
10761,100.322525,30.477451,30.969511,52.972363
10762,100.332932,30.477386,31.968781,52.968048
10763,100.343346,30.477320,32.968788,52.963612
10764,100.353760,30.477255,33.968792,52.959480
10765,100.364174,30.477186,34.968800,52.955017
10766,100.374588,30.477119,35.968807,52.950851
10767,100.385002,30.477049,36.968819,52.946358
10768,100.395416,30.476980,37.968834,52.942169
10769,100.405830,30.476910,38.968849,52.937859
10770,100.416245,30.476839,39.968861,52.933636
10771,100.426659,30.476767,40.968876,52.929298
10772,100.437073,30.476692,41.968895,52.924839
10773,100.447487,30.476620,42.968914,52.920685
10774,100.457901,30.476545,43.968933,52.916405
10775,100.468307,30.476469,44.968224,52.912003
10776,100.478722,30.476393,45.968246,52.907700
10777,100.489136,30.476316,46.968273,52.903484
10778,100.499550,30.476238,47.968300,52.899147
10779,100.509964,30.476160,48.968327,52.894905
10780,99.499817,30.489016,-48.022861,54.315918
10781,99.510231,30.489014,-47.023003,54.311367
10782,99.520645,30.489014,-46.023144,54.307117
10783,99.531067,30.489012,-45.022552,54.302746
10784,99.541481,30.489008,-44.022690,54.298256
10785,99.551895,30.489004,-43.022831,54.293858
10786,99.562309,30.489000,-42.022972,54.289551
10787,99.572723,30.488995,-41.023113,54.285126
10788,99.583138,30.488989,-40.023254,54.280788
10789,99.593552,30.488981,-39.023396,54.276337
10790,99.603966,30.488974,-38.023533,54.271973
10791,99.614388,30.488966,-37.022938,54.267696
10792,99.624802,30.488956,-36.023079,54.263306
10793,99.635216,30.488947,-35.023220,54.258999
10794,99.645630,30.488935,-34.023354,54.254578
10795,99.656044,30.488924,-33.023495,54.250252
10796,99.666458,30.488911,-32.023636,54.245796
10797,99.676872,30.488897,-31.023771,54.241440
10798,99.687286,30.488882,-30.023911,54.236961
10799,99.697708,30.488869,-29.023314,54.232780
10800,99.708122,30.488852,-28.023453,54.228275
10801,99.718536,30.488834,-27.023590,54.223854
10802,99.728951,30.488817,-26.023727,54.219532
10803,99.739365,30.488800,-25.023863,54.215298
10804,99.749779,30.488781,-24.023998,54.210941
10805,99.760193,30.488760,-23.024136,54.206470
10806,99.770607,30.488739,-22.024269,54.202087
10807,99.781029,30.488718,-21.023672,54.197792
10808,99.791443,30.488695,-20.023808,54.193382
10809,99.801857,30.488672,-19.023939,54.189060
10810,99.812271,30.488647,-18.024073,54.184620
10811,99.822685,30.488623,-17.024204,54.180271
10812,99.833099,30.488598,-16.024338,54.176010
10813,99.843513,30.488571,-15.024469,54.171635
10814,99.853928,30.488544,-14.024601,54.167347
10815,99.864342,30.488516,-13.024732,54.162941
10816,99.874763,30.488487,-12.024129,54.158627
10817,99.885178,30.488457,-11.024259,54.154186
10818,99.895592,30.488426,-10.024387,54.149845
10819,99.906006,30.488396,-9.024515,54.145592
10820,99.916420,30.488363,-8.024643,54.141220
10821,99.926834,30.488329,-7.024770,54.136726
10822,99.937248,30.488297,-6.024896,54.132534
10823,99.947662,30.488262,-5.025022,54.128223
10824,99.958076,30.488226,-4.025146,54.123795
10825,99.968498,30.488190,-3.024538,54.119453
10826,99.978912,30.488153,-2.024661,54.115204
10827,99.989326,30.488115,-1.024784,54.110836
10828,99.999741,30.488075,-0.024905,54.106346
10829,100.010155,30.488037,0.974974,54.102165
10830,100.020569,30.487995,1.974854,54.097645
10831,100.030983,30.487955,2.974734,54.093430
10832,100.041397,30.487913,3.974616,54.089096
10833,100.051811,30.487869,4.974498,54.084641
10834,100.062225,30.487827,5.974381,54.080490
10835,100.072647,30.487782,6.974998,54.076008
10836,100.083061,30.487736,7.974883,54.071613
10837,100.093475,30.487690,8.974770,54.067314
10838,100.103889,30.487644,9.974656,54.063107
10839,100.114304,30.487597,10.974544,54.058773
10840,100.124718,30.487547,11.974433,54.054325
10841,100.135132,30.487497,12.974323,54.049965
10842,100.145546,30.487448,13.974214,54.045700
10843,100.155960,30.487396,14.974106,54.041313
10844,100.166374,30.487345,15.973999,54.037014
10845,100.176788,30.487293,16.973892,54.032814
10846,100.187210,30.487240,17.974520,54.028488
10847,100.197624,30.487185,18.974417,54.024044
10848,100.208038,30.487129,19.974314,54.019691
10849,100.218452,30.487074,20.974213,54.015427
10850,100.228867,30.487017,21.974112,54.011047
10851,100.239281,30.486959,22.974012,54.006752
10852,100.249695,30.486902,23.973913,54.002556
10853,100.260109,30.486843,24.973816,53.998234
10854,100.270523,30.486782,25.973722,53.993793
10855,100.280937,30.486721,26.973627,53.989445
10856,100.291351,30.486660,27.973534,53.985188
10857,100.301765,30.486597,28.973442,53.980812
10858,100.312180,30.486534,29.973352,53.976524
10859,100.322594,30.486471,30.973261,53.972328
10860,100.333008,30.486406,31.973173,53.968014
10861,100.343430,30.486340,32.973820,53.963581
10862,100.353844,30.486275,33.973736,53.959450
10863,100.364258,30.486206,34.973648,53.954983
10864,100.374672,30.486139,35.973568,53.950825
10865,100.385086,30.486069,36.973488,53.946331
10866,100.395500,30.486000,37.973408,53.942142
10867,100.405914,30.485929,38.973328,53.937832
10868,100.416328,30.485859,39.973251,53.933613
10869,100.426743,30.485786,40.973175,53.929272
10870,100.437157,30.485712,41.973103,53.924816
10871,100.447571,30.485640,42.973026,53.920662
10872,100.457985,30.485565,43.972958,53.916382
10873,100.468399,30.485489,44.972885,53.911987
10874,100.478813,30.485413,45.972820,53.907684
10875,100.489227,30.485336,46.972755,53.903469
10876,100.499641,30.485258,47.972687,53.899132
10877,100.510056,30.485180,48.972626,53.894890
10878,99.499817,30.498035,-48.018452,55.315868
10879,99.510231,30.498035,-47.018688,55.311527
10880,99.520653,30.498034,-46.018188,55.307064
10881,99.531067,30.498032,-45.018417,55.302696
10882,99.541481,30.498028,-44.018654,55.298203
10883,99.551895,30.498026,-43.018883,55.294018
10884,99.562317,30.498020,-42.018383,55.289497
10885,99.572731,30.498014,-41.018612,55.285069
10886,99.583145,30.498009,-40.018848,55.280735
10887,99.593559,30.498003,-39.019077,55.276493
10888,99.603981,30.497995,-38.018578,55.272125
10889,99.614395,30.497986,-37.018810,55.267639
10890,99.624809,30.497976,-36.019039,55.263248
10891,99.635223,30.497967,-35.019268,55.258945
10892,99.645645,30.497955,-34.018768,55.254524
10893,99.656059,30.497944,-33.019001,55.250191
10894,99.666473,30.497931,-32.019230,55.245743
10895,99.676888,30.497917,-31.019459,55.241383
10896,99.687309,30.497904,-30.018957,55.237114
10897,99.697723,30.497889,-29.019186,55.232727
10898,99.708138,30.497871,-28.019417,55.228218
10899,99.718552,30.497856,-27.019644,55.224010
10900,99.728973,30.497837,-26.019140,55.219471
10901,99.739388,30.497820,-25.019369,55.215240
10902,99.749802,30.497801,-24.019596,55.210888
10903,99.760216,30.497780,-23.019825,55.206413
10904,99.770638,30.497759,-22.019318,55.202026
10905,99.781052,30.497738,-21.019545,55.197739
10906,99.791466,30.497715,-20.019772,55.193325
10907,99.801880,30.497692,-19.019997,55.189003
10908,99.812302,30.497669,-18.019487,55.184772
10909,99.822716,30.497644,-17.019712,55.180428
10910,99.833130,30.497618,-16.019938,55.175957
10911,99.843544,30.497591,-15.020161,55.171577
10912,99.853966,30.497564,-14.019651,55.167290
10913,99.864380,30.497536,-13.019874,55.162884
10914,99.874794,30.497507,-12.020096,55.158569
10915,99.885208,30.497477,-11.020316,55.154133
10916,99.895630,30.497446,-10.019805,55.149788
10917,99.906044,30.497416,-9.020024,55.145535
10918,99.916458,30.497383,-8.020245,55.141163
10919,99.926872,30.497351,-7.020463,55.136883
10920,99.937286,30.497316,-6.020680,55.132481
10921,99.947708,30.497282,-5.020165,55.128166
10922,99.958122,30.497246,-4.020382,55.123737
10923,99.968536,30.497210,-3.020598,55.119400
10924,99.978951,30.497173,-2.020813,55.115150
10925,99.989372,30.497135,-1.020295,55.110786
10926,99.999786,30.497095,-0.020508,55.106297
10927,100.010201,30.497057,0.979279,55.102108
10928,100.020615,30.497017,1.979067,55.097805
10929,100.031036,30.496975,2.979588,55.093380
10930,100.041451,30.496933,3.979378,55.089046
10931,100.051865,30.496891,4.979168,55.084805
10932,100.062279,30.496847,5.978960,55.080441
10933,100.072693,30.496801,6.978753,55.075958
10934,100.083115,30.496758,7.979278,55.071777
10935,100.093529,30.496710,8.979073,55.067265
10936,100.103943,30.496664,9.978868,55.063057
10937,100.114357,30.496616,10.978664,55.058727
10938,100.124779,30.496567,11.979194,55.054276
10939,100.135193,30.496519,12.978992,55.050133
10940,100.145607,30.496468,13.978791,55.045658
10941,100.156021,30.496418,14.978591,55.041481
10942,100.166435,30.496365,15.978392,55.036972
10943,100.176857,30.496313,16.978926,55.032768
10944,100.187271,30.496260,17.978731,55.028446
10945,100.197685,30.496204,18.978535,55.023998
10946,100.208099,30.496151,19.978340,55.019859
10947,100.218513,30.496094,20.978146,55.015388
10948,100.228935,30.496038,21.978687,55.011219
10949,100.239349,30.495979,22.978497,55.006714
10950,100.249763,30.495922,23.978306,55.002514
10951,100.260178,30.495863,24.978117,54.998196
10952,100.270592,30.495802,25.977930,54.993759
10953,100.281013,30.495743,26.978477,54.989620
10954,100.291428,30.495680,27.978291,54.985157
10955,100.301842,30.495619,28.978107,54.980988
10956,100.312256,30.495554,29.977926,54.976494
10957,100.322670,30.495491,30.977745,54.972298
10958,100.333084,30.495426,31.977564,54.967983
10959,100.343506,30.495359,32.978119,54.963551
10960,100.353920,30.495295,33.977940,54.959423
10961,100.364334,30.495226,34.977764,54.954956
10962,100.374748,30.495159,35.977589,54.950798
10963,100.385162,30.495089,36.977417,54.946304
10964,100.395576,30.495020,37.977245,54.942112
10965,100.405998,30.494949,38.977810,54.937809
10966,100.416412,30.494877,39.977642,54.933380
10967,100.426826,30.494806,40.977474,54.929253
10968,100.437241,30.494732,41.977306,54.924793
10969,100.447655,30.494659,42.977142,54.920635
10970,100.458069,30.494585,43.976978,54.916363
10971,100.468491,30.494509,44.977551,54.911968
10972,100.478905,30.494432,45.977390,54.907665
10973,100.489319,30.494356,46.977230,54.903454
10974,100.499733,30.494278,47.977074,54.899120
10975,100.510147,30.494198,48.976921,54.894669
10976,99.499817,30.507055,-48.014042,56.315815
10977,99.510239,30.507055,-47.013638,56.311474
10978,99.520653,30.507053,-46.013962,56.307011
10979,99.531067,30.507051,-45.014286,56.302643
10980,99.541489,30.507050,-44.013874,56.298363
10981,99.551903,30.507046,-43.014198,56.293964
10982,99.562317,30.507040,-42.014523,56.289444
10983,99.572739,30.507036,-41.014114,56.285229
10984,99.583153,30.507029,-40.014439,56.280685
10985,99.593575,30.507023,-39.014030,56.276436
10986,99.603989,30.507015,-38.014351,56.272072
10987,99.614403,30.507006,-37.014675,56.267586
10988,99.624825,30.506996,-36.014271,56.263191
10989,99.635239,30.506987,-35.014591,56.258892
10990,99.645653,30.506975,-34.014915,56.254467
10991,99.656075,30.506964,-33.014503,56.250137
10992,99.666489,30.506950,-32.014828,56.245689
10993,99.676910,30.506937,-31.014414,56.241329
10994,99.687325,30.506924,-30.014736,56.237057
10995,99.697739,30.506908,-29.015057,56.232674
10996,99.708160,30.506893,-28.014647,56.228374
10997,99.718575,30.506876,-27.014967,56.223957
10998,99.728989,30.506859,-26.015287,56.219631
10999,99.739410,30.506840,-25.014875,56.215183
11000,99.749825,30.506821,-24.015194,56.210831
11001,99.760246,30.506802,-23.014780,56.206566
11002,99.770660,30.506781,-22.015100,56.202183
11003,99.781075,30.506758,-21.015417,56.197681
11004,99.791496,30.506737,-20.015001,56.193481
11005,99.801910,30.506712,-19.015320,56.188950
11006,99.812325,30.506689,-18.015636,56.184719
11007,99.822746,30.506664,-17.015221,56.180370
11008,99.833160,30.506638,-16.015537,56.175903
11009,99.843575,30.506611,-15.015853,56.171524
11010,99.853996,30.506584,-14.015434,56.167240
11011,99.864410,30.506556,-13.015749,56.162830
11012,99.874832,30.506527,-12.015330,56.158516
11013,99.885246,30.506498,-11.015642,56.154289
11014,99.895660,30.506468,-10.015955,56.149944
11015,99.906082,30.506435,-9.015535,56.145481
11016,99.916496,30.506403,-8.015845,56.141109
11017,99.926910,30.506371,-7.016156,56.136829
11018,99.937332,30.506336,-6.015734,56.132427
11019,99.947746,30.506302,-5.016043,56.128117
11020,99.958160,30.506266,-4.016351,56.123688
11021,99.968582,30.506229,-3.015926,56.119347
11022,99.978996,30.506193,-2.016233,56.115101
11023,99.989418,30.506155,-1.015807,56.110733
11024,99.999832,30.506117,-0.016112,56.106457
11025,100.010246,30.506077,0.983583,56.102058
11026,100.020668,30.506037,1.984012,56.097755
11027,100.031082,30.505995,2.983709,56.093330
11028,100.041496,30.505953,3.983407,56.088997
11029,100.051918,30.505911,4.983838,56.084755
11030,100.062332,30.505867,5.983538,56.080391
11031,100.072746,30.505821,6.983238,56.075909
11032,100.083168,30.505777,7.983672,56.071732
11033,100.093582,30.505732,8.983375,56.067429
11034,100.103996,30.505684,9.983078,56.063011
11035,100.114418,30.505636,10.983515,56.058685
11036,100.124832,30.505589,11.983220,56.054447
11037,100.135246,30.505539,12.982926,56.050087
11038,100.145668,30.505487,13.983366,56.045609
11039,100.156082,30.505438,14.983074,56.041439
11040,100.166496,30.505384,15.982784,56.036930
11041,100.176918,30.505333,16.983227,56.032726
11042,100.187332,30.505280,17.982937,56.028404
11043,100.197746,30.505224,18.982651,56.023960
11044,100.208168,30.505171,19.983097,56.019821
11045,100.218582,30.505114,20.982813,56.015347
11046,100.228996,30.505058,21.982527,56.011181
11047,100.239418,30.504999,22.982979,56.006680
11048,100.249832,30.504942,23.982695,56.002480
11049,100.260246,30.504883,24.982416,55.998161
11050,100.270668,30.504822,25.982868,55.993721
11051,100.281082,30.504763,26.982590,55.989590
11052,100.291496,30.504700,27.982315,55.985123
11053,100.301910,30.504639,28.982037,55.980957
11054,100.312332,30.504574,29.982496,55.976460
11055,100.322746,30.504511,30.982224,55.972271
11056,100.333160,30.504446,31.981951,55.967953
11057,100.343582,30.504379,32.982414,55.963524
11058,100.353996,30.504314,33.982143,55.959389
11059,100.364410,30.504246,34.981880,55.954929
11060,100.374832,30.504179,35.982346,55.950775
11061,100.385246,30.504108,36.982079,55.946281
11062,100.395660,30.504040,37.981815,55.942093
11063,100.406082,30.503969,38.982285,55.937786
11064,100.416496,30.503897,39.982025,55.933357
11065,100.426910,30.503826,40.981766,55.929230
11066,100.437325,30.503752,41.981506,55.924774
11067,100.447746,30.503679,42.981983,55.920620
11068,100.458160,30.503603,43.981731,55.916138
11069,100.468575,30.503529,44.981476,55.911953
11070,100.478996,30.503452,45.981956,55.907654
11071,100.489410,30.503374,46.981709,55.903225
11072,100.499825,30.503298,47.981457,55.899105
11073,100.510239,30.503218,48.981213,55.894653
