1 0.032275
2 0.053512
3 0.065498
4 0.027751
5 0.045096
6 0.036648
7 0.057741
8 0.045412
9 0.039317
10 0.043545
11 0.039345
12 0.058125
13 0.039359
14 0.028289
15 0.017406
16 0.027039
17 0.053162
18 0.027992
19 0.040189
20 0.071612
21 0.046153
22 0.056424
23 0.087235
24 0.042396
25 0.07408
26 0.025538
27 0.079977
28 0.063253
29 0.047992
30 0.063552
31 0.058152
32 0.061034
33 0.056123
34 0.053487
35 0.097731
36 0.056803
37 0.072335
38 0.119242
39 0.053315
40 0.025137
41 0.028748
42 0.04616
43 0.039643
44 0.069642
45 0.128734
46 0.071608
47 0.043988
48 0.05496
49 0.051212
50 0.046969
51 0.058222
52 0.033711
53 0.101639
54 0.121834
55 0.091173
56 0.053162
57 0.030003
58 0.036253
59 0.043379
60 0.029617
61 0.04528
62 0.065224
63 0.084533
64 0.063681
65 0.081821
66 0.049164
67 0.043159
68 0.025185
69 0.037544
70 0.080917
71 0.055633
72 0.05469
73 0.030128
74 0.040653
75 0.029455
76 0.019806
77 0.020684
78 0.01981
79 0.026441
80 0.045622
81 0.030945
82 0.03485
83 0.032602
84 0.037259
85 0.039835
86 0.025102
87 0.030046
88 0.022925
89 0.027306
90 0.018585
91 0.025648
92 0.023993
93 0.041322
94 0.032411
95 0.042999
96 0.072041
97 0.029021
98 0.04486
99 0.041083
100 0.024741
101 0.035435
102 0.028986
103 0.02498
104 0.039956
105 0.040116
106 0.044171
107 0.044837
108 0.024973
109 0.074791
110 0.058893
111 0.065115
112 0.024895
113 0.035955
114 0.025217
115 0.042083
116 0.043664
117 0.031946
118 0.060767
119 0.075249
120 0.046052
121 0.041705
122 0.054584
123 0.064297
124 0.072363
125 0.090864
126 0.02974
127 0.054799
128 0.079741
129 0.050941
130 0.107734
131 0.067753
132 0.069107
133 0.052113
134 0.055145
135 0.056594
136 0.089078
137 0.051583
138 0.076119
139 0.059635
140 0.084956
141 0.040031
142 0.060691
143 0.060892
144 0.052173
145 0.051615
146 0.035452
147 0.049253
148 0.032208
149 0.05098
150 0.051806
151 0.050705
152 0.034567
153 0.055428
154 0.043774
155 0.032115
156 0.045414
157 0.070217
158 0.05706
159 0.081615
160 0.067468
161 0.078292
162 0.024942
163 0.036415
164 0.09141
165 0.048766
166 0.038751
167 0.138964
168 0.047298
169 0.032443
170 0.033791
171 0.029453
172 0.038042
173 0.041229
174 0.017803
175 0.033505
176 0.022278
177 0.026852
178 0.026331
179 0.0321
180 0.024916
181 0.03287
182 0.050437
183 0.019198
184 0.021279
185 0.024957
186 0.040917
187 0.035628
188 0.037687
189 0.014864
190 0.029534
191 0.024124
192 0.021868
193 0.020091
194 0.029231
195 0.039667
196 0.030106
197 0.012705
198 0.023565
199 0.019763
200 0.044372
201 0.032672
202 0.030326
203 0.037349
204 0.042391
205 0.04003
206 0.034719
207 0.039299
208 0.040029
209 0.069377
210 0.043368
211 0.03389
212 0.028546
213 0.033942
214 0.051427
215 0.059993
216 0.063505
217 0.097764
218 0.150166
219 0.07263
220 0.097736
221 0.040075
222 0.040001
223 0.040981
224 0.071048
225 0.122235
226 0.149476
227 0.08206
228 0.129646
229 0.058599
230 0.052145
231 0.03613
232 0.045694
233 0.025264
234 0.045068
235 0.027189
236 0.022949
237 0.046403
238 0.046413
239 0.083434
240 0.043325
241 0.079456
242 0.05361
243 0.091705
244 0.050872
245 0.040437
246 0.042006
247 0.030886
248 0.048702
249 0.058182
250 0.04471
251 0.053594
252 0.053961
253 0.07326
254 0.052903
255 0.076491
256 0.039677
257 0.037107
258 0.06433
259 0.102869
260 0.059042
261 0.049027
262 0.077757
263 0.056078
264 0.12095
265 0.073661
266 0.077635
267 0.066423
268 0.028816
269 0.040136
270 0.02151
271 0.025918
272 0.017425
273 0.023278
274 0.034763
275 0.042983
276 0.029298
277 0.043432
278 0.024892
279 0.027131
280 0.035981
281 0.029124
282 0.043984
283 0.045538
284 0.042002
285 0.042887
286 0.032409
287 0.035626
288 0.03766
289 0.039641
290 0.021555
291 0.022373
292 0.053027
293 0.024482
294 0.025276
295 0.023012
296 0.014481
297 0.021402
298 0.021244
299 0.033989
300 0.032864
301 0.030261
302 0.051393
303 0.065841
304 0.060322
305 0.033087
306 0.110162
307 0.061636
308 0.070924
309 0.054617
310 0.033211
311 0.035361
312 0.038663
313 0.068428
314 0.055586
315 0.08402
316 0.143548
317 0.065846
318 0.066984
319 0.051567
320 0.082817
321 0.040411
322 0.030838
323 0.106681
324 0.093
325 0.077197
326 0.05784
327 0.083222
328 0.033755
329 0.059222
330 0.065601
331 0.036497
332 0.043092
333 0.061866
334 0.044243
335 0.067614
336 0.056945
337 0.086011
338 0.046287
339 0.101225
340 0.072942
341 0.046171
342 0.04718
343 0.048782
344 0.031912
345 0.046637
346 0.025611
347 0.046356
348 0.075099
349 0.05934
350 0.091564
351 0.065469
352 0.057815
353 0.060976
354 0.058181
355 0.044279
356 0.036862
357 0.102839
358 0.05239
359 0.040604
360 0.041378
361 0.11843
362 0.045935
363 0.145909
364 0.06124
365 0.055954
366 0.038305
367 0.037079
368 0.030353
369 0.035102
370 0.024954
371 0.024813
372 0.019598
373 0.023422
374 0.02247
375 0.028654
376 0.032315
377 0.035908
378 0.063012
379 0.030337
380 0.045672
381 0.03237
382 0.047442
383 0.052142
384 0.040125
385 0.026905
386 0.028145
387 0.018437
388 0.019891
389 0.050214
390 0.04771
391 0.01831
392 0.032996
393 0.018284
394 0.015859
395 0.015429
396 0.013973
397 0.040022
398 0.015867
399 0.034529
400 0.030619
401 0.043731
402 0.02901
403 0.030228
404 0.043037
405 0.042262
406 0.04308
407 0.035843
408 0.033808
409 0.014457
410 0.039966
411 0.064946
412 0.12403
413 0.11547
414 0.086363
415 0.069976
416 0.061603
417 0.022799
418 0.04532
419 0.042095
420 0.051624
421 0.069203
422 0.048991
423 0.059375
424 0.046167
425 0.068038
426 0.069916
427 0.028476
428 0.040736
429 0.054468
430 0.032216
431 0.051668
432 0.039926
433 0.045698
434 0.049074
435 0.077099
436 0.030325
437 0.064613
438 0.046264
439 0.046807
440 0.043371
441 0.068048
442 0.07191
443 0.078527
444 0.050811
445 0.082441
446 0.060573
447 0.068988
448 0.049735
449 0.07326
450 0.04964
451 0.060722
452 0.058422
453 0.064674
454 0.039131
455 0.047866
456 0.066387
457 0.050554
458 0.129049
459 0.067741
460 0.042872
461 0.078534
462 0.041758
463 0.030802
464 0.020434
465 0.021115
466 0.040924
467 0.025284
468 0.019049
469 0.036974
470 0.042037
471 0.024732
472 0.021845
473 0.018192
474 0.024143
475 0.043225
476 0.042019
477 0.022851
478 0.035278
479 0.028475
480 0.081987
481 0.076892
482 0.056695
483 0.037836
484 0.038181
485 0.027641
486 0.028452
487 0.030082
488 0.051769
489 0.031998
490 0.028361
491 0.014865
492 0.014363
493 0.019288
494 0.021972
495 0.034115
496 0.029334
497 0.041531
498 0.0479
499 0.039621
500 0.033593
501 0.057234
502 0.052863
503 0.070689
504 0.072183
505 0.058519
506 0.032285
507 0.045853
508 0.030419
509 0.067908
510 0.061017
511 0.070857
512 0.057946
513 0.093882
514 0.083624
515 0.032912
516 0.031418
517 0.041282
518 0.030985
519 0.036826
520 0.030922
521 0.048003
522 0.055843
523 0.04543
524 0.084986
525 0.032863
526 0.040213
527 0.04927
528 0.039572
529 0.043647
530 0.05806
531 0.045939
532 0.058816
533 0.02082
534 0.060218
535 0.047532
536 0.039231
537 0.039822
538 0.054909
539 0.078012
540 0.038342
541 0.107753
542 0.038611
543 0.044751
544 0.048041
545 0.051828
546 0.029476
547 0.064691
548 0.094798
549 0.051513
550 0.04486
551 0.053871
552 0.043047
553 0.044456
554 0.074717
555 0.063743
556 0.053311
557 0.071341
558 0.073322
559 0.090929
560 0.033717
561 0.022318
562 0.030882
563 0.046948
564 0.030394
565 0.037984
566 0.042048
567 0.039712
568 0.038807
569 0.020912
570 0.045672
571 0.043539
572 0.014738
573 0.033683
574 0.038087
575 0.039108
576 0.086871
577 0.035521
578 0.055972
579 0.059569
580 0.043004
581 0.027688
582 0.026841
583 0.029508
584 0.046636
585 0.026652
586 0.026639
587 0.050676
588 0.059766
589 0.007216
590 0.013857
591 0.02052
592 0.037915
593 0.026673
594 0.025685
595 0.040762
596 0.035805
597 0.035274
598 0.041082
599 0.035492
600 0.062873
601 0.09207
602 0.062361
603 0.045918
604 0.061343
605 0.031628
606 0.04403
607 0.048919
608 0.037786
609 0.042654
610 0.069424
611 0.056022
612 0.046839
613 0.043695
614 0.024264
615 0.042013
616 0.032871
617 0.020182
618 0.035379
619 0.029639
620 0.019131
621 0.041465
622 0.05741
623 0.07265
624 0.042421
625 0.111866
626 0.079082
627 0.04854
628 0.038669
629 0.071481
630 0.054078
631 0.093148
632 0.057483
633 0.047833
634 0.044716
635 0.061137
636 0.039072
637 0.059736
638 0.087441
639 0.071654
640 0.107374
641 0.056488
642 0.082292
643 0.070777
644 0.102858
645 0.120759
646 0.064582
647 0.09003
648 0.078141
649 0.054137
650 0.06324
651 0.136916
652 0.083943
653 0.108215
654 0.096103
655 0.052718
656 0.080018
657 0.063936
658 0.056872
659 0.037399
660 0.04733
661 0.050252
662 0.045343
663 0.051571
664 0.0809
665 0.069794
666 0.029495
667 0.022768
668 0.014564
669 0.024712
670 0.019464
671 0.014583
672 0.055014
673 0.059721
674 0.116602
675 0.06708
676 0.070107
677 0.078874
678 0.050036
679 0.044484
680 0.046745
681 0.056909
682 0.052503
683 0.072788
684 0.039561
685 0.059225
686 0.053189
687 0.018762
688 0.017301
689 0.01428
690 0.043172
691 0.044448
692 0.023836
693 0.021324
694 0.041285
695 0.04367
696 0.045522
697 0.037446
698 0.047688
699 0.037777
700 0.077804
701 0.047666
702 0.033965
703 0.060067
704 0.035157
705 0.046758
706 0.061365
707 0.050726
708 0.048608
709 0.034851
710 0.030085
711 0.045115
712 0.028486
713 0.021563
714 0.026918
715 0.022674
716 0.025819
717 0.043044
718 0.038188
719 0.018754
720 0.038041
721 0.068489
722 0.057339
723 0.047741
724 0.055462
725 0.04878
726 0.044682
727 0.061757
728 0.081589
729 0.076782
730 0.06446
731 0.079163
732 0.04852
733 0.06526
734 0.094167
735 0.042996
736 0.074064
737 0.121445
738 0.115045
739 0.127424
740 0.122587
741 0.104731
742 0.100393
743 0.073284
744 0.048649
745 0.025324
746 0.053745
747 0.024675
748 0.077199
749 0.066386
750 0.056121
751 0.074435
752 0.063261
753 0.164968
754 0.058253
755 0.057832
756 0.075336
757 0.057047
758 0.111644
759 0.076255
760 0.063542
761 0.051746
762 0.06033
763 0.0509
764 0.03886
765 0.04455
766 0.026038
767 0.018052
768 0.026015
769 0.035838
770 0.032745
771 0.067552
772 0.097155
773 0.052927
774 0.069306
775 0.085595
776 0.051571
777 0.063079
778 0.040443
779 0.024544
780 0.085698
781 0.052545
782 0.054621
783 0.034717
784 0.022027
785 0.014397
786 0.029682
787 0.022684
788 0.034336
789 0.019526
790 0.014612
791 0.031596
792 0.046703
793 0.060244
794 0.041777
795 0.040297
796 0.052846
797 0.046631
798 0.039443
799 0.058679
800 0.036343
801 0.029037
802 0.034881
803 0.045151
804 0.049108
805 0.044019
806 0.047537
807 0.025516
808 0.050264
809 0.036266
810 0.047937
811 0.037475
812 0.03186
813 0.023812
814 0.027585
815 0.040255
816 0.049042
817 0.056104
818 0.0318
819 0.053631
820 0.057845
821 0.08576
822 0.065773
823 0.058063
824 0.028292
825 0.031436
826 0.080146
827 0.100189
828 0.084463
829 0.046813
830 0.086198
831 0.072164
832 0.068022
833 0.102582
834 0.08783
835 0.099332
836 0.112758
837 0.087497
838 0.159998
839 0.117014
840 0.079014
841 0.071548
842 0.039919
843 0.059279
844 0.041442
845 0.072149
846 0.066264
847 0.107715
848 0.164351
849 0.061187
850 0.039997
851 0.104097
852 0.071837
853 0.054402
854 0.112963
855 0.062822
856 0.055205
857 0.057408
858 0.088333
859 0.031273
860 0.022167
861 0.024714
862 0.023526
863 0.023421
864 0.037956
865 0.029364
866 0.04072
867 0.032346
868 0.069728
869 0.085184
870 0.061103
871 0.126803
872 0.07
873 0.027824
874 0.044285
875 0.03563
876 0.047373
877 0.049644
878 0.085519
879 0.060317
880 0.035385
881 0.034163
882 0.029896
883 0.010538
884 0.037608
885 0.028404
886 0.030891
887 0.04314
888 0.041565
889 0.02392
890 0.030247
891 0.032754
892 0.035206
893 0.067651
894 0.053426
895 0.046979
896 0.039778
897 0.039675
898 0.058529
899 0.075604
900 0.075353
901 0.075776
902 0.022883
903 0.068459
904 0.075928
905 0.038026
906 0.052371
907 0.04191
908 0.059804
909 0.045046
910 0.027257
911 0.023438
912 0.040287
913 0.031539
914 0.02437
915 0.04382
916 0.059258
917 0.037949
918 0.06393
919 0.102703
920 0.073863
921 0.042474
922 0.036814
923 0.047873
924 0.05202
925 0.10589
926 0.049301
927 0.062284
928 0.063677
929 0.051912
930 0.079926
931 0.060919
932 0.067259
933 0.072251
934 0.076381
935 0.137782
936 0.108924
937 0.089292
938 0.05937
939 0.074474
940 0.066365
941 0.081084
942 0.056321
943 0.13913
944 0.096548
945 0.093128
946 0.089147
947 0.068612
948 0.099188
949 0.090059
950 0.090898
951 0.159445
952 0.061769
953 0.06355
954 0.066998
955 0.048883
956 0.043649
957 0.023562
958 0.019801
959 0.022529
960 0.049231
961 0.044772
962 0.023715
963 0.067218
964 0.024914
965 0.041613
966 0.048895
967 0.047068
968 0.052184
969 0.098786
970 0.029075
971 0.029205
972 0.039558
973 0.064165
974 0.063028
975 0.058893
976 0.077566
977 0.039689
978 0.025975
979 0.053956
980 0.032193
981 0.023695
982 0.048062
983 0.023344
984 0.027521
985 0.023001
986 0.03399
987 0.040562
988 0.047387
989 0.066737
990 0.030599
991 0.029869
992 0.035178
993 0.02842
994 0.033989
995 0.036786
996 0.103349
997 0.040066
998 0.047374
999 0.073349
1000 0.0305
1001 0.047235
1002 0.03248
1003 0.033335
1004 0.042502
1005 0.026811
1006 0.040915
1007 0.027176
1008 0.034212
1009 0.053151
1010 0.030897
1011 0.023624
1012 0.024731
1013 0.028231
1014 0.034042
1015 0.032586
1016 0.047169
1017 0.166218
1018 0.048069
1019 0.09469
1020 0.021177
1021 0.034957
1022 0.070106
1023 0.097436
1024 0.116769
1025 0.097239
1026 0.054653
1027 0.064228
1028 0.079764
1029 0.055326
1030 0.061858
1031 0.100904
1032 0.12971
1033 0.106498
1034 0.110303
1035 0.068915
1036 0.112163
1037 0.108384
1038 0.068095
1039 0.072293
1040 0.142529
1041 0.132963
1042 0.232617
1043 0.100861
1044 0.092449
1045 0.088303
1046 0.136353
1047 0.088267
1048 0.095325
1049 0.254929
1050 0.090385
1051 0.105261
1052 0.122955
1053 0.097268
1054 0.050669
1055 0.050075
1056 0.047892
1057 0.024217
1058 0.033819
1059 0.050156
1060 0.057382
1061 0.069862
1062 0.051644
1063 0.052913
1064 0.063459
1065 0.051716
1066 0.059644
1067 0.075846
1068 0.096665
1069 0.032438
1070 0.058644
1071 0.075936
1072 0.045696
1073 0.049346
1074 0.040085
1075 0.046642
1076 0.05589
1077 0.012528
1078 0.017527
1079 0.04457
1080 0.036288
1081 0.037708
1082 0.037953
1083 0.040143
1084 0.028181
1085 0.065881
1086 0.055665
1087 0.107033
1088 0.03171
1089 0.038469
1090 0.029315
1091 0.033179
1092 0.056235
1093 0.035491
1094 0.034548
1095 0.041597
1096 0.050964
1097 0.035242
1098 0.026824
1099 0.040544
1100 0.02275
1101 0.068649
1102 0.049133
1103 0.040448
1104 0.054827
1105 0.037522
1106 0.050598
1107 0.026304
1108 0.032398
1109 0.029928
1110 0.032564
1111 0.044385
1112 0.038588
1113 0.047704
1114 0.048306
1115 0.081476
1116 0.076997
1117 0.070821
1118 0.02776
1119 0.045524
1120 0.116828
1121 0.088499
1122 0.11205
1123 0.108682
1124 0.089995
1125 0.076369
1126 0.171166
1127 0.135472
1128 0.09904
1129 0.079718
1130 0.138791
1131 0.083015
1132 0.067188
1133 0.077307
1134 0.123398
1135 0.103763
1136 0.083509
1137 0.07983
1138 0.134205
1139 0.155801
1140 0.172747
1141 0.092916
1142 0.111949
1143 0.104224
1144 0.161491
1145 0.112939
1146 0.102931
1147 0.102694
1148 0.052301
1149 0.11086
1150 0.085023
1151 0.096911
1152 0.066901
1153 0.074845
1154 0.051567
1155 0.042454
1156 0.032698
1157 0.059011
1158 0.0404
1159 0.04471
1160 0.045121
1161 0.037943
1162 0.049865
1163 0.051446
1164 0.072605
1165 0.082401
1166 0.079614
1167 0.057778
1168 0.02306
1169 0.027554
1170 0.025905
1171 0.046567
1172 0.062325
1173 0.034757
1174 0.082775
1175 0.022933
1176 0.037123
1177 0.021672
1178 0.040274
1179 0.037949
1180 0.04251
1181 0.038931
1182 0.031861
1183 0.070661
1184 0.030086
1185 0.038481
1186 0.036821
1187 0.023421
1188 0.024553
1189 0.049137
1190 0.047475
1191 0.049892
1192 0.063004
1193 0.053848
1194 0.031944
1195 0.048009
1196 0.088294
1197 0.033145
1198 0.038086
1199 0.081857
1200 0.053916
1201 0.065415
1202 0.077914
1203 0.060952
1204 0.054601
1205 0.052763
1206 0.07574
1207 0.043792
1208 0.035344
1209 0.02403
1210 0.027211
1211 0.057289
1212 0.042665
1213 0.057276
1214 0.056429
1215 0.10374
1216 0.05452
1217 0.09048
1218 0.099827
1219 0.092001
1220 0.080821
1221 0.088531
1222 0.097592
1223 0.105946
1224 0.116592
1225 0.139231
1226 0.099715
1227 0.074239
1228 0.108829
1229 0.106011
1230 0.071889
1231 0.082298
1232 0.045325
1233 0.065859
1234 0.048911
1235 0.059737
1236 0.050145
1237 0.090685
1238 0.08014
1239 0.078209
1240 0.074765
1241 0.092474
1242 0.062957
1243 0.108435
1244 0.090446
1245 0.062129
1246 0.106374
1247 0.081856
1248 0.068829
1249 0.070033
1250 0.057721
1251 0.033415
1252 0.032821
1253 0.035961
1254 0.05696
1255 0.036115
1256 0.044633
1257 0.047243
1258 0.05412
1259 0.070147
1260 0.055007
1261 0.037544
1262 0.052225
1263 0.113732
1264 0.041179
1265 0.078691
1266 0.050408
1267 0.025787
1268 0.040421
1269 0.068364
1270 0.062809
1271 0.075016
1272 0.049898
1273 0.039512
1274 0.027086
1275 0.031703
1276 0.05405
1277 0.067957
1278 0.047562
1279 0.099646
1280 0.083489
1281 0.081488
1282 0.094379
1283 0.104047
1284 0.052516
1285 0.053371
1286 0.034886
1287 0.023761
1288 0.033546
1289 0.053763
1290 0.057497
1291 0.04714
1292 0.052079
1293 0.083307
1294 0.044708
1295 0.082895
1296 0.066034
1297 0.065918
1298 0.088047
1299 0.105004
1300 0.068375
1301 0.061992
1302 0.053297
1303 0.046817
1304 0.041644
1305 0.045342
1306 0.059212
1307 0.026742
1308 0.026908
1309 0.054984
1310 0.078031
1311 0.051813
1312 0.058477
1313 0.086481
1314 0.052368
1315 0.070511
1316 0.055185
1317 0.107601
1318 0.213792
1319 0.114386
1320 0.061612
1321 0.045239
1322 0.131272
1323 0.07811
1324 0.096038
1325 0.065023
1326 0.072682
1327 0.067199
1328 0.08226
1329 0.101332
1330 0.057849
1331 0.059421
1332 0.058
1333 0.033303
1334 0.080517
1335 0.097515
1336 0.12806
1337 0.075143
1338 0.087519
1339 0.040403
1340 0.046964
1341 0.044895
1342 0.069082
1343 0.048755
1344 0.112345
1345 0.075888
1346 0.063073
1347 0.081915
1348 0.043765
1349 0.054756
1350 0.10469
1351 0.057061
1352 0.036198
1353 0.047161
1354 0.0362
1355 0.019862
1356 0.028795
1357 0.03107
1358 0.077985
1359 0.044994
1360 0.063006
1361 0.083461
1362 0.040374
1363 0.041014
1364 0.03464
1365 0.045405
1366 0.046734
1367 0.072849
1368 0.074619
1369 0.067656
1370 0.05854
1371 0.026947
1372 0.03427
1373 0.060001
1374 0.052144
1375 0.071028
1376 0.063496
1377 0.122899
1378 0.096592
1379 0.055386
1380 0.094554
1381 0.124557
1382 0.091882
1383 0.060513
1384 0.041395
1385 0.055998
1386 0.039373
1387 0.081526
1388 0.058805
1389 0.053203
1390 0.050909
1391 0.082355
1392 0.084197
1393 0.075408
1394 0.08871
1395 0.07028
1396 0.055604
1397 0.04357
1398 0.084009
1399 0.1107
1400 0.055381
1401 0.043918
1402 0.0489
1403 0.055098
1404 0.028917
1405 0.035724
1406 0.051466
1407 0.071567
1408 0.041605
1409 0.095853
1410 0.069964
1411 0.069
1412 0.074031
1413 0.099171
1414 0.076226
1415 0.106577
1416 0.127524
1417 0.077592
1418 0.093346
1419 0.059922
1420 0.112584
1421 0.083286
1422 0.056268
1423 0.079104
1424 0.054528
1425 0.033976
1426 0.071527
1427 0.056473
1428 0.077942
1429 0.076157
1430 0.123201
1431 0.128241
1432 0.081476
1433 0.111905
1434 0.17235
1435 0.156565
1436 0.135499
1437 0.134324
1438 0.065632
1439 0.06388
1440 0.074444
1441 0.085923
1442 0.052983
1443 0.035289
1444 0.042102
1445 0.11186
1446 0.041948
1447 0.033516
1448 0.057494
1449 0.057872
1450 0.048019
1451 0.033621
1452 0.061297
1453 0.027011
1454 0.072649
1455 0.051991
1456 0.044194
1457 0.03419
1458 0.057816
1459 0.025603
1460 0.080588
1461 0.028924
1462 0.014392
1463 0.039042
1464 0.036417
1465 0.052043
1466 0.064441
1467 0.047353
1468 0.070466
1469 0.032652
1470 0.024358
1471 0.018686
1472 0.064834
1473 0.149177
1474 0.09128
1475 0.104498
1476 0.093663
1477 0.163565
1478 0.125611
1479 0.155258
1480 0.084886
1481 0.086311
1482 0.045884
1483 0.038487
1484 0.049827
1485 0.069081
1486 0.076725
1487 0.044214
1488 0.043521
1489 0.072307
1490 0.058213
1491 0.073202
1492 0.076542
1493 0.033752
1494 0.064601
1495 0.05414
1496 0.053319
1497 0.056872
1498 0.038144
1499 0.103625
1500 0.068675
1501 0.069994
1502 0.030438
1503 0.029469
1504 0.03223
1505 0.032932
1506 0.048485
1507 0.118216
1508 0.097385
1509 0.11633
1510 0.145089
1511 0.086799
1512 0.062944
1513 0.128026
1514 0.101875
1515 0.150299
1516 0.133578
1517 0.097357
1518 0.104032
1519 0.066624
1520 0.072023
1521 0.071866
1522 0.080303
1523 0.066419
1524 0.061548
1525 0.086592
1526 0.086791
1527 0.122625
1528 0.084483
1529 0.076479
1530 0.098082
1531 0.162246
1532 0.064357
1533 0.133974
1534 0.140071
1535 0.105056
1536 0.094378
1537 0.079578
1538 0.034091
1539 0.039016
1540 0.065351
1541 0.05277
1542 0.065427
1543 0.125086
1544 0.080059
1545 0.062284
1546 0.050763
1547 0.054142
1548 0.090321
1549 0.060344
1550 0.040292
1551 0.033884
1552 0.041697
1553 0.04325
1554 0.054229
1555 0.045233
1556 0.054026
1557 0.04763
1558 0.044443
1559 0.039291
1560 0.022926
1561 0.030348
1562 0.025205
1563 0.047244
1564 0.055011
1565 0.051456
1566 0.044696
1567 0.01757
1568 0.044207
1569 0.057118
1570 0.094584
1571 0.078685
1572 0.208043
1573 0.115999
1574 0.062728
1575 0.09141
1576 0.062093
1577 0.117815
1578 0.110631
1579 0.09238
1580 0.101196
1581 0.067964
1582 0.037479
1583 0.055938
1584 0.03312
1585 0.044741
1586 0.102949
1587 0.089294
1588 0.052041
1589 0.109221
1590 0.071899
1591 0.040396
1592 0.041025
1593 0.043258
1594 0.042977
1595 0.098436
1596 0.076629
1597 0.119615
1598 0.056246
1599 0.043943
1600 0.027101
1601 0.036181
1602 0.021792
1603 0.066081
1604 0.083406
1605 0.084222
1606 0.084498
1607 0.093704
1608 0.09679
1609 0.153812
1610 0.124697
1611 0.157446
1612 0.110368
1613 0.080607
1614 0.107629
1615 0.120606
1616 0.104453
1617 0.085985
1618 0.064456
1619 0.053648
1620 0.078635
1621 0.05418
1622 0.076437
1623 0.10876
1624 0.08594
1625 0.100492
1626 0.115964
1627 0.159515
1628 0.292597
1629 0.141945
1630 0.184105
1631 0.12998
1632 0.393651
1633 0.258879
1634 0.099114
1635 0.101088
1636 0.092983
1637 0.065084
1638 0.072883
1639 0.068107
1640 0.07153
1641 0.046975
1642 0.067002
1643 0.065198
1644 0.033623
1645 0.085168
1646 0.054319
1647 0.073683
1648 0.057889
1649 0.034954
1650 0.055824
1651 0.039531
1652 0.047929
1653 0.048697
1654 0.040432
1655 0.029095
1656 0.062485
1657 0.038778
1658 0.025971
1659 0.051501
1660 0.089026
1661 0.044219
1662 0.070742
1663 0.027747
1664 0.04549
1665 0.017465
1666 0.019208
1667 0.026144
1668 0.109048
1669 0.08264
1670 0.127888
1671 0.111395
1672 0.115106
1673 0.129282
1674 0.0403
1675 0.129851
1676 0.097475
1677 0.058401
1678 0.05574
1679 0.109109
1680 0.086486
1681 0.084783
1682 0.081396
1683 0.068552
1684 0.100801
1685 0.078841
1686 0.096368
1687 0.06971
1688 0.083977
1689 0.068964
1690 0.065087
1691 0.039103
1692 0.037767
1693 0.055925
1694 0.044391
1695 0.051426
1696 0.048623
1697 0.045254
1698 0.026722
1699 0.023122
1700 0.041487
1701 0.034145
1702 0.078793
1703 0.109257
1704 0.089096
1705 0.1493
1706 0.166786
1707 0.116429
1708 0.194638
1709 0.156851
1710 0.073465
1711 0.105044
1712 0.15392
1713 0.127058
1714 0.123323
1715 0.080832
1716 0.163492
1717 0.125531
1718 0.068884
1719 0.180249
1720 0.106692
1721 0.039248
1722 0.081888
1723 0.089591
1724 0.111552
1725 0.091125
1726 0.112024
1727 0.165476
1728 0.185436
1729 0.15247
1730 0.226661
1731 0.112475
1732 0.141615
1733 0.155396
1734 0.069542
1735 0.055283
1736 0.055715
1737 0.037172
1738 0.056043
1739 0.077108
1740 0.074567
1741 0.067019
1742 0.060428
1743 0.046302
1744 0.05552
1745 0.060754
1746 0.069065
1747 0.059518
1748 0.052257
1749 0.06501
1750 0.037452
1751 0.048705
1752 0.025098
1753 0.076669
1754 0.054444
1755 0.036162
1756 0.113279
1757 0.081602
1758 0.081131
1759 0.053987
1760 0.059569
1761 0.019155
1762 0.038505
1763 0.022097
1764 0.025481
1765 0.040411
1766 0.091715
1767 0.061707
1768 0.060197
1769 0.084166
1770 0.074308
1771 0.083979
1772 0.047861
1773 0.098997
1774 0.082858
1775 0.104238
1776 0.082321
1777 0.05224
1778 0.078683
1779 0.073112
1780 0.092898
1781 0.127455
1782 0.052084
1783 0.111382
1784 0.117836
1785 0.065506
1786 0.071974
1787 0.05801
1788 0.067077
1789 0.058271
1790 0.046912
1791 0.042964
1792 0.077359
1793 0.071358
1794 0.041927
1795 0.029352
1796 0.064062
1797 0.049463
1798 0.032819
1799 0.033395
1800 0.085702
1801 0.159754
1802 0.084707
1803 0.128409
1804 0.098703
1805 0.079567
1806 0.097935
1807 0.154525
1808 0.138042
1809 0.088465
1810 0.070638
1811 0.055039
1812 0.110214
1813 0.115741
1814 0.11633
1815 0.112232
1816 0.075677
1817 0.152695
1818 0.13105
1819 0.059691
1820 0.119932
1821 0.076905
1822 0.107759
1823 0.173793
1824 0.190645
1825 0.266059
1826 0.174583
1827 0.143092
1828 0.2233
1829 0.299672
1830 0.095602
1831 0.103349
1832 0.118464
1833 0.055278
1834 0.070566
1835 0.086675
1836 0.048544
1837 0.060696
1838 0.08039
1839 0.056801
1840 0.065262
1841 0.039615
1842 0.047289
1843 0.037676
1844 0.092601
1845 0.069281
1846 0.066112
1847 0.060902
1848 0.052106
1849 0.046586
1850 0.038635
1851 0.037769
1852 0.058695
1853 0.04441
1854 0.046788
1855 0.034194
1856 0.055708
1857 0.03767
1858 0.039172
1859 0.052131
1860 0.04754
1861 0.036545
1862 0.038353
1863 0.042679
1864 0.054483
1865 0.053992
1866 0.037907
1867 0.088559
1868 0.069463
1869 0.045969
1870 0.089044
1871 0.119143
1872 0.048297
1873 0.076584
1874 0.077625
1875 0.072114
1876 0.116552
1877 0.061096
1878 0.074493
1879 0.07902
1880 0.071365
1881 0.091462
1882 0.066084
1883 0.047421
1884 0.067586
1885 0.045423
1886 0.088853
1887 0.062849
1888 0.064735
1889 0.034465
1890 0.073525
1891 0.065237
1892 0.068922
1893 0.066085
1894 0.072521
1895 0.06839
1896 0.050897
1897 0.062013
1898 0.028677
1899 0.0645
1900 0.064261
1901 0.104075
1902 0.096681
1903 0.07059
1904 0.132429
1905 0.116795
1906 0.133474
1907 0.123183
1908 0.129213
1909 0.130139
1910 0.186545
1911 0.086044
1912 0.093139
1913 0.121137
1914 0.134755
1915 0.131947
1916 0.131177
1917 0.154645
1918 0.194911
1919 0.155007
1920 0.169229
1921 0.112799
1922 0.15712
1923 0.109592
1924 0.197044
1925 0.177094
1926 0.180434
1927 0.282246
1928 0.201421
1929 0.106903
1930 0.096151
1931 0.151699
1932 0.076082
1933 0.05599
1934 0.042615
1935 0.058284
1936 0.048275
1937 0.044261
1938 0.059864
1939 0.026707
1940 0.031631
1941 0.048815
1942 0.04162
1943 0.074844
1944 0.088798
1945 0.041571
1946 0.060898
1947 0.05657
1948 0.039746
1949 0.033871
1950 0.052807
1951 0.049278
1952 0.034332
1953 0.02915
1954 0.046838
1955 0.036944
1956 0.037476
1957 0.042789
1958 0.071226
1959 0.034067
1960 0.031562
1961 0.033966
1962 0.044106
1963 0.092116
1964 0.083524
1965 0.049613
1966 0.041729
1967 0.058554
1968 0.075452
1969 0.071629
1970 0.109241
1971 0.07013
1972 0.0832
1973 0.08078
1974 0.090059
1975 0.045637
1976 0.057375
1977 0.119682
1978 0.067985
1979 0.043271
1980 0.102451
1981 0.105997
1982 0.093256
1983 0.038871
1984 0.068432
1985 0.059459
1986 0.055796
1987 0.04856
1988 0.126657
1989 0.051182
1990 0.060291
1991 0.104889
1992 0.094482
1993 0.062907
1994 0.057082
1995 0.071133
1996 0.096901
1997 0.060571
1998 0.052135
1999 0.06865
2000 0.086309
2001 0.066595
2002 0.070287
2003 0.07902
2004 0.140848
2005 0.096626
2006 0.176451
2007 0.190013
2008 0.163922
2009 0.10777
2010 0.164323
2011 0.328985
2012 0.165007
2013 0.132416
2014 0.170316
2015 0.128704
2016 0.156904
2017 0.105141
2018 0.209638
2019 0.155214
2020 0.139909
2021 0.156707
2022 0.147014
2023 0.156246
2024 0.307673
2025 0.186004
2026 0.15297
2027 0.11891
2028 0.111416
2029 0.122225
2030 0.150876
2031 0.088024
2032 0.067856
2033 0.057092
2034 0.048903
2035 0.070683
2036 0.086151
2037 0.061507
2038 0.063407
2039 0.04341
2040 0.057028
2041 0.043725
2042 0.070173
2043 0.050368
2044 0.070628
2045 0.03533
2046 0.044528
2047 0.02321
2048 0.024358
2049 0.021437
2050 0.028352
2051 0.020986
2052 0.027558
2053 0.0361
2054 0.029383
2055 0.076574
2056 0.047505
2057 0.031798
2058 0.026698
2059 0.040416
2060 0.08919
2061 0.13846
2062 0.063794
2063 0.059846
2064 0.09679
2065 0.070055
2066 0.078365
2067 0.061986
2068 0.136341
2069 0.065223
2070 0.113418
2071 0.191731
2072 0.121299
2073 0.06271
2074 0.059351
2075 0.078443
2076 0.056937
2077 0.08206
2078 0.079962
2079 0.092621
2080 0.076432
2081 0.052089
2082 0.088758
2083 0.077118
2084 0.05675
2085 0.059364
2086 0.060122
2087 0.072923
2088 0.030462
2089 0.064278
2090 0.070166
2091 0.055801
2092 0.070033
2093 0.027309
2094 0.035773
2095 0.048259
2096 0.055324
2097 0.090695
2098 0.078255
2099 0.082395
2100 0.115914
2101 0.108055
2102 0.162401
2103 0.099186
2104 0.154427
2105 0.280968
2106 0.159104
2107 0.12708
2108 0.179568
2109 0.255888
2110 0.146174
2111 0.178374
2112 0.312861
2113 0.170553
2114 0.16175
2115 0.144586
2116 0.112762
2117 0.172422
2118 0.171598
2119 0.172985
2120 0.163126
2121 0.133945
2122 0.150013
2123 0.226708
2124 0.115107
2125 0.146172
2126 0.117967
2127 0.161914
2128 0.081332
2129 0.060136
2130 0.05024
2131 0.052945
2132 0.054772
2133 0.09698
2134 0.046901
2135 0.064365
2136 0.058981
2137 0.045585
2138 0.094942
2139 0.153317
2140 0.141846
2141 0.066155
2142 0.045399
2143 0.076782
2144 0.046049
2145 0.036991
2146 0.033586
2147 0.037856
2148 0.044851
2149 0.018312
2150 0.019325
2151 0.044383
2152 0.078382
2153 0.057931
2154 0.061341
2155 0.026822
2156 0.040284
2157 0.049495
2158 0.058548
2159 0.077729
2160 0.165128
2161 0.060885
2162 0.063203
2163 0.058039
2164 0.06003
2165 0.08906
2166 0.146665
2167 0.112154
2168 0.118991
2169 0.176921
2170 0.075834
2171 0.078605
2172 0.067287
2173 0.07887
2174 0.060525
2175 0.078864
2176 0.058029
2177 0.101959
2178 0.095603
2179 0.113668
2180 0.069723
2181 0.03022
2182 0.116484
2183 0.053232
2184 0.089157
2185 0.084758
2186 0.096946
2187 0.071073
2188 0.130773
2189 0.07556
2190 0.044193
2191 0.035039
2192 0.03144
2193 0.042003
2194 0.063361
2195 0.061678
2196 0.109741
2197 0.068971
2198 0.136512
2199 0.141647
2200 0.159822
2201 0.233146
2202 0.204298
2203 0.200552
2204 0.16016
2205 0.159829
2206 0.129399
2207 0.193427
2208 0.242764
2209 0.301861
2210 0.210724
2211 0.1427
2212 0.171882
2213 0.122446
2214 0.126702
2215 0.099983
2216 0.236352
2217 0.111264
2218 0.187771
2219 0.261306
2220 0.252056
2221 0.085569
2222 0.154232
2223 0.117923
2224 0.197815
2225 0.232533
2226 0.165576
2227 0.081449
2228 0.126531
2229 0.084639
2230 0.06012
2231 0.055867
2232 0.046162
2233 0.069072
2234 0.0489
2235 0.068456
2236 0.117443
2237 0.11252
2238 0.132946
2239 0.100847
2240 0.059753
2241 0.076283
2242 0.070545
2243 0.055174
2244 0.050673
2245 0.034553
2246 0.04922
2247 0.039247
2248 0.029614
2249 0.026409
2250 0.030613
2251 0.048076
2252 0.040543
2253 0.03192
2254 0.026756
2255 0.05714
2256 0.075653
2257 0.061285
2258 0.057578
2259 0.084497
2260 0.153859
2261 0.167321
2262 0.143745
2263 0.102025
2264 0.072725
2265 0.143337
2266 0.133072
2267 0.183619
2268 0.251725
2269 0.129522
2270 0.128015
2271 0.066511
2272 0.076764
2273 0.067911
2274 0.123976
2275 0.06972
2276 0.088895
2277 0.140526
2278 0.075543
2279 0.053211
2280 0.173509
2281 0.067717
2282 0.102951
2283 0.121545
2284 0.091822
2285 0.142457
2286 0.087787
2287 0.064484
2288 0.088864
2289 0.045842
2290 0.058634
2291 0.054422
2292 0.03492
2293 0.091716
2294 0.069324
2295 0.113008
2296 0.108784
2297 0.075082
2298 0.135844
2299 0.242386
2300 0.229916
2301 0.210095
2302 0.231247
2303 0.185658
2304 0.196827
2305 0.308488
2306 0.298132
2307 0.307812
2308 0.175625
2309 0.158681
2310 0.206772
2311 0.178943
2312 0.121154
2313 0.098702
2314 0.195289
2315 0.147465
2316 0.109779
2317 0.205567
2318 0.170257
2319 0.130364
2320 0.103864
2321 0.068404
2322 0.129775
2323 0.183458
2324 0.117371
2325 0.151613
2326 0.081526
2327 0.08872
2328 0.096684
2329 0.069007
2330 0.105213
2331 0.052241
2332 0.074179
2333 0.070257
2334 0.109144
2335 0.14161
2336 0.12198
2337 0.080919
2338 0.076359
2339 0.063482
2340 0.051876
2341 0.090795
2342 0.050877
2343 0.05173
2344 0.024428
2345 0.052762
2346 0.035743
2347 0.025637
2348 0.04025
2349 0.057601
2350 0.052979
2351 0.042919
2352 0.02491
2353 0.075818
2354 0.0992
2355 0.112173
2356 0.057862
2357 0.031525
2358 0.06151
2359 0.101727
2360 0.131368
2361 0.149493
2362 0.235241
2363 0.122568
2364 0.08965
2365 0.116147
2366 0.220623
2367 0.141797
2368 0.078961
2369 0.130013
2370 0.091009
2371 0.099359
2372 0.080807
2373 0.185327
2374 0.133266
2375 0.076914
2376 0.122133
2377 0.070351
2378 0.070262
2379 0.086371
2380 0.088538
2381 0.169209
2382 0.10786
2383 0.093744
2384 0.094112
2385 0.092278
2386 0.115905
2387 0.057706
2388 0.066851
2389 0.065874
2390 0.064535
2391 0.048141
2392 0.099963
2393 0.172785
2394 0.211368
2395 0.218886
2396 0.124785
2397 0.118742
2398 0.216036
2399 0.165587
2400 0.180298
2401 0.191554
2402 0.183384
2403 0.163122
2404 0.232078
2405 0.298831
2406 0.186716
2407 0.149643
2408 0.226654
2409 0.171644
2410 0.224213
2411 0.111122
2412 0.263963
2413 0.145099
2414 0.204454
2415 0.207219
2416 0.151885
2417 0.12038
2418 0.108705
2419 0.104926
2420 0.208753
2421 0.182455
2422 0.167834
2423 0.201234
2424 0.162921
2425 0.153278
2426 0.103782
2427 0.133962
2428 0.091672
2429 0.067536
2430 0.137925
2431 0.053349
2432 0.118342
2433 0.086746
2434 0.081587
2435 0.073913
2436 0.086749
2437 0.058656
2438 0.046611
2439 0.074254
2440 0.032278
2441 0.04152
2442 0.081294
2443 0.05321
2444 0.044211
2445 0.050768
2446 0.025485
2447 0.044146
2448 0.028673
2449 0.023334
2450 0.03422
2451 0.053164
2452 0.078789
2453 0.041066
2454 0.036754
2455 0.064032
2456 0.083334
2457 0.090469
2458 0.080249
2459 0.14968
2460 0.137622
2461 0.10678
2462 0.137997
2463 0.328982
2464 0.151157
2465 0.214924
2466 0.127386
2467 0.147077
2468 0.095048
2469 0.133078
2470 0.148997
2471 0.147532
2472 0.101237
2473 0.101142
2474 0.12747
2475 0.148207
2476 0.152778
2477 0.174245
2478 0.088032
2479 0.140419
2480 0.28921
2481 0.189333
2482 0.127782
2483 0.080015
2484 0.12284
2485 0.090464
2486 0.057498
2487 0.109833
2488 0.062634
2489 0.090362
2490 0.093218
2491 0.085856
2492 0.101583
2493 0.144748
2494 0.132697
2495 0.104929
2496 0.274438
2497 0.181246
2498 0.10549
2499 0.140993
2500 0.178423
2501 0.23269
2502 0.200126
2503 0.262668
2504 0.155095
2505 0.099787
2506 0.100789
2507 0.069753
2508 0.115966
2509 0.106313
2510 0.23348
2511 0.201933
2512 0.264193
2513 0.147677
2514 0.127972
2515 0.132045
2516 0.064532
2517 0.130786
2518 0.089695
2519 0.23895
2520 0.140272
2521 0.346742
2522 0.22402
2523 0.20181
2524 0.13528
2525 0.228845
2526 0.136545
2527 0.115437
2528 0.106582
2529 0.113106
2530 0.226497
2531 0.090139
2532 0.102541
2533 0.107772
2534 0.126409
2535 0.090892
2536 0.075411
2537 0.061657
2538 0.075004
2539 0.028563
2540 0.067877
2541 0.034896
2542 0.04659
2543 0.053379
2544 0.132054
2545 0.056075
2546 0.03989
2547 0.02902
2548 0.015832
2549 0.127928
2550 0.123177
2551 0.049526
2552 0.046645
2553 0.0446
2554 0.125106
2555 0.105161
2556 0.369525
2557 0.199346
2558 0.188248
2559 0.130223
2560 0.168235
2561 0.1982
2562 0.170961
2563 0.120746
2564 0.210206
2565 0.087478
2566 0.119295
2567 0.198269
2568 0.165192
2569 0.111978
2570 0.08803
2571 0.113172
2572 0.264698
2573 0.301568
2574 0.262974
2575 0.242866
2576 0.372869
2577 0.240395
2578 0.282302
2579 0.177822
2580 0.122747
2581 0.094179
2582 0.146378
2583 0.075797
2584 0.069386
2585 0.089482
2586 0.114536
2587 0.092349
2588 0.094113
2589 0.094877
2590 0.143523
2591 0.162807
2592 0.131225
2593 0.139914
2594 0.172591
2595 0.228658
2596 0.152173
2597 0.144143
2598 0.134793
2599 0.156798
2600 0.185876
2601 0.223388
2602 0.23932
2603 0.116658
2604 0.127013
2605 0.209237
2606 0.162644
2607 0.142827
2608 0.149077
2609 0.09197
2610 0.084921
2611 0.107562
2612 0.145026
2613 0.137337
2614 0.164272
2615 0.090791
2616 0.17563
2617 0.068297
2618 0.205437
2619 0.133589
2620 0.188294
2621 0.163403
2622 0.182659
2623 0.230649
2624 0.166182
2625 0.180893
2626 0.13715
2627 0.119675
2628 0.137512
2629 0.101646
2630 0.09646
2631 0.056595
2632 0.135442
2633 0.091448
2634 0.105358
2635 0.076862
2636 0.068877
2637 0.064438
2638 0.083813
2639 0.037728
2640 0.048724
2641 0.038407
2642 0.065642
2643 0.0575
2644 0.031827
2645 0.023166
2646 0.023472
2647 0.129352
2648 0.072387
2649 0.058549
2650 0.062317
2651 0.068259
2652 0.113148
2653 0.082856
2654 0.086193
2655 0.17757
2656 0.163803
2657 0.082828
2658 0.065575
2659 0.066302
2660 0.104951
2661 0.139231
2662 0.079443
2663 0.161616
2664 0.150918
2665 0.165102
2666 0.150217
2667 0.105249
2668 0.162202
2669 0.187231
2670 0.330742
2671 0.21535
2672 0.138596
2673 0.14396
2674 0.363633
2675 0.515249
2676 0.361702
2677 0.127501
2678 0.185091
2679 0.132023
2680 0.132932
2681 0.147849
2682 0.095445
2683 0.119584
2684 0.067134
2685 0.093171
2686 0.108694
2687 0.09153
2688 0.165587
2689 0.234966
2690 0.165606
2691 0.184414
2692 0.174423
2693 0.165002
2694 0.293804
2695 0.220162
2696 0.266473
2697 0.189761
2698 0.368794
2699 0.200678
2700 0.238513
2701 0.263832
2702 0.290018
2703 0.433713
2704 0.249135
2705 0.19938
2706 0.126816
2707 0.096176
2708 0.145983
2709 0.149186
2710 0.190009
2711 0.171407
2712 0.1394
2713 0.131654
2714 0.173661
2715 0.11303
2716 0.177781
2717 0.256237
2718 0.201504
2719 0.112766
2720 0.205049
2721 0.243911
2722 0.19425
2723 0.221925
2724 0.219075
2725 0.190756
2726 0.173769
2727 0.123404
2728 0.132104
2729 0.09918
2730 0.090785
2731 0.117317
2732 0.143134
2733 0.086719
2734 0.069647
2735 0.055481
2736 0.046525
2737 0.049213
2738 0.043806
2739 0.049152
2740 0.05194
2741 0.02147
2742 0.021442
2743 0.028023
2744 0.022306
2745 0.096449
2746 0.050734
2747 0.064914
2748 0.044734
2749 0.047668
2750 0.095769
2751 0.1335
2752 0.247423
2753 0.315941
2754 0.422947
2755 0.111134
2756 0.153734
2757 0.061726
2758 0.104818
2759 0.074661
2760 0.056902
2761 0.159405
2762 0.167557
2763 0.172556
2764 0.09708
2765 0.203072
2766 0.076627
2767 0.199986
2768 0.186045
2769 0.204283
2770 0.261719
2771 0.10189
2772 0.183029
2773 0.174304
2774 0.307595
2775 0.167029
2776 0.123667
2777 0.129028
2778 0.106953
2779 0.10662
2780 0.073947
2781 0.051139
2782 0.061324
2783 0.115453
2784 0.090776
2785 0.085238
2786 0.085966
2787 0.141644
2788 0.191605
2789 0.209819
2790 0.105182
2791 0.211568
2792 0.264076
2793 0.259261
2794 0.221645
2795 0.254261
2796 0.233764
2797 0.221643
2798 0.371581
2799 0.249699
2800 0.228638
2801 0.190977
2802 0.224311
2803 0.237311
2804 0.167222
2805 0.180439
2806 0.144412
2807 0.202805
2808 0.186762
2809 0.269752
2810 0.207253
2811 0.174737
2812 0.146335
2813 0.089497
2814 0.176982
2815 0.193081
2816 0.206204
2817 0.16758
2818 0.186481
2819 0.226549
2820 0.207156
2821 0.150764
2822 0.211765
2823 0.354187
2824 0.209672
2825 0.120132
2826 0.095565
2827 0.109735
2828 0.11933
2829 0.106096
2830 0.13871
2831 0.11765
2832 0.076637
2833 0.060588
2834 0.056701
2835 0.05023
2836 0.05435
2837 0.034791
2838 0.034293
2839 0.028488
2840 0.030968
2841 0.042563
2842 0.027843
2843 0.132759
2844 0.059317
2845 0.052619
2846 0.076401
2847 0.078793
2848 0.101322
2849 0.136242
2850 0.226167
2851 0.161916
2852 0.156836
2853 0.113739
2854 0.119842
2855 0.057844
2856 0.099308
2857 0.124259
2858 0.075357
2859 0.075752
2860 0.097281
2861 0.213722
2862 0.135127
2863 0.270494
2864 0.076204
2865 0.128406
2866 0.200716
2867 0.134454
2868 0.149458
2869 0.139367
2870 0.218748
2871 0.224969
2872 0.230162
2873 0.25187
2874 0.197459
2875 0.117658
2876 0.112384
2877 0.117018
2878 0.150082
2879 0.098233
2880 0.081203
2881 0.095811
2882 0.091156
2883 0.137971
2884 0.139939
2885 0.106624
2886 0.124379
2887 0.198392
2888 0.131772
2889 0.209701
2890 0.127135
2891 0.132309
2892 0.164985
2893 0.244618
2894 0.584231
2895 0.394475
2896 0.279925
2897 0.287078
2898 0.275693
2899 0.325457
2900 0.171877
2901 0.093282
2902 0.344252
2903 0.232026
2904 0.202151
2905 0.208581
2906 0.192546
2907 0.25148
2908 0.200967
2909 0.233037
2910 0.167589
2911 0.201315
2912 0.223699
2913 0.40473
2914 0.161844
2915 0.223139
2916 0.382042
2917 0.266885
2918 0.260767
2919 0.348533
2920 0.15697
2921 0.176961
2922 0.124891
2923 0.092644
2924 0.240453
2925 0.134882
2926 0.172424
2927 0.104053
2928 0.189565
2929 0.063546
2930 0.126617
2931 0.102536
2932 0.063856
2933 0.052009
2934 0.053866
2935 0.024362
2936 0.042178
2937 0.040694
2938 0.027199
2939 0.023601
2940 0.026156
2941 0.048729
2942 0.048331
2943 0.134197
2944 0.062435
2945 0.085733
2946 0.082875
2947 0.143905
2948 0.257885
2949 0.203648
2950 0.160254
2951 0.366126
2952 0.15616
2953 0.134956
2954 0.07009
2955 0.102843
2956 0.164862
2957 0.149415
2958 0.098231
2959 0.168411
2960 0.299753
2961 0.169634
2962 0.1123
2963 0.13655
2964 0.165862
2965 0.17027
2966 0.09355
2967 0.222613
2968 0.14356
2969 0.117255
2970 0.15869
2971 0.125457
2972 0.122796
2973 0.107481
2974 0.150224
2975 0.134146
2976 0.09553
2977 0.104489
2978 0.07538
2979 0.078818
2980 0.164638
2981 0.100597
2982 0.105112
2983 0.161536
2984 0.147643
2985 0.172059
2986 0.132769
2987 0.211655
2988 0.205569
2989 0.14844
2990 0.251197
2991 0.194856
2992 0.342308
2993 0.344335
2994 0.437409
2995 0.559669
2996 0.572501
2997 0.196443
2998 0.322562
2999 0.243237
3000 0.133195
3001 0.249629
3002 0.251344
3003 0.244959
3004 0.382967
3005 0.257822
3006 0.223643
3007 0.268487
3008 0.28531
3009 0.207547
3010 0.172146
3011 0.328316
3012 0.38554
3013 0.269149
3014 0.27116
3015 0.255159
3016 0.243964
3017 0.486315
3018 0.191214
3019 0.17632
3020 0.091676
3021 0.073318
3022 0.2168
3023 0.174435
3024 0.113008
3025 0.100189
3026 0.079459
3027 0.08658
3028 0.063324
3029 0.078629
3030 0.063444
3031 0.047783
3032 0.021339
3033 0.018331
3034 0.033433
3035 0.019541
3036 0.015633
3037 0.018525
3038 0.032185
3039 0.076136
3040 0.054372
3041 0.071837
3042 0.1364
3043 0.154434
3044 0.108278
3045 0.133767
3046 0.101269
3047 0.12187
3048 0.229527
3049 0.121192
3050 0.158907
3051 0.093694
3052 0.084468
3053 0.151526
3054 0.14431
3055 0.189164
3056 0.146063
3057 0.096133
3058 0.169297
3059 0.226773
3060 0.103313
3061 0.117215
3062 0.199931
3063 0.120381
3064 0.074407
3065 0.209233
3066 0.194334
3067 0.102818
3068 0.176678
3069 0.201445
3070 0.301769
3071 0.15598
3072 0.13865
3073 0.093084
3074 0.076468
3075 0.111384
3076 0.085241
3077 0.088788
3078 0.091966
3079 0.068314
3080 0.092336
3081 0.091809
3082 0.174454
3083 0.202129
3084 0.203633
3085 0.38527
3086 0.24315
3087 0.30598
3088 0.205743
3089 0.180438
3090 0.274547
3091 0.229369
3092 0.285441
3093 0.429454
3094 0.432522
3095 0.246456
3096 0.195091
3097 0.227466
3098 0.215815
3099 0.23456
3100 0.255579
3101 0.321819
3102 0.19113
3103 0.24414
3104 0.463299
3105 0.155598
3106 0.289541
3107 0.157948
3108 0.339493
3109 0.133009
3110 0.082357
3111 0.232518
3112 0.340718
3113 0.37249
3114 0.188432
3115 0.206249
3116 0.261015
3117 0.129602
3118 0.168881
3119 0.129659
3120 0.10862
3121 0.135489
3122 0.202674
3123 0.107504
3124 0.035694
3125 0.06763
3126 0.057945
3127 0.109789
3128 0.070478
3129 0.029283
3130 0.018122
3131 0.015762
3132 0.031302
3133 0.023279
3134 0.026871
3135 0.017762
3136 0.023831
3137 0.108348
3138 0.06805
3139 0.074836
3140 0.152241
3141 0.083899
3142 0.130037
3143 0.16296
3144 0.099473
3145 0.120866
3146 0.087786
3147 0.147223
3148 0.080869
3149 0.069194
3150 0.072805
3151 0.089417
3152 0.138423
3153 0.171177
3154 0.123065
3155 0.231318
3156 0.152257
3157 0.134978
3158 0.24649
3159 0.172361
3160 0.274485
3161 0.145623
3162 0.192485
3163 0.212364
3164 0.166339
3165 0.159875
3166 0.135497
3167 0.111643
3168 0.262161
3169 0.127137
3170 0.118868
3171 0.131307
3172 0.188175
3173 0.08907
3174 0.09389
3175 0.093684
3176 0.239986
3177 0.179749
3178 0.106559
3179 0.146928
3180 0.272948
3181 0.201979
3182 0.259965
3183 0.253733
3184 0.293811
3185 0.198583
3186 0.277161
3187 0.330967
3188 0.238715
3189 0.372042
3190 0.321183
3191 0.605733
3192 0.397555
3193 0.28805
3194 0.439825
3195 0.172708
3196 0.170672
3197 0.319792
3198 0.340167
3199 0.249374
3200 0.29364
3201 0.238671
3202 0.160525
3203 0.160821
3204 0.354033
3205 0.37095
3206 0.29042
3207 0.114615
3208 0.336817
3209 0.25964
3210 0.243283
3211 0.224313
3212 0.241579
3213 0.224093
3214 0.189427
3215 0.123551
3216 0.180649
3217 0.153013
3218 0.133899
3219 0.134048
3220 0.118573
3221 0.109124
3222 0.091846
3223 0.030956
3224 0.062875
3225 0.074147
3226 0.079162
3227 0.029455
3228 0.03877
3229 0.033814
3230 0.020849
3231 0.015664
3232 0.03947
3233 0.02847
3234 0.014506
3235 0.127166
3236 0.098331
3237 0.089193
3238 0.079275
3239 0.118511
3240 0.110335
3241 0.131301
3242 0.137675
3243 0.116139
3244 0.102728
3245 0.077528
3246 0.049521
3247 0.100802
3248 0.100799
3249 0.093886
3250 0.21111
3251 0.121686
3252 0.340542
3253 0.182789
3254 0.22847
3255 0.511993
3256 0.348001
3257 0.253392
3258 0.195057
3259 0.106907
3260 0.141676
3261 0.115652
3262 0.111853
3263 0.237769
3264 0.152478
3265 0.194155
3266 0.242726
3267 0.228425
3268 0.321817
3269 0.214793
3270 0.296844
3271 0.152321
3272 0.146971
3273 0.209824
3274 0.175251
3275 0.286904
3276 0.185929
3277 0.168522
3278 0.217033
3279 0.384732
3280 0.308153
3281 0.237822
3282 0.206284
3283 0.221031
3284 0.280851
3285 0.180396
3286 0.308074
3287 0.743367
3288 0.51819
3289 0.728166
3290 0.36937
3291 0.427112
3292 0.316207
3293 0.483397
3294 0.413201
3295 0.277036
3296 0.222974
3297 0.278182
3298 0.273766
3299 0.161555
3300 0.116435
3301 0.257024
3302 0.194052
3303 0.174883
3304 0.132479
3305 0.235447
3306 0.286045
3307 0.22465
3308 0.19229
3309 0.294488
3310 0.198621
3311 0.201593
3312 0.280742
3313 0.13328
3314 0.152953
3315 0.151448
3316 0.142844
3317 0.122762
3318 0.062795
3319 0.133275
3320 0.068685
3321 0.076189
3322 0.0664
3323 0.044547
3324 0.031732
3325 0.060539
3326 0.039354
3327 0.030131
3328 0.02349
3329 0.024428
3330 0.045674
3331 0.01894
3332 0.012025
3333 0.056619
3334 0.100957
3335 0.106976
3336 0.124149
3337 0.069732
3338 0.07068
3339 0.107953
3340 0.064337
3341 0.091347
3342 0.076805
3343 0.077974
3344 0.090842
3345 0.046128
3346 0.068669
3347 0.152894
3348 0.130706
3349 0.100953
3350 0.157657
3351 0.25374
3352 0.267434
3353 0.557065
3354 0.311262
3355 0.345437
3356 0.229831
3357 0.174135
3358 0.151693
3359 0.15208
3360 0.197482
3361 0.153785
3362 0.156326
3363 0.264877
3364 0.252592
3365 0.249731
3366 0.278942
3367 0.248266
3368 0.185649
3369 0.159541
3370 0.112452
3371 0.253822
3372 0.252694
3373 0.212096
3374 0.23216
3375 0.392155
3376 0.278987
3377 0.241906
3378 0.194951
3379 0.221087
3380 0.108277
3381 0.28802
3382 0.237813
3383 0.321673
3384 0.546499
3385 0.242812
3386 0.612684
3387 0.706516
3388 0.482486
3389 0.401753
3390 0.576481
3391 0.652892
3392 0.716442
3393 0.497278
3394 0.247538
3395 0.281883
3396 0.29259
3397 0.210546
3398 0.176661
3399 0.190505
3400 0.441292
3401 0.279485
3402 0.199024
3403 0.331983
3404 0.218721
3405 0.222616
3406 0.213936
3407 0.242421
3408 0.110421
3409 0.138722
3410 0.214027
3411 0.096614
3412 0.100061
3413 0.142355
3414 0.073248
3415 0.146816
3416 0.085584
3417 0.052871
3418 0.062672
3419 0.083085
3420 0.085442
3421 0.088943
3422 0.04634
3423 0.066482
3424 0.020296
3425 0.052594
3426 0.029632
3427 0.020267
3428 0.019082
3429 0.010854
3430 0.009503
3431 0.134269
3432 0.137007
3433 0.072558
3434 0.10947
3435 0.112325
3436 0.123346
3437 0.076852
3438 0.050148
3439 0.070782
3440 0.074446
3441 0.059532
3442 0.077899
3443 0.080649
3444 0.070955
3445 0.086472
3446 0.065393
3447 0.150922
3448 0.135391
3449 0.183732
3450 0.384112
3451 0.413364
3452 0.448361
3453 0.394642
3454 0.18914
3455 0.209784
3456 0.11739
3457 0.417109
3458 0.138878
3459 0.162421
3460 0.116868
3461 0.307743
3462 0.213594
3463 0.243022
3464 0.278444
3465 0.258281
3466 0.19165
3467 0.239894
3468 0.27353
3469 0.271884
3470 0.222684
3471 0.182924
3472 0.374705
3473 0.519388
3474 0.469759
3475 0.274586
3476 0.232559
3477 0.179901
3478 0.37113
3479 0.200099
3480 0.358159
3481 0.420612
3482 0.431821
3483 0.327099
3484 0.507713
3485 0.592552
3486 0.5812
3487 0.478261
3488 0.73606
3489 0.46414
3490 0.299759
3491 0.376989
3492 0.260403
3493 0.223028
3494 0.786224
3495 0.614154
3496 0.374485
3497 0.282172
3498 0.20452
3499 0.141501
3500 0.179882
3501 0.370804
3502 0.252878
3503 0.461323
3504 0.2989
3505 0.276424
3506 0.198765
3507 0.115764
3508 0.087872
3509 0.059532
3510 0.104204
3511 0.174086
3512 0.169231
3513 0.089401
3514 0.06006
3515 0.040848
3516 0.10077
3517 0.058238
3518 0.058255
3519 0.105095
3520 0.055198
3521 0.068429
3522 0.027127
3523 0.026199
3524 0.053532
3525 0.019486
3526 0.018176
3527 0.023172
3528 0.009547
3529 0.102342
3530 0.20437
3531 0.091619
3532 0.078264
3533 0.139908
3534 0.120199
3535 0.067117
3536 0.103992
3537 0.13127
3538 0.050387
3539 0.057394
3540 0.071546
3541 0.078995
3542 0.078855
3543 0.070927
3544 0.086232
3545 0.176011
3546 0.234594
3547 0.158153
3548 0.263603
3549 0.461753
3550 0.313186
3551 0.329787
3552 0.37214
3553 0.192384
3554 0.298398
3555 0.32438
3556 0.196514
3557 0.311405
3558 0.2419
3559 0.208409
3560 0.286249
3561 0.348682
3562 0.347481
3563 0.220792
3564 0.172553
3565 0.26578
3566 0.209669
3567 0.300736
3568 0.28358
3569 0.185091
3570 0.67217
3571 0.684711
3572 0.419332
3573 0.575386
3574 0.222564
3575 0.179903
3576 0.332556
3577 0.273912
3578 0.275399
3579 0.316161
3580 0.283898
3581 0.444473
3582 0.601396
3583 0.810081
3584 0.704813
3585 0.243697
3586 0.436176
3587 0.555726
3588 0.228918
3589 0.506132
3590 0.31985
3591 0.301497
3592 0.376917
3593 0.615532
3594 0.289572
3595 0.305922
3596 0.303519
3597 0.30153
3598 0.15442
3599 0.277434
3600 0.215659
3601 0.431263
3602 0.186461
3603 0.318275
3604 0.158908
3605 0.112038
3606 0.101735
3607 0.080514
3608 0.074245
3609 0.083269
3610 0.080664
3611 0.089078
3612 0.069242
3613 0.053978
3614 0.164394
3615 0.128336
3616 0.080089
3617 0.052748
3618 0.045815
3619 0.061472
3620 0.031761
3621 0.02271
3622 0.027092
3623 0.045259
3624 0.033447
3625 0.020886
3626 0.014839
3627 0.06556
3628 0.104106
3629 0.152832
3630 0.090257
3631 0.154913
3632 0.063864
3633 0.040925
3634 0.039979
3635 0.070252
3636 0.092839
3637 0.069848
3638 0.072325
3639 0.064063
3640 0.081395
3641 0.046481
3642 0.138878
3643 0.13396
3644 0.095368
3645 0.454054
3646 0.359202
3647 0.407878
3648 0.274254
3649 0.358891
3650 0.599755
3651 0.868565
3652 0.318707
3653 0.245037
3654 0.171807
3655 0.291788
3656 0.537508
3657 0.386246
3658 0.273223
3659 0.381764
3660 0.260223
3661 0.360394
3662 0.297709
3663 0.407216
3664 0.255373
3665 0.296179
3666 0.398612
3667 0.595434
3668 0.416822
3669 0.805364
3670 0.723405
3671 0.568034
3672 0.503905
3673 0.189167
3674 0.232298
3675 0.329106
3676 0.269273
3677 0.334327
3678 0.468371
3679 0.465809
3680 0.341752
3681 0.758732
3682 0.46471
3683 0.477782
3684 0.417347
3685 0.381495
3686 0.596396
3687 0.308468
3688 0.516162
3689 0.423049
3690 0.271545
3691 0.277423
3692 0.261877
3693 0.307753
3694 0.202843
3695 0.227619
3696 0.232165
3697 0.136239
3698 0.224451
3699 0.179381
3700 0.292216
3701 0.29151
3702 0.197471
3703 0.187261
3704 0.20299
3705 0.082469
3706 0.074359
3707 0.055262
3708 0.100177
3709 0.082589
3710 0.097689
3711 0.097393
3712 0.084646
3713 0.06145
3714 0.062668
3715 0.074497
3716 0.074105
3717 0.023186
3718 0.031943
3719 0.020085
3720 0.034335
3721 0.047338
3722 0.022559
3723 0.037244
3724 0.040642
3725 0.084263
3726 0.105938
3727 0.13073
3728 0.213331
3729 0.16077
3730 0.076103
3731 0.083354
3732 0.100164
3733 0.10325
3734 0.092015
3735 0.061853
3736 0.063383
3737 0.135359
3738 0.053172
3739 0.072117
3740 0.146655
3741 0.153405
3742 0.196728
3743 0.229117
3744 0.155266
3745 0.283469
3746 0.592975
3747 0.242719
3748 0.442345
3749 0.60459
3750 0.837991
3751 0.35137
3752 0.395549
3753 0.306858
3754 0.601313
3755 0.593768
3756 0.405637
3757 0.436113
3758 0.806064
3759 0.310001
3760 0.30626
3761 0.528451
3762 0.199294
3763 0.264547
3764 0.337504
3765 0.461206
3766 0.448587
3767 0.455053
3768 0.315257
3769 0.214422
3770 0.254793
3771 0.196232
3772 0.245759
3773 0.527965
3774 0.193188
3775 0.507103
3776 0.35888
3777 0.363608
3778 0.327151
3779 0.778724
3780 0.385402
3781 0.384799
3782 0.277554
3783 0.442727
3784 0.295007
3785 0.624595
3786 0.489108
3787 1.18413
3788 0.512971
3789 0.466661
3790 0.619655
3791 0.914601
3792 0.231581
3793 0.21864
3794 0.173947
3795 0.130833
3796 0.15604
3797 0.23334
3798 0.156005
3799 0.327983
3800 0.127938
3801 0.155523
3802 0.10988
3803 0.062136
3804 0.12401
3805 0.055222
3806 0.075567
3807 0.078276
3808 0.119172
3809 0.086374
3810 0.111109
3811 0.108523
3812 0.108581
3813 0.064842
3814 0.043717
3815 0.029752
3816 0.017473
3817 0.02242
3818 0.045583
3819 0.059746
3820 0.081883
3821 0.039095
3822 0.033389
3823 0.034735
3824 0.063827
3825 0.15875
3826 0.201972
3827 0.117802
3828 0.112924
3829 0.19276
3830 0.100085
3831 0.207243
3832 0.136942
3833 0.131493
3834 0.052057
3835 0.039128
3836 0.050834
3837 0.07538
3838 0.099623
3839 0.194907
3840 0.078415
3841 0.108143
3842 0.259474
3843 0.25345
3844 0.337246
3845 0.256774
3846 0.476654
3847 0.567812
3848 0.606509
3849 0.450617
3850 0.238786
3851 0.339167
3852 0.28041
3853 0.48924
3854 0.369198
3855 0.715099
3856 0.525443
3857 0.479232
3858 0.312462
3859 0.234757
3860 0.398148
3861 0.238142
3862 0.281794
3863 0.260516
3864 0.502832
3865 0.483846
3866 0.419373
3867 0.207251
3868 0.241973
3869 0.385354
3870 0.346207
3871 0.380748
3872 0.218971
3873 0.29752
3874 0.421195
3875 0.326537
3876 0.351068
3877 0.411211
3878 0.540769
3879 0.464198
3880 0.391724
3881 0.366409
3882 0.271656
3883 0.487004
3884 0.629802
3885 0.381278
3886 0.655653
3887 0.664595
3888 0.4897
3889 0.87492
3890 0.300813
3891 0.339887
3892 0.219353
3893 0.217244
3894 0.316571
3895 0.211987
3896 0.190918
3897 0.326254
3898 0.209421
3899 0.120725
3900 0.171764
3901 0.178899
3902 0.093033
3903 0.13711
3904 0.15324
3905 0.154126
3906 0.118495
3907 0.099482
3908 0.067563
3909 0.146217
3910 0.194536
3911 0.078006
3912 0.073354
3913 0.067595
3914 0.052771
3915 0.044195
3916 0.079176
3917 0.032683
3918 0.076549
3919 0.032289
3920 0.038393
3921 0.057894
3922 0.117572
3923 0.120829
3924 0.13105
3925 0.120435
3926 0.147161
3927 0.091168
3928 0.188234
3929 0.165659
3930 0.131644
3931 0.121515
3932 0.078281
3933 0.048807
3934 0.045136
3935 0.055468
3936 0.104575
3937 0.21543
3938 0.198042
3939 0.174999
3940 0.230125
3941 0.456729
3942 0.430187
3943 0.728378
3944 0.625922
3945 0.418547
3946 0.234865
3947 0.315082
3948 0.127346
3949 0.100929
3950 0.20917
3951 0.280457
3952 0.334086
3953 0.543936
3954 0.606015
3955 0.581238
3956 0.690008
3957 0.401115
3958 0.530959
3959 0.467208
3960 0.280932
3961 0.356938
3962 0.610341
3963 0.308265
3964 0.297891
3965 0.202877
3966 0.19697
3967 0.446792
3968 0.279817
3969 0.242107
3970 0.193953
3971 0.208261
3972 0.115536
3973 0.252363
3974 0.362861
3975 0.292084
3976 0.38746
3977 0.333997
3978 0.562175
3979 0.458436
3980 0.479293
3981 0.540006
3982 0.456849
3983 0.668492
3984 0.651568
3985 0.598125
3986 0.601554
3987 0.549755
3988 0.572987
3989 0.346739
3990 0.412364
3991 0.396911
3992 0.519746
3993 0.39155
3994 0.242668
3995 0.262384
3996 0.127048
3997 0.213002
3998 0.165306
3999 0.138031
4000 0.126205
4001 0.338867
4002 0.149682
4003 0.206568
4004 0.117678
4005 0.16825
4006 0.159151
4007 0.112926
4008 0.073729
4009 0.051669
4010 0.073678
4011 0.056259
4012 0.08896
4013 0.059423
4014 0.072694
4015 0.054793
4016 0.080249
4017 0.070144
4018 0.045758
4019 0.075648
4020 0.116658
4021 0.121996
4022 0.135026
4023 0.26888
4024 0.142022
4025 0.133333
4026 0.107916
4027 0.152965
4028 0.130066
4029 0.106913
4030 0.059082
4031 0.06852
4032 0.039411
4033 0.102679
4034 0.142001
4035 0.203364
4036 0.10183
4037 0.200137
4038 0.29548
4039 0.266998
4040 0.395285
4041 0.43863
4042 0.323034
4043 0.333892
4044 0.248385
4045 0.404221
4046 0.169042
4047 0.206423
4048 0.189396
4049 0.304113
4050 0.250211
4051 0.44442
4052 0.829009
4053 0.733018
4054 0.712821
4055 0.539989
4056 0.415838
4057 0.527381
4058 0.474734
4059 0.340403
4060 0.322503
4061 0.27276
4062 0.149555
4063 0.240246
4064 0.281879
4065 0.415813
4066 0.225954
4067 0.214351
4068 0.18159
4069 0.364429
4070 0.245733
4071 0.219346
4072 0.208092
4073 0.257626
4074 0.236334
4075 0.363712
4076 0.286602
4077 0.466087
4078 0.447166
4079 0.433251
4080 0.561167
4081 0.41492
4082 0.626641
4083 0.29334
4084 0.610731
4085 0.356037
4086 0.676052
4087 0.613586
4088 0.377525
4089 0.290829
4090 0.471394
4091 0.390121
4092 0.461831
4093 0.353555
4094 0.192784
4095 0.099037
4096 0.183615
4097 0.160409
4098 0.169301
4099 0.125777
4100 0.093211
4101 0.127139
4102 0.153423
4103 0.155142
4104 0.148873
4105 0.248791
4106 0.08662
4107 0.080923
4108 0.102032
4109 0.035473
4110 0.030719
4111 0.039257
4112 0.060793
4113 0.055117
4114 0.085286
4115 0.055224
4116 0.070115
4117 0.110146
4118 0.064346
4119 0.07685
4120 0.150458
4121 0.161264
4122 0.11885
4123 0.077996
4124 0.158068
4125 0.145415
4126 0.064926
4127 0.101623
4128 0.076783
4129 0.090332
4130 0.040973
4131 0.108602
4132 0.102476
4133 0.189071
4134 0.143924
4135 0.383319
4136 0.452935
4137 0.201268
4138 0.636652
4139 0.426259
4140 0.495204
4141 0.366555
4142 0.393856
4143 0.271056
4144 0.260269
4145 0.253905
4146 0.240154
4147 0.223886
4148 0.274094
4149 0.499383
4150 1.255781
4151 1.361368
4152 0.910263
4153 0.808402
4154 0.75084
4155 0.719043
4156 0.471495
4157 0.437857
4158 0.320851
4159 0.256645
4160 0.321875
4161 0.163013
4162 0.226402
4163 0.239116
4164 0.496505
4165 0.504782
4166 0.281479
4167 0.20705
4168 0.278577
4169 0.367281
4170 0.290224
4171 0.240651
4172 0.522772
4173 0.322532
4174 0.416599
4175 0.292264
4176 0.348745
4177 0.479543
4178 0.39228
4179 0.451407
4180 0.337618
4181 0.352689
4182 0.263871
4183 0.556816
4184 1.030191
4185 0.477048
4186 0.389529
4187 0.526527
4188 0.321055
4189 0.475289
4190 0.299926
4191 0.314241
4192 0.207296
4193 0.093242
4194 0.237935
4195 0.157863
4196 0.17874
4197 0.10047
4198 0.109868
4199 0.260506
4200 0.230237
4201 0.217762
4202 0.158927
4203 0.212573
4204 0.167296
4205 0.109323
4206 0.089461
4207 0.079087
4208 0.164347
4209 0.049756
4210 0.054964
4211 0.073338
4212 0.072251
4213 0.044856
4214 0.05852
4215 0.049712
4216 0.06773
4217 0.099599
4218 0.130911
4219 0.143547
4220 0.135591
4221 0.112477
4222 0.152205
4223 0.113715
4224 0.160978
4225 0.100978
4226 0.07147
4227 0.071402
4228 0.071197
4229 0.149568
4230 0.138018
4231 0.12967
4232 0.319044
4233 0.183988
4234 0.247311
4235 0.337864
4236 0.282286
4237 0.227766
4238 0.517617
4239 0.242949
4240 0.396851
4241 0.215334
4242 0.460641
4243 0.268314
4244 0.179957
4245 0.218674
4246 0.262918
4247 0.257587
4248 0.453882
4249 0.27801
4250 0.707958
4251 0.687688
4252 0.405549
4253 1.148426
4254 0.7851
4255 0.528514
4256 0.383523
4257 0.220474
4258 0.342902
4259 0.303023
4260 0.40508
4261 0.410622
4262 0.338741
4263 0.56402
4264 0.233891
4265 0.309872
4266 0.316849
4267 0.361787
4268 0.186156
4269 0.371187
4270 0.584094
4271 0.264185
4272 0.757752
4273 0.491603
4274 0.377339
4275 0.423977
4276 0.302263
4277 0.515318
4278 0.242083
4279 0.368121
4280 0.355911
4281 0.429126
4282 0.613109
4283 0.638749
4284 0.3323
4285 0.760681
4286 0.283333
4287 0.265343
4288 0.268905
4289 0.304209
4290 0.136734
4291 0.191627
4292 0.192568
4293 0.215964
4294 0.154267
4295 0.083151
4296 0.047506
4297 0.147263
4298 0.120249
4299 0.186572
4300 0.282233
4301 0.199318
4302 0.099643
4303 0.158222
4304 0.090278
4305 0.085141
4306 0.078109
4307 0.071493
4308 0.061379
4309 0.058184
4310 0.104197
4311 0.104586
4312 0.082992
4313 0.053176
4314 0.185942
4315 0.097936
4316 0.054529
4317 0.159625
4318 0.070821
4319 0.114905
4320 0.089984
4321 0.112764
4322 0.112158
4323 0.107209
4324 0.08833
4325 0.084537
4326 0.109037
4327 0.130164
4328 0.148766
4329 0.047093
4330 0.143995
4331 0.232348
4332 0.434533
4333 0.269662
4334 0.543079
4335 0.500069
4336 0.471801
4337 0.392787
4338 0.53023
4339 0.380769
4340 0.411041
4341 0.23869
4342 0.17633
4343 0.335798
4344 0.219643
4345 0.391309
4346 0.61532
4347 0.502647
4348 0.614368
4349 0.368259
4350 0.446822
4351 0.662831
4352 0.596263
4353 0.482309
4354 0.39012
4355 0.405236
4356 0.253141
4357 0.412425
4358 0.429215
4359 0.282354
4360 0.391262
4361 0.350086
4362 0.348415
4363 0.297957
4364 0.490364
4365 0.410385
4366 0.620667
4367 0.438934
4368 0.378122
4369 0.533885
4370 0.709286
4371 0.380125
4372 0.429754
4373 0.497443
4374 0.486774
4375 0.308002
4376 0.154985
4377 0.259631
4378 0.398972
4379 0.69022
4380 0.743129
4381 0.5536
4382 0.788536
4383 0.515075
4384 0.903531
4385 0.309515
4386 0.347215
4387 0.32435
4388 0.25278
4389 0.179095
4390 0.25544
4391 0.149492
4392 0.140506
4393 0.075652
4394 0.117376
4395 0.110964
4396 0.090123
4397 0.152454
4398 0.244992
4399 0.139908
4400 0.115569
4401 0.136431
4402 0.142824
4403 0.10281
4404 0.136609
4405 0.110862
4406 0.042359
4407 0.059353
4408 0.05842
4409 0.090208
4410 0.046507
4411 0.127646
4412 0.154272
4413 0.113419
4414 0.132142
4415 0.093053
4416 0.139301
4417 0.120078
4418 0.093374
4419 0.056107
4420 0.132844
4421 0.077644
4422 0.105588
4423 0.091495
4424 0.112923
4425 0.050145
4426 0.10906
4427 0.083225
4428 0.221476
4429 0.279295
4430 0.339133
4431 0.562428
4432 0.426201
4433 0.46787
4434 0.747794
4435 0.6118
4436 0.744081
4437 0.658316
4438 0.373637
4439 0.292527
4440 0.38622
4441 0.332286
4442 0.247464
4443 0.451952
4444 0.572871
4445 0.435485
4446 0.710296
4447 0.448494
4448 0.506363
4449 0.595745
4450 0.654518
4451 0.621258
4452 0.430001
4453 0.498436
4454 0.419361
4455 0.498775
4456 0.479425
4457 0.652651
4458 0.504372
4459 0.345399
4460 0.561598
4461 0.443291
4462 0.675093
4463 0.57455
4464 0.897498
4465 0.537296
4466 0.493543
4467 0.536045
4468 0.474481
4469 0.532784
4470 0.485361
4471 0.52017
4472 0.366411
4473 0.43272
4474 0.255438
4475 0.404586
4476 0.609484
4477 0.655461
4478 0.738975
4479 0.716432
4480 0.794717
4481 0.715297
4482 0.446303
4483 0.536316
4484 0.876676
4485 0.356039
4486 0.239085
4487 0.211121
4488 0.18851
4489 0.190352
4490 0.213103
4491 0.116335
4492 0.143527
4493 0.139143
4494 0.109369
4495 0.15845
4496 0.155657
4497 0.095721
4498 0.097562
4499 0.137579
4500 0.160648
4501 0.081468
4502 0.076783
4503 0.069219
4504 0.080534
4505 0.063527
4506 0.048101
4507 0.04793
4508 0.046279
4509 0.062086
4510 0.161495
4511 0.164749
4512 0.102964
4513 0.13579
4514 0.17295
4515 0.098209
4516 0.218071
4517 0.089416
4518 0.154163
4519 0.068793
4520 0.102068
4521 0.107703
4522 0.154243
4523 0.062403
4524 0.047559
4525 0.151361
4526 0.273843
4527 0.148864
4528 0.161539
4529 0.234909
4530 0.244303
4531 0.433619
4532 0.849323
4533 0.484966
4534 0.713791
4535 0.385655
4536 0.392558
4537 0.323426
4538 0.332719
4539 0.254348
4540 0.392178
4541 0.287033
4542 0.511625
4543 0.194891
4544 0.50694
4545 0.520905
4546 0.44878
4547 1.046122
4548 0.624641
4549 0.496639
4550 0.573903
4551 0.404026
4552 0.56321
4553 0.534951
4554 0.597077
4555 0.496293
4556 0.715981
4557 0.396739
4558 0.499328
4559 0.701091
4560 0.784563
4561 1.634349
4562 0.960701
4563 0.520187
4564 0.331876
4565 1.113324
4566 0.735892
4567 0.400511
4568 0.396529
4569 1.250879
4570 0.51162
4571 0.308082
4572 0.433672
4573 0.535006
4574 0.543461
4575 0.869656
4576 0.951301
4577 0.803697
4578 0.625292
4579 0.697685
4580 0.687449
4581 0.490316
4582 0.563982
4583 0.375118
4584 0.357398
4585 0.259719
4586 0.246878
4587 0.250234
4588 0.237364
4589 0.117472
4590 0.094529
4591 0.140623
4592 0.088129
4593 0.219448
4594 0.126895
4595 0.060762
4596 0.068934
4597 0.144902
4598 0.100645
4599 0.115154
4600 0.082418
4601 0.12949
4602 0.092528
4603 0.099623
4604 0.082501
4605 0.052531
4606 0.031074
4607 0.070968
4608 0.089479
4609 0.085323
4610 0.15558
4611 0.182654
4612 0.191308
4613 0.158023
4614 0.100626
4615 0.10095
4616 0.101069
4617 0.126082
4618 0.165273
4619 0.199093
4620 0.094886
4621 0.12829
4622 0.129389
4623 0.124999
4624 0.152703
4625 0.220221
4626 0.320136
4627 0.275034
4628 0.393242
4629 0.35387
4630 0.697856
4631 0.682823
4632 0.616397
4633 0.483994
4634 0.489016
4635 0.762123
4636 0.413328
4637 0.225578
4638 0.223767
4639 0.180856
4640 0.295822
4641 0.248037
4642 0.529142
4643 0.570476
4644 0.553947
4645 0.607251
4646 0.736392
4647 0.587283
4648 0.449688
4649 0.951991
4650 0.656696
4651 0.548745
4652 0.8551
4653 1.081634
4654 0.546817
4655 0.580398
4656 0.644109
4657 1.019349
4658 0.577121
4659 1.574037
4660 0.83462
4661 0.970002
4662 1.296427
4663 0.916946
4664 0.859955
4665 0.526837
4666 0.748001
4667 0.531878
4668 0.31046
4669 0.469421
4670 0.292822
4671 0.664599
4672 0.437862
4673 0.373178
4674 0.482636
4675 0.784645
4676 0.528728
4677 0.566934
4678 0.648125
4679 0.306665
4680 0.382786
4681 0.260095
4682 0.334523
4683 0.298053
4684 0.100283
4685 0.248588
4686 0.169753
4687 0.198827
4688 0.1012
4689 0.09614
4690 0.151001
4691 0.113356
4692 0.088432
4693 0.072098
4694 0.104228
4695 0.107888
4696 0.073379
4697 0.093201
4698 0.089557
4699 0.085755
4700 0.065084
4701 0.097364
4702 0.101137
4703 0.042585
4704 0.061217
4705 0.185005
4706 0.083258
4707 0.180063
4708 0.178626
4709 0.123136
4710 0.209358
4711 0.10218
4712 0.150182
4713 0.075429
4714 0.07271
4715 0.113591
4716 0.120554
4717 0.100214
4718 0.131456
4719 0.160419
4720 0.135362
4721 0.250638
4722 0.130589
4723 0.148345
4724 0.227858
4725 0.212662
4726 0.164293
4727 0.467454
4728 0.428727
4729 0.479733
4730 0.419623
4731 0.329225
4732 0.599831
4733 0.459241
4734 0.618573
4735 0.42966
4736 0.168127
4737 0.111191
4738 0.280945
4739 0.522091
4740 0.444599
4741 0.582896
4742 0.630545
4743 0.848883
4744 0.555162
4745 0.840535
4746 0.652005
4747 0.825136
4748 1.018753
4749 0.80432
4750 0.29741
4751 1.03969
4752 0.619936
4753 0.651082
4754 0.576038
4755 1.053602
4756 1.529971
4757 1.625873
4758 0.700088
4759 1.764861
4760 0.940575
4761 1.094647
4762 0.48069
4763 0.518078
4764 0.401497
4765 0.363703
4766 0.334978
4767 0.229709
4768 0.627385
4769 0.693416
4770 0.673606
4771 0.492218
4772 0.336228
4773 1.195393
4774 0.562937
4775 0.595435
4776 0.352916
4777 0.322548
4778 0.340765
4779 0.555295
4780 0.215541
4781 0.323552
4782 0.125776
4783 0.216546
4784 0.187167
4785 0.280717
4786 0.074686
4787 0.163506
4788 0.337975
4789 0.149119
4790 0.095657
4791 0.124149
4792 0.134385
4793 0.087146
4794 0.062932
4795 0.079802
4796 0.111071
4797 0.073156
4798 0.062262
4799 0.096475
4800 0.104866
4801 0.073523
4802 0.04796
4803 0.160627
4804 0.14223
4805 0.122492
4806 0.156831
4807 0.10838
4808 0.125186
4809 0.071819
4810 0.107076
4811 0.108718
4812 0.14805
4813 0.137424
4814 0.153941
4815 0.100959
4816 0.108801
4817 0.262704
4818 0.156989
4819 0.2185
4820 0.175343
4821 0.189487
4822 0.208411
4823 0.187016
4824 0.128002
4825 0.202169
4826 0.198637
4827 0.412028
4828 0.548218
4829 0.541376
4830 0.433812
4831 0.793195
4832 0.495878
4833 0.462855
4834 0.525924
4835 0.260273
4836 0.350166
4837 0.579708
4838 0.547957
4839 1.066686
4840 1.015089
4841 0.878632
4842 0.432845
4843 0.342349
4844 0.514414
4845 0.53831
4846 0.73398
4847 0.683494
4848 0.756175
4849 0.43287
4850 0.565724
4851 0.907247
4852 0.811552
4853 0.568421
4854 0.974171
4855 1.067844
4856 1.627446
4857 1.778576
4858 2.036316
4859 2.496424
4860 1.008216
4861 0.82692
4862 0.307125
4863 0.424475
4864 0.480545
4865 0.670556
4866 0.548032
4867 0.984485
4868 0.334932
4869 0.416394
4870 0.302917
4871 0.302369
4872 0.60602
4873 0.243296
4874 0.315476
4875 0.543178
4876 0.321014
4877 0.441451
4878 0.289445
4879 0.267779
4880 0.440484
4881 0.244906
4882 0.469206
4883 0.173229
4884 0.111708
4885 0.272357
4886 0.084084
4887 0.143074
4888 0.110877
4889 0.233883
4890 0.072537
4891 0.057388
4892 0.053524
4893 0.033696
4894 0.074136
4895 0.05411
4896 0.055871
4897 0.077204
4898 0.142093
4899 0.094797
4900 0.05731
4901 0.204005
4902 0.088039
4903 0.167724
4904 0.075584
4905 0.164619
4906 0.074836
4907 0.128362
4908 0.097697
4909 0.200674
4910 0.067153
4911 0.082468
4912 0.153058
4913 0.104403
4914 0.165732
4915 0.162788
4916 0.123814
4917 0.244402
4918 0.232142
4919 0.38086
4920 0.233796
4921 0.194088
4922 0.196359
4923 0.227622
4924 0.415804
4925 0.452749
4926 0.256058
4927 0.491656
4928 0.573176
4929 0.527549
4930 0.515645
4931 0.288339
4932 0.342472
4933 0.565116
4934 0.275989
4935 0.499468
4936 0.331652
4937 1.209957
4938 0.80521
4939 0.934233
4940 0.729537
4941 0.374306
4942 1.021285
4943 0.663906
4944 0.866023
4945 0.604994
4946 0.582169
4947 0.695643
4948 0.485474
4949 0.778193
4950 1.578443
4951 1.205513
4952 1.373098
4953 1.865962
4954 1.500334
4955 2.005884
4956 0.850392
4957 1.245045
4958 0.675387
4959 0.649372
4960 0.366237
4961 0.381567
4962 0.363035
4963 0.955568
4964 0.958596
4965 0.687123
4966 0.453095
4967 0.348561
4968 0.563848
4969 0.522398
4970 0.502384
4971 0.655625
4972 0.289646
4973 0.415333
4974 0.554933
4975 0.399838
4976 0.378114
4977 0.332016
4978 0.367514
4979 0.125689
4980 0.198904
4981 0.133008
4982 0.153963
4983 0.128738
4984 0.123143
4985 0.162571
4986 0.113803
4987 0.096629
4988 0.071516
4989 0.10582
4990 0.116683
4991 0.037177
4992 0.106825
4993 0.060007
4994 0.036612
4995 0.059886
4996 0.061484
4997 0.129053
4998 0.104641
4999 0.188202
5000 0.179867
5001 0.078164
5002 0.106031
5003 0.071932
5004 0.079514
5005 0.09967
5006 0.079487
5007 0.120241
5008 0.06542
5009 0.175419
5010 0.11792
5011 0.11994
5012 0.096287
5013 0.169209
5014 0.11277
5015 0.127885
5016 0.192106
5017 0.544796
5018 0.254979
5019 0.168162
5020 0.300841
5021 0.275214
5022 0.305535
5023 0.398017
5024 0.309835
5025 0.872403
5026 0.586835
5027 0.863782
5028 0.538772
5029 0.474826
5030 0.286836
5031 0.691932
5032 0.36363
5033 0.398381
5034 0.861988
5035 0.691353
5036 0.63315
5037 0.897318
5038 1.037373
5039 1.226564
5040 0.729206
5041 1.013801
5042 0.731238
5043 0.839704
5044 0.723274
5045 0.557726
5046 1.143778
5047 1.080791
5048 0.788971
5049 0.899807
5050 1.272623
5051 1.68219
5052 0.899273
5053 1.22215
5054 1.049138
5055 0.730266
5056 0.650505
5057 0.553177
5058 0.578674
5059 0.711948
5060 0.657872
5061 0.714242
5062 0.843991
5063 0.502436
5064 0.609732
5065 0.917778
5066 0.532536
5067 0.423608
5068 0.269224
5069 0.331198
5070 0.332614
5071 0.259191
5072 0.300618
5073 0.3378
5074 0.584898
5075 0.387518
5076 0.386753
5077 0.196453
5078 0.325269
5079 0.174992
5080 0.121886
5081 0.106884
5082 0.117575
5083 0.149728
5084 0.194232
5085 0.133709
5086 0.11536
5087 0.108596
5088 0.047487
5089 0.052638
5090 0.069541
5091 0.03667
5092 0.072991
5093 0.095422
5094 0.07115
5095 0.055811
5096 0.065034
5097 0.103261
5098 0.081573
5099 0.095027
5100 0.098531
5101 0.201417
5102 0.109473
5103 0.146373
5104 0.192235
5105 0.095721
5106 0.101914
5107 0.064589
5108 0.072331
5109 0.081449
5110 0.098461
5111 0.125196
5112 0.115255
5113 0.123757
5114 0.306569
5115 0.192216
5116 0.236066
5117 0.407962
5118 0.119487
5119 0.304982
5120 0.391021
5121 0.261328
5122 0.251992
5123 0.220037
5124 0.888841
5125 0.65357
5126 1.190259
5127 0.451762
5128 0.352474
5129 0.418206
5130 0.314622
5131 0.425524
5132 0.595787
5133 0.539583
5134 0.366862
5135 1.04836
5136 0.607863
5137 0.934721
5138 0.512448
5139 0.539046
5140 0.8792
5141 1.675721
5142 0.737039
5143 0.490904
5144 0.801008
5145 0.43247
5146 0.798274
5147 0.360935
5148 0.653773
5149 0.888789
5150 1.242394
5151 1.161044
5152 0.774548
5153 1.237469
5154 0.971667
5155 0.876578
5156 0.742939
5157 0.730764
5158 0.811701
5159 0.522676
5160 1.548529
5161 0.774666
5162 0.460581
5163 0.385428
5164 0.307865
5165 0.477501
5166 0.585363
5167 0.377166
5168 0.191205
5169 0.183901
5170 0.393873
5171 0.272369
5172 0.407119
5173 0.446453
5174 0.296853
5175 0.180907
5176 0.185746
5177 0.274139
5178 0.150809
5179 0.117576
5180 0.240233
5181 0.21351
5182 0.117404
5183 0.117066
5184 0.062493
5185 0.077635
5186 0.057428
5187 0.047274
5188 0.054052
5189 0.047552
5190 0.169165
5191 0.083076
5192 0.108641
5193 0.063389
5194 0.074208
5195 0.076285
5196 0.07702
5197 0.207984
5198 0.115173
5199 0.11242
5200 0.099285
5201 0.109679
5202 0.198859
5203 0.180852
5204 0.081573
5205 0.108313
5206 0.122414
5207 0.098832
5208 0.21021
5209 0.106352
5210 0.173884
5211 0.231518
5212 0.159602
5213 0.219876
5214 0.372887
5215 0.238798
5216 0.229626
5217 0.206042
5218 0.369126
5219 0.216937
5220 0.256956
5221 0.339052
5222 0.694275
5223 0.392502
5224 0.370842
5225 0.419108
5226 0.509269
5227 0.199995
5228 0.342481
5229 0.639362
5230 0.396848
5231 0.661975
5232 0.899273
5233 0.499986
5234 0.631511
5235 0.76395
5236 0.667689
5237 0.650499
5238 0.71846
5239 1.011719
5240 0.767807
5241 0.584564
5242 0.701068
5243 0.687929
5244 1.018221
5245 0.753481
5246 0.85687
5247 0.911662
5248 0.845977
5249 0.83527
5250 1.282522
5251 1.721699
5252 0.980565
5253 0.803767
5254 0.855829
5255 0.710135
5256 1.13346
5257 1.402596
5258 1.195775
5259 0.664479
5260 0.434284
5261 0.620067
5262 0.3788
5263 0.435624
5264 0.26076
5265 0.232236
5266 0.321398
5267 0.22271
5268 0.291748
5269 0.234136
5270 0.288658
5271 0.190273
5272 0.159729
5273 0.373018
5274 0.099906
5275 0.227932
5276 0.211301
5277 0.094481
5278 0.098889
5279 0.067427
5280 0.090159
5281 0.099528
5282 0.091898
5283 0.059042
5284 0.062774
5285 0.046984
5286 0.083934
5287 0.12527
5288 0.049899
5289 0.126752
5290 0.101347
5291 0.069416
5292 0.096235
5293 0.109966
5294 0.057434
5295 0.06284
5296 0.065097
5297 0.133237
5298 0.114151
5299 0.086508
5300 0.094689
5301 0.094264
5302 0.07647
5303 0.07198
5304 0.076086
5305 0.069008
5306 0.11109
5307 0.208076
5308 0.20191
5309 0.318562
5310 0.302189
5311 0.219869
5312 0.170195
5313 0.347492
5314 0.308898
5315 0.248449
5316 0.26589
5317 0.712848
5318 0.284684
5319 0.266493
5320 0.304222
5321 0.416715
5322 0.387205
5323 0.562447
5324 0.248936
5325 0.529175
5326 0.419147
5327 0.465079
5328 0.456518
5329 0.716629
5330 0.910755
5331 0.505694
5332 0.568919
5333 0.672173
5334 0.445862
5335 1.184183
5336 0.594881
5337 1.011656
5338 0.485365
5339 0.700383
5340 0.287814
5341 0.505103
5342 0.949033
5343 0.579007
5344 0.874201
5345 0.349276
5346 0.478729
5347 0.845537
5348 0.417392
5349 1.333357
5350 1.116982
5351 1.803551
5352 1.135471
5353 0.699993
5354 0.834237
5355 0.784626
5356 0.634806
5357 0.542263
5358 0.49178
5359 0.476128
5360 0.402007
5361 0.314192
5362 0.396463
5363 0.360575
5364 0.239464
5365 0.151272
5366 0.32589
5367 0.329386
5368 0.482715
5369 0.236244
5370 0.30975
5371 0.21486
5372 0.132712
5373 0.24847
5374 0.181621
5375 0.157836
5376 0.13535
5377 0.171489
5378 0.159042
5379 0.07152
5380 0.071337
5381 0.036448
5382 0.053398
5383 0.059472
5384 0.050896
5385 0.070798
5386 0.090505
5387 0.069801
5388 0.033988
5389 0.066053
5390 0.052812
5391 0.053684
5392 0.064626
5393 0.050202
5394 0.103533
5395 0.060429
5396 0.071363
5397 0.069957
5398 0.047835
5399 0.109143
5400 0.055246
5401 0.118522
5402 0.108296
5403 0.113403
5404 0.244845
5405 0.192521
5406 0.142487
5407 0.259047
5408 0.245126
5409 0.235555
5410 0.200674
5411 0.45941
5412 0.151295
5413 0.311442
5414 0.187817
5415 0.219853
5416 0.286752
5417 0.344562
5418 0.374192
5419 0.564322
5420 0.452263
5421 0.373594
5422 0.340575
5423 0.340619
5424 0.484096
5425 0.231989
5426 0.128225
5427 0.269106
5428 0.421206
5429 0.702708
5430 0.672992
5431 0.448332
5432 0.927458
5433 0.936459
5434 0.628851
5435 0.731068
5436 0.700454
5437 0.55184
5438 0.612544
5439 0.47004
5440 1.031204
5441 0.492363
5442 0.716727
5443 0.582288
5444 0.537658
5445 0.367582
5446 0.464476
5447 0.772254
5448 1.053285
5449 0.916295
5450 0.853455
5451 0.88598
5452 0.560987
5453 0.31173
5454 0.377317
5455 0.443009
5456 0.807839
5457 0.526021
5458 0.49459
5459 0.262315
5460 0.277177
5461 0.429016
5462 0.359485
5463 0.180538
5464 0.280816
5465 0.356979
5466 0.258229
5467 0.195763
5468 0.292995
5469 0.277823
5470 0.260804
5471 0.185026
5472 0.151078
5473 0.150241
5474 0.189784
5475 0.103407
5476 0.075529
5477 0.110063
5478 0.049509
5479 0.045653
5480 0.059555
5481 0.072191
5482 0.050378
5483 0.054409
5484 0.059583
5485 0.085334
5486 0.046377
5487 0.075078
5488 0.079807
5489 0.085062
5490 0.061117
5491 0.052267
5492 0.05785
5493 0.089454
5494 0.040778
5495 0.059485
5496 0.027412
5497 0.059202
5498 0.068053
5499 0.099073
5500 0.089819
5501 0.083097
5502 0.120141
5503 0.09063
5504 0.119272
5505 0.328336
5506 0.123492
5507 0.294407
5508 0.259337
5509 0.316686
5510 0.111764
5511 0.362173
5512 0.306259
5513 0.379685
5514 0.416847
5515 0.31703
5516 0.776371
5517 0.404814
5518 0.548167
5519 0.766085
5520 0.27535
5521 0.390785
5522 0.408774
5523 0.297394
5524 0.170494
5525 0.159858
5526 0.29292
5527 0.419341
5528 0.537737
5529 0.371986
5530 0.477221
5531 0.564761
5532 0.612137
5533 0.583993
5534 0.504634
5535 0.481837
5536 0.591341
5537 0.662315
5538 0.989346
5539 0.794458
5540 0.57436
5541 0.31987
5542 0.489639
5543 0.439944
5544 0.470569
5545 0.847976
5546 0.861888
5547 0.753122
5548 0.894279
5549 0.668279
5550 0.869825
5551 0.361929
5552 0.252258
5553 0.504534
5554 0.387053
5555 0.55082
5556 0.402002
5557 0.861648
5558 0.216624
5559 0.32418
5560 0.537105
5561 0.290052
5562 0.242182
5563 0.336071
5564 0.320021
5565 0.235064
5566 0.312514
5567 0.290344
5568 0.258972
5569 0.261131
5570 0.150993
5571 0.115175
5572 0.164153
5573 0.094488
5574 0.173313
5575 0.048025
5576 0.048092
5577 0.019256
5578 0.177067
5579 0.101449
5580 0.053634
5581 0.109021
5582 0.074869
5583 0.062656
5584 0.069009
5585 0.06569
5586 0.043207
5587 0.050596
5588 0.058184
5589 0.071204
5590 0.085629
5591 0.05869
5592 0.135706
5593 0.048863
5594 0.049108
5595 0.021769
5596 0.068319
5597 0.123894
5598 0.083873
5599 0.068828
5600 0.119275
5601 0.163912
5602 0.123397
5603 0.165486
5604 0.213967
5605 0.241928
5606 0.29336
5607 0.264435
5608 0.175548
5609 0.119528
5610 0.164049
5611 0.375907
5612 0.285257
5613 0.463847
5614 0.480637
5615 0.611478
5616 0.967455
5617 0.39977
5618 0.719207
5619 0.246146
5620 0.40526
5621 0.239089
5622 0.394963
5623 0.277928
5624 0.185201
5625 0.261535
5626 0.254583
5627 0.471897
5628 0.34141
5629 0.549288
5630 0.443915
5631 0.521821
5632 0.3773
5633 0.532744
5634 0.44383
5635 0.589545
5636 0.893205
5637 0.663321
5638 0.473067
5639 0.868248
5640 0.978298
5641 0.537051
5642 0.723607
5643 0.873496
5644 0.642519
5645 0.378944
5646 1.063118
5647 0.250208
5648 0.820093
5649 0.473788
5650 0.662062
5651 0.478445
5652 0.607372
5653 0.530437
5654 0.730872
5655 0.277724
5656 0.318795
5657 0.184591
5658 0.240732
5659 0.107161
5660 0.257796
5661 0.18805
5662 0.277741
5663 0.381687
5664 0.128357
5665 0.143241
5666 0.171047
5667 0.145384
5668 0.196083
5669 0.187656
5670 0.192737
5671 0.129309
5672 0.279367
5673 0.085475
5674 0.098721
5675 0.08849
5676 0.062699
5677 0.106198
5678 0.117807
5679 0.100779
5680 0.09257
5681 0.065276
5682 0.082363
5683 0.046289
5684 0.080127
5685 0.073627
5686 0.049316
5687 0.067995
5688 0.115802
5689 0.103249
5690 0.073784
5691 0.056595
5692 0.03548
5693 0.037565
5694 0.059658
5695 0.060686
5696 0.05337
5697 0.127987
5698 0.072042
5699 0.065112
5700 0.070322
5701 0.091646
5702 0.178446
5703 0.260873
5704 0.323033
5705 0.409812
5706 0.102537
5707 0.229882
5708 0.297779
5709 0.415365
5710 0.54251
5711 0.450945
5712 0.579559
5713 0.691199
5714 0.541179
5715 0.267257
5716 0.495688
5717 0.333116
5718 0.336623
5719 0.235335
5720 0.153877
5721 0.286342
5722 0.263946
5723 0.47142
5724 0.268701
5725 0.262551
5726 0.454732
5727 0.312732
5728 0.272843
5729 0.385323
5730 0.361217
5731 0.331142
5732 0.370691
5733 0.42154
5734 0.311709
5735 0.641793
5736 0.450287
5737 0.483703
5738 0.599476
5739 0.584209
5740 0.607468
5741 0.751799
5742 0.532107
5743 0.459395
5744 0.499396
5745 0.712873
5746 0.512995
5747 1.032272
5748 0.57804
5749 0.474686
5750 0.431609
5751 0.51469
5752 0.286399
5753 0.366489
5754 0.323417
5755 0.181191
5756 0.249403
5757 0.183548
5758 0.197987
5759 0.272478
5760 0.158756
5761 0.169707
5762 0.184346
5763 0.171128
5764 0.212223
5765 0.287009
5766 0.197223
5767 0.150344
5768 0.097906
5769 0.151297
5770 0.14471
5771 0.077562
5772 0.128536
5773 0.084367
5774 0.060488
5775 0.087968
5776 0.1481
5777 0.135804
5778 0.087743
5779 0.087193
5780 0.051891
5781 0.051376
5782 0.086384
5783 0.088358
5784 0.09782
5785 0.110452
5786 0.061222
5787 0.046326
5788 0.059671
5789 0.048903
5790 0.070715
5791 0.033552
5792 0.084903
5793 0.069478
5794 0.095069
5795 0.059456
5796 0.053055
5797 0.083724
5798 0.079142
5799 0.113563
5800 0.113581
5801 0.256585
5802 0.250678
5803 0.199002
5804 0.289314
5805 0.273907
5806 0.222241
5807 0.43441
5808 0.589511
5809 0.667668
5810 0.505688
5811 0.348531
5812 0.457763
5813 0.42686
5814 0.513642
5815 0.379463
5816 0.294531
5817 0.312305
5818 0.304284
5819 0.180966
5820 0.33093
5821 0.263602
5822 0.237884
5823 0.325609
5824 0.432075
5825 0.230272
5826 0.317279
5827 0.352094
5828 0.331935
5829 0.438761
5830 0.202614
5831 0.3905
5832 0.34001
5833 0.521486
5834 0.528628
5835 0.422271
5836 0.48737
5837 0.425575
5838 0.716186
5839 0.524762
5840 0.399038
5841 0.551712
5842 0.54267
5843 0.696925
5844 0.596113
5845 0.404323
5846 0.569085
5847 0.504915
5848 0.618007
5849 0.273031
5850 0.358225
5851 0.542207
5852 0.327248
5853 0.249114
5854 0.15846
5855 0.200929
5856 0.120658
5857 0.168296
5858 0.242907
5859 0.230481
5860 0.165135
5861 0.186369
5862 0.126275
5863 0.243118
5864 0.31509
5865 0.167911
5866 0.091667
5867 0.116871
5868 0.084073
5869 0.061589
5870 0.089134
5871 0.069704
5872 0.092634
5873 0.139024
5874 0.104926
5875 0.132172
5876 0.094666
5877 0.06793
5878 0.146219
5879 0.066662
5880 0.073403
5881 0.116537
5882 0.093531
5883 0.069088
5884 0.110166
5885 0.12645
5886 0.091959
5887 0.077387
5888 0.040286
5889 0.044876
5890 0.07247
5891 0.037445
5892 0.049933
5893 0.071136
5894 0.06605
5895 0.090162
5896 0.095466
5897 0.273688
5898 0.143282
5899 0.179645
5900 0.136286
5901 0.201527
5902 0.645338
5903 0.235044
5904 0.326798
5905 0.391161
5906 0.398514
5907 0.416892
5908 0.492891
5909 0.745969
5910 0.45688
5911 0.427793
5912 0.407521
5913 0.391122
5914 0.243391
5915 0.144634
5916 0.218685
5917 0.165909
5918 0.135839
5919 0.154149
5920 0.105624
5921 0.205566
5922 0.254512
5923 0.364972
5924 0.222747
5925 0.19646
5926 0.201999
5927 0.184975
5928 0.337516
5929 0.273075
5930 0.469111
5931 0.516188
5932 0.479797
5933 0.538772
5934 0.369175
5935 0.805084
5936 0.960253
5937 0.675284
5938 0.486246
5939 0.92847
5940 0.669863
5941 0.705836
5942 0.804923
5943 0.511404
5944 0.407214
5945 0.503746
5946 0.455206
5947 0.249369
5948 0.323328
5949 0.307516
5950 0.328396
5951 0.229821
5952 0.168865
5953 0.153473
5954 0.09512
5955 0.258627
5956 0.477603
5957 0.242304
5958 0.183758
5959 0.168042
5960 0.153016
5961 0.126721
5962 0.294506
5963 0.237526
5964 0.087899
5965 0.195788
5966 0.231953
5967 0.171502
5968 0.07086
5969 0.130578
5970 0.170246
5971 0.187596
5972 0.139361
5973 0.282852
5974 0.118278
5975 0.113723
5976 0.117807
5977 0.076643
5978 0.099582
5979 0.100892
5980 0.085144
5981 0.108477
5982 0.245639
5983 0.134626
5984 0.071415
5985 0.048616
5986 0.06159
5987 0.055658
5988 0.097894
5989 0.063529
5990 0.049818
5991 0.083272
5992 0.122013
5993 0.060395
5994 0.125131
5995 0.19804
5996 0.178843
5997 0.193857
5998 0.275661
5999 0.25898
6000 0.172059
6001 0.289054
6002 0.237483
6003 0.512843
6004 0.408725
6005 0.375064
6006 0.435234
6007 0.347214
6008 0.462648
6009 0.365738
6010 0.25461
6011 0.238158
6012 0.247501
6013 0.18614
6014 0.153812
6015 0.188256
6016 0.267593
6017 0.157816
6018 0.195411
6019 0.185134
6020 0.151737
6021 0.222114
6022 0.320508
6023 0.401587
6024 0.406909
6025 0.24557
6026 0.37993
6027 0.302149
6028 0.46796
6029 0.442849
6030 0.779343
6031 0.675322
6032 0.475083
6033 1.064406
6034 0.897014
6035 0.596202
6036 0.819754
6037 0.756845
6038 0.552336
6039 0.676371
6040 1.104699
6041 0.49295
6042 0.356046
6043 0.683949
6044 0.568945
6045 0.256448
6046 0.292697
6047 0.202825
6048 0.246378
6049 0.235065
6050 0.187472
6051 0.202331
6052 0.148124
6053 0.251852
6054 0.328243
6055 0.206661
6056 0.129372
6057 0.315948
6058 0.204438
6059 0.156177
6060 0.120007
6061 0.210202
6062 0.197157
6063 0.150034
6064 0.076627
6065 0.112854
6066 0.094819
6067 0.065137
6068 0.149964
6069 0.185266
6070 0.278262
6071 0.223486
6072 0.126188
6073 0.126563
6074 0.112575
6075 0.107418
6076 0.177533
6077 0.076169
6078 0.093887
6079 0.097133
6080 0.104783
6081 0.134173
6082 0.05622
6083 0.059008
6084 0.108671
6085 0.130377
6086 0.101472
6087 0.115953
6088 0.069311
6089 0.0683
6090 0.112293
6091 0.135435
6092 0.097947
6093 0.242972
6094 0.198738
6095 0.373218
6096 0.448175
6097 0.459076
6098 0.350375
6099 0.394231
6100 0.205225
6101 0.247738
6102 0.400475
6103 0.301105
6104 0.260157
6105 0.296505
6106 0.604811
6107 0.499223
6108 0.277755
6109 0.379246
6110 0.129184
6111 0.196155
6112 0.16538
6113 0.254828
6114 0.299736
6115 0.324063
6116 0.245197
6117 0.23473
6118 0.269845
6119 0.23251
6120 0.194344
6121 0.234845
6122 0.337707
6123 0.387441
6124 0.562069
6125 0.49896
6126 0.280874
6127 0.550794
6128 0.24165
6129 0.558926
6130 1.076983
6131 0.79186
6132 1.212063
6133 0.733735
6134 0.423369
6135 0.773511
6136 0.606544
6137 0.548142
6138 0.413266
6139 0.445909
6140 0.436586
6141 0.515178
6142 0.414995
6143 0.308618
6144 0.231101
6145 0.249761
6146 0.348259
6147 0.244356
6148 0.476163
6149 0.292359
6150 0.180372
6151 0.174924
6152 0.131393
6153 0.246448
6154 0.244268
6155 0.14035
6156 0.215096
6157 0.142172
6158 0.100262
6159 0.126431
6160 0.138219
6161 0.108331
6162 0.12684
6163 0.141713
6164 0.155063
6165 0.093528
6166 0.122286
6167 0.237027
6168 0.125646
6169 0.132073
6170 0.075219
6171 0.201428
6172 0.098531
6173 0.120441
6174 0.05944
6175 0.105466
6176 0.13015
6177 0.065428
6178 0.074538
6179 0.096017
6180 0.098926
6181 0.147445
6182 0.122532
6183 0.136783
6184 0.126349
6185 0.114431
6186 0.193854
6187 0.105973
6188 0.086269
6189 0.203808
6190 0.19051
6191 0.27915
6192 0.229201
6193 0.381597
6194 0.440514
6195 0.351805
6196 0.356958
6197 0.339841
6198 0.603008
6199 0.275035
6200 0.411921
6201 0.19955
6202 0.335734
6203 0.386717
6204 0.242217
6205 0.378245
6206 0.276903
6207 0.203664
6208 0.156413
6209 0.281024
6210 0.381257
6211 0.196189
6212 0.234404
6213 0.232267
6214 0.253735
6215 0.210773
6216 0.255155
6217 0.199147
6218 0.269841
6219 0.275022
6220 0.157386
6221 0.387576
6222 0.32896
6223 0.556922
6224 0.239794
6225 0.384082
6226 0.305187
6227 0.838754
6228 0.841368
6229 1.596751
6230 1.292651
6231 0.876625
6232 0.546977
6233 0.353511
6234 0.624936
6235 0.435556
6236 0.40874
6237 0.417123
6238 0.44726
6239 0.482222
6240 0.627983
6241 0.302699
6242 0.225507
6243 0.235975
6244 0.238979
6245 0.312332
6246 0.42809
6247 0.219289
6248 0.24456
6249 0.098794
6250 0.175743
6251 0.149878
6252 0.165342
6253 0.222701
6254 0.16958
6255 0.168909
6256 0.205639
6257 0.22555
6258 0.278793
6259 0.08264
6260 0.171868
6261 0.131055
6262 0.110429
6263 0.065705
6264 0.166721
6265 0.100471
6266 0.174436
6267 0.173819
6268 0.079575
6269 0.106483
6270 0.065766
6271 0.066729
6272 0.089066
6273 0.141533
6274 0.081062
6275 0.068639
6276 0.096782
6277 0.054195
6278 0.054023
6279 0.185302
6280 0.115078
6281 0.163499
6282 0.109451
6283 0.134279
6284 0.165113
6285 0.156908
6286 0.237021
6287 0.270318
6288 0.266254
6289 0.19788
6290 0.289241
6291 0.312054
6292 0.526287
6293 0.454742
6294 0.608636
6295 0.500967
6296 0.435331
6297 0.305923
6298 0.189067
6299 0.275333
6300 0.321872
6301 0.230135
6302 0.313501
6303 0.131373
6304 0.116873
6305 0.320307
6306 0.146728
6307 0.070643
6308 0.244446
6309 0.217424
6310 0.294307
6311 0.498319
6312 0.317232
6313 0.425176
6314 0.235104
6315 0.138258
6316 0.271329
6317 0.354835
6318 0.311491
6319 0.273795
6320 0.291249
6321 0.26097
6322 0.331453
6323 0.360877
6324 0.375185
6325 0.553506
6326 0.469754
6327 0.626087
6328 0.52823
6329 0.36658
6330 0.191269
6331 0.606012
6332 0.294967
6333 0.315977
6334 0.299405
6335 0.222435
6336 0.372265
6337 0.592563
6338 0.378372
6339 0.166341
6340 0.22694
6341 0.573456
6342 0.292658
6343 0.269002
6344 0.435618
6345 0.276145
6346 0.296469
6347 0.099214
6348 0.235041
6349 0.241315
6350 0.212029
6351 0.103411
6352 0.148867
6353 0.113443
6354 0.168686
6355 0.152702
6356 0.206718
6357 0.135926
6358 0.194533
6359 0.114668
6360 0.154783
6361 0.057283
6362 0.079614
6363 0.157518
6364 0.174848
6365 0.199098
6366 0.184357
6367 0.106397
6368 0.082102
6369 0.103419
6370 0.071477
6371 0.09842
6372 0.068201
6373 0.097159
6374 0.051175
6375 0.06152
6376 0.083756
6377 0.094954
6378 0.065035
6379 0.138344
6380 0.123142
6381 0.168601
6382 0.207705
6383 0.168161
6384 0.133309
6385 0.275829
6386 0.213548
6387 0.609367
6388 0.372403
6389 0.429818
6390 0.549096
6391 0.371767
6392 0.375763
6393 0.356612
6394 0.447031
6395 0.329892
6396 0.221719
6397 0.195694
6398 0.239288
6399 0.158684
6400 0.134409
6401 0.159175
6402 0.162951
6403 0.105596
6404 0.23227
6405 0.195771
6406 0.2172
6407 0.291515
6408 0.229537
6409 0.326188
6410 0.31037
6411 0.235179
6412 0.351964
6413 0.257862
6414 0.457864
6415 0.225227
6416 0.511806
6417 0.629796
6418 0.457574
6419 0.302714
6420 0.286483
6421 0.344832
6422 0.246383
6423 0.26097
6424 0.337457
6425 0.274443
6426 0.381417
6427 0.2725
6428 0.413889
6429 0.239473
6430 0.287714
6431 0.196397
6432 0.128185
6433 0.345313
6434 0.233644
6435 0.398918
6436 0.261381
6437 0.246563
6438 0.362989
6439 0.198411
6440 0.332249
6441 0.455994
6442 0.310888
6443 0.322261
6444 0.258398
6445 0.133158
6446 0.298829
6447 0.190262
6448 0.115878
6449 0.234777
6450 0.134839
6451 0.155707
6452 0.279845
6453 0.112379
6454 0.103696
6455 0.097399
6456 0.084782
6457 0.090732
6458 0.112474
6459 0.161263
6460 0.121194
6461 0.121214
6462 0.238615
6463 0.132218
6464 0.128259
6465 0.208304
6466 0.102825
6467 0.0863
6468 0.0895
6469 0.046539
6470 0.044598
6471 0.058576
6472 0.044146
6473 0.051802
6474 0.09251
6475 0.133312
6476 0.152234
6477 0.151488
6478 0.294384
6479 0.319183
6480 0.184303
6481 0.176331
6482 0.111999
6483 0.205072
6484 0.254903
6485 0.452219
6486 0.173875
6487 0.400212
6488 0.253092
6489 0.411951
6490 0.348445
6491 0.181259
6492 0.219174
6493 0.19498
6494 0.177531
6495 0.305436
6496 0.19397
6497 0.121973
6498 0.097079
6499 0.138517
6500 0.177781
6501 0.209854
6502 0.228526
6503 0.159078
6504 0.19163
6505 0.321221
6506 0.272257
6507 0.319593
6508 0.160704
6509 0.190769
6510 0.259253
6511 0.334933
6512 0.384035
6513 0.65742
6514 0.307696
6515 0.249562
6516 0.232214
6517 0.186964
6518 0.359266
6519 0.374961
6520 0.280627
6521 0.19529
6522 0.220596
6523 0.349773
6524 0.3843
6525 0.233448
6526 0.243006
6527 0.205394
6528 0.162367
6529 0.099627
6530 0.258773
6531 0.259212
6532 0.346637
6533 0.390525
6534 0.321927
6535 0.420371
6536 0.315645
6537 0.320268
6538 0.568273
6539 0.33425
6540 0.201285
6541 0.214061
6542 0.126029
6543 0.190033
6544 0.192747
6545 0.196855
6546 0.091343
6547 0.157262
6548 0.181872
6549 0.189715
6550 0.175891
6551 0.11467
6552 0.140664
6553 0.091831
6554 0.117868
6555 0.088509
6556 0.097339
6557 0.196028
6558 0.11386
6559 0.080396
6560 0.139571
6561 0.081475
6562 0.113077
6563 0.118002
6564 0.139421
6565 0.092573
6566 0.225425
6567 0.059535
6568 0.0631
6569 0.072339
6570 0.036008
6571 0.215915
6572 0.074699
6573 0.113696
6574 0.080678
6575 0.089826
6576 0.211303
6577 0.136459
6578 0.25587
6579 0.24047
6580 0.146716
6581 0.167557
6582 0.332709
6583 0.245239
6584 0.627543
6585 0.246627
6586 0.461589
6587 0.651275
6588 0.277357
6589 0.295073
6590 0.22069
6591 0.138939
6592 0.214093
6593 0.187672
6594 0.225599
6595 0.135178
6596 0.18085
6597 0.115171
6598 0.107684
6599 0.133958
6600 0.209996
6601 0.09804
6602 0.092913
6603 0.223532
6604 0.147629
6605 0.236726
6606 0.24848
6607 0.406376
6608 0.202574
6609 0.24619
6610 0.344894
6611 0.751244
6612 0.452557
6613 0.278586
6614 0.201297
6615 0.298167
6616 0.182994
6617 0.284886
6618 0.350448
6619 0.176837
6620 0.212983
6621 0.412985
6622 0.249494
6623 0.133768
6624 0.264638
6625 0.079532
6626 0.119134
6627 0.116015
6628 0.200455
6629 0.196123
6630 0.396486
6631 0.264754
6632 0.235469
6633 0.406707
6634 0.316768
6635 0.224156
6636 0.291869
6637 0.380625
6638 0.2286
6639 0.212098
6640 0.246739
6641 0.271838
6642 0.27704
6643 0.256673
6644 0.213245
6645 0.102546
6646 0.165232
6647 0.156649
6648 0.094099
6649 0.095006
6650 0.230609
6651 0.082534
6652 0.107231
6653 0.098676
6654 0.134858
6655 0.219963
6656 0.122736
6657 0.153648
6658 0.175724
6659 0.134312
6660 0.124906
6661 0.17261
6662 0.100059
6663 0.179616
6664 0.253451
6665 0.116914
6666 0.074572
6667 0.048436
6668 0.10734
6669 0.108284
6670 0.07171
6671 0.122994
6672 0.095425
6673 0.069536
6674 0.069284
6675 0.113021
6676 0.092609
6677 0.162819
6678 0.17798
6679 0.2043
6680 0.369989
6681 0.456316
6682 0.242353
6683 0.347982
6684 0.260051
6685 0.283485
6686 0.147923
6687 0.336555
6688 0.229256
6689 0.161268
6690 0.222479
6691 0.104645
6692 0.087928
6693 0.103646
6694 0.090933
6695 0.099375
6696 0.101434
6697 0.166645
6698 0.199445
6699 0.130572
6700 0.137623
6701 0.154997
6702 0.275858
6703 0.157856
6704 0.354999
6705 0.361096
6706 0.582071
6707 0.277529
6708 0.455051
6709 0.324973
6710 0.218522
6711 0.682942
6712 0.250357
6713 0.20822
6714 0.30508
6715 0.39306
6716 0.402077
6717 0.192012
6718 0.165385
6719 0.194611
6720 0.122979
6721 0.185154
6722 0.193776
6723 0.145798
6724 0.311414
6725 0.122615
6726 0.204641
6727 0.150599
6728 0.243804
6729 0.405451
6730 0.228054
6731 0.30549
6732 0.416264
6733 0.747883
6734 0.30037
6735 0.288267
6736 0.355979
6737 0.234755
6738 0.204437
6739 0.215777
6740 0.251671
6741 0.292097
6742 0.252362
6743 0.148833
6744 0.169102
6745 0.128735
6746 0.128754
6747 0.180317
6748 0.161054
6749 0.171691
6750 0.158197
6751 0.13964
6752 0.181582
6753 0.199776
6754 0.195996
6755 0.255551
6756 0.256849
6757 0.147007
6758 0.126108
6759 0.129633
6760 0.160651
6761 0.097106
6762 0.146178
6763 0.119686
6764 0.058998
6765 0.066552
6766 0.100925
6767 0.095995
6768 0.084392
6769 0.122044
6770 0.142999
6771 0.071622
6772 0.10091
6773 0.110772
6774 0.092967
6775 0.116043
6776 0.173672
6777 0.238525
6778 0.215503
6779 0.252895
6780 0.280193
6781 0.404367
6782 0.318281
6783 0.436816
6784 0.100618
6785 0.283277
6786 0.217785
6787 0.164842
6788 0.152093
6789 0.135217
6790 0.083045
6791 0.127174
6792 0.147581
6793 0.125345
6794 0.275826
6795 0.287757
6796 0.15827
6797 0.320839
6798 0.204403
6799 0.161214
6800 0.086464
6801 0.174302
6802 0.202056
6803 0.348063
6804 0.250088
6805 0.372729
6806 0.341162
6807 0.282865
6808 0.326479
6809 0.335048
6810 0.427805
6811 0.206544
6812 0.406598
6813 0.289198
6814 0.276817
6815 0.243045
6816 0.244754
6817 0.121447
6818 0.102636
6819 0.084749
6820 0.344584
6821 0.271271
6822 0.134123
6823 0.082683
6824 0.131235
6825 0.351462
6826 0.148162
6827 0.178589
6828 0.107923
6829 0.181569
6830 0.455901
6831 0.328017
6832 0.289783
6833 0.431225
6834 0.292294
6835 0.252517
6836 0.233605
6837 0.166107
6838 0.159731
6839 0.247187
6840 0.212664
6841 0.219066
6842 0.232884
6843 0.106191
6844 0.158521
6845 0.082491
6846 0.168259
6847 0.08388
6848 0.104578
6849 0.125457
6850 0.122423
6851 0.162991
6852 0.131511
6853 0.163869
6854 0.219744
6855 0.15043
6856 0.165084
6857 0.15575
6858 0.139509
6859 0.233464
6860 0.162803
6861 0.115429
6862 0.217582
6863 0.114714
6864 0.184213
6865 0.136616
6866 0.076009
6867 0.125304
6868 0.090635
6869 0.116183
6870 0.083124
6871 0.131811
6872 0.102524
6873 0.114994
6874 0.137075
6875 0.239576
6876 0.133356
6877 0.229847
6878 0.120297
6879 0.266725
6880 0.245357
6881 0.108939
6882 0.185479
6883 0.179983
6884 0.322575
6885 0.203865
6886 0.10379
6887 0.061922
6888 0.094921
6889 0.086493
6890 0.075862
6891 0.173129
6892 0.195066
6893 0.162875
6894 0.248616
6895 0.14906
6896 0.093782
6897 0.086294
6898 0.151901
6899 0.103387
6900 0.14195
6901 0.140767
6902 0.260388
6903 0.254042
6904 0.351172
6905 0.463254
6906 0.32414
6907 0.254536
6908 0.278773
6909 0.360596
6910 0.30133
6911 0.297459
6912 0.273236
6913 0.1686
6914 0.191224
6915 0.076357
6916 0.150133
6917 0.189344
6918 0.091751
6919 0.209445
6920 0.174345
6921 0.109478
6922 0.141337
6923 0.401919
6924 0.358659
6925 0.408966
6926 0.366155
6927 0.181957
6928 0.317814
6929 0.242411
6930 0.267565
6931 0.469858
6932 0.168755
6933 0.214517
6934 0.12863
6935 0.158423
6936 0.101227
6937 0.169184
6938 0.147887
6939 0.319411
6940 0.204536
6941 0.211152
6942 0.099823
6943 0.144763
6944 0.140479
6945 0.170391
6946 0.097067
6947 0.1851
6948 0.149403
6949 0.069963
6950 0.155024
6951 0.217545
6952 0.118283
6953 0.307876
6954 0.191437
6955 0.203589
6956 0.15577
6957 0.199195
6958 0.197169
6959 0.084286
6960 0.090483
6961 0.072934
6962 0.099137
6963 0.125386
6964 0.170938
6965 0.148468
6966 0.210566
6967 0.227121
6968 0.211662
6969 0.161437
6970 0.093431
6971 0.136976
6972 0.151374
6973 0.28317
6974 0.235271
6975 0.276135
6976 0.061223
6977 0.128641
6978 0.1762
6979 0.139875
6980 0.25967
6981 0.156728
6982 0.126026
6983 0.267515
6984 0.07044
6985 0.091755
6986 0.171454
6987 0.088844
6988 0.223863
6989 0.195973
6990 0.111166
6991 0.147169
6992 0.260613
6993 0.077953
6994 0.115603
6995 0.092386
6996 0.090669
6997 0.136278
6998 0.230039
6999 0.17479
7000 0.126912
7001 0.139577
7002 0.218249
7003 0.323872
7004 0.187467
7005 0.131495
7006 0.614466
7007 0.283906
7008 0.338009
7009 0.2781
7010 0.182643
7011 0.184036
7012 0.160428
7013 0.200746
7014 0.126853
7015 0.156994
7016 0.261872
7017 0.103123
7018 0.164343
7019 0.199294
7020 0.07661
7021 0.436607
7022 0.345059
7023 0.251944
7024 0.297771
7025 0.31699
7026 0.156071
7027 0.641312
7028 0.224497
7029 0.203884
7030 0.207195
7031 0.199124
7032 0.218245
7033 0.10499
7034 0.144677
7035 0.126972
7036 0.115817
7037 0.140709
7038 0.22077
7039 0.087433
7040 0.167073
7041 0.075141
7042 0.09673
7043 0.094698
7044 0.054879
7045 0.11431
7046 0.190508
7047 0.228578
7048 0.122467
7049 0.123142
7050 0.222256
7051 0.197715
7052 0.139956
7053 0.139354
7054 0.302979
7055 0.154
7056 0.23746
7057 0.090404
7058 0.172868
7059 0.211489
7060 0.105042
7061 0.146584
7062 0.126347
7063 0.175391
7064 0.187201
7065 0.254079
7066 0.181173
7067 0.116566
7068 0.07841
7069 0.076318
7070 0.10999
7071 0.165115
7072 0.247929
7073 0.148823
7074 0.195902
7075 0.245694
7076 0.082118
7077 0.089526
7078 0.163773
7079 0.165132
7080 0.187862
7081 0.168931
7082 0.161922
7083 0.130722
7084 0.192516
7085 0.068947
7086 0.121264
7087 0.118437
7088 0.095997
7089 0.097821
7090 0.12481
7091 0.111248
7092 0.165285
7093 0.117691
7094 0.097752
7095 0.066053
7096 0.123242
7097 0.180742
7098 0.150692
7099 0.144678
7100 0.124074
7101 0.169184
7102 0.4075
7103 0.186972
7104 0.329971
7105 0.182054
7106 0.19074
7107 0.254803
7108 0.093581
7109 0.201714
7110 0.160731
7111 0.186632
7112 0.203545
7113 0.159425
7114 0.167096
7115 0.225656
7116 0.130019
7117 0.146953
7118 0.090173
7119 0.28891
7120 0.142939
7121 0.349672
7122 0.352088
7123 0.302172
7124 0.267281
7125 0.238879
7126 0.29937
7127 0.254008
7128 0.177174
7129 0.13588
7130 0.210963
7131 0.164589
7132 0.166151
7133 0.100073
7134 0.153124
7135 0.172601
7136 0.101529
7137 0.129849
7138 0.096331
7139 0.065556
7140 0.084315
7141 0.155076
7142 0.112038
7143 0.074003
7144 0.066047
7145 0.164449
7146 0.063016
7147 0.1449
7148 0.117159
7149 0.140514
7150 0.158274
7151 0.180712
7152 0.194606
7153 0.195422
7154 0.175601
7155 0.130865
7156 0.145912
7157 0.173068
7158 0.173944
7159 0.198964
7160 0.175046
7161 0.109055
7162 0.247546
7163 0.186415
7164 0.118829
7165 0.135323
7166 0.101226
7167 0.096049
7168 0.142195
7169 0.32244
7170 0.131349
7171 0.178021
7172 0.260174
7173 0.326392
7174 0.092715
7175 0.148778
7176 0.254452
7177 0.104785
7178 0.1143
7179 0.154018
7180 0.166058
7181 0.260686
7182 0.197486
7183 0.086349
7184 0.164722
7185 0.196067
7186 0.076464
7187 0.154539
7188 0.093133
7189 0.247835
7190 0.159948
7191 0.048914
7192 0.097835
7193 0.064333
7194 0.1434
7195 0.161782
7196 0.101653
7197 0.181543
7198 0.175676
7199 0.12705
7200 0.193273
7201 0.111427
7202 0.242959
7203 0.198337
7204 0.263313
7205 0.222553
7206 0.139904
7207 0.093178
7208 0.141156
7209 0.121886
7210 0.173647
7211 0.090371
7212 0.139697
7213 0.249592
7214 0.227652
7215 0.159265
7216 0.284403
7217 0.149053
7218 0.138894
7219 0.338221
7220 0.278997
7221 0.280773
7222 0.217553
7223 0.295882
7224 0.190793
7225 0.267952
7226 0.328596
7227 0.238899
7228 0.15825
7229 0.093494
7230 0.179231
7231 0.151304
7232 0.168815
7233 0.342404
7234 0.087364
7235 0.152301
7236 0.090418
7237 0.060843
7238 0.065909
7239 0.040822
7240 0.088559
7241 0.124344
7242 0.113812
7243 0.055087
7244 0.045658
7245 0.146498
7246 0.089699
7247 0.110504
7248 0.115654
7249 0.176296
7250 0.107007
7251 0.200482
7252 0.147449
7253 0.101065
7254 0.144486
7255 0.10148
7256 0.139771
7257 0.217416
7258 0.215809
7259 0.115828
7260 0.083703
7261 0.107088
7262 0.083578
7263 0.11875
7264 0.090387
7265 0.101565
7266 0.147802
7267 0.203797
7268 0.257311
7269 0.243859
7270 0.194586
7271 0.344605
7272 0.117831
7273 0.156267
7274 0.155988
7275 0.123468
7276 0.071449
7277 0.121616
7278 0.108842
7279 0.22254
7280 0.075828
7281 0.123187
7282 0.084084
7283 0.267292
7284 0.139474
7285 0.13244
7286 0.130304
7287 0.096609
7288 0.080037
7289 0.085392
7290 0.048319
7291 0.282522
7292 0.198752
7293 0.194919
7294 0.180115
7295 0.109449
7296 0.182881
7297 0.25401
7298 0.194281
7299 0.162711
7300 0.139593
7301 0.135111
7302 0.314033
7303 0.154276
7304 0.208856
7305 0.093956
7306 0.11251
7307 0.068048
7308 0.110016
7309 0.138
7310 0.116045
7311 0.17709
7312 0.171336
7313 0.246068
7314 0.27422
7315 0.110969
7316 0.215477
7317 0.115629
7318 0.098324
7319 0.139991
7320 0.201333
7321 0.189271
7322 0.247764
7323 0.406633
7324 0.253525
7325 0.338928
7326 0.129204
7327 0.198883
7328 0.097302
7329 0.143622
7330 0.131283
7331 0.10808
7332 0.108648
7333 0.145018
7334 0.090731
7335 0.059803
7336 0.084011
7337 0.089398
7338 0.033393
7339 0.078434
7340 0.05104
7341 0.080947
7342 0.139018
7343 0.121641
7344 0.094455
7345 0.047795
7346 0.103289
7347 0.123131
7348 0.114179
7349 0.141792
7350 0.240782
7351 0.24902
7352 0.078685
7353 0.188949
7354 0.302617
7355 0.249939
7356 0.086493
7357 0.095728
7358 0.108901
7359 0.102025
7360 0.103784
7361 0.122871
7362 0.157537
7363 0.13011
7364 0.114894
7365 0.110161
7366 0.30934
7367 0.238501
7368 0.387056
7369 0.235174
7370 0.240543
7371 0.133957
7372 0.093754
7373 0.136662
7374 0.089402
7375 0.094079
7376 0.176867
7377 0.141623
7378 0.150621
7379 0.248648
7380 0.092063
7381 0.133583
7382 0.150806
7383 0.175318
7384 0.058046
7385 0.139877
7386 0.072005
7387 0.074387
7388 0.129253
7389 0.182184
7390 0.202861
7391 0.19636
7392 0.130191
7393 0.114161
7394 0.099245
7395 0.128829
7396 0.198641
7397 0.159071
7398 0.188167
7399 0.238506
7400 0.156031
7401 0.16514
7402 0.119273
7403 0.211586
7404 0.123364
7405 0.081932
7406 0.154601
7407 0.149082
7408 0.076259
7409 0.181185
7410 0.098977
7411 0.089523
7412 0.257516
7413 0.152316
7414 0.188553
7415 0.19624
7416 0.287662
7417 0.236726
7418 0.199228
7419 0.247729
7420 0.330178
7421 0.169833
7422 0.141275
7423 0.345046
7424 0.234925
7425 0.122499
7426 0.111654
7427 0.10233
7428 0.151972
7429 0.109019
7430 0.102202
7431 0.094098
7432 0.103933
7433 0.061821
7434 0.088325
7435 0.132591
7436 0.06809
7437 0.025079
7438 0.110046
7439 0.077308
7440 0.093286
7441 0.135002
7442 0.073229
7443 0.043993
7444 0.107968
7445 0.126488
7446 0.075966
7447 0.070515
7448 0.154867
7449 0.09507
7450 0.184244
7451 0.149076
7452 0.129512
7453 0.188081
7454 0.157811
7455 0.112814
7456 0.083607
7457 0.125309
7458 0.095682
7459 0.110084
7460 0.07956
7461 0.07966
7462 0.11012
7463 0.100521
7464 0.110023
7465 0.193331
7466 0.323773
7467 0.161519
7468 0.223326
7469 0.149177
7470 0.184169
7471 0.094656
7472 0.141489
7473 0.135487
7474 0.115901
7475 0.218312
7476 0.225421
7477 0.136416
7478 0.124757
7479 0.063904
7480 0.055748
7481 0.082307
7482 0.152729
7483 0.131436
7484 0.071336
7485 0.090113
7486 0.1272
7487 0.125336
7488 0.187497
7489 0.183901
7490 0.240704
7491 0.158735
7492 0.087751
7493 0.134852
7494 0.170853
7495 0.146166
7496 0.157569
7497 0.15089
7498 0.213386
7499 0.197077
7500 0.214509
7501 0.10693
7502 0.109457
7503 0.076813
7504 0.077029
7505 0.107984
7506 0.180968
7507 0.089788
7508 0.124529
7509 0.161038
7510 0.114011
7511 0.192755
7512 0.156874
7513 0.126614
7514 0.164908
7515 0.204242
7516 0.108945
7517 0.197764
7518 0.163799
7519 0.280909
7520 0.283549
7521 0.345115
7522 0.250286
7523 0.124706
7524 0.169002
7525 0.167964
7526 0.068238
7527 0.058249
7528 0.068188
7529 0.050741
7530 0.095304
7531 0.076851
7532 0.08632
7533 0.052325
7534 0.10382
7535 0.065755
7536 0.123782
7537 0.106483
7538 0.1192
7539 0.134172
7540 0.104301
7541 0.046771
7542 0.052945
7543 0.082833
7544 0.118749
7545 0.119246
7546 0.147945
7547 0.192167
7548 0.442306
7549 0.227644
7550 0.184036
7551 0.152582
7552 0.055541
7553 0.086613
7554 0.074295
7555 0.077603
7556 0.057774
7557 0.050286
7558 0.168598
7559 0.107201
7560 0.121142
7561 0.234395
7562 0.22568
7563 0.254979
7564 0.129457
7565 0.12235
7566 0.15964
7567 0.078779
7568 0.226231
7569 0.095652
7570 0.146943
7571 0.122288
7572 0.199753
7573 0.16039
7574 0.13104
7575 0.129513
7576 0.11303
7577 0.127233
7578 0.095769
7579 0.063335
7580 0.058329
7581 0.156571
7582 0.089399
7583 0.144279
7584 0.131907
7585 0.15965
7586 0.1401
7587 0.164103
7588 0.075474
7589 0.120206
7590 0.090159
7591 0.118891
7592 0.087885
7593 0.166132
7594 0.174775
7595 0.175421
7596 0.106135
7597 0.263024
7598 0.118003
7599 0.10721
7600 0.110388
7601 0.148353
7602 0.138173
7603 0.145284
7604 0.117298
7605 0.176035
7606 0.144919
7607 0.12594
7608 0.323128
7609 0.1337
7610 0.172192
7611 0.138645
7612 0.150788
7613 0.076448
7614 0.149057
7615 0.126266
7616 0.075072
7617 0.226919
7618 0.263894
7619 0.169137
7620 0.179813
7621 0.067688
7622 0.115882
7623 0.087851
7624 0.085598
7625 0.091749
7626 0.112664
7627 0.055445
7628 0.081575
7629 0.080446
7630 0.104188
7631 0.067749
7632 0.076854
7633 0.046018
7634 0.113029
7635 0.072808
7636 0.086487
7637 0.070228
7638 0.045881
7639 0.041373
7640 0.026472
7641 0.081595
7642 0.077896
7643 0.074462
7644 0.121963
7645 0.143805
7646 0.134577
7647 0.300696
7648 0.142575
7649 0.082439
7650 0.056802
7651 0.038369
7652 0.127692
7653 0.155191
7654 0.090619
7655 0.075775
7656 0.102819
7657 0.132187
7658 0.106513
7659 0.126589
7660 0.142232
7661 0.241115
7662 0.247236
7663 0.117818
7664 0.069705
7665 0.103031
7666 0.133891
7667 0.06805
7668 0.059073
7669 0.128768
7670 0.096389
7671 0.11255
7672 0.096194
7673 0.048645
7674 0.098758
7675 0.050505
7676 0.070752
7677 0.092383
7678 0.120319
7679 0.112064
7680 0.16646
7681 0.101574
7682 0.12341
7683 0.102554
7684 0.151257
7685 0.141858
7686 0.130285
7687 0.154566
7688 0.08819
7689 0.173008
7690 0.157774
7691 0.099854
7692 0.119781
7693 0.113475
7694 0.085114
7695 0.1415
7696 0.227872
7697 0.114992
7698 0.155503
7699 0.082682
7700 0.145391
7701 0.105531
7702 0.077689
7703 0.124092
7704 0.085435
7705 0.097424
7706 0.153592
7707 0.332594
7708 0.149389
7709 0.116101
7710 0.141099
7711 0.174416
7712 0.162414
7713 0.138195
7714 0.143233
7715 0.154459
7716 0.30679
7717 0.154106
7718 0.113412
7719 0.126805
7720 0.147734
7721 0.092407
7722 0.093496
7723 0.172278
7724 0.089503
7725 0.044842
7726 0.083142
7727 0.067116
7728 0.085229
7729 0.082692
7730 0.083011
7731 0.155573
7732 0.074353
7733 0.048782
7734 0.069499
7735 0.106429
7736 0.050966
7737 0.070788
7738 0.067847
7739 0.077217
7740 0.117548
7741 0.142152
7742 0.237482
7743 0.085498
7744 0.131406
7745 0.103548
7746 0.07923
7747 0.042818
7748 0.083328
7749 0.050509
7750 0.092909
7751 0.07957
7752 0.054266
7753 0.032977
7754 0.092661
7755 0.054157
7756 0.144049
7757 0.247358
7758 0.262942
7759 0.174302
7760 0.172879
7761 0.105166
7762 0.128972
7763 0.076243
7764 0.068903
7765 0.075463
7766 0.125892
7767 0.059528
7768 0.070648
7769 0.106164
7770 0.083458
7771 0.075106
7772 0.046002
7773 0.073451
7774 0.077355
7775 0.086036
7776 0.066069
7777 0.088519
7778 0.158966
7779 0.190557
7780 0.153168
7781 0.13097
7782 0.107362
7783 0.05633
7784 0.088086
7785 0.127606
7786 0.132625
7787 0.074169
7788 0.153651
7789 0.205961
7790 0.122288
7791 0.16347
7792 0.255914
7793 0.115085
7794 0.167816
7795 0.170505
7796 0.162883
7797 0.107554
7798 0.125638
7799 0.090233
7800 0.123805
7801 0.144204
7802 0.074398
7803 0.174531
7804 0.140999
7805 0.096596
7806 0.201557
7807 0.198826
7808 0.153123
7809 0.223161
7810 0.138864
7811 0.161654
7812 0.102973
7813 0.128787
7814 0.178813
7815 0.136831
7816 0.154655
7817 0.249152
7818 0.245047
7819 0.189287
7820 0.358261
7821 0.154932
7822 0.107883
7823 0.103926
7824 0.082786
7825 0.058841
7826 0.079449
7827 0.112309
7828 0.23053
7829 0.136582
7830 0.098616
7831 0.087527
7832 0.060147
7833 0.083509
7834 0.070143
7835 0.055771
7836 0.105263
7837 0.086338
7838 0.103476
7839 0.108338
7840 0.127938
7841 0.131753
7842 0.109837
7843 0.06304
7844 0.051681
7845 0.051254
7846 0.06197
7847 0.072095
7848 0.052658
7849 0.084481
7850 0.074025
7851 0.074134
7852 0.102389
7853 0.153097
7854 0.163674
7855 0.188174
7856 0.111378
7857 0.22096
7858 0.07405
7859 0.129889
7860 0.065699
7861 0.091029
7862 0.085996
7863 0.115883
7864 0.095316
7865 0.054996
7866 0.067825
7867 0.06185
7868 0.140798
7869 0.067027
7870 0.070783
7871 0.043328
7872 0.024331
7873 0.069975
7874 0.073358
7875 0.164338
7876 0.159131
7877 0.175389
7878 0.079993
7879 0.147463
7880 0.210499
7881 0.160179
7882 0.145997
7883 0.128887
7884 0.143342
7885 0.131624
7886 0.158594
7887 0.168908
7888 0.07772
7889 0.123759
7890 0.198139
7891 0.197918
7892 0.14264
7893 0.154341
7894 0.141696
7895 0.119849
7896 0.147103
7897 0.081851
7898 0.09427
7899 0.103318
7900 0.067341
7901 0.101385
7902 0.145648
7903 0.17752
7904 0.20629
7905 0.23509
7906 0.236257
7907 0.284808
7908 0.163181
7909 0.092846
7910 0.075467
7911 0.129628
7912 0.190716
7913 0.109
7914 0.193187
7915 0.23322
7916 0.222865
7917 0.210833
7918 0.362234
7919 0.156403
7920 0.193693
7921 0.154897
7922 0.131545
7923 0.065149
7924 0.104418
7925 0.19203
7926 0.139826
7927 0.32061
7928 0.207129
7929 0.0749
7930 0.058808
7931 0.045122
7932 0.059726
7933 0.068786
7934 0.093661
7935 0.205562
7936 0.120326
7937 0.104083
7938 0.078797
7939 0.122773
7940 0.067416
7941 0.075138
7942 0.052689
7943 0.104946
7944 0.07633
7945 0.08335
7946 0.036481
7947 0.096172
7948 0.094838
7949 0.100488
7950 0.152419
7951 0.075075
7952 0.056406
7953 0.11374
7954 0.092082
7955 0.17046
7956 0.050281
7957 0.090082
7958 0.118504
7959 0.130143
7960 0.067218
7961 0.080042
7962 0.112041
7963 0.078294
7964 0.059147
7965 0.077852
7966 0.085251
7967 0.059308
7968 0.065719
7969 0.085761
7970 0.084309
7971 0.058111
7972 0.06738
7973 0.078792
7974 0.246888
7975 0.106645
7976 0.113881
7977 0.115055
7978 0.195121
7979 0.1531
7980 0.157035
7981 0.069149
7982 0.107196
7983 0.130594
7984 0.080256
7985 0.136767
7986 0.10919
7987 0.17918
7988 0.132969
7989 0.110024
7990 0.195827
7991 0.117944
7992 0.203802
7993 0.151487
7994 0.194282
7995 0.050256
7996 0.061902
7997 0.058004
7998 0.069245
7999 0.110202
8000 0.161861
8001 0.161224
8002 0.138012
8003 0.156089
8004 0.223816
8005 0.145498
8006 0.166006
8007 0.175548
8008 0.112145
8009 0.060046
8010 0.158502
8011 0.150497
8012 0.167183
8013 0.114348
8014 0.15637
8015 0.246942
8016 0.132875
8017 0.296827
8018 0.186999
8019 0.195216
8020 0.098476
8021 0.085124
8022 0.063206
8023 0.134305
8024 0.124068
8025 0.204557
8026 0.124103
8027 0.099663
8028 0.061001
8029 0.083221
8030 0.065179
8031 0.073826
8032 0.165342
8033 0.071692
8034 0.09361
8035 0.149709
8036 0.087669
8037 0.118918
8038 0.072173
8039 0.072724
8040 0.052137
8041 0.12729
8042 0.144911
8043 0.128209
8044 0.07763
8045 0.153574
8046 0.176174
8047 0.166223
8048 0.168741
8049 0.114
8050 0.197723
8051 0.149139
8052 0.068043
8053 0.109333
8054 0.100058
8055 0.063935
8056 0.113145
8057 0.081609
8058 0.043038
8059 0.089202
8060 0.060536
8061 0.05399
8062 0.097555
8063 0.069307
8064 0.075654
8065 0.093896
8066 0.065315
8067 0.134347
8068 0.108258
8069 0.058848
8070 0.093988
8071 0.083778
8072 0.088984
8073 0.149052
8074 0.137942
8075 0.151753
8076 0.229063
8077 0.176202
8078 0.122525
8079 0.252641
8080 0.103302
8081 0.163122
8082 0.150063
8083 0.127119
8084 0.094503
8085 0.105714
8086 0.270383
8087 0.107425
8088 0.140454
8089 0.156272
8090 0.17517
8091 0.180438
8092 0.112164
8093 0.106226
8094 0.095221
8095 0.135745
8096 0.071389
8097 0.096555
8098 0.100011
8099 0.061134
8100 0.076134
8101 0.076059
8102 0.148615
8103 0.141606
8104 0.066624
8105 0.171762
8106 0.091073
8107 0.080171
8108 0.133919
8109 0.098625
8110 0.108308
8111 0.060756
8112 0.137767
8113 0.110669
8114 0.15964
8115 0.150349
8116 0.104659
8117 0.233011
8118 0.328852
8119 0.114494
8120 0.079779
8121 0.137288
8122 0.109435
8123 0.122164
8124 0.202194
8125 0.13669
8126 0.114924
8127 0.098024
8128 0.056376
8129 0.080788
8130 0.061666
8131 0.063859
8132 0.103103
8133 0.114391
8134 0.071921
8135 0.064622
8136 0.06929
8137 0.09019
8138 0.192967
8139 0.091026
8140 0.105252
8141 0.140146
8142 0.093752
8143 0.085802
8144 0.131579
8145 0.131654
8146 0.210366
8147 0.154461
8148 0.087949
8149 0.080093
8150 0.084806
8151 0.105371
8152 0.064442
8153 0.074273
8154 0.06395
8155 0.099453
8156 0.070723
8157 0.076078
8158 0.093007
8159 0.043306
8160 0.051526
8161 0.037077
8162 0.090872
8163 0.062673
8164 0.080849
8165 0.044674
8166 0.090837
8167 0.088345
8168 0.104804
8169 0.119965
8170 0.073889
8171 0.050699
8172 0.109455
8173 0.203358
8174 0.252337
8175 0.348913
8176 0.21129
8177 0.110627
8178 0.099688
8179 0.116513
8180 0.101137
8181 0.099952
8182 0.084155
8183 0.094963
8184 0.07616
8185 0.103598
8186 0.159405
8187 0.143776
8188 0.178862
8189 0.162052
8190 0.10532
8191 0.171609
8192 0.080651
8193 0.0884
8194 0.083056
8195 0.055494
8196 0.076205
8197 0.092867
8198 0.064471
8199 0.063091
8200 0.139228
8201 0.066608
8202 0.054088
8203 0.094818
8204 0.13464
8205 0.069047
8206 0.18704
8207 0.159973
8208 0.119359
8209 0.143219
8210 0.113888
8211 0.132318
8212 0.067916
8213 0.08179
8214 0.084035
8215 0.138696
8216 0.183292
8217 0.170156
8218 0.101029
8219 0.11826
8220 0.16271
8221 0.141931
8222 0.099613
8223 0.195539
8224 0.08857
8225 0.084491
8226 0.100545
8227 0.085507
8228 0.062641
8229 0.12651
8230 0.075606
8231 0.068704
8232 0.090632
8233 0.065557
8234 0.077629
8235 0.127816
8236 0.211449
8237 0.221011
8238 0.079818
8239 0.161342
8240 0.137652
8241 0.120539
8242 0.164907
8243 0.173673
8244 0.194127
8245 0.137476
8246 0.07741
8247 0.119882
8248 0.107735
8249 0.098305
8250 0.031921
8251 0.066133
8252 0.084847
8253 0.053381
8254 0.126107
8255 0.066428
8256 0.091005
8257 0.066861
8258 0.075527
8259 0.050742
8260 0.05613
8261 0.08466
8262 0.048083
8263 0.035914
8264 0.060627
8265 0.094063
8266 0.076577
8267 0.10732
8268 0.174164
8269 0.099968
8270 0.135613
8271 0.16009
8272 0.167947
8273 0.108808
8274 0.237785
8275 0.162335
8276 0.145455
8277 0.184872
8278 0.083947
8279 0.100871
8280 0.080534
8281 0.059384
8282 0.065198
8283 0.048061
8284 0.071755
8285 0.102886
8286 0.054583
8287 0.112251
8288 0.107084
8289 0.127603
8290 0.115544
8291 0.055691
8292 0.071057
8293 0.071303
8294 0.037073
8295 0.086256
8296 0.060153
8297 0.099496
8298 0.050443
8299 0.04921
8300 0.115967
8301 0.076247
8302 0.086855
8303 0.071896
8304 0.127561
8305 0.151536
8306 0.11127
8307 0.124524
8308 0.164273
8309 0.13956
8310 0.051058
8311 0.064283
8312 0.127581
8313 0.112531
8314 0.165031
8315 0.119127
8316 0.132654
8317 0.128356
8318 0.073927
8319 0.166454
8320 0.077366
8321 0.100948
8322 0.147128
8323 0.164441
8324 0.160067
8325 0.141835
8326 0.081614
8327 0.11233
8328 0.073293
8329 0.045338
8330 0.071624
8331 0.049986
8332 0.12049
8333 0.070239
8334 0.059766
8335 0.142985
8336 0.160119
8337 0.109024
8338 0.100458
8339 0.066707
8340 0.081999
8341 0.074917
8342 0.128741
8343 0.083675
8344 0.063553
8345 0.076389
8346 0.078907
8347 0.065127
8348 0.043434
8349 0.057391
8350 0.115261
8351 0.157374
8352 0.092672
8353 0.09019
8354 0.104877
8355 0.10031
8356 0.112411
8357 0.038171
8358 0.043188
8359 0.047855
8360 0.048965
8361 0.101142
8362 0.045802
8363 0.04627
8364 0.086767
8365 0.092816
8366 0.15541
8367 0.109127
8368 0.094659
8369 0.213865
8370 0.125984
8371 0.161794
8372 0.197063
8373 0.237507
8374 0.111083
8375 0.130889
8376 0.059873
8377 0.076207
8378 0.124698
8379 0.086501
8380 0.061996
8381 0.048633
8382 0.074653
8383 0.048114
8384 0.090974
8385 0.074024
8386 0.132677
8387 0.108002
8388 0.093299
8389 0.048614
8390 0.066907
8391 0.096187
8392 0.055323
8393 0.047351
8394 0.10003
8395 0.126675
8396 0.067211
8397 0.03366
8398 0.071727
8399 0.090938
8400 0.080136
8401 0.11213
8402 0.132313
8403 0.057804
8404 0.1137
8405 0.162774
8406 0.143353
8407 0.107099
8408 0.076448
8409 0.062427
8410 0.134677
8411 0.054337
8412 0.122176
8413 0.274443
8414 0.181781
8415 0.122087
8416 0.075321
8417 0.199268
8418 0.077408
8419 0.054619
8420 0.111354
8421 0.128106
8422 0.135012
8423 0.0996
8424 0.100157
8425 0.054087
8426 0.079056
8427 0.109338
8428 0.046578
8429 0.052089
8430 0.030383
8431 0.055655
8432 0.080004
8433 0.095212
8434 0.084869
8435 0.076541
8436 0.096553
8437 0.05565
8438 0.074654
8439 0.105215
8440 0.222441
8441 0.105393
8442 0.071706
8443 0.081358
8444 0.043998
8445 0.053246
8446 0.061669
8447 0.065714
8448 0.037403
8449 0.074529
8450 0.099204
8451 0.0637
8452 0.075674
8453 0.210821
8454 0.053627
8455 0.057637
8456 0.058989
8457 0.06716
8458 0.065388
8459 0.049097
8460 0.045431
8461 0.089381
8462 0.086998
8463 0.103833
8464 0.075784
8465 0.107913
8466 0.125351
8467 0.191727
8468 0.138155
8469 0.181721
8470 0.205765
8471 0.249103
8472 0.164259
8473 0.140844
8474 0.110131
8475 0.084032
8476 0.056215
8477 0.056486
8478 0.055227
8479 0.094285
8480 0.048766
8481 0.063613
8482 0.068291
8483 0.064991
8484 0.08558
8485 0.059519
8486 0.051154
8487 0.064415
8488 0.03424
8489 0.049105
8490 0.058467
8491 0.038716
8492 0.13452
8493 0.102097
8494 0.052724
8495 0.092197
8496 0.09266
8497 0.160394
8498 0.123032
8499 0.163775
8500 0.081424
8501 0.099914
8502 0.150477
8503 0.104183
8504 0.041837
8505 0.123066
8506 0.120535
8507 0.154763
8508 0.199231
8509 0.199057
8510 0.070546
8511 0.181594
8512 0.147585
8513 0.17298
8514 0.085688
8515 0.106929
8516 0.111644
8517 0.073021
8518 0.076811
8519 0.07493
8520 0.081193
8521 0.100982
8522 0.085208
8523 0.06672
8524 0.048498
8525 0.059574
8526 0.052128
8527 0.048943
8528 0.038174
8529 0.033371
8530 0.074388
8531 0.030172
8532 0.046809
8533 0.067104
8534 0.083152
8535 0.082753
8536 0.119899
8537 0.1334
8538 0.10974
8539 0.110741
8540 0.070211
8541 0.057599
8542 0.042455
8543 0.039428
8544 0.085994
8545 0.069184
8546 0.065934
8547 0.089993
8548 0.099861
8549 0.098827
8550 0.073678
8551 0.076911
8552 0.129734
8553 0.051711
8554 0.096625
8555 0.087754
8556 0.078811
8557 0.104221
8558 0.034644
8559 0.050703
8560 0.082223
8561 0.112172
8562 0.222819
8563 0.154811
8564 0.138907
8565 0.195967
8566 0.139453
8567 0.123279
8568 0.272751
8569 0.154511
8570 0.238583
8571 0.158514
8572 0.096318
8573 0.050542
8574 0.04619
8575 0.053939
8576 0.049214
8577 0.06273
8578 0.065206
8579 0.048375
8580 0.086511
8581 0.057401
8582 0.080532
8583 0.066713
8584 0.083471
8585 0.040577
8586 0.083723
8587 0.077848
8588 0.068939
8589 0.052022
8590 0.037422
8591 0.074272
8592 0.052867
8593 0.048933
8594 0.042024
8595 0.049576
8596 0.105633
8597 0.155408
8598 0.120395
8599 0.128296
8600 0.120471
8601 0.053845
8602 0.063435
8603 0.061006
8604 0.096571
8605 0.128013
8606 0.127554
8607 0.082899
8608 0.080191
8609 0.080958
8610 0.165534
8611 0.089139
8612 0.259275
8613 0.157198
8614 0.075541
8615 0.095714
8616 0.088035
8617 0.08111
8618 0.059345
8619 0.076635
8620 0.126098
8621 0.084309
8622 0.059157
8623 0.033822
8624 0.037898
8625 0.048837
8626 0.077525
8627 0.068623
8628 0.0339
8629 0.054102
8630 0.051071
8631 0.089315
8632 0.091213
8633 0.108261
8634 0.171756
8635 0.119169
8636 0.106201
8637 0.047404
8638 0.066417
8639 0.071164
8640 0.057128
8641 0.044347
8642 0.044444
8643 0.061024
8644 0.087733
8645 0.084854
8646 0.105317
8647 0.079059
8648 0.150687
8649 0.112431
8650 0.092573
8651 0.070748
8652 0.083019
8653 0.096119
8654 0.065976
8655 0.111581
8656 0.114589
8657 0.082979
8658 0.069341
8659 0.079084
8660 0.142157
8661 0.121326
8662 0.185446
8663 0.128673
8664 0.122026
8665 0.183959
8666 0.199561
8667 0.200073
8668 0.150603
8669 0.134058
8670 0.136984
8671 0.071359
8672 0.068009
8673 0.0412
8674 0.049301
8675 0.093432
8676 0.042526
8677 0.030254
8678 0.02715
8679 0.030435
8680 0.051896
8681 0.061093
8682 0.062486
8683 0.056174
8684 0.072643
8685 0.065187
8686 0.040218
8687 0.045968
8688 0.047057
8689 0.054654
8690 0.0771
8691 0.083423
8692 0.060224
8693 0.073761
8694 0.096631
8695 0.085449
8696 0.122381
8697 0.053974
8698 0.083994
8699 0.053146
8700 0.056982
8701 0.04894
8702 0.045815
8703 0.065857
8704 0.081412
8705 0.20226
8706 0.067706
8707 0.061457
8708 0.103717
8709 0.151048
8710 0.110158
8711 0.039608
8712 0.108311
8713 0.099832
8714 0.118166
8715 0.072528
8716 0.12089
8717 0.104972
8718 0.042818
8719 0.123246
8720 0.067632
8721 0.033793
8722 0.043937
8723 0.052885
8724 0.043882
8725 0.067482
8726 0.055821
8727 0.076017
8728 0.111344
8729 0.06379
8730 0.12105
8731 0.103154
8732 0.137102
8733 0.066807
8734 0.079162
8735 0.100446
8736 0.061609
8737 0.095412
8738 0.072313
8739 0.048562
8740 0.04886
8741 0.089047
8742 0.139517
8743 0.061181
8744 0.206692
8745 0.087899
8746 0.099775
8747 0.135097
8748 0.071718
8749 0.083484
8750 0.105774
8751 0.165951
8752 0.092077
8753 0.068103
8754 0.185038
8755 0.103761
8756 0.085603
8757 0.086898
8758 0.16864
8759 0.191734
8760 0.128585
8761 0.1501
8762 0.090177
8763 0.163928
8764 0.196473
8765 0.193825
8766 0.106949
8767 0.152772
8768 0.137373
8769 0.0805
8770 0.062944
8771 0.097927
8772 0.097923
8773 0.080557
8774 0.120817
8775 0.04923
8776 0.04056
8777 0.103082
8778 0.037012
8779 0.045751
8780 0.050256
8781 0.060307
8782 0.103126
8783 0.059845
8784 0.041576
8785 0.041709
8786 0.068145
8787 0.086546
8788 0.056102
8789 0.062529
8790 0.074589
8791 0.075506
8792 0.066833
8793 0.147489
8794 0.046221
8795 0.058053
8796 0.043635
8797 0.075801
8798 0.068037
8799 0.088221
8800 0.059634
8801 0.079081
8802 0.105572
8803 0.142388
8804 0.090137
8805 0.07837
8806 0.122321
8807 0.057072
8808 0.141015
8809 0.073725
8810 0.083801
8811 0.104798
8812 0.084707
8813 0.084887
8814 0.109347
8815 0.117757
8816 0.139168
8817 0.162817
8818 0.073596
8819 0.058131
8820 0.042459
8821 0.052256
8822 0.074865
8823 0.050853
8824 0.085865
8825 0.08209
8826 0.113961
8827 0.160687
8828 0.179442
8829 0.196494
8830 0.11874
8831 0.168374
8832 0.179923
8833 0.081346
8834 0.109197
8835 0.067031
8836 0.081367
8837 0.04654
8838 0.092888
8839 0.100854
8840 0.131563
8841 0.104066
8842 0.104273
8843 0.089244
8844 0.128182
8845 0.11259
8846 0.089386
8847 0.075665
8848 0.106426
8849 0.082443
8850 0.069599
8851 0.084564
8852 0.165817
8853 0.06937
8854 0.102017
8855 0.185584
8856 0.100185
8857 0.088806
8858 0.136932
8859 0.153759
8860 0.107603
8861 0.151564
8862 0.08775
8863 0.204535
8864 0.135883
8865 0.147899
8866 0.093959
8867 0.072503
8868 0.049282
8869 0.050043
8870 0.117396
8871 0.066523
8872 0.095867
8873 0.03141
8874 0.063537
8875 0.044259
8876 0.064028
8877 0.048863
8878 0.066123
8879 0.089158
8880 0.072164
8881 0.07421
8882 0.111469
8883 0.0819
8884 0.121728
8885 0.082268
8886 0.062563
8887 0.040697
8888 0.041656
8889 0.113536
8890 0.077367
8891 0.065
8892 0.068377
8893 0.052867
8894 0.038139
8895 0.060869
8896 0.023229
8897 0.030443
8898 0.118432
8899 0.086676
8900 0.065057
8901 0.097571
8902 0.118106
8903 0.065555
8904 0.087409
8905 0.063641
8906 0.102684
8907 0.039253
8908 0.061443
8909 0.092919
8910 0.034526
8911 0.045414
8912 0.109424
8913 0.157953
8914 0.094352
8915 0.098464
8916 0.067963
8917 0.076866
8918 0.060109
8919 0.065412
8920 0.062951
8921 0.039749
8922 0.120335
8923 0.032756
8924 0.122964
8925 0.099053
8926 0.102251
8927 0.185913
8928 0.101565
8929 0.094479
8930 0.161927
8931 0.222912
8932 0.135302
8933 0.148196
8934 0.080153
8935 0.07131
8936 0.100977
8937 0.123728
8938 0.081974
8939 0.111234
8940 0.091885
8941 0.138919
8942 0.112936
8943 0.261583
8944 0.115175
8945 0.09614
8946 0.075862
8947 0.068815
8948 0.070945
8949 0.082172
8950 0.044811
8951 0.082824
8952 0.042331
8953 0.093726
8954 0.099987
8955 0.078225
8956 0.131387
8957 0.166294
8958 0.187175
8959 0.131706
8960 0.107318
8961 0.084779
8962 0.087488
8963 0.07921
8964 0.064655
8965 0.059117
8966 0.075593
8967 0.062631
8968 0.089982
8969 0.044254
8970 0.045174
8971 0.091926
8972 0.055374
8973 0.040785
8974 0.055294
8975 0.069365
8976 0.047848
8977 0.105568
8978 0.106238
8979 0.062407
8980 0.069361
8981 0.077725
8982 0.072219
8983 0.048765
8984 0.082051
8985 0.055401
8986 0.059162
8987 0.067133
8988 0.119713
8989 0.058145
8990 0.108044
8991 0.043273
8992 0.049313
8993 0.055742
8994 0.030188
8995 0.062868
8996 0.078235
8997 0.079961
8998 0.115666
8999 0.156228
9000 0.105839
9001 0.104464
9002 0.051058
9003 0.06843
9004 0.079499
9005 0.061054
9006 0.05391
9007 0.099047
9008 0.063557
9009 0.142247
9010 0.105712
9011 0.14695
9012 0.089332
9013 0.104771
9014 0.066798
9015 0.052827
9016 0.049886
9017 0.05815
9018 0.069871
9019 0.113526
9020 0.067265
9021 0.109018
9022 0.076443
9023 0.073666
9024 0.096394
9025 0.128667
9026 0.185143
9027 0.214211
9028 0.181265
9029 0.1322
9030 0.077787
9031 0.137802
9032 0.183566
9033 0.162801
9034 0.237265
9035 0.073354
9036 0.086875
9037 0.116323
9038 0.044942
9039 0.119936
9040 0.144628
9041 0.081085
9042 0.165174
9043 0.124044
9044 0.10235
9045 0.096595
9046 0.051602
9047 0.067388
9048 0.052696
9049 0.078246
9050 0.104261
9051 0.114657
9052 0.0769
9053 0.069015
9054 0.094828
9055 0.181332
9056 0.124785
9057 0.193544
9058 0.156645
9059 0.158653
9060 0.067597
9061 0.040054
9062 0.089692
9063 0.10288
9064 0.052017
9065 0.074635
9066 0.045769
9067 0.040611
9068 0.033067
9069 0.050438
9070 0.044109
9071 0.031849
9072 0.041379
9073 0.06084
9074 0.070535
9075 0.039782
9076 0.069309
9077 0.093946
9078 0.140708
9079 0.037118
9080 0.048151
9081 0.039775
9082 0.039164
9083 0.050506
9084 0.053444
9085 0.040072
9086 0.087154
9087 0.05759
9088 0.034894
9089 0.034353
9090 0.026837
9091 0.030431
9092 0.04
9093 0.055226
9094 0.113706
9095 0.076404
9096 0.135385
9097 0.127986
9098 0.140424
9099 0.114932
9100 0.111012
9101 0.049157
9102 0.025965
9103 0.080836
9104 0.063109
9105 0.046606
9106 0.034693
9107 0.117938
9108 0.117341
9109 0.047019
9110 0.068426
9111 0.114854
9112 0.189079
9113 0.162618
9114 0.090176
9115 0.123969
9116 0.135242
9117 0.109922
9118 0.093918
9119 0.101768
9120 0.152627
9121 0.139516
9122 0.069744
9123 0.11915
9124 0.193972
9125 0.175025
9126 0.236384
9127 0.079547
9128 0.097373
9129 0.117996
9130 0.226092
9131 0.308
9132 0.117756
9133 0.117209
9134 0.108528
9135 0.119412
9136 0.140525
9137 0.086692
9138 0.152367
9139 0.104239
9140 0.111017
9141 0.082519
9142 0.122429
9143 0.106958
9144 0.14632
9145 0.068514
9146 0.092605
9147 0.081556
9148 0.105385
9149 0.151649
9150 0.082193
9151 0.12036
9152 0.071454
9153 0.103851
9154 0.151514
9155 0.081051
9156 0.114625
9157 0.170028
9158 0.112654
9159 0.075276
9160 0.103323
9161 0.056503
9162 0.086189
9163 0.064724
9164 0.050632
9165 0.040742
9166 0.021044
9167 0.019225
9168 0.019424
9169 0.042074
9170 0.043044
9171 0.057455
9172 0.058312
9173 0.038199
9174 0.023102
9175 0.044506
9176 0.056238
9177 0.034993
9178 0.041498
9179 0.047893
9180 0.051629
9181 0.041736
9182 0.023587
9183 0.030935
9184 0.083015
9185 0.069842
9186 0.045943
9187 0.058465
9188 0.062548
9189 0.039354
9190 0.082228
9191 0.061723
9192 0.103132
9193 0.075486
9194 0.096974
9195 0.114494
9196 0.167898
9197 0.122389
9198 0.067891
9199 0.04504
9200 0.023323
9201 0.049948
9202 0.060965
9203 0.099564
9204 0.079731
9205 0.072002
9206 0.039945
9207 0.056148
9208 0.065082
9209 0.101282
9210 0.062972
9211 0.073547
9212 0.077609
9213 0.07827
9214 0.13642
9215 0.111292
9216 0.064963
9217 0.160976
9218 0.094631
9219 0.093519
9220 0.148086
9221 0.092191
9222 0.078661
9223 0.140199
9224 0.128407
9225 0.138556
9226 0.181786
9227 0.312618
9228 0.099332
9229 0.212733
9230 0.240071
9231 0.139771
9232 0.065769
9233 0.098305
9234 0.143524
9235 0.158173
9236 0.156426
9237 0.078784
9238 0.064403
9239 0.115908
9240 0.093827
9241 0.081377
9242 0.092243
9243 0.142175
9244 0.095076
9245 0.110849
9246 0.112027
9247 0.075744
9248 0.07814
9249 0.085944
9250 0.100197
9251 0.105268
9252 0.118113
9253 0.083226
9254 0.086504
9255 0.075146
9256 0.042094
9257 0.055381
9258 0.074859
9259 0.115749
9260 0.116691
9261 0.082928
9262 0.097983
9263 0.045956
9264 0.036676
9265 0.026064
9266 0.037231
9267 0.033874
9268 0.026572
9269 0.018783
9270 0.0731
9271 0.02293
9272 0.025331
9273 0.073408
9274 0.086214
9275 0.048473
9276 0.040066
9277 0.044152
9278 0.032394
9279 0.0726
9280 0.046562
9281 0.028262
9282 0.032017
9283 0.034096
9284 0.030756
9285 0.055186
9286 0.099274
9287 0.102879
9288 0.082891
9289 0.104053
9290 0.116444
9291 0.077359
9292 0.121836
9293 0.136062
9294 0.067976
9295 0.059526
9296 0.098952
9297 0.050426
9298 0.027529
9299 0.064458
9300 0.069869
9301 0.090486
9302 0.066241
9303 0.044755
9304 0.060896
9305 0.083362
9306 0.083845
9307 0.119748
9308 0.089663
9309 0.061685
9310 0.094806
9311 0.076402
9312 0.100532
9313 0.114654
9314 0.085995
9315 0.100866
9316 0.083083
9317 0.110884
9318 0.087045
9319 0.09069
9320 0.061095
9321 0.145352
9322 0.088056
9323 0.107365
9324 0.163065
9325 0.179519
9326 0.204933
9327 0.172112
9328 0.229499
9329 0.16701
9330 0.057479
9331 0.085471
9332 0.154134
9333 0.104664
9334 0.165421
9335 0.101385
9336 0.124407
9337 0.129909
9338 0.085753
9339 0.083428
9340 0.122541
9341 0.074577
9342 0.091702
9343 0.106091
9344 0.11086
9345 0.089447
9346 0.11875
9347 0.045841
9348 0.074606
9349 0.057718
9350 0.053998
9351 0.056496
9352 0.062551
9353 0.046844
9354 0.064938
9355 0.109283
9356 0.064627
9357 0.100995
9358 0.12159
9359 0.062598
9360 0.127998
9361 0.035353
9362 0.067718
9363 0.043379
9364 0.025185
9365 0.036765
9366 0.03177
9367 0.028959
9368 0.034726
9369 0.02371
9370 0.043134
9371 0.058045
9372 0.06527
9373 0.074263
9374 0.03005
9375 0.045431
9376 0.062294
9377 0.071561
9378 0.030204
9379 0.027224
9380 0.030635
9381 0.030783
9382 0.031408
9383 0.067198
9384 0.061034
9385 0.068636
9386 0.064212
9387 0.149328
9388 0.08301
9389 0.116459
9390 0.095342
9391 0.071552
9392 0.09235
9393 0.05604
9394 0.076981
9395 0.027562
9396 0.036184
9397 0.027374
9398 0.044665
9399 0.051913
9400 0.069919
9401 0.061637
9402 0.055253
9403 0.082761
9404 0.075801
9405 0.064348
9406 0.058084
9407 0.040354
9408 0.076726
9409 0.0516
9410 0.113818
9411 0.090068
9412 0.098867
9413 0.093435
9414 0.143304
9415 0.092524
9416 0.070376
9417 0.050427
9418 0.068376
9419 0.083024
9420 0.047843
9421 0.143662
9422 0.100271
9423 0.091567
9424 0.089472
9425 0.213194
9426 0.167529
9427 0.162626
9428 0.150093
9429 0.293057
9430 0.115749
9431 0.203073
9432 0.154317
9433 0.2327
9434 0.143898
9435 0.161182
9436 0.166548
9437 0.068969
9438 0.095959
9439 0.185755
9440 0.218447
9441 0.139388
9442 0.133697
9443 0.061033
9444 0.070433
9445 0.041315
9446 0.061394
9447 0.066791
9448 0.034033
9449 0.079669
9450 0.063371
9451 0.037966
9452 0.059909
9453 0.082114
9454 0.07242
9455 0.090557
9456 0.139342
9457 0.08253
9458 0.044795
9459 0.067329
9460 0.036286
9461 0.022539
9462 0.022684
9463 0.042533
9464 0.048759
9465 0.030596
9466 0.03954
9467 0.032506
9468 0.066995
9469 0.058617
9470 0.068186
9471 0.026763
9472 0.039239
9473 0.04347
9474 0.051685
9475 0.023931
9476 0.032506
9477 0.060154
9478 0.112038
9479 0.070475
9480 0.034077
9481 0.085868
9482 0.097331
9483 0.071786
9484 0.062046
9485 0.143791
9486 0.063505
9487 0.046251
9488 0.053102
9489 0.066955
9490 0.070961
9491 0.103102
9492 0.048731
9493 0.038629
9494 0.023549
9495 0.031519
9496 0.043534
9497 0.036551
9498 0.042409
9499 0.038747
9500 0.042924
9501 0.038715
9502 0.045267
9503 0.033847
9504 0.068238
9505 0.042814
9506 0.041013
9507 0.042656
9508 0.052214
9509 0.110048
9510 0.075458
9511 0.108562
9512 0.182668
9513 0.145919
9514 0.089339
9515 0.047006
9516 0.043618
9517 0.101511
9518 0.064353
9519 0.06597
9520 0.092953
9521 0.137453
9522 0.095534
9523 0.121891
9524 0.097851
9525 0.097007
9526 0.190666
9527 0.10186
9528 0.125698
9529 0.126581
9530 0.114507
9531 0.194182
9532 0.206535
9533 0.136584
9534 0.188016
9535 0.081512
9536 0.127462
9537 0.116921
9538 0.105835
9539 0.169928
9540 0.118551
9541 0.134195
9542 0.057304
9543 0.041224
9544 0.054027
9545 0.064746
9546 0.072655
9547 0.047944
9548 0.112525
9549 0.04172
9550 0.056561
9551 0.085696
9552 0.119843
9553 0.05184
9554 0.094548
9555 0.095994
9556 0.056435
9557 0.084304
9558 0.072723
9559 0.04241
9560 0.036885
9561 0.03225
9562 0.033882
9563 0.031283
9564 0.032199
9565 0.086167
9566 0.075229
9567 0.063317
9568 0.019497
9569 0.043994
9570 0.044263
9571 0.04185
9572 0.023031
9573 0.055103
9574 0.036525
9575 0.082399
9576 0.09977
9577 0.069965
9578 0.081374
9579 0.108036
9580 0.117898
9581 0.058694
9582 0.084951
9583 0.107303
9584 0.075838
9585 0.051173
9586 0.067306
9587 0.060264
9588 0.057063
9589 0.05183
9590 0.03656
9591 0.03398
9592 0.034419
9593 0.024734
9594 0.072166
9595 0.063953
9596 0.062046
9597 0.052356
9598 0.027313
9599 0.033389
9600 0.03715
9601 0.049609
9602 0.039857
9603 0.0498
9604 0.053131
9605 0.044608
9606 0.045874
9607 0.042059
9608 0.082799
9609 0.162384
9610 0.139345
9611 0.248341
9612 0.137657
9613 0.059436
9614 0.044719
9615 0.063101
9616 0.05864
9617 0.094117
9618 0.103412
9619 0.061614
9620 0.055106
9621 0.057359
9622 0.074211
9623 0.133315
9624 0.161229
9625 0.186248
9626 0.092137
9627 0.150193
9628 0.097482
9629 0.191462
9630 0.18342
9631 0.225161
9632 0.161574
9633 0.197354
9634 0.110109
9635 0.134254
9636 0.194361
9637 0.184948
9638 0.113232
9639 0.08857
9640 0.050812
9641 0.078225
9642 0.06626
9643 0.059237
9644 0.071883
9645 0.045343
9646 0.057729
9647 0.048657
9648 0.039675
9649 0.115512
9650 0.101877
9651 0.087178
9652 0.084588
9653 0.102514
9654 0.105097
9655 0.062001
9656 0.065668
9657 0.048999
9658 0.059251
9659 0.035743
9660 0.029764
9661 0.04814
9662 0.046856
9663 0.050858
9664 0.029847
9665 0.039392
9666 0.057085
9667 0.04359
9668 0.041165
9669 0.046467
9670 0.033512
9671 0.051681
9672 0.058755
9673 0.072397
9674 0.113163
9675 0.076681
9676 0.098758
9677 0.070957
9678 0.088256
9679 0.060365
9680 0.073496
9681 0.10242
9682 0.047846
9683 0.037909
9684 0.061364
9685 0.024238
9686 0.037771
9687 0.037543
9688 0.03716
9689 0.034087
9690 0.042622
9691 0.024081
9692 0.038711
9693 0.083691
9694 0.039508
9695 0.032219
9696 0.049951
9697 0.0348
9698 0.033365
9699 0.052682
9700 0.041997
9701 0.041139
9702 0.1123
9703 0.140615
9704 0.067485
9705 0.078072
9706 0.13866
9707 0.095267
9708 0.217392
9709 0.086133
9710 0.114719
9711 0.055341
9712 0.058387
9713 0.131482
9714 0.088518
9715 0.094093
9716 0.063957
9717 0.06084
9718 0.0713
9719 0.084162
9720 0.087439
9721 0.212256
9722 0.101543
9723 0.089585
9724 0.065386
9725 0.101733
9726 0.112364
9727 0.120862
9728 0.139112
9729 0.153271
9730 0.139328
9731 0.121006
9732 0.132875
9733 0.216977
9734 0.224019
9735 0.1727
9736 0.285078
9737 0.095823
9738 0.079152
9739 0.032917
9740 0.032656
9741 0.039857
9742 0.065522
9743 0.039178
9744 0.050063
9745 0.035296
9746 0.117478
9747 0.067659
9748 0.086327
9749 0.135623
9750 0.091409
9751 0.089387
9752 0.079866
9753 0.061726
9754 0.059508
9755 0.064652
9756 0.082186
9757 0.073229
9758 0.04197
9759 0.030256
9760 0.06607
9761 0.022638
9762 0.025462
9763 0.020704
9764 0.020164
9765 0.031488
9766 0.038029
9767 0.01446
9768 0.050733
9769 0.029608
9770 0.054811
9771 0.06613
9772 0.088119
9773 0.067081
9774 0.060308
9775 0.079617
9776 0.076298
9777 0.142094
9778 0.092649
9779 0.07901
9780 0.150147
9781 0.078738
9782 0.06763
9783 0.036468
9784 0.029638
9785 0.033188
9786 0.046832
9787 0.040051
9788 0.055054
9789 0.04547
9790 0.066472
9791 0.065365
9792 0.02483
9793 0.046555
9794 0.04887
9795 0.028038
9796 0.066764
9797 0.039532
9798 0.048913
9799 0.070102
9800 0.075444
9801 0.049222
9802 0.027221
9803 0.05327
9804 0.097494
9805 0.111438
9806 0.116121
9807 0.090696
9808 0.077927
9809 0.035538
9810 0.073023
9811 0.058738
9812 0.071779
9813 0.041202
9814 0.067466
9815 0.040081
9816 0.103861
9817 0.082857
9818 0.120945
9819 0.075549
9820 0.131387
9821 0.093055
9822 0.071616
9823 0.123804
9824 0.128383
9825 0.154458
9826 0.103854
9827 0.191026
9828 0.14103
9829 0.150404
9830 0.125118
9831 0.109015
9832 0.121856
9833 0.193364
9834 0.078977
9835 0.114366
9836 0.066895
9837 0.052422
9838 0.027631
9839 0.04437
9840 0.053542
9841 0.068905
9842 0.042698
9843 0.075527
9844 0.092043
9845 0.139628
9846 0.160403
9847 0.160267
9848 0.069211
9849 0.201899
9850 0.065607
9851 0.073446
9852 0.06533
9853 0.036682
9854 0.046857
9855 0.06838
9856 0.041201
9857 0.039766
9858 0.042968
9859 0.030922
9860 0.030822
9861 0.015697
9862 0.03455
9863 0.025039
9864 0.03376
9865 0.058534
9866 0.091145
9867 0.056574
9868 0.094278
9869 0.072006
9870 0.089684
9871 0.110188
9872 0.146191
9873 0.075857
9874 0.062667
9875 0.07438
9876 0.085596
9877 0.062106
9878 0.054092
9879 0.048194
9880 0.032884
9881 0.025618
9882 0.02197
9883 0.012946
9884 0.033077
9885 0.032494
9886 0.037439
9887 0.059479
9888 0.057929
9889 0.052539
9890 0.02382
9891 0.027184
9892 0.064492
9893 0.031307
9894 0.056495
9895 0.044083
9896 0.018234
9897 0.028609
9898 0.06341
9899 0.048787
9900 0.06666
9901 0.084156
9902 0.062943
9903 0.042731
9904 0.093109
9905 0.06465
9906 0.150365
9907 0.076348
9908 0.042873
9909 0.101986
9910 0.054248
9911 0.087793
9912 0.040743
9913 0.032242
9914 0.100795
9915 0.04659
9916 0.122099
9917 0.118786
9918 0.097468
9919 0.112482
9920 0.048552
9921 0.135343
9922 0.079806
9923 0.090697
9924 0.115031
9925 0.066419
9926 0.111674
9927 0.080489
9928 0.119101
9929 0.145822
9930 0.11477
9931 0.083289
9932 0.089384
9933 0.10024
9934 0.097488
9935 0.065669
9936 0.052905
9937 0.037927
9938 0.072451
9939 0.04908
9940 0.077032
9941 0.042359
9942 0.187033
9943 0.131286
9944 0.09133
9945 0.123075
9946 0.110829
9947 0.127536
9948 0.161866
9949 0.071517
9950 0.051137
9951 0.028432
9952 0.03406
9953 0.041396
9954 0.034283
9955 0.028784
9956 0.027064
9957 0.034794
9958 0.020653
9959 0.025076
9960 0.03701
9961 0.05
9962 0.036998
9963 0.059186
9964 0.037991
9965 0.073805
9966 0.090673
9967 0.095878
9968 0.116138
9969 0.068156
9970 0.112157
9971 0.087502
9972 0.09013
9973 0.106966
9974 0.067297
9975 0.048079
9976 0.060494
9977 0.026055
9978 0.025692
9979 0.03785
9980 0.017097
9981 0.011229
9982 0.01204
9983 0.014191
9984 0.026443
9985 0.032916
9986 0.073775
9987 0.053461
9988 0.023757
9989 0.019733
9990 0.026757
9991 0.032347
9992 0.023623
9993 0.052047
9994 0.032199
9995 0.037301
9996 0.032211
9997 0.058766
9998 0.055275
9999 0.07197
10000 0.06459
10001 0.070041
10002 0.10155
10003 0.096892
10004 0.0706
10005 0.100027
10006 0.069217
10007 0.090971
10008 0.083449
10009 0.066809
10010 0.14232
10011 0.052203
10012 0.045784
10013 0.058516
10014 0.071616
10015 0.172816
10016 0.095254
10017 0.08659
10018 0.071785
10019 0.118164
10020 0.113764
10021 0.119128
10022 0.112684
10023 0.094545
10024 0.050206
10025 0.1451
10026 0.115885
10027 0.163389
10028 0.143415
10029 0.111234
10030 0.131015
10031 0.132483
10032 0.103811
10033 0.047992
10034 0.048857
10035 0.057023
10036 0.054488
10037 0.090746
10038 0.063422
10039 0.070834
10040 0.104716
10041 0.186958
10042 0.107651
10043 0.113714
10044 0.131964
10045 0.091982
10046 0.160208
10047 0.045901
10048 0.033221
10049 0.036906
10050 0.028809
10051 0.037499
10052 0.035498
10053 0.067936
10054 0.065671
10055 0.044248
10056 0.039404
10057 0.036624
10058 0.030184
10059 0.026994
10060 0.037616
10061 0.07674
10062 0.062908
10063 0.06899
10064 0.070218
10065 0.111397
10066 0.062507
10067 0.055279
10068 0.031137
10069 0.098078
10070 0.090715
10071 0.049471
10072 0.04723
10073 0.079378
10074 0.038088
10075 0.045481
10076 0.02338
10077 0.019636
10078 0.020607
10079 0.017948
10080 0.027697
10081 0.024105
10082 0.024793
10083 0.039518
10084 0.041447
10085 0.032381
10086 0.033349
10087 0.031761
10088 0.065803
10089 0.057041
10090 0.069709
10091 0.03407
10092 0.040754
10093 0.056334
10094 0.035889
10095 0.051448
10096 0.046835
10097 0.054002
10098 0.099767
10099 0.03716
10100 0.061185
10101 0.169683
10102 0.048754
10103 0.104222
10104 0.037283
10105 0.045443
10106 0.06151
10107 0.046064
10108 0.06436
10109 0.054884
10110 0.04743
10111 0.100636
10112 0.084031
10113 0.085114
10114 0.150668
10115 0.073913
10116 0.116121
10117 0.073435
10118 0.139177
10119 0.122452
10120 0.077331
10121 0.044322
10122 0.07656
10123 0.129643
10124 0.066855
10125 0.114753
10126 0.093285
10127 0.217906
10128 0.113559
10129 0.136799
10130 0.124411
10131 0.146319
10132 0.058289
10133 0.057488
10134 0.040196
10135 0.065403
10136 0.107107
10137 0.071151
10138 0.057521
10139 0.107062
10140 0.15159
10141 0.105601
10142 0.151218
10143 0.130201
10144 0.07473
10145 0.055613
10146 0.023948
10147 0.023291
10148 0.029136
10149 0.043287
10150 0.046773
10151 0.027347
10152 0.066821
10153 0.033726
10154 0.026545
10155 0.041871
10156 0.029919
10157 0.032652
10158 0.054335
10159 0.035978
10160 0.060381
10161 0.087304
10162 0.079647
10163 0.06287
10164 0.063082
10165 0.046708
10166 0.088445
10167 0.104939
10168 0.080041
10169 0.081716
10170 0.07509
10171 0.056285
10172 0.055921
10173 0.029669
10174 0.050664
10175 0.023497
10176 0.032105
10177 0.034053
10178 0.061411
10179 0.022316
10180 0.037236
10181 0.028422
10182 0.031575
10183 0.076801
10184 0.036758
10185 0.020097
10186 0.045038
10187 0.032722
10188 0.060037
10189 0.044685
10190 0.030956
10191 0.036014
10192 0.030985
10193 0.025719
10194 0.026949
10195 0.047207
10196 0.082898
10197 0.057834
10198 0.121417
10199 0.078552
10200 0.12202
10201 0.088274
10202 0.065677
10203 0.077173
10204 0.028475
10205 0.056954
10206 0.049602
10207 0.030681
10208 0.044989
10209 0.042864
10210 0.053621
10211 0.125557
10212 0.124716
10213 0.082248
10214 0.100992
10215 0.133514
10216 0.128444
10217 0.098521
10218 0.102199
10219 0.052406
10220 0.09725
10221 0.087185
10222 0.073681
10223 0.064463
10224 0.099768
10225 0.100025
10226 0.141551
10227 0.126718
10228 0.064755
10229 0.100286
10230 0.049091
10231 0.037403
10232 0.045715
10233 0.045923
10234 0.03969
10235 0.039948
10236 0.044734
10237 0.088986
10238 0.083005
10239 0.070776
10240 0.082444
10241 0.067859
10242 0.109132
10243 0.05349
10244 0.049574
10245 0.03558
10246 0.05572
10247 0.032494
10248 0.029088
10249 0.0404
10250 0.048706
10251 0.077892
10252 0.037813
10253 0.042804
10254 0.031542
10255 0.070011
10256 0.055753
10257 0.047521
10258 0.05314
10259 0.049911
10260 0.128121
10261 0.067716
10262 0.100444
10263 0.052552
10264 0.066157
10265 0.053513
10266 0.040926
10267 0.099135
10268 0.056553
10269 0.090434
10270 0.093302
10271 0.061966
10272 0.075682
10273 0.026531
10274 0.03205
10275 0.049993
10276 0.056855
10277 0.056801
10278 0.034201
10279 0.043208
10280 0.047591
10281 0.056496
10282 0.045322
10283 0.027821
10284 0.052448
10285 0.033619
10286 0.043024
10287 0.030604
10288 0.028275
10289 0.0254
10290 0.027164
10291 0.028279
10292 0.03378
10293 0.023677
10294 0.059655
10295 0.051205
10296 0.084668
10297 0.074208
10298 0.088679
10299 0.08194
10300 0.050421
10301 0.042393
10302 0.049699
10303 0.061573
10304 0.046369
10305 0.03409
10306 0.044337
10307 0.086767
10308 0.104699
10309 0.092669
10310 0.126003
10311 0.137507
10312 0.102354
10313 0.125294
10314 0.050074
10315 0.124144
10316 0.069038
10317 0.095527
10318 0.043718
10319 0.046686
10320 0.050126
10321 0.179646
10322 0.093753
10323 0.096741
10324 0.102964
10325 0.085181
10326 0.079189
10327 0.044459
10328 0.037899
10329 0.030813
10330 0.042645
10331 0.051995
10332 0.061365
10333 0.085695
10334 0.109448
10335 0.088781
10336 0.077902
10337 0.075327
10338 0.08141
10339 0.095952
10340 0.103152
10341 0.081771
10342 0.048964
10343 0.022809
10344 0.051687
10345 0.053866
10346 0.049059
10347 0.044227
10348 0.023615
10349 0.048507
10350 0.049377
10351 0.044913
10352 0.044238
10353 0.040829
10354 0.087008
10355 0.052752
10356 0.048865
10357 0.044537
10358 0.042551
10359 0.115484
10360 0.055151
10361 0.050133
10362 0.037827
10363 0.119448
10364 0.072597
10365 0.122603
10366 0.07043
10367 0.044969
10368 0.0314
10369 0.087243
10370 0.054287
10371 0.053645
10372 0.043962
10373 0.059891
10374 0.07538
10375 0.047947
10376 0.044469
10377 0.036978
10378 0.044037
10379 0.024687
10380 0.038969
10381 0.025474
10382 0.043767
10383 0.03589
10384 0.035753
10385 0.037603
10386 0.031781
10387 0.021202
10388 0.031398
10389 0.031152
10390 0.024876
10391 0.060621
10392 0.050033
10393 0.085806
10394 0.071877
10395 0.075991
10396 0.053058
10397 0.070651
10398 0.039186
10399 0.097017
10400 0.068385
10401 0.028557
10402 0.077328
10403 0.047673
10404 0.065676
10405 0.086659
10406 0.080892
10407 0.07181
10408 0.113253
10409 0.110354
10410 0.139185
10411 0.200055
10412 0.126072
10413 0.07466
10414 0.106544
10415 0.049731
10416 0.060994
10417 0.086154
10418 0.065005
10419 0.08637
10420 0.101778
10421 0.083785
10422 0.109851
10423 0.073244
10424 0.060145
10425 0.07833
10426 0.060008
10427 0.050683
10428 0.028533
10429 0.027284
10430 0.040636
10431 0.073379
10432 0.125415
10433 0.089325
10434 0.120657
10435 0.053937
10436 0.089328
10437 0.040451
10438 0.104426
10439 0.080741
10440 0.039912
10441 0.049554
10442 0.073187
10443 0.035376
10444 0.038612
10445 0.039134
10446 0.063075
10447 0.057003
10448 0.093499
10449 0.026524
10450 0.030821
10451 0.069871
10452 0.065877
10453 0.11066
10454 0.124295
10455 0.057829
10456 0.098358
10457 0.05646
10458 0.04313
10459 0.050867
10460 0.054448
10461 0.050855
10462 0.038591
10463 0.061847
10464 0.113473
10465 0.086716
10466 0.060323
10467 0.076178
10468 0.083306
10469 0.125105
10470 0.041162
10471 0.029157
10472 0.057292
10473 0.066721
10474 0.066373
10475 0.023355
10476 0.02687
10477 0.055015
10478 0.056306
10479 0.069289
10480 0.035904
10481 0.025292
10482 0.026181
10483 0.024481
10484 0.027844
10485 0.063756
10486 0.044722
10487 0.031552
10488 0.014429
10489 0.031758
10490 0.051099
10491 0.039538
10492 0.109801
10493 0.09599
10494 0.059316
10495 0.066393
10496 0.055198
10497 0.068555
10498 0.029478
10499 0.0422
10500 0.058871
10501 0.151103
10502 0.100923
10503 0.088195
10504 0.061688
10505 0.058802
10506 0.060223
10507 0.11472
10508 0.092712
10509 0.081085
10510 0.052769
10511 0.058179
10512 0.04757
10513 0.03271
10514 0.036033
10515 0.066031
10516 0.08671
10517 0.139151
10518 0.124979
10519 0.130191
10520 0.078346
10521 0.054583
10522 0.062615
10523 0.034306
10524 0.060614
10525 0.017816
10526 0.019878
10527 0.035665
10528 0.040123
10529 0.043665
10530 0.057946
10531 0.088712
10532 0.103762
10533 0.078816
10534 0.090853
10535 0.093136
10536 0.051626
10537 0.083556
10538 0.054699
10539 0.055201
10540 0.065868
10541 0.033766
10542 0.085117
10543 0.095101
10544 0.064186
10545 0.03748
10546 0.03289
10547 0.090131
10548 0.061383
10549 0.057113
10550 0.110782
10551 0.106161
10552 0.074996
10553 0.040116
10554 0.122622
10555 0.077571
10556 0.038724
10557 0.047809
10558 0.031695
10559 0.040983
10560 0.08449
10561 0.04404
10562 0.071255
10563 0.049163
10564 0.039609
10565 0.071764
10566 0.041431
10567 0.054898
10568 0.045333
10569 0.037949
10570 0.032049
10571 0.033804
10572 0.035375
10573 0.056725
10574 0.025313
10575 0.056015
10576 0.044774
10577 0.064468
10578 0.033274
10579 0.027623
10580 0.031644
10581 0.031657
10582 0.017526
10583 0.026982
10584 0.02545
10585 0.014462
10586 0.01541
10587 0.021091
10588 0.027456
10589 0.046382
10590 0.068989
10591 0.1229
10592 0.069146
10593 0.079867
10594 0.071898
10595 0.034814
10596 0.029109
10597 0.044169
10598 0.027617
10599 0.083562
10600 0.110092
10601 0.083326
10602 0.064327
10603 0.042536
10604 0.051641
10605 0.093364
10606 0.130921
10607 0.069545
10608 0.160807
10609 0.069196
10610 0.049221
10611 0.056266
10612 0.044614
10613 0.113932
10614 0.106296
10615 0.142435
10616 0.12111
10617 0.080894
10618 0.091242
10619 0.048306
10620 0.063687
10621 0.039057
10622 0.035494
10623 0.024416
10624 0.022579
10625 0.025828
10626 0.027658
10627 0.094788
10628 0.064519
10629 0.077015
10630 0.066288
10631 0.046827
10632 0.075404
10633 0.049018
10634 0.047203
10635 0.054202
10636 0.028005
10637 0.023037
10638 0.046697
10639 0.031709
10640 0.036787
10641 0.033864
10642 0.051225
10643 0.084432
10644 0.058144
10645 0.17632
10646 0.070804
10647 0.07213
10648 0.043439
10649 0.126828
10650 0.06845
10651 0.086697
10652 0.153449
10653 0.142158
10654 0.061381
10655 0.08173
10656 0.089024
10657 0.066998
10658 0.068452
10659 0.06467
10660 0.057764
10661 0.064655
10662 0.038497
10663 0.077139
10664 0.118277
10665 0.062193
10666 0.043762
10667 0.037221
10668 0.025503
10669 0.038337
10670 0.046507
10671 0.050997
10672 0.048655
10673 0.029404
10674 0.046357
10675 0.028253
10676 0.026989
10677 0.020671
10678 0.013026
10679 0.019057
10680 0.027306
10681 0.016871
10682 0.010694
10683 0.012543
10684 0.029625
10685 0.057285
10686 0.05603
10687 0.044546
10688 0.047092
10689 0.080982
10690 0.035788
10691 0.037611
10692 0.023612
10693 0.065342
10694 0.051667
10695 0.044438
10696 0.041976
10697 0.051012
10698 0.076059
10699 0.048255
10700 0.045335
10701 0.02949
10702 0.052624
10703 0.044926
10704 0.072267
10705 0.09984
10706 0.08438
10707 0.074573
10708 0.084146
10709 0.036136
10710 0.059281
10711 0.095333
10712 0.103719
10713 0.132997
10714 0.110092
10715 0.070262
10716 0.069494
10717 0.055512
10718 0.045725
10719 0.040007
10720 0.020985
10721 0.018958
10722 0.032979
10723 0.027646
10724 0.034968
10725 0.034203
10726 0.058879
10727 0.066278
10728 0.044627
10729 0.11691
10730 0.048816
10731 0.03539
10732 0.04399
10733 0.067539
10734 0.045637
10735 0.031661
10736 0.040107
10737 0.023331
10738 0.023831
10739 0.043369
10740 0.068995
10741 0.040939
10742 0.052092
10743 0.121083
10744 0.115973
10745 0.06342
10746 0.067329
10747 0.069553
10748 0.161323
10749 0.105983
10750 0.10283
10751 0.081101
10752 0.070092
10753 0.079706
10754 0.077492
10755 0.084491
10756 0.062895
10757 0.121693
10758 0.081402
10759 0.118999
10760 0.065795
10761 0.070728
10762 0.067851
10763 0.072366
10764 0.104114
10765 0.058396
10766 0.021334
10767 0.039982
10768 0.020389
10769 0.063975
10770 0.051412
10771 0.045999
10772 0.03832
10773 0.028292
10774 0.027218
10775 0.052054
10776 0.023305
10777 0.010665
10778 0.022837
10779 0.031161
10780 0.011683
10781 0.023603
10782 0.029769
10783 0.046541
10784 0.037153
10785 0.071027
10786 0.04273
10787 0.082494
10788 0.051084
10789 0.042076
10790 0.038249
10791 0.042729
10792 0.044889
10793 0.081256
10794 0.101638
10795 0.091846
10796 0.082865
10797 0.054723
10798 0.04855
10799 0.04041
10800 0.050327
10801 0.042077
10802 0.064649
10803 0.080243
10804 0.068271
10805 0.102484
10806 0.102405
10807 0.062476
10808 0.069682
10809 0.068114
10810 0.085951
10811 0.118155
10812 0.070254
10813 0.081881
10814 0.044141
10815 0.050853
10816 0.02332
10817 0.031308
10818 0.027951
10819 0.027515
10820 0.017918
10821 0.01847
10822 0.037039
10823 0.053499
10824 0.039007
10825 0.045192
10826 0.030098
10827 0.032406
10828 0.043277
10829 0.018375
10830 0.032525
10831 0.030085
10832 0.029272
10833 0.038725
10834 0.034269
10835 0.048499
10836 0.054169
10837 0.066534
10838 0.049833
10839 0.042429
10840 0.028586
10841 0.044128
10842 0.039884
10843 0.032296
10844 0.096163
10845 0.074584
10846 0.069146
10847 0.075124
10848 0.086977
10849 0.059524
10850 0.100598
10851 0.057538
10852 0.074454
10853 0.042181
10854 0.048623
10855 0.07001
10856 0.073218
10857 0.092823
10858 0.074768
10859 0.099113
10860 0.043272
10861 0.079221
10862 0.036079
10863 0.047606
10864 0.052031
10865 0.018238
10866 0.038359
10867 0.026741
10868 0.075091
10869 0.051059
10870 0.040468
10871 0.058934
10872 0.025536
10873 0.031879
10874 0.022352
10875 0.021006
10876 0.022236
10877 0.017381
10878 0.022654
10879 0.019373
10880 0.031565
10881 0.042513
10882 0.044421
10883 0.06943
10884 0.034529
10885 0.07504
10886 0.047509
10887 0.056826
10888 0.034307
10889 0.043818
10890 0.07961
10891 0.042473
10892 0.072714
10893 0.041828
10894 0.090075
10895 0.042401
10896 0.040208
10897 0.044726
10898 0.077166
10899 0.103898
10900 0.075746
10901 0.041903
10902 0.125945
10903 0.068361
10904 0.101618
10905 0.140682
10906 0.115644
10907 0.058918
10908 0.026119
10909 0.06789
10910 0.050896
10911 0.051283
10912 0.033868
10913 0.052347
10914 0.043109
10915 0.019975
10916 0.036465
10917 0.031864
10918 0.018934
10919 0.024336
10920 0.037391
10921 0.087215
10922 0.031235
10923 0.029573
10924 0.042621
10925 0.037092
10926 0.037127
10927 0.047453
10928 0.033888
10929 0.025172
10930 0.024102
10931 0.017014
10932 0.036017
10933 0.015811
10934 0.036861
10935 0.038841
10936 0.057747
10937 0.045772
10938 0.082235
10939 0.068784
10940 0.064958
10941 0.077796
10942 0.119898
10943 0.067763
10944 0.073535
10945 0.060843
10946 0.059125
10947 0.089535
10948 0.109545
10949 0.060158
10950 0.044988
10951 0.062084
10952 0.045932
10953 0.056065
10954 0.057306
10955 0.07715
10956 0.140752
10957 0.063873
10958 0.111968
10959 0.029124
10960 0.049386
10961 0.02731
10962 0.030337
10963 0.043005
10964 0.023678
10965 0.041924
10966 0.046257
10967 0.053119
10968 0.035742
10969 0.033169
10970 0.037993
10971 0.027919
10972 0.022136
10973 0.038959
10974 0.018111
10975 0.016124
10976 0.034303
10977 0.042897
10978 0.062913
10979 0.03593
10980 0.039836
10981 0.044713
10982 0.02639
10983 0.036803
10984 0.070911
10985 0.057594
10986 0.043493
10987 0.060959
10988 0.08896
10989 0.044737
10990 0.045414
10991 0.051294
10992 0.037668
10993 0.038069
10994 0.061322
10995 0.045521
10996 0.053344
10997 0.051248
10998 0.059567
10999 0.056165
11000 0.104922
11001 0.112664
11002 0.234603
11003 0.069557
11004 0.115817
11005 0.061364
11006 0.050597
11007 0.073372
11008 0.068256
11009 0.043119
11010 0.058395
11011 0.049882
11012 0.025703
11013 0.056232
11014 0.031601
11015 0.052471
11016 0.019456
11017 0.0265
11018 0.018762
11019 0.030541
11020 0.043575
11021 0.035872
11022 0.030582
11023 0.067609
11024 0.03459
11025 0.02631
11026 0.019682
11027 0.019618
11028 0.041914
11029 0.030137
11030 0.026524
11031 0.026007
11032 0.021123
11033 0.032227
11034 0.045881
11035 0.03711
11036 0.094108
11037 0.047207
11038 0.078952
11039 0.048707
11040 0.023496
11041 0.092682
11042 0.103927
11043 0.114952
11044 0.099365
11045 0.097345
11046 0.049055
11047 0.115725
11048 0.090701
11049 0.08179
11050 0.045433
11051 0.032935
11052 0.107103
11053 0.11782
11054 0.09997
11055 0.106592
11056 0.147056
11057 0.062024
11058 0.071363
11059 0.096546
11060 0.074523
11061 0.064909
11062 0.061046
11063 0.048699
11064 0.037742
11065 0.058959
11066 0.029811
11067 0.057086
11068 0.033347
11069 0.046402
11070 0.047726
11071 0.041388
11072 0.035843
11073 0.015802
11074 0.023903
