1 0.038585846437881474
2 0.04625592665802973
3 0.05661181565848715
4 0.052034928108872516
5 0.053982302097710114
6 0.05164785425470222
7 0.05386945616747873
8 0.058075265811637654
9 0.06145396408589707
10 0.05676557866988012
11 0.05891394498867038
12 0.06093170250375857
13 0.07019721880978583
14 0.054972287229268474
15 0.06890414294626723
16 0.047898118266505176
17 0.05350756623463451
18 0.059587539161518654
19 0.05286265900412969
20 0.06014615068810766
21 0.04774385106347777
22 0.054994757895637285
23 0.05780853402543469
24 0.05732003231813555
25 0.05830917262810388
26 0.047456820572450924
27 0.04216956944709417
28 0.050201115994311415
29 0.04430117702041364
30 0.04377192345262627
31 0.04315462331359049
32 0.05109086074441662
33 0.042765494676606786
34 0.05378172600549961
35 0.05870615075854197
36 0.04985034127707825
37 0.05076860868584307
38 0.05183577157019942
39 0.050648483425533894
40 0.05521760277188534
41 0.05553510355297605
42 0.05765656982407857
43 0.07168063141672998
44 0.0742812562928376
45 0.06236595262189014
46 0.07430597696801984
47 0.08241160402767474
48 0.06784271122550248
49 0.05112796013769045
50 0.05789085246992798
51 0.055575713176741266
52 0.0415024361787502
53 0.05433265126661783
54 0.05259230063483076
55 0.05055512107541176
56 0.04227234284824633
57 0.061067400109538456
58 0.060976793830994414
59 0.05917662415471056
60 0.059722903604098675
61 0.06013552661820948
62 0.06538026825448612
63 0.07374741606117344
64 0.059824907032870786
65 0.04363969504692257
66 0.05851298488074194
67 0.06286654813950712
68 0.06639509157999252
69 0.0694666746021735
70 0.06688245947407809
71 0.08744051940544204
72 0.08277380604649778
73 0.07266553082344326
74 0.07787326326835473
75 0.06737990578679487
76 0.06442403437406431
77 0.06119068344741317
78 0.05994040279032626
79 0.060082383161585894
80 0.0712503558978636
81 0.06062324559101503
82 0.058903436607943435
83 0.06669166894559181
84 0.07955580651732536
85 0.08365665664012788
86 0.07099954299624298
87 0.06274104918029497
88 0.05756119969029079
89 0.06318502951047107
90 0.06915490610554975
91 0.06841298164582861
92 0.059653186580716264
93 0.06702247932373187
94 0.06614033949149163
95 0.07594867425455502
96 0.0810787711634295
97 0.07697796494049937
98 0.07211964264486087
99 0.04933821204089811
100 0.04906211504230632
101 0.04720964690723178
102 0.050984941384961936
103 0.05290584716650503
104 0.052425306706534044
105 0.059750089666187965
106 0.07654382680668229
107 0.06499820876110038
108 0.05743189042780948
109 0.06639331103191215
110 0.055611985641300814
111 0.07281908718927005
112 0.06403667971348269
113 0.05992174541965705
114 0.06069506197763073
115 0.07324013008575532
116 0.05543313776950987
117 0.05757219582478957
118 0.05212128058282332
119 0.050945683900835155
120 0.06086064713593766
121 0.05361187830184766
122 0.05217250250918742
123 0.05499536568081127
124 0.05093236213326799
125 0.04721251177936265
126 0.04297341931818189
127 0.04564913121618931
128 0.04389721473102094
129 0.045664361517917036
130 0.055030953742531384
131 0.06443235720849422
132 0.05975298742515909
133 0.057530770176883565
134 0.05612402264186384
135 0.057084528502622585
136 0.06638350870796986
137 0.05079310480257743
138 0.06049017102828954
139 0.06450505509104926
140 0.06198102341696824
141 0.060876941660629694
142 0.06796267306910665
143 0.05540564322847335
144 0.07070952254407628
145 0.06939086489510057
146 0.06408189073630599
147 0.05397702226859119
148 0.04647353521051114
149 0.060103665582832984
150 0.057323529016993884
151 0.06557348934507769
152 0.05271918948643038
153 0.06582323151090583
154 0.053789021429629144
155 0.044873910752776844
156 0.05734401810427565
157 0.07324077024962247
158 0.08110358990240091
159 0.06664054311028031
160 0.07007919371987258
161 0.06698121922748776
162 0.05983394140314473
163 0.048669679535620874
164 0.0560877595395217
165 0.06062273172343275
166 0.06904394317895117
167 0.06884193794121334
168 0.08158968002269441
169 0.06867724755766905
170 0.08036222483855494
171 0.07654513140939266
172 0.05798761299055286
173 0.06586233468457356
174 0.0542750407441645
175 0.05978857416579826
176 0.06200456969316387
177 0.05892898272754732
178 0.0705291063561981
179 0.07137345065528722
180 0.07392273326493877
181 0.07363974681557896
182 0.09789700529908345
183 0.08894427002990277
184 0.07705133790169326
185 0.06479228896372723
186 0.07594115365830796
187 0.07193325534555446
188 0.0645074162237038
189 0.07315746433158385
190 0.06879872935297458
191 0.057476805026692286
192 0.059350023859422674
193 0.07307281819367209
194 0.06835627652739827
195 0.08365012202122618
196 0.0764126478455164
197 0.04553985473663053
198 0.046618908617164216
199 0.048391700464058315
200 0.060883561519428496
201 0.05317171632219157
202 0.06311722752451114
203 0.05693395898090743
204 0.06847419277125466
205 0.06195087162669145
206 0.06453804609770701
207 0.05596051393937295
208 0.06315499953035045
209 0.07079584310257087
210 0.07068557858123713
211 0.06452819035254442
212 0.06475687723197175
213 0.06294046092114386
214 0.06325772388035622
215 0.05549172828466436
216 0.062872334987919
217 0.054007017057116476
218 0.07004643327666171
219 0.06094221646231446
220 0.05957513080452416
221 0.045205053098613154
222 0.05416640622428695
223 0.04221945296563685
224 0.060232056735388305
225 0.04709009277856294
226 0.04212418323039531
227 0.041839441821338835
228 0.054099059099376644
229 0.04988008425034724
230 0.051460075669566355
231 0.05370662290310478
232 0.05391562684475015
233 0.04747861158885842
234 0.06069369311176834
235 0.061329361115136344
236 0.06192924624754517
237 0.0640429792311456
238 0.06250906869038352
239 0.0794199698632269
240 0.0599916198415577
241 0.07345968053972733
242 0.05506697171612711
243 0.07737748490509512
244 0.057997537587113686
245 0.06704091626268203
246 0.05783923234272488
247 0.05287502682616516
248 0.0661467969605316
249 0.05654440432372979
250 0.06828293825147623
251 0.05579873217767905
252 0.052541599815629385
253 0.06342485506308759
254 0.061640481817426575
255 0.07020698555932109
256 0.07501313449329039
257 0.056729264607505346
258 0.07658914925270535
259 0.07804573755127285
260 0.06628792755861267
261 0.06802906456898516
262 0.06768705598238417
263 0.07337914843035037
264 0.07773930906432817
265 0.06018665058447608
266 0.07390906808342083
267 0.07645241217388388
268 0.08058547386055946
269 0.06779409036594744
270 0.07097161574685981
271 0.0738926247509503
272 0.05868254048420997
273 0.06680263462360055
274 0.05831416225349102
275 0.06754292081048992
276 0.07570594044052716
277 0.07869685411357213
278 0.06934252449938741
279 0.07801972248891013
280 0.072148832292284
281 0.07224396004513625
282 0.07494226992636308
283 0.07156584947033011
284 0.07173265049783421
285 0.07009417565533012
286 0.06983926172223756
287 0.07784661165257943
288 0.07872543831392527
289 0.0737639460852132
290 0.06813300935557262
291 0.06957524997048978
292 0.09047248647117787
293 0.06511093629330625
294 0.08648052965289574
295 0.048062914480475165
296 0.06329714827827129
297 0.04341943275338268
298 0.06708068123595752
299 0.051147519284533906
300 0.05437361761871292
301 0.05653211652364435
302 0.06522990417378575
303 0.07522516262510662
304 0.06380974378396399
305 0.0657357266736178
306 0.08272780846851291
307 0.08485383677657958
308 0.0787319022723816
309 0.09314442935417296
310 0.07344500702875709
311 0.08741450369203206
312 0.06612697081647913
313 0.07197907742459174
314 0.07551249001523368
315 0.06909881069576286
316 0.07247190037657403
317 0.06558336532244972
318 0.057173870569625924
319 0.05952238681915852
320 0.0522045819596065
321 0.06188241813077452
322 0.055737163782705164
323 0.050952446034008204
324 0.05206207566556572
325 0.05081950941346383
326 0.055969482032385956
327 0.05796147652288632
328 0.047845343712725245
329 0.058527915519749556
330 0.05716629966081665
331 0.0588367019293284
332 0.06568934140176046
333 0.061406035930884194
334 0.055880733095747474
335 0.07139301147764762
336 0.08075978301411126
337 0.09663399886205891
338 0.0729529450085789
339 0.07221742327773428
340 0.06858383325478037
341 0.06984862634925072
342 0.06308659898824524
343 0.06251706121930693
344 0.07322754496916538
345 0.0755971263155392
346 0.053440928095302695
347 0.06837673533288444
348 0.06201006793729948
349 0.057377663645747645
350 0.0614088812401854
351 0.061028709275314674
352 0.054921888831563785
353 0.06535240347725099
354 0.061694675230991564
355 0.06212674303014867
356 0.0793580748058705
357 0.06304488820281419
358 0.06134289550805922
359 0.06760242070550948
360 0.06564443051973519
361 0.08101436762584024
362 0.06769255967444986
363 0.07810923523091444
364 0.06077187875037595
365 0.0765180567377943
366 0.0763446977833287
367 0.06615847455702782
368 0.08414957639482244
369 0.08285876576445642
370 0.07042461932723104
371 0.07265355665514103
372 0.0690199563947243
373 0.06418113235619065
374 0.08045981050346489
375 0.07916255568639416
376 0.08317999616324742
377 0.07120697912815208
378 0.09202166547648637
379 0.08000313656910489
380 0.07462921216959609
381 0.06256449015807067
382 0.07292964663376926
383 0.0744283508818649
384 0.07489583062300006
385 0.0781488678252363
386 0.08315476605146693
387 0.06351764302804906
388 0.06623160886049108
389 0.08043284164751595
390 0.08399679866700373
391 0.07002347748002465
392 0.06527038988842569
393 0.048502665367494
394 0.05693754368177754
395 0.06219362316253788
396 0.05512565340496315
397 0.06210092063609616
398 0.0650357110110424
399 0.06789042257928339
400 0.07573642206341051
401 0.06840983681984235
402 0.07067942783734618
403 0.07859394198289787
404 0.10112592953604185
405 0.08423063126951937
406 0.06684813276813995
407 0.0789386167322702
408 0.07845028751165928
409 0.07570858802990359
410 0.07704055873806241
411 0.07688355559023857
412 0.08485710237011561
413 0.08652403189981611
414 0.07485227119558693
415 0.0642869902512881
416 0.06084324578673861
417 0.0543050426061691
418 0.058734951010165556
419 0.04678990206312556
420 0.06074170976341787
421 0.057228339923215625
422 0.05757178070002121
423 0.055674601823810746
424 0.05209748987899627
425 0.05716403592356621
426 0.05502413492658919
427 0.04847107742755001
428 0.0626214569286428
429 0.05457159322350543
430 0.053826748087470795
431 0.06822145317494653
432 0.05756805800583963
433 0.07400711062449261
434 0.07728784468241656
435 0.07597142225121015
436 0.08137752148281895
437 0.07299710916437929
438 0.07336790753147739
439 0.0665032191116983
440 0.07914980189024964
441 0.06654515977483758
442 0.09105120055571991
443 0.06859704245076413
444 0.053833973533063656
445 0.06254802359068838
446 0.06601408388337987
447 0.05910305275425326
448 0.053612061997703006
449 0.057782473277639655
450 0.053900678392276954
451 0.06844222745721039
452 0.055831405221030125
453 0.08214991625637068
454 0.07268081874567245
455 0.0737404103755533
456 0.07085740085233422
457 0.08375144399746891
458 0.08454917519837911
459 0.06843883802034821
460 0.0686096792391927
461 0.06599946142297006
462 0.06448734234155414
463 0.06624307834608431
464 0.06560503515249472
465 0.06613831998649332
466 0.08291499355729448
467 0.0684639014121804
468 0.062106481448348246
469 0.0741920295103547
470 0.07913817727867394
471 0.07530285300556394
472 0.08184392505296811
473 0.06402445733588431
474 0.06580087388988748
475 0.08231268996864281
476 0.08886237988783713
477 0.07981838096935208
478 0.08507305802016296
479 0.06732513620905214
480 0.08543910980152414
481 0.08700971326059398
482 0.07137022215693084
483 0.08879418750961164
484 0.07541840950799138
485 0.06932817648423521
486 0.08144148168991203
487 0.07146975749151545
488 0.07718929742300125
489 0.07402135012838913
490 0.06862989866783166
491 0.055143383315637264
492 0.06630292990919805
493 0.04931266407138546
494 0.05105982938280237
495 0.06768417015195564
496 0.08274609065261361
497 0.08720358534441165
498 0.0694845323202622
499 0.08016106852971615
500 0.0814849449313013
501 0.08305453334418456
502 0.09358474583490199
503 0.10621383466647913
504 0.08536830660160531
505 0.09538411583893612
506 0.07868168923410414
507 0.08680523258830133
508 0.07362883804887858
509 0.08665195651254533
510 0.08588558969010102
511 0.07791037890332161
512 0.06578244797898189
513 0.06874025772443842
514 0.07089182521283585
515 0.05961065935099534
516 0.057808911733263114
517 0.05737643815926487
518 0.05314439266455115
519 0.059364084202604875
520 0.047179728116693985
521 0.05968249494599564
522 0.07756044568835638
523 0.058967781293646306
524 0.06632900345549561
525 0.047046717746448474
526 0.06024549698049706
527 0.049123548952352054
528 0.05414011157106713
529 0.0575123844333881
530 0.06079867122182273
531 0.07936725040090825
532 0.07494216535403214
533 0.08937427565041546
534 0.06878640216456952
535 0.07932276998457746
536 0.07559587599646904
537 0.0731755407411385
538 0.08953191781923653
539 0.09553198131786643
540 0.07927927448533452
541 0.07521108879359181
542 0.0667396762588587
543 0.05970031659442851
544 0.054545814979100535
545 0.054664118554088724
546 0.0624678354045464
547 0.06086866195172721
548 0.05312001986993615
549 0.06509447036396218
550 0.06784992360748969
551 0.06602965502890994
552 0.07468052825380671
553 0.069581456068311
554 0.07856814801099182
555 0.07550337915074322
556 0.08181182029128788
557 0.07619470854848459
558 0.06641986175528056
559 0.09041876098970157
560 0.06486504696074971
561 0.06925386910112609
562 0.07113650137256479
563 0.0869352534976876
564 0.06852743589697027
565 0.06251393768814491
566 0.0586169829057129
567 0.069262428531341
568 0.07019490093615777
569 0.0763585162361973
570 0.06672803979068001
571 0.08466240142825816
572 0.07301272703320177
573 0.07972465127611715
574 0.09763747068785383
575 0.09424973925165389
576 0.09024282112664112
577 0.07991692329375355
578 0.06784452815704559
579 0.07794372391560869
580 0.06968912726631189
581 0.07573583970358566
582 0.06639949548024913
583 0.0836720236029283
584 0.07387558314510227
585 0.08280247035516744
586 0.07157652315163071
587 0.0691779884004464
588 0.0778174198066138
589 0.052854174299359076
590 0.0572037550581955
591 0.05850336505976554
592 0.07561308748994466
593 0.06962121286276446
594 0.06802952272416946
595 0.07096820119321202
596 0.05886918167359773
597 0.07356789867841297
598 0.07995009145151043
599 0.0967179322422315
600 0.07330252362039402
601 0.09732808375636764
602 0.07730862721336501
603 0.08406274485897607
604 0.09273625889762618
605 0.09537797018438256
606 0.0788316048026378
607 0.07148596275826079
608 0.06330236599066094
609 0.07345700332059375
610 0.0732472862901068
611 0.06847572698827728
612 0.07156510405620375
613 0.06163534946899952
614 0.04859156533709844
615 0.06056799565863751
616 0.05939509420164102
617 0.05623213805578573
618 0.06376799519565304
619 0.06301750236961338
620 0.06957446148227113
621 0.06680881347003927
622 0.0783364337290215
623 0.07647559114745683
624 0.058909111686661124
625 0.05671864215717418
626 0.06164777547581378
627 0.06456027800000115
628 0.06623675821475536
629 0.0951006503739515
630 0.08385370562447458
631 0.10188956261655724
632 0.09088290685226193
633 0.07247158195592968
634 0.08177150689085863
635 0.08948478819293103
636 0.0783933528158349
637 0.08472915119909886
638 0.07999071058404435
639 0.08491229285538546
640 0.08433553437013526
641 0.06395585523596993
642 0.06018552757587964
643 0.07483788801122578
644 0.06935993193805129
645 0.06992562647901761
646 0.06766195734752067
647 0.06612910483645737
648 0.07198604216005476
649 0.07247185787650239
650 0.08034773888107784
651 0.0917398822230468
652 0.09062132006947259
653 0.08823368041633708
654 0.08482076612427096
655 0.0787478823851785
656 0.08296236812644883
657 0.08675598385100342
658 0.0819291249720828
659 0.06670097034774379
660 0.06048138070946215
661 0.0716640604738924
662 0.08081406657225872
663 0.0708288569468064
664 0.07256745968583854
665 0.08544818221271042
666 0.08569395682051717
667 0.062386397115218276
668 0.0788552074832415
669 0.07801909866792407
670 0.08381691052731281
671 0.0701510582329108
672 0.07371349858896596
673 0.09783893488505731
674 0.08038059513616293
675 0.08675846623066458
676 0.07139580023565094
677 0.08123000670565275
678 0.06727666337979196
679 0.08932807890281802
680 0.07956221397966771
681 0.07598437580698741
682 0.07996333991904381
683 0.07955269831176595
684 0.0654229149143834
685 0.07210508852787294
686 0.06880963112772835
687 0.057446847247690204
688 0.06907760550331309
689 0.05508007430225272
690 0.07647075949547838
691 0.07627149941107883
692 0.06881818923787224
693 0.06862197349070823
694 0.07966711613807785
695 0.08134567090836194
696 0.07516447196954232
697 0.08921556301688514
698 0.08911141972095526
699 0.09676705055994048
700 0.0865241250031661
701 0.07099105572401376
702 0.08365014102687138
703 0.0875370546424693
704 0.09911775609709847
705 0.09136119008953664
706 0.08190270786589424
707 0.08317621524458693
708 0.0682530599416289
709 0.07418855753503369
710 0.05860671258765322
711 0.06749124089289461
712 0.04263646418938007
713 0.044229447930737825
714 0.0518915934062288
715 0.051006084998274165
716 0.059092013691551835
717 0.0670751399120159
718 0.0677717227159583
719 0.05793105348357755
720 0.06973196513668586
721 0.0734163146814858
722 0.07179358212009947
723 0.06217613440460525
724 0.06646647914519571
725 0.07502944998355147
726 0.07141451769927507
727 0.07803730281476765
728 0.08745587512873995
729 0.08577608551775587
730 0.10417214341899961
731 0.08908028534083484
732 0.07189289567253257
733 0.09024881702644635
734 0.08818037248700203
735 0.08442426563677063
736 0.07488892645544305
737 0.08795904206139023
738 0.07011445358374506
739 0.06920893758794
740 0.05462082775790584
741 0.06804905870329957
742 0.06932287882916884
743 0.0713481669653697
744 0.06810768491458867
745 0.061923325244920974
746 0.061660615183086645
747 0.06469956469282943
748 0.0938936347938666
749 0.09129592849387436
750 0.0926019726402165
751 0.08528460067220915
752 0.08391243518717469
753 0.08815997636261742
754 0.08450422256538324
755 0.09407973397165051
756 0.07555208888172928
757 0.0748807023578428
758 0.0961257549227087
759 0.07865168361964249
760 0.08673970181751074
761 0.06727383171200065
762 0.06541115567600138
763 0.0867615518553695
764 0.06347448569629922
765 0.07003661331445558
766 0.07567834535008192
767 0.07111727998895663
768 0.07590484371077871
769 0.060183533292503345
770 0.06285153035183669
771 0.07583838461806526
772 0.0889325595288034
773 0.08121647462638436
774 0.08819404537671804
775 0.07700390196026373
776 0.07387919965843828
777 0.07531619125595351
778 0.06969797058160455
779 0.06743713342404418
780 0.08833904522447021
781 0.06552051079883356
782 0.06677761135447455
783 0.06707588468703786
784 0.0665601240424175
785 0.050243281083258325
786 0.06553099129068593
787 0.06416070841082132
788 0.06846618851997532
789 0.07284456011884424
790 0.07425248249198749
791 0.06381897859297295
792 0.07694106544508861
793 0.08280588079124457
794 0.06944535058154795
795 0.07991764667019655
796 0.11513122401894477
797 0.0899689495922565
798 0.08695317781238665
799 0.09193124338720052
800 0.10003761349644841
801 0.1026142981117986
802 0.08714985716357647
803 0.09649762428651751
804 0.0804956168155667
805 0.07106235066586956
806 0.0735707735833447
807 0.06470132943121608
808 0.04728718569530949
809 0.05024761624374158
810 0.05128357302519848
811 0.04894800838566201
812 0.05487612800011071
813 0.05278061634323476
814 0.05848848113372331
815 0.05178561533433142
816 0.059345179787190734
817 0.07757249947168995
818 0.05658113014285052
819 0.07915271530178897
820 0.08113834003602058
821 0.07486035167768265
822 0.0663378081863733
823 0.06702561347930949
824 0.05878794845969336
825 0.06890300252473539
826 0.07888485180300472
827 0.08969349902602126
828 0.09184067016826272
829 0.07257937088064072
830 0.08394843937602128
831 0.07718882727009815
832 0.07672885348704872
833 0.08644423787248783
834 0.07930223605684388
835 0.0784318546638882
836 0.08454249963718255
837 0.07206459999077539
838 0.07623437615844444
839 0.059024486510465234
840 0.0641942666522413
841 0.07182667455339478
842 0.06671373812388927
843 0.06405738312237373
844 0.05967008578381996
845 0.08569212450511413
846 0.10852180660948493
847 0.09198276785313887
848 0.10787249667904689
849 0.08434558508881439
850 0.07398797622445188
851 0.08748841618608043
852 0.0890959586077848
853 0.06913407794021179
854 0.08904318161355296
855 0.07260775537848518
856 0.08209102250665329
857 0.07439373300885002
858 0.08663430149460433
859 0.07208881346729121
860 0.08421744370019608
861 0.09039408643138849
862 0.07102219530712181
863 0.06298173808367931
864 0.06368592598583608
865 0.09340555538780611
866 0.08277565956878145
867 0.06479144289285335
868 0.060919561272903336
869 0.0729381126391551
870 0.07644203570242412
871 0.07353272757300362
872 0.08009849544896032
873 0.06252025128875952
874 0.06797659544593945
875 0.07971209503397615
876 0.06606875030910847
877 0.08199020166395092
878 0.07161895846151374
879 0.076293308007708
880 0.05930145651189881
881 0.06251278158106172
882 0.080914237950231
883 0.051581832785238625
884 0.06838485782139157
885 0.06348858579916619
886 0.079809249226825
887 0.07597217470253666
888 0.08185425372472792
889 0.07705249016203015
890 0.09447039043977667
891 0.0936263778447292
892 0.0834885643176098
893 0.10239076132086955
894 0.07326250936958689
895 0.09789936666540636
896 0.08954586734905193
897 0.08029601184726667
898 0.07488249668867726
899 0.0817578197889256
900 0.09538012258586652
901 0.09243977280118876
902 0.06776765455660372
903 0.07277280082457088
904 0.07413585971891985
905 0.056341060303556165
906 0.06299103822959173
907 0.05001383480548344
908 0.05473445641702721
909 0.05629410951946574
910 0.05055818343037851
911 0.04574900802098859
912 0.06494271424512392
913 0.06999038964891965
914 0.06648924094674706
915 0.06570697443071612
916 0.07282109911694566
917 0.07847722185208984
918 0.07224701941254195
919 0.07792676478456183
920 0.07632152882008111
921 0.07277115030433853
922 0.07165761718239116
923 0.06693099480057903
924 0.08925239567034282
925 0.08656099911708415
926 0.08746621946509904
927 0.08158456509636883
928 0.07624496075203843
929 0.07423255774338952
930 0.09575228528359485
931 0.09145925306675187
932 0.07044568299940178
933 0.06403807109334204
934 0.07782861265778108
935 0.07145036024904766
936 0.07337593323294446
937 0.0711990526782714
938 0.06420354813810371
939 0.0701898020656382
940 0.0746819880056891
941 0.0749752518785274
942 0.06449702090307763
943 0.08045282761772493
944 0.0844576448144627
945 0.1005160682836184
946 0.11859926221638396
947 0.10355693885523502
948 0.07693732784655218
949 0.09733788464583218
950 0.0823675315739552
951 0.0952845715630356
952 0.08137104499433996
953 0.08845053757248249
954 0.0861382933619418
955 0.0746710552618654
956 0.07992004950871821
957 0.07180532829846273
958 0.06686942588432691
959 0.07625182287558305
960 0.09102802744495155
961 0.0722212903957528
962 0.0666414326909436
963 0.07670892423005497
964 0.08070499340478351
965 0.07795969514002905
966 0.06379688902906547
967 0.06492096292650602
968 0.06108850717825642
969 0.07769975133363684
970 0.0761574586659489
971 0.0638471257811369
972 0.06161677748807747
973 0.05609801156812556
974 0.06566856382556045
975 0.07701083595563996
976 0.07620611185261127
977 0.06825120455381799
978 0.06694453861099811
979 0.0615742022959641
980 0.06619463552325304
981 0.062478888674175
982 0.07945625759705785
983 0.06674876557763176
984 0.08000123106564898
985 0.08249893222700179
986 0.08359972333799805
987 0.08742519738193229
988 0.0921911249611056
989 0.08286836855062586
990 0.08351734787277074
991 0.07352313876829276
992 0.08092840886497078
993 0.09246734347647893
994 0.07591171775063664
995 0.07426668078427248
996 0.09515781068939426
997 0.07289821359332006
998 0.07390379998831427
999 0.08160652478024011
1000 0.06701462283232335
1001 0.07775039540968917
1002 0.06700079088746728
1003 0.0744829493617481
1004 0.059514971311375765
1005 0.05657972411388554
1006 0.057694631881833026
1007 0.061060234161250074
1008 0.061569654787778164
1009 0.07120652889677206
1010 0.0550766143735123
1011 0.0614202681685902
1012 0.060507432437300314
1013 0.061881151861635474
1014 0.05982550443132889
1015 0.07369980411827137
1016 0.06608241070766267
1017 0.07626978141609209
1018 0.06532867102054676
1019 0.08637395568398284
1020 0.07015445043839702
1021 0.08690781880947902
1022 0.08337751886100496
1023 0.0844859679898486
1024 0.08927036731394211
1025 0.09879683480717592
1026 0.07636709190209497
1027 0.09856324715532659
1028 0.08495750828127953
1029 0.08333079849231982
1030 0.07032648622989165
1031 0.0790209588138061
1032 0.08614342194994176
1033 0.06868747092564247
1034 0.08637952260227767
1035 0.08118746712216572
1036 0.07560426715163729
1037 0.06818846716233622
1038 0.07036211477741923
1039 0.0723442724520212
1040 0.09527452909302277
1041 0.08582033576073451
1042 0.09105539939167083
1043 0.09847031195865365
1044 0.08037978148580983
1045 0.07677632718674123
1046 0.0936941524006894
1047 0.08702252018191124
1048 0.09132351334445221
1049 0.11338558112299345
1050 0.09604783264485559
1051 0.10200187898030758
1052 0.10973267977480716
1053 0.11275722782368261
1054 0.09115176228996809
1055 0.09289719526219532
1056 0.09221455005576955
1057 0.08965005423738073
1058 0.07602571580343809
1059 0.07746681685329526
1060 0.07498814121701623
1061 0.072360431255637
1062 0.07987258750899
1063 0.09705576570366087
1064 0.07166669732486969
1065 0.0828203320947205
1066 0.06910626007372656
1067 0.08348938716247575
1068 0.06844496937830942
1069 0.06993624577998984
1070 0.07204252857086174
1071 0.06460483230564765
1072 0.06319116459600985
1073 0.06067418994064703
1074 0.07313667066944585
1075 0.09298951529916712
1076 0.059883168405456856
1077 0.06289350337406226
1078 0.06352158362640228
1079 0.0662793720783788
1080 0.0726468111388992
1081 0.08084066533699799
1082 0.08573499478726745
1083 0.08632662351892069
1084 0.06929433685478754
1085 0.08274512213545987
1086 0.07753397306290609
1087 0.08110890222947123
1088 0.08624840354490954
1089 0.0703483508776334
1090 0.07180675499225407
1091 0.07390115768346771
1092 0.08876922600049895
1093 0.0744005059243233
1094 0.07989055032948861
1095 0.08924375717162977
1096 0.07508803701059037
1097 0.07107818606175177
1098 0.06888458653787845
1099 0.05897357295048281
1100 0.07262681737003676
1101 0.07696651914850759
1102 0.06618218675880214
1103 0.060946277845135836
1104 0.07184527821151361
1105 0.07335944044891492
1106 0.06024396963473783
1107 0.06926039307025116
1108 0.06306182371863686
1109 0.06265615441147945
1110 0.06491005605025978
1111 0.07404474757020428
1112 0.07285981381005621
1113 0.06734411664035314
1114 0.06702925969859039
1115 0.07791531607362633
1116 0.07858652157273412
1117 0.07207448319836822
1118 0.08039368266166656
1119 0.0883510662208704
1120 0.09320829065280328
1121 0.08806160875235541
1122 0.0964809421851396
1123 0.1047793812607373
1124 0.10209945973920252
1125 0.10679643155647009
1126 0.10080919129342793
1127 0.07320209103802724
1128 0.07452749831505792
1129 0.07530247949502814
1130 0.09233083130578927
1131 0.08716293096453431
1132 0.07871429026944823
1133 0.09172884327733702
1134 0.08212199253975179
1135 0.08138529375204345
1136 0.08798746309299635
1137 0.08035592980832491
1138 0.09343655904938572
1139 0.10267561987890014
1140 0.09152234668642172
1141 0.08603780675693376
1142 0.10358809659991312
1143 0.1073282378208996
1144 0.11012585070571101
1145 0.09893504231958039
1146 0.09697101642702997
1147 0.09457571097094969
1148 0.09392584033211401
1149 0.11741515205417664
1150 0.09154332058047429
1151 0.09928070795269982
1152 0.0894641318808441
1153 0.09493010741448606
1154 0.0896455612708941
1155 0.0890577466325729
1156 0.0698929747063006
1157 0.08402236848118093
1158 0.07630097986543757
1159 0.06630174937088726
1160 0.07708616174657944
1161 0.08766532897583783
1162 0.09033124265912064
1163 0.08891037678008441
1164 0.07968029787139323
1165 0.09019287392848885
1166 0.07835352208856343
1167 0.08403281560917354
1168 0.06412108725461362
1169 0.06144766365023356
1170 0.061134362307784906
1171 0.05748267433387054
1172 0.10480079453317076
1173 0.08116258465344688
1174 0.07321701253508496
1175 0.08379732358986636
1176 0.06500416868198235
1177 0.06841910491683574
1178 0.06302513481498644
1179 0.07205801072440977
1180 0.07570658325684801
1181 0.07330103662787597
1182 0.06868998833169077
1183 0.08465021295290352
1184 0.0772166866056832
1185 0.08599460040762133
1186 0.07492310921533066
1187 0.06893843071219748
1188 0.07108073833321102
1189 0.08107346693682128
1190 0.0793899201571093
1191 0.06802704228393476
1192 0.07508770473296673
1193 0.09141766597486545
1194 0.06561036692807516
1195 0.0700193298285548
1196 0.08131764251876468
1197 0.08195351985955039
1198 0.07801454283497282
1199 0.08496262429457101
1200 0.06531891037798072
1201 0.06659112232238631
1202 0.08244261411896972
1203 0.08031135763959948
1204 0.0781072052036294
1205 0.09314716934600563
1206 0.0843916478495463
1207 0.05971663577301054
1208 0.07233508451083452
1209 0.07286807761900474
1210 0.06363764227278697
1211 0.07096406796881807
1212 0.08658707195720795
1213 0.0806022376267972
1214 0.08914518850685287
1215 0.08056495062064196
1216 0.08647695888616043
1217 0.08738775029877814
1218 0.08568992570803675
1219 0.07713645524707183
1220 0.08132842819687591
1221 0.08715930649711617
1222 0.0969016909156706
1223 0.09308636710666189
1224 0.10754073186514845
1225 0.0945491951588925
1226 0.08337024253865975
1227 0.09382893912044099
1228 0.08134954891936406
1229 0.06852519200399664
1230 0.09111073672084198
1231 0.09275367028500622
1232 0.07669020923335994
1233 0.09333442431274014
1234 0.10081218920376113
1235 0.10119199825586984
1236 0.1039532105141609
1237 0.09193038975058279
1238 0.09777335993145907
1239 0.09015124933013087
1240 0.08956531359405719
1241 0.08574608192875761
1242 0.0946731660425928
1243 0.10891528044449987
1244 0.10483854287681929
1245 0.0951259495643381
1246 0.10207415784631156
1247 0.09295538018987665
1248 0.11211996223315075
1249 0.11961300524895184
1250 0.09087514441220275
1251 0.1096320592521993
1252 0.08129776965128703
1253 0.07227410317781847
1254 0.059229398592093085
1255 0.07290011621703428
1256 0.06583824370650006
1257 0.09616406196224538
1258 0.08626451846908627
1259 0.10084961273419842
1260 0.1006144381804575
1261 0.08918208733613002
1262 0.09518781295957522
1263 0.08802503229036852
1264 0.08412968294472152
1265 0.07422274157320943
1266 0.07860918895983796
1267 0.05969260380042681
1268 0.07591979707313377
1269 0.06756869594875016
1270 0.0724838165768561
1271 0.07931566175682113
1272 0.08725338876584976
1273 0.059978619632763144
1274 0.05755759210907195
1275 0.0683817909239374
1276 0.0866547510625844
1277 0.08104542415368154
1278 0.08003437156287387
1279 0.09099169094909419
1280 0.07775024467491619
1281 0.07919793769200888
1282 0.0833244401507383
1283 0.08306301153805969
1284 0.08737537538892677
1285 0.07823365412465663
1286 0.07378920126083312
1287 0.06532731850262281
1288 0.09045418626455853
1289 0.06763623114880347
1290 0.08472580191789318
1291 0.0812217289511212
1292 0.08015378696657822
1293 0.08785984617928684
1294 0.0900258586298737
1295 0.09072058716480212
1296 0.0884835048984466
1297 0.0935973128485827
1298 0.08077921483342461
1299 0.08990811009530698
1300 0.06528722626377599
1301 0.0860019335673068
1302 0.08541784645349874
1303 0.08123420992239172
1304 0.08026223419423664
1305 0.07114814781793281
1306 0.06976122118741802
1307 0.07022748629116167
1308 0.05742458519201782
1309 0.07103803181657009
1310 0.06748018513751043
1311 0.07158233628142117
1312 0.07635742087462834
1313 0.09669583331273858
1314 0.10114235088108448
1315 0.09492648000815862
1316 0.07979384683441859
1317 0.08214961955146047
1318 0.08050742350973841
1319 0.09156204897181322
1320 0.10256483500303577
1321 0.09239723352390856
1322 0.1018245686713223
1323 0.11933796738362248
1324 0.0945892875514978
1325 0.08878909585641252
1326 0.08902942125724086
1327 0.07657589151813167
1328 0.1008413641999317
1329 0.08871873089043318
1330 0.09257707557759702
1331 0.08453238862269169
1332 0.10233508246657859
1333 0.10171549775374221
1334 0.08952843109207458
1335 0.098523916483752
1336 0.0960440493953496
1337 0.08640501359966525
1338 0.11277273102528965
1339 0.1026914025715666
1340 0.08437195412448305
1341 0.09275415068491073
1342 0.0977323193770373
1343 0.10735998506239344
1344 0.11505619934384648
1345 0.12529989057726998
1346 0.10904645808456292
1347 0.09954405185322156
1348 0.10295234816030104
1349 0.10429096546053152
1350 0.1015005151755709
1351 0.08969805634126972
1352 0.07515073458891612
1353 0.06675652198573097
1354 0.07714694786473966
1355 0.07618021352988966
1356 0.07071033650236182
1357 0.07681936838879702
1358 0.09892809720657239
1359 0.09605378166215207
1360 0.10012393325577049
1361 0.09819940753581284
1362 0.08417334483781552
1363 0.07362437677884232
1364 0.06181625434975908
1365 0.09061691729882046
1366 0.07305417632126265
1367 0.09042885473626328
1368 0.07394580294273959
1369 0.08266752414905938
1370 0.078155302073457
1371 0.07274650508758895
1372 0.05928056525881513
1373 0.08283285889103768
1374 0.07681922944413679
1375 0.07733235875797209
1376 0.08815392463337161
1377 0.07333476858514965
1378 0.09877612100940453
1379 0.06869214337825785
1380 0.07661213432231863
1381 0.07527845471866754
1382 0.08340930428715497
1383 0.07537335463079613
1384 0.07482711745046497
1385 0.06624060745980767
1386 0.08022042176933071
1387 0.08573788052167348
1388 0.07907929005795451
1389 0.09778769030950299
1390 0.09472599630137278
1391 0.09205672938724112
1392 0.08280298397781849
1393 0.09335093673567371
1394 0.09329130575017869
1395 0.07252875055950356
1396 0.08958104878811042
1397 0.08190083613565159
1398 0.08067099434151859
1399 0.09092201744979551
1400 0.10719014327180816
1401 0.08939528941978804
1402 0.09198506668423134
1403 0.08091451579947251
1404 0.08194818534420849
1405 0.08772059806739889
1406 0.0786366250865592
1407 0.07019938922087315
1408 0.07941451984141068
1409 0.1017398450385856
1410 0.08317004249145932
1411 0.07986579181636667
1412 0.08524071790466636
1413 0.0986801417946433
1414 0.07618340128617354
1415 0.09007486355872048
1416 0.08295574310783582
1417 0.10776077015298131
1418 0.10977428341866578
1419 0.08403883527843242
1420 0.11020403384718534
1421 0.12252364230883281
1422 0.10245517949166999
1423 0.10074181793254798
1424 0.09623640551262347
1425 0.0881294087029067
1426 0.10210415950098899
1427 0.08286500577473964
1428 0.09619270132267747
1429 0.09848816594402442
1430 0.10553552064884436
1431 0.09222048951610992
1432 0.0868531776353308
1433 0.08957773212757496
1434 0.1062596283232335
1435 0.12440834104025855
1436 0.10463926062320392
1437 0.10420845822858527
1438 0.1054768191551633
1439 0.1199629995365783
1440 0.11605606300509368
1441 0.11366817340989543
1442 0.10842544438827977
1443 0.10406139224848769
1444 0.1043090109307924
1445 0.10997866805269663
1446 0.10231852466284991
1447 0.08925557302665567
1448 0.0908351471107202
1449 0.10246181584621927
1450 0.09746331477145441
1451 0.08125872527481032
1452 0.08019786051007823
1453 0.06530194687305621
1454 0.09349533926485931
1455 0.06955027294815228
1456 0.09900455118116908
1457 0.0903112865769746
1458 0.09319473307298343
1459 0.08733508858468123
1460 0.080615934683205
1461 0.06822301552841674
1462 0.07143616316429027
1463 0.08774363261031334
1464 0.0965237915925643
1465 0.0867044375968169
1466 0.09597062208617216
1467 0.08865779607586553
1468 0.08024894566160765
1469 0.07921470001076383
1470 0.050465119122453835
1471 0.05666191336482154
1472 0.06917803644100204
1473 0.07195215106521924
1474 0.07626853449213071
1475 0.07297974539405741
1476 0.08922880582121757
1477 0.10344639021793044
1478 0.08517212253064121
1479 0.09906541644899691
1480 0.06932581237256892
1481 0.07113729408370202
1482 0.08200867269993048
1483 0.08419313935471155
1484 0.09366851385206312
1485 0.07358279962484125
1486 0.08434037945391287
1487 0.08511839778597215
1488 0.07689643293884793
1489 0.09773747697857958
1490 0.08389113711869232
1491 0.09332916221079295
1492 0.09121673181940079
1493 0.09751266604512997
1494 0.08479970619411108
1495 0.06825612735299515
1496 0.09844216643987563
1497 0.08364617804620247
1498 0.08901289265463785
1499 0.0952281087254481
1500 0.0804964076705413
1501 0.08839133328080873
1502 0.08264340802939857
1503 0.08216798382284185
1504 0.07836071283306713
1505 0.0718911306908199
1506 0.08291391139046518
1507 0.09177440525324128
1508 0.10111773954848262
1509 0.08479647567516045
1510 0.11005038122289192
1511 0.07682579506570691
1512 0.08260528157275834
1513 0.09380183324105133
1514 0.09598711065123021
1515 0.09853806539463893
1516 0.10545020927339732
1517 0.0820097645281319
1518 0.0857936025991095
1519 0.10763388745175395
1520 0.11421035243784564
1521 0.11868306551552832
1522 0.11378107877901683
1523 0.09961068856564267
1524 0.10511467972890001
1525 0.0935915962400738
1526 0.0847747589242908
1527 0.11083391230850453
1528 0.09860769963977932
1529 0.10602628286968291
1530 0.11078782401835052
1531 0.1136548669779052
1532 0.10592766471246787
1533 0.11491383507699908
1534 0.11046719576224147
1535 0.12111230018900175
1536 0.1111077464653622
1537 0.12995901622526668
1538 0.08916744305314893
1539 0.1115136075678734
1540 0.12962803321303282
1541 0.11906459030505183
1542 0.10740474907790344
1543 0.13290716359329227
1544 0.1030443738056073
1545 0.07948282939235501
1546 0.08649796083436637
1547 0.13085158375490735
1548 0.10295773730633777
1549 0.09660140364173023
1550 0.09816832897752252
1551 0.07894956948731231
1552 0.07595202866111506
1553 0.0961779363736068
1554 0.10237493894657279
1555 0.09193570975016754
1556 0.09989208781900209
1557 0.08437918560424668
1558 0.06580942472798551
1559 0.09985514233322071
1560 0.07093798499263286
1561 0.08224539528216845
1562 0.0875275828176514
1563 0.09736269819397027
1564 0.10174019553218225
1565 0.07897967334777559
1566 0.06703412932665387
1567 0.0638982564390457
1568 0.05510098152592349
1569 0.06934956543206353
1570 0.08426835556261184
1571 0.08019705101848519
1572 0.09409655804636784
1573 0.08546909489011877
1574 0.07502289525120616
1575 0.08405012898377756
1576 0.07277479904760284
1577 0.0654656223083692
1578 0.07053910869004908
1579 0.07888983114776116
1580 0.08359943031044946
1581 0.0688717584186833
1582 0.07602445701201556
1583 0.0754193095005032
1584 0.0836303207113474
1585 0.08349718678861208
1586 0.08581637646780935
1587 0.09978228433643857
1588 0.0914085156551854
1589 0.10683721724798173
1590 0.09553256933238208
1591 0.08597765862869385
1592 0.0890860776784309
1593 0.09051329686075564
1594 0.09164533257258635
1595 0.09878657157354169
1596 0.09997637667639928
1597 0.09792323910728158
1598 0.07906539979431638
1599 0.0713675815893296
1600 0.07401421077299417
1601 0.09361214308391314
1602 0.07431469387970117
1603 0.06754822439996518
1604 0.10221331679157387
1605 0.09114838923655286
1606 0.08875012512412873
1607 0.07982270956226178
1608 0.0924139122530159
1609 0.10059033029164323
1610 0.10019236888258541
1611 0.10175436142275338
1612 0.11567670721681163
1613 0.11776187638342309
1614 0.1223858599872496
1615 0.09331223510104021
1616 0.0975675458473602
1617 0.1142186359264833
1618 0.11647679668724448
1619 0.11293001636590455
1620 0.10923139773391563
1621 0.11902148866510483
1622 0.1033657636998392
1623 0.14292113610620216
1624 0.11337155339294133
1625 0.11343022860724762
1626 0.10677610910082934
1627 0.1110198352215881
1628 0.12319817303709181
1629 0.10670894090714374
1630 0.12786829525771956
1631 0.12003617307923854
1632 0.12871445231318862
1633 0.12747709016372774
1634 0.127608157782682
1635 0.12653520431223528
1636 0.12560445922775348
1637 0.12251113479392044
1638 0.1249344937674813
1639 0.10923039682061733
1640 0.11039704551817874
1641 0.10618615860344346
1642 0.08657851710231783
1643 0.0935697571073408
1644 0.09719874789095187
1645 0.11239991410816051
1646 0.10218870399606479
1647 0.10702645849249255
1648 0.08885554249793973
1649 0.08243262543749329
1650 0.08802331683753346
1651 0.0951551485316186
1652 0.07969553346924027
1653 0.10093048007622107
1654 0.09334988398145361
1655 0.08727737553825628
1656 0.09293787332011628
1657 0.07049800081000666
1658 0.0809622881567587
1659 0.09002445250571209
1660 0.08934224745877813
1661 0.09246548682960959
1662 0.09013723399737361
1663 0.08007092793103665
1664 0.06384243787114662
1665 0.05954316957283116
1666 0.05595875528773978
1667 0.06197875297543019
1668 0.07746274468902448
1669 0.08245407419302225
1670 0.07458112820215597
1671 0.09380144223740533
1672 0.10082405101782292
1673 0.09611791565861502
1674 0.06689883460630151
1675 0.09059330542114342
1676 0.07850823186952967
1677 0.09057786479045182
1678 0.0706981810842904
1679 0.07981921069160522
1680 0.08040309126745315
1681 0.0756341100447631
1682 0.08758559792733489
1683 0.09531872087099129
1684 0.07906086960030949
1685 0.08651430834496283
1686 0.09791279065565667
1687 0.09828085718479068
1688 0.0776064356332903
1689 0.08606567793004695
1690 0.11450288366460087
1691 0.08386304716174552
1692 0.10175671159999772
1693 0.10376315229784985
1694 0.08809252436152867
1695 0.10172819856994084
1696 0.08153803408670389
1697 0.09724115913355
1698 0.09564586609888401
1699 0.07919215201275216
1700 0.08675519486161061
1701 0.09141939366019933
1702 0.10270064404119791
1703 0.0909569000713433
1704 0.0903805863082316
1705 0.11467334998085701
1706 0.09454040975916275
1707 0.08705567500597212
1708 0.10970869629001893
1709 0.11059440549101275
1710 0.10782884074762161
1711 0.14865718891242055
1712 0.14499644029241035
1713 0.13145055574962028
1714 0.12029062607312604
1715 0.1222411017055546
1716 0.15075746036788673
1717 0.14742260414911096
1718 0.14283982346946797
1719 0.1279053765890683
1720 0.10730729122102499
1721 0.10369314188175853
1722 0.10629820943010537
1723 0.1189911708859759
1724 0.133884003317673
1725 0.13282984463953892
1726 0.11731570295729105
1727 0.14461386680170027
1728 0.14552115856724232
1729 0.12811255629610252
1730 0.12387906520691379
1731 0.09970412182337539
1732 0.11602430600541037
1733 0.11840294433005336
1734 0.11706255738307333
1735 0.10698178889817656
1736 0.13044354908551048
1737 0.09602914470149254
1738 0.10488181506650282
1739 0.09784513577580778
1740 0.10825076460953767
1741 0.11638337388047393
1742 0.10504859498728245
1743 0.09753181233340334
1744 0.09993081500920314
1745 0.09729948194017009
1746 0.12260836806739575
1747 0.09443966622036648
1748 0.10232005359377509
1749 0.14578879671031864
1750 0.11663546361870016
1751 0.1082302987382472
1752 0.08942952902119194
1753 0.11025961772991234
1754 0.09029505480748266
1755 0.08895325713845577
1756 0.08300789041232272
1757 0.07965746813095695
1758 0.1021398429057324
1759 0.07742732759646082
1760 0.07433693544366077
1761 0.054214131709371526
1762 0.06877643790066762
1763 0.06111784241725167
1764 0.0470312264759498
1765 0.06499607415349111
1766 0.06523302820383955
1767 0.06117765513064261
1768 0.06198333472930345
1769 0.08633872095471964
1770 0.10041968558106892
1771 0.09315920380577163
1772 0.0684220309404937
1773 0.09212548388048872
1774 0.07310136296401956
1775 0.09898374335289367
1776 0.09264394390351843
1777 0.06938482970941875
1778 0.06865482636099282
1779 0.08001168181778802
1780 0.08682865662730052
1781 0.07882978517606096
1782 0.08755319619627086
1783 0.10206090313421481
1784 0.10537579639396023
1785 0.08102238378028445
1786 0.07926495714748816
1787 0.0916012568825785
1788 0.10143719824102307
1789 0.11135315134631604
1790 0.11967603899653877
1791 0.10969902417399356
1792 0.08479024068284745
1793 0.0887802370553382
1794 0.0705083868821704
1795 0.072544171047353
1796 0.08487156468749914
1797 0.08830059571347723
1798 0.07800335967057231
1799 0.08627803237869616
1800 0.08867363117532273
1801 0.08743577359866203
1802 0.09915989394177117
1803 0.12801634787435606
1804 0.10482370385590008
1805 0.0952046769769052
1806 0.09429268857662321
1807 0.10862270185562903
1808 0.10650916117647966
1809 0.12738378858425076
1810 0.10584265308888455
1811 0.12864112957892143
1812 0.1262803127707684
1813 0.12848106692050296
1814 0.14605377163967667
1815 0.14124473391445058
1816 0.15660729020041864
1817 0.15781132157910843
1818 0.13172197141114095
1819 0.1116418670010155
1820 0.14025574133828894
1821 0.12214488616053475
1822 0.12692556512954103
1823 0.12165828500861067
1824 0.12677311156859752
1825 0.1340507625919244
1826 0.1393783565344163
1827 0.12529055086915736
1828 0.1344361851974759
1829 0.11708212350498305
1830 0.10702394596984956
1831 0.11697442116154182
1832 0.10890246306412654
1833 0.10975621903131982
1834 0.11071067660636909
1835 0.10670520627223619
1836 0.10046755452656551
1837 0.11026872535725186
1838 0.1152461760423197
1839 0.09691415980417069
1840 0.1156538974503134
1841 0.09946029632507848
1842 0.09885970209629497
1843 0.11417662586071654
1844 0.1172176261336112
1845 0.10841357784331852
1846 0.12277509749089725
1847 0.1208500954630374
1848 0.09144191386206618
1849 0.1121266894802602
1850 0.09520926481524264
1851 0.07720484925431492
1852 0.0800548870685608
1853 0.07874345830381556
1854 0.07480439897787775
1855 0.09616354899202591
1856 0.08849127299377864
1857 0.08102679881558322
1858 0.08444257190792641
1859 0.07266157296982599
1860 0.055127662204474424
1861 0.05918568543857362
1862 0.05572533383817003
1863 0.06250887021220881
1864 0.06050372722477277
1865 0.0651657594912507
1866 0.071264248767948
1867 0.09749353563603519
1868 0.09996925785160997
1869 0.08623162748711215
1870 0.08261487264056225
1871 0.10147203783244096
1872 0.08463208278446364
1873 0.07914090928939428
1874 0.09049707341503656
1875 0.07466792371435167
1876 0.0816849392970929
1877 0.0815513804929199
1878 0.09269611163279662
1879 0.09761481130161061
1880 0.09108956894702512
1881 0.09860281078142927
1882 0.10122754460066524
1883 0.08872339428566567
1884 0.09142867723219024
1885 0.09494825135385307
1886 0.10971158681281229
1887 0.09080709286437545
1888 0.10511461534016943
1889 0.0664620627626839
1890 0.09129892051015795
1891 0.07474165810781012
1892 0.08427447214202821
1893 0.0825884320656701
1894 0.09437592707654308
1895 0.08048948696962158
1896 0.07359510043947266
1897 0.08696159750090514
1898 0.08030579602758717
1899 0.10635746255969777
1900 0.12943565633661777
1901 0.11739443572048411
1902 0.10377115156747732
1903 0.10241146773026756
1904 0.09408777445183036
1905 0.12134405433852825
1906 0.12992773790129086
1907 0.1377350907654169
1908 0.1371197059710978
1909 0.1544411666718849
1910 0.13365458330751948
1911 0.1259816260285213
1912 0.1452002647722694
1913 0.16540862286682984
1914 0.166912468953712
1915 0.16035274812895053
1916 0.14842036959194438
1917 0.13235235746111532
1918 0.14056478910087913
1919 0.14503021172602792
1920 0.1451207192383041
1921 0.13853763058462615
1922 0.1346121366013749
1923 0.14075199429075788
1924 0.1417395437999707
1925 0.12222335150199129
1926 0.11960667932181586
1927 0.1316924726155262
1928 0.1293400333503034
1929 0.09273505034322443
1930 0.10944204036615479
1931 0.13279695480464931
1932 0.11945071571043799
1933 0.09664706886623273
1934 0.10819561992770445
1935 0.10827700871681101
1936 0.11700555732139645
1937 0.15246881638091117
1938 0.10941091086920372
1939 0.09871090303961154
1940 0.09997544853042689
1941 0.09734178077091879
1942 0.12686496274662706
1943 0.11045794824612125
1944 0.1280451139267842
1945 0.11558039395592756
1946 0.13406386429315484
1947 0.08781078122743805
1948 0.10444273603157675
1949 0.09144150860553273
1950 0.0877043872225573
1951 0.080862426939676
1952 0.08224935790808319
1953 0.0775247951537439
1954 0.08498560196064106
1955 0.07528472842787605
1956 0.0684958152870454
1957 0.06901475516289161
1958 0.08162368906994948
1959 0.055448138172096616
1960 0.054708745958759235
1961 0.07817748959385194
1962 0.06901970866017887
1963 0.0722588584807145
1964 0.08788892025688
1965 0.07283478028794098
1966 0.08818755136337346
1967 0.0871675032871781
1968 0.08241212214055292
1969 0.08591323195493511
1970 0.09647945156214899
1971 0.084557690168865
1972 0.09236656592646991
1973 0.08019672080849266
1974 0.0904202147591847
1975 0.09349938579272825
1976 0.09241470513364451
1977 0.09948817457527664
1978 0.09507881606187427
1979 0.08758096020920489
1980 0.09502753388197989
1981 0.09677332691160774
1982 0.09582075079215972
1983 0.08977387611493305
1984 0.08106507177649
1985 0.09136885914500578
1986 0.0895606192702747
1987 0.08672644487908647
1988 0.09683763240791352
1989 0.07820490102485365
1990 0.08284340377127633
1991 0.11264594724874477
1992 0.08929447831819218
1993 0.09849390031743306
1994 0.10186854089477343
1995 0.08360180063056973
1996 0.08142719845109558
1997 0.09336907772339859
1998 0.1027244434778898
1999 0.12976204443446476
2000 0.10667830452473244
2001 0.11150319748482793
2002 0.11985414750765824
2003 0.13776891663927962
2004 0.13237127257554593
2005 0.13847766451274723
2006 0.162187178653761
2007 0.13555313253031084
2008 0.166516600503749
2009 0.1677195881523146
2010 0.15213784386877321
2011 0.16998726674161
2012 0.16346209365047412
2013 0.14064964070890246
2014 0.17344278544998315
2015 0.1556353360176844
2016 0.17858718952328034
2017 0.162616725502033
2018 0.17583664829269902
2019 0.1302805000131793
2020 0.12301934274520566
2021 0.1332705042186311
2022 0.1469139584745728
2023 0.16397038244663242
2024 0.13701404026892317
2025 0.09402495420424371
2026 0.12444569104659038
2027 0.11608381674304419
2028 0.13597692704822278
2029 0.13608772037243677
2030 0.16408470183576634
2031 0.10298302692607572
2032 0.11885362252970907
2033 0.10750483416788226
2034 0.1228785880155928
2035 0.13690423173109934
2036 0.12821138041730648
2037 0.17226548960902438
2038 0.13723930368447898
2039 0.10755756605576046
2040 0.13244992367507344
2041 0.12178573279867651
2042 0.1295089878673557
2043 0.11608360892075187
2044 0.10817566617717878
2045 0.10749820795376962
2046 0.10274310164477489
2047 0.11596245240743361
2048 0.09077709290681416
2049 0.0734048692068726
2050 0.07887813070674457
2051 0.07528506320203462
2052 0.0837908988780155
2053 0.07408281481297609
2054 0.07251662858169039
2055 0.0707084513591016
2056 0.07644831138558365
2057 0.07673752860322362
2058 0.07330831783196215
2059 0.08187582209035718
2060 0.08506321484359432
2061 0.0914113541825833
2062 0.0747264466427042
2063 0.07927181351625061
2064 0.11894069141989352
2065 0.10360890773231878
2066 0.08921111717408195
2067 0.0779358683097211
2068 0.11323763467488718
2069 0.09876104911411948
2070 0.11589836573482458
2071 0.1059998635168198
2072 0.10576766804469284
2073 0.09537928913570967
2074 0.1065671823196906
2075 0.08499823591402872
2076 0.10139429857917143
2077 0.08704978728976584
2078 0.10780932812700034
2079 0.09086429133396011
2080 0.09037415093625621
2081 0.1028788797440523
2082 0.11493581477454806
2083 0.10557563933746628
2084 0.10037588573614974
2085 0.08835221320583264
2086 0.0861118907501709
2087 0.08766396665687504
2088 0.0848286624329413
2089 0.10060400409550882
2090 0.09377951511531299
2091 0.08953740709932319
2092 0.12199532364230715
2093 0.09395108509016621
2094 0.10368874013365563
2095 0.09070216965269812
2096 0.09295639142393466
2097 0.12388435853224801
2098 0.11866545344029343
2099 0.10345070301703288
2100 0.14003205654241002
2101 0.14085797136783937
2102 0.13867496782729619
2103 0.12968745342465834
2104 0.14490129259686396
2105 0.14387441437415394
2106 0.1554884642213318
2107 0.13817411916404057
2108 0.1513422827191693
2109 0.14425979347455775
2110 0.17803741647096982
2111 0.1349585580517721
2112 0.15330291764063436
2113 0.1532844101099238
2114 0.14715137549271312
2115 0.1576014570300319
2116 0.14820463229569744
2117 0.14301497970177965
2118 0.12165273559743736
2119 0.14381345976324222
2120 0.14259238053221399
2121 0.13216858395178047
2122 0.15550002961635814
2123 0.1137636001064402
2124 0.09978964045783933
2125 0.11916633780399188
2126 0.11531871972202096
2127 0.153778330302741
2128 0.11786217151001956
2129 0.10890368146730318
2130 0.10198004274746836
2131 0.1327301049063893
2132 0.12892699550819064
2133 0.17274077191243065
2134 0.15441082987916907
2135 0.13423985954115908
2136 0.1312983268633168
2137 0.135170120262784
2138 0.13908453461611026
2139 0.12498787783252426
2140 0.15529510008154188
2141 0.12620459479891227
2142 0.11654042321478043
2143 0.10905840275868058
2144 0.10964392166014224
2145 0.09893258771143683
2146 0.1143236852624061
2147 0.10260588087393822
2148 0.0800488249834999
2149 0.08858928601006767
2150 0.07839715577068486
2151 0.08182614817457895
2152 0.06661654950295381
2153 0.08268134134493939
2154 0.06675633149784872
2155 0.07950593329006433
2156 0.061789942289794515
2157 0.07004862255228118
2158 0.10500656774541989
2159 0.08896097195973096
2160 0.099133094336086
2161 0.0880580261385782
2162 0.10363761768932668
2163 0.0957414962995544
2164 0.11947929664908448
2165 0.10667760610165412
2166 0.1416989999607167
2167 0.13064888237957595
2168 0.12079137068881413
2169 0.1330471145477543
2170 0.09669684132383377
2171 0.08562484490323254
2172 0.10695303324130945
2173 0.09902586942742929
2174 0.09888626294423689
2175 0.09295187636851811
2176 0.0921537484868986
2177 0.11456869339080586
2178 0.10923155596326188
2179 0.10563871463752617
2180 0.10642597044458349
2181 0.08316008480756902
2182 0.08819022900807376
2183 0.09028570401189201
2184 0.09844933532053347
2185 0.09232046864068351
2186 0.10412416479780859
2187 0.09226278160022992
2188 0.1145776896535797
2189 0.0997504827255206
2190 0.1135837295382661
2191 0.13394918892925764
2192 0.11089823416384856
2193 0.11324751196225646
2194 0.08282694686082741
2195 0.09508180793429438
2196 0.11183199902064309
2197 0.1274217119619026
2198 0.1313455099468825
2199 0.17657109207265245
2200 0.14061522184188763
2201 0.144352416045902
2202 0.16933462101134714
2203 0.16024312759769913
2204 0.16222164094342675
2205 0.16246202749538316
2206 0.14666824764824113
2207 0.15654903198978615
2208 0.17691434600457864
2209 0.17874565058213482
2210 0.17460202650818127
2211 0.14183282824649743
2212 0.15997619034831337
2213 0.1639814078755667
2214 0.14137944167746033
2215 0.13191673021647082
2216 0.18046397568401576
2217 0.15037322054305777
2218 0.12593792624267394
2219 0.1558975093368122
2220 0.12550881577564788
2221 0.10629836623457171
2222 0.11517401740185963
2223 0.11483025911036804
2224 0.14926966977778916
2225 0.16164725775979247
2226 0.13879683655812144
2227 0.12795875667489298
2228 0.12609276539800413
2229 0.12770499344090314
2230 0.14280522579446672
2231 0.16167905643834973
2232 0.16298176108892365
2233 0.14508362195367602
2234 0.13110161768540754
2235 0.1348440452921518
2236 0.12639053620180724
2237 0.1453452167032352
2238 0.16183241279559138
2239 0.1402781127010352
2240 0.11206898486035419
2241 0.12534418760080304
2242 0.12936647535041856
2243 0.13031039727465388
2244 0.10885163221049922
2245 0.09775819916504083
2246 0.08308647169220569
2247 0.08422040411449871
2248 0.07923210423696993
2249 0.07473355374926809
2250 0.07841028510930821
2251 0.08393498055353761
2252 0.08735136117084433
2253 0.08491557112787847
2254 0.0668471382144345
2255 0.08605122476082426
2256 0.09331411660389727
2257 0.08631670849019897
2258 0.08707448224038329
2259 0.0994504283212593
2260 0.12055505368016381
2261 0.13375974585528083
2262 0.1175039921529284
2263 0.1402745410034262
2264 0.11303114198115957
2265 0.12027151431543052
2266 0.10928535732422115
2267 0.13351992550130293
2268 0.12887093132826763
2269 0.12016500028241364
2270 0.12699671906465804
2271 0.10814907888479629
2272 0.09585392076085579
2273 0.11321399249382295
2274 0.11215828333310504
2275 0.10852937762480667
2276 0.12255858943813666
2277 0.15144300498551025
2278 0.10102552425355987
2279 0.08238937205749522
2280 0.1068533383002294
2281 0.08664882671872824
2282 0.09366337273442703
2283 0.0943018188663153
2284 0.127123871938012
2285 0.11492562819685066
2286 0.09621919587694183
2287 0.11662985473764124
2288 0.11827774282009482
2289 0.11448311301298275
2290 0.12583574071607395
2291 0.11581905806826306
2292 0.11705548972352821
2293 0.13085492016382422
2294 0.11289249565833799
2295 0.12778323640359968
2296 0.12491216737684943
2297 0.1272545043402348
2298 0.14566631395658136
2299 0.15727334421478806
2300 0.14230781486924815
2301 0.17069555294729236
2302 0.16704482203323687
2303 0.18501223662066582
2304 0.20906660447058587
2305 0.1903655157808566
2306 0.16552085942196001
2307 0.1680649246454635
2308 0.16423344619104205
2309 0.2002563426374526
2310 0.16291074689075677
2311 0.14998889231710893
2312 0.1562644336355202
2313 0.14062009101162237
2314 0.1509659117393947
2315 0.1531699952697914
2316 0.1260768543766175
2317 0.14500391476152605
2318 0.1357746166458919
2319 0.11106764109519057
2320 0.1352563236822248
2321 0.11525383275599649
2322 0.11951386807090988
2323 0.14679853162849932
2324 0.15628733480845966
2325 0.14289714596451722
2326 0.12162226115477433
2327 0.15707463243008857
2328 0.1441566439088336
2329 0.13368464823726156
2330 0.1985423236721542
2331 0.1338085833281713
2332 0.15218987745638077
2333 0.14609002450670822
2334 0.14183801301721674
2335 0.17636336327250812
2336 0.15951395804231874
2337 0.1515392915673354
2338 0.15680623468962207
2339 0.11668187257230175
2340 0.11196475687774099
2341 0.12040370691900917
2342 0.11666665511357714
2343 0.08379074445052807
2344 0.06926082921650392
2345 0.08877189253179316
2346 0.07747479774015709
2347 0.08089367727827104
2348 0.07341613200935282
2349 0.08599650986005655
2350 0.09667680129238869
2351 0.08292213676516363
2352 0.08737503315240025
2353 0.08319325554020059
2354 0.12272013803369444
2355 0.10280988195420833
2356 0.10539592918622386
2357 0.08808858150796116
2358 0.10191338751197078
2359 0.10771118396370412
2360 0.14209323595636417
2361 0.11340816857999125
2362 0.12136528656090462
2363 0.09881917036765593
2364 0.11821134115524523
2365 0.11255097610527401
2366 0.14027454028588132
2367 0.12608820938943072
2368 0.11293461654459055
2369 0.10807448191367341
2370 0.11627618210681397
2371 0.11482013321083806
2372 0.09977079646930602
2373 0.12475594368232648
2374 0.1214321889978502
2375 0.1252209565223131
2376 0.11364976301326091
2377 0.10768832804539599
2378 0.11997829601063602
2379 0.1131776274528426
2380 0.10213271822718227
2381 0.11385657313971617
2382 0.1237719528953392
2383 0.11336359162731191
2384 0.11680006153872421
2385 0.11691623913600684
2386 0.13781148216853775
2387 0.13613475307577294
2388 0.1506126280919471
2389 0.11617930389601919
2390 0.146883406911612
2391 0.12099394081593731
2392 0.18207619671513026
2393 0.14745097154345901
2394 0.13043283375372175
2395 0.1558195673961696
2396 0.14146038859231677
2397 0.17519520951137882
2398 0.1313072614802929
2399 0.17534523965695817
2400 0.17725408718445296
2401 0.16674810465756462
2402 0.18211021298001842
2403 0.16278942768726865
2404 0.1722772526376235
2405 0.18351903903419384
2406 0.146138476967496
2407 0.1728042419981253
2408 0.18307948077387418
2409 0.1572879618763432
2410 0.1848377875043045
2411 0.17034036616003398
2412 0.18500333778659198
2413 0.15492883458760145
2414 0.14582094987175248
2415 0.1584572493538113
2416 0.1287253511656706
2417 0.15412902943894186
2418 0.11830398204998296
2419 0.12257355641532791
2420 0.15394013928568756
2421 0.14282232697313407
2422 0.19371177551555863
2423 0.14302305185350558
2424 0.15998487210983567
2425 0.1630507687516743
2426 0.15272251558861233
2427 0.15640229627201455
2428 0.1471572270833557
2429 0.15520852722808445
2430 0.1637670262489537
2431 0.14580404998123742
2432 0.16685685457248595
2433 0.19010245376269777
2434 0.16733039764811464
2435 0.16351610917370477
2436 0.1509011197417372
2437 0.1061821545931221
2438 0.11134580725487174
2439 0.13469862528058543
2440 0.09603805267547251
2441 0.09683997037387855
2442 0.08936094652920133
2443 0.0915950641545921
2444 0.093467338764441
2445 0.07822272694287491
2446 0.07607027468460886
2447 0.0853518635948699
2448 0.09569862147801642
2449 0.0898466045895898
2450 0.07684701771557938
2451 0.10220276448013063
2452 0.10478259072495451
2453 0.08669005567708861
2454 0.09407546473810727
2455 0.09973875217681556
2456 0.11312844393052962
2457 0.11918733154197385
2458 0.12532630454479116
2459 0.11357502040935652
2460 0.11017475623316157
2461 0.08490010703272872
2462 0.11313707979796007
2463 0.15375236724446345
2464 0.12797402294952134
2465 0.12495852220981606
2466 0.11323609946184232
2467 0.11686553437634523
2468 0.10833691543903053
2469 0.11399774648193714
2470 0.1495986651572029
2471 0.14021020331458287
2472 0.14894479659886428
2473 0.1493222209539214
2474 0.15650045522063216
2475 0.14760451206358938
2476 0.12798463907475022
2477 0.13696161848660668
2478 0.11531373927016227
2479 0.14225362721315746
2480 0.12261896414333597
2481 0.1107041741853442
2482 0.13698459739875765
2483 0.1220637514120244
2484 0.1436291429658835
2485 0.16140981902008805
2486 0.1522059555866829
2487 0.14618677002678496
2488 0.1662133661665775
2489 0.13896890540248452
2490 0.12957954172376043
2491 0.12954271547438442
2492 0.14415728766297412
2493 0.14810288945479022
2494 0.13510517211427406
2495 0.14877509317721052
2496 0.17831448361453786
2497 0.20340882233341315
2498 0.15355128655236006
2499 0.18065135965410536
2500 0.21442608257344578
2501 0.18803980793071148
2502 0.21577814709756973
2503 0.1831866355064543
2504 0.1478152875342078
2505 0.15835541102220987
2506 0.16193437672200184
2507 0.15992486637317183
2508 0.16274897596907903
2509 0.15096857894750645
2510 0.2085387272034493
2511 0.17200177016647883
2512 0.16771981471095107
2513 0.16600072793709045
2514 0.13826452862834912
2515 0.15110932970627236
2516 0.1255575726185682
2517 0.11038376048483863
2518 0.15418104054800955
2519 0.1586330991971779
2520 0.15736181796585433
2521 0.18025180051715037
2522 0.15898396133701664
2523 0.19153263451083952
2524 0.1637082936577538
2525 0.15198414993184362
2526 0.18088614558864646
2527 0.17688755337228487
2528 0.1629281214316164
2529 0.17520912145834208
2530 0.17135614496630455
2531 0.16014039878299835
2532 0.17245917643266523
2533 0.18497988524637135
2534 0.16192423613199178
2535 0.11433094446091674
2536 0.1090045083209563
2537 0.10265752868492517
2538 0.12670464966044
2539 0.09386283694530435
2540 0.11118220118821198
2541 0.0891169500334156
2542 0.08105463593445865
2543 0.09449697103398509
2544 0.1016839196513954
2545 0.0881903168939529
2546 0.08259410855297679
2547 0.07895375535067081
2548 0.0707837881004107
2549 0.11076998792094253
2550 0.12506196278632375
2551 0.10649794521054852
2552 0.09335299500585977
2553 0.10370891216932455
2554 0.1277109963177431
2555 0.1085261111346128
2556 0.16031517269405712
2557 0.13454522178355502
2558 0.11446276999888959
2559 0.11358760503865033
2560 0.13091035456492825
2561 0.1258400525749465
2562 0.12002348209933009
2563 0.1014930740096434
2564 0.12359044152365362
2565 0.1265627575554339
2566 0.13094547813943724
2567 0.13901804096353668
2568 0.13897256712462422
2569 0.14530183308789416
2570 0.13274695197124126
2571 0.1533602386804501
2572 0.1783112358977157
2573 0.1843123969152946
2574 0.1594085087689474
2575 0.14217772080952473
2576 0.150369833141119
2577 0.150459235492658
2578 0.15785583244178988
2579 0.12815529242769616
2580 0.13366817623594246
2581 0.16287780168497681
2582 0.17153569562269252
2583 0.14446572738095462
2584 0.18771036066919922
2585 0.17525480590756226
2586 0.14629161529702311
2587 0.1573341773376286
2588 0.1642272096229407
2589 0.11692448055889731
2590 0.17199369136650092
2591 0.13378316170416477
2592 0.15938276533569712
2593 0.16532921009454832
2594 0.1773150793422617
2595 0.19152858878002485
2596 0.14413142371041976
2597 0.17891839401756024
2598 0.16973587253665262
2599 0.1839593895982134
2600 0.19038849620817214
2601 0.19532795151040264
2602 0.1721434582956738
2603 0.16189392446905354
2604 0.13146127585455641
2605 0.15468059485503577
2606 0.18270208811759397
2607 0.1864962026603775
2608 0.1947573644668473
2609 0.17022221531818219
2610 0.1994542512019812
2611 0.20136781830669842
2612 0.1600956848373956
2613 0.1931035506343523
2614 0.16934456451896474
2615 0.13366425420354366
2616 0.1244889802960866
2617 0.12317157399177674
2618 0.13792377237402298
2619 0.15878712862538769
2620 0.17487795795290983
2621 0.17811839774699567
2622 0.17716454761734202
2623 0.17636219414342189
2624 0.17644431307397
2625 0.18301298215436565
2626 0.1855833593770584
2627 0.1647360471166092
2628 0.15032205590315148
2629 0.14762314652438652
2630 0.15156284364228512
2631 0.14998889666179316
2632 0.13596728870016256
2633 0.14211548005451988
2634 0.1270027449144749
2635 0.11932600756748672
2636 0.10619914293389757
2637 0.09047891495514258
2638 0.10937719926622168
2639 0.10931677205998551
2640 0.07524213738717969
2641 0.0657212478647176
2642 0.07106167716392062
2643 0.092567763390884
2644 0.0941275120136413
2645 0.08821540260469142
2646 0.07439523821783953
2647 0.1142780314420334
2648 0.10314659454806759
2649 0.09436449838560851
2650 0.09765648843432176
2651 0.10190605861398613
2652 0.13536770748912394
2653 0.12866428343566869
2654 0.12801318229927225
2655 0.11562950822376841
2656 0.10733195573233029
2657 0.15928943880075347
2658 0.10929015937944365
2659 0.14012345541901672
2660 0.11256622103924058
2661 0.11608887467977914
2662 0.12633107737091995
2663 0.15297056666119652
2664 0.13490070027736156
2665 0.13228863031525842
2666 0.13786169862954004
2667 0.14808404259284846
2668 0.14436707368274562
2669 0.16255780972619563
2670 0.1899874243993626
2671 0.1587496558073666
2672 0.1565615143139162
2673 0.13663767933874277
2674 0.16546300495821467
2675 0.16087759580953168
2676 0.1901491146181087
2677 0.13381120567411864
2678 0.17712699042171573
2679 0.15446200753795766
2680 0.1987668529784771
2681 0.17820364428849508
2682 0.16275874659807957
2683 0.1892340084062345
2684 0.16909939132522903
2685 0.15779203957747137
2686 0.11760871958530382
2687 0.16030487728302392
2688 0.1410117270130985
2689 0.1600744828553498
2690 0.16893674885393986
2691 0.17144860068251272
2692 0.20314707681595326
2693 0.14645111873063626
2694 0.15233434249557576
2695 0.17167171906811227
2696 0.15831741996909374
2697 0.18181297520306547
2698 0.22318317436105922
2699 0.19448796132925658
2700 0.21202820428415153
2701 0.16022039388758344
2702 0.15734264320318053
2703 0.17917973478159488
2704 0.1714841340670631
2705 0.16236783438970515
2706 0.2566897383969738
2707 0.2028112044940827
2708 0.23041950105159067
2709 0.22754770019621084
2710 0.1669419623157403
2711 0.1592092167418475
2712 0.18821585447645156
2713 0.16967387918633808
2714 0.13473910219700225
2715 0.14501049311381134
2716 0.16061564633669234
2717 0.1549147967362481
2718 0.1888488134771228
2719 0.18291913339610213
2720 0.18552752186512309
2721 0.19470567731907007
2722 0.16602199145640076
2723 0.1735829588282072
2724 0.20335223344199999
2725 0.17389589781688394
2726 0.19461727461060183
2727 0.17382263145322865
2728 0.1574798507534293
2729 0.172825202278612
2730 0.1725975811592899
2731 0.16197284046162366
2732 0.14640291242341621
2733 0.12778267299597212
2734 0.11291992252084765
2735 0.10111149511568042
2736 0.09679694132204113
2737 0.11216674339349779
2738 0.09561883917416542
2739 0.08239023224757885
2740 0.07845077455975821
2741 0.07031510879109952
2742 0.07388843766134402
2743 0.09018911068521648
2744 0.08777600084390377
2745 0.10039348233094987
2746 0.09826374695326485
2747 0.11054317041355995
2748 0.10097275953184658
2749 0.10679433664283752
2750 0.11904403195285729
2751 0.14444419344945145
2752 0.13574563511032833
2753 0.12546981422791176
2754 0.15147210983586004
2755 0.10803217252481787
2756 0.14258879541208636
2757 0.11517724735599183
2758 0.11706075185114993
2759 0.10408225340326617
2760 0.11695608537773584
2761 0.13501311846440034
2762 0.12358524263931395
2763 0.17925129233816328
2764 0.16960278135318188
2765 0.14381057454655952
2766 0.15269815236289788
2767 0.15644165048933953
2768 0.17567458882147186
2769 0.197766645267786
2770 0.1721157891207915
2771 0.19650021886511407
2772 0.2039199150951692
2773 0.15071494411094363
2774 0.16340972321551422
2775 0.1628565753751665
2776 0.1592448158218721
2777 0.14547888023265326
2778 0.16202495735027775
2779 0.1788252826081083
2780 0.1660278914235464
2781 0.15613088358974597
2782 0.1716838131897643
2783 0.20523004147949517
2784 0.15342802075150316
2785 0.13922856729541544
2786 0.1399099412010002
2787 0.17298970697031632
2788 0.15875721847085872
2789 0.19991978753515746
2790 0.16995460523844605
2791 0.1717977965091046
2792 0.1811072705987368
2793 0.18957333175458874
2794 0.20853033225727288
2795 0.16185527314902723
2796 0.1982745157712522
2797 0.18468196132545323
2798 0.2171238729003828
2799 0.21601553173749222
2800 0.18435090470750573
2801 0.19843063772236502
2802 0.1754950857573224
2803 0.20175131433283536
2804 0.2235001119362275
2805 0.1916860859494093
2806 0.22355586130836927
2807 0.20338160402201833
2808 0.23412400350293333
2809 0.20923793103138494
2810 0.21309687235591315
2811 0.19343210321182777
2812 0.1746701479895336
2813 0.16278438774106696
2814 0.22572711968234407
2815 0.21027030331775037
2816 0.1691933088563422
2817 0.15325268339034956
2818 0.1768198734577515
2819 0.18840069909505058
2820 0.16412328233761048
2821 0.16947374070651036
2822 0.16864281850833196
2823 0.16370149897435946
2824 0.15588134245229956
2825 0.15021544920538332
2826 0.16471887238960292
2827 0.14981968951482602
2828 0.13892506082813602
2829 0.13677514248386963
2830 0.11379929090215418
2831 0.13871885099360454
2832 0.12403198491072184
2833 0.10268095011062896
2834 0.10939458328487857
2835 0.08000942017190615
2836 0.08836373744431027
2837 0.0897559785529981
2838 0.08354754423059622
2839 0.08471052484697127
2840 0.0701026336437349
2841 0.09696413731173617
2842 0.07239860260765509
2843 0.09648775276853873
2844 0.08247451527895715
2845 0.09767208825600575
2846 0.08322027730420704
2847 0.11001305573183132
2848 0.11676283722977304
2849 0.1367711267086115
2850 0.10309234304856273
2851 0.13849146033858734
2852 0.13803220994208165
2853 0.1203283494263215
2854 0.12983191167124944
2855 0.14691983714061857
2856 0.1329257221725322
2857 0.1337157774490979
2858 0.11719798243773259
2859 0.12674215148782425
2860 0.1632734477638494
2861 0.1675169337915895
2862 0.17806384051343283
2863 0.18011648298264193
2864 0.15393705431456328
2865 0.17128641685793503
2866 0.2171940853736787
2867 0.20251503357425996
2868 0.1685139474863344
2869 0.17136355303181205
2870 0.1726342072722954
2871 0.22384716768092716
2872 0.16372285419560254
2873 0.15511432837729408
2874 0.15529654939252402
2875 0.1576890559798404
2876 0.20925435741465578
2877 0.17688601673896404
2878 0.1543065627738896
2879 0.18168081513685774
2880 0.19924113155057707
2881 0.17083815644529465
2882 0.16977930517623202
2883 0.15056136014681704
2884 0.14919050341995432
2885 0.148623548481344
2886 0.17393837802681558
2887 0.19778315918322945
2888 0.16714634000038248
2889 0.2062595854166736
2890 0.20977133527613082
2891 0.1735264418494411
2892 0.18689090860112825
2893 0.17146020075858728
2894 0.24293722414231425
2895 0.2457218742628696
2896 0.21415756047702422
2897 0.20775085633897195
2898 0.2013702999090659
2899 0.18925719504757268
2900 0.17046003229889617
2901 0.19910014380066957
2902 0.2044624354328577
2903 0.1863213179539176
2904 0.22901188589347066
2905 0.18996383633787295
2906 0.2142793744440167
2907 0.22632220606170944
2908 0.2440561321191502
2909 0.19925792514898172
2910 0.21626717512185611
2911 0.17593814761399265
2912 0.23202409722365613
2913 0.20105634723529103
2914 0.17864370974258312
2915 0.17815770341688555
2916 0.16156693811247244
2917 0.1943584282815088
2918 0.22623976726181375
2919 0.2176198830839408
2920 0.18856331725537953
2921 0.16214011728344102
2922 0.1633960838222231
2923 0.183987643449523
2924 0.16331682085243882
2925 0.1473997615476676
2926 0.1705251092597645
2927 0.15150784435709125
2928 0.13772361692771853
2929 0.1461746059669487
2930 0.13413599358847586
2931 0.13568315035219816
2932 0.10821422930435873
2933 0.0971352035768872
2934 0.0886114230667439
2935 0.0738904896956057
2936 0.09367781718375695
2937 0.07924547359389791
2938 0.07691998453207287
2939 0.08190103601828265
2940 0.0664119976749184
2941 0.10897213916846277
2942 0.11572729371053693
2943 0.10986308922286775
2944 0.09795222426248842
2945 0.11861241733591217
2946 0.10414334437102118
2947 0.12115588331428745
2948 0.1675305246012436
2949 0.12995648201286325
2950 0.13463684721909988
2951 0.14707438114612323
2952 0.13160775984044445
2953 0.13684724913542817
2954 0.12866240147446345
2955 0.11558496551113388
2956 0.13519860007069973
2957 0.13995827203618902
2958 0.16389737443196695
2959 0.1384218690996264
2960 0.20800519149086097
2961 0.1703256910154133
2962 0.1402626025908886
2963 0.16461098268060279
2964 0.14803430570714302
2965 0.1856411014810877
2966 0.17388024925267215
2967 0.19585381367322607
2968 0.20399427695658778
2969 0.22927643402838402
2970 0.16200778654697226
2971 0.18160663370004002
2972 0.18011199304370307
2973 0.16241556581655225
2974 0.16351980157402982
2975 0.2263185159060815
2976 0.1798475414346372
2977 0.20616095675321963
2978 0.20086205437635965
2979 0.20079621913976262
2980 0.21489473765999728
2981 0.17498458526147034
2982 0.16242522629768757
2983 0.13994568677580393
2984 0.15026598933066246
2985 0.17987323806902053
2986 0.1920496308791079
2987 0.20133834727376568
2988 0.20903725628683337
2989 0.21765897764788034
2990 0.20015035125776864
2991 0.2055096939558109
2992 0.19838559703443082
2993 0.2266573401338176
2994 0.26716082572658273
2995 0.25774584333099254
2996 0.25554172191767555
2997 0.2093051563584513
2998 0.2517968162697149
2999 0.2518753123514039
3000 0.25063006439649627
3001 0.2441471277361154
3002 0.2422063312187201
3003 0.2127667211160851
3004 0.2465311666793287
3005 0.2398019156177106
3006 0.2640063708617902
3007 0.20971185029123807
3008 0.1995270366481407
3009 0.1957870971521251
3010 0.20270592682898564
3011 0.23294833501846876
3012 0.21833966491748527
3013 0.22745418415306526
3014 0.2214749091933572
3015 0.20450646601171135
3016 0.23629670194873778
3017 0.2086577674860946
3018 0.1729414609242878
3019 0.16589012014382254
3020 0.16277575133661953
3021 0.14772429926040417
3022 0.19822899078501646
3023 0.2073821591796977
3024 0.15644734011919523
3025 0.16427369228907282
3026 0.1704041091025041
3027 0.16154856354453623
3028 0.1285751765415462
3029 0.1154132489694082
3030 0.11522361012605893
3031 0.1085876236238019
3032 0.07508884206791655
3033 0.08379059333690013
3034 0.0884917438047668
3035 0.06341601529721214
3036 0.07151484021568282
3037 0.07157109820155333
3038 0.07675680636800414
3039 0.08626116914477244
3040 0.10600480138131302
3041 0.1104096513680393
3042 0.10005088460090591
3043 0.1255514824780107
3044 0.11625390650410404
3045 0.13076079100899232
3046 0.14269826807143174
3047 0.13042055916310327
3048 0.16348919779670384
3049 0.1566045332995881
3050 0.1517183434390332
3051 0.1318338489497919
3052 0.11243273756604291
3053 0.12679491755056452
3054 0.13610825344583508
3055 0.1506709629236641
3056 0.1834337608783875
3057 0.17885312007425574
3058 0.16832267570697787
3059 0.17788584971272914
3060 0.19219600224636993
3061 0.18653553156027233
3062 0.2023610714613861
3063 0.19595412548310406
3064 0.20340018183955716
3065 0.1784387778865868
3066 0.19138507964629156
3067 0.18381325946393265
3068 0.16983050964846147
3069 0.20380625022935434
3070 0.19612511848771802
3071 0.16757701375557174
3072 0.20531639799040077
3073 0.21816083924396978
3074 0.1998364494800499
3075 0.18653931345350083
3076 0.20348017687407136
3077 0.1927149351070729
3078 0.20181090839014887
3079 0.14906013393864356
3080 0.15785776900894188
3081 0.1544434477537171
3082 0.18466347712622916
3083 0.1986098063437523
3084 0.2183500698074566
3085 0.212195262360925
3086 0.18102867978312306
3087 0.20507295731376343
3088 0.25128046680332755
3089 0.252266573555862
3090 0.23734791849627707
3091 0.20501542976583176
3092 0.22616100750466897
3093 0.27330273128162835
3094 0.2364943445514435
3095 0.19997882682306248
3096 0.258515289858647
3097 0.2695417690368691
3098 0.24770462168017954
3099 0.24114752687236057
3100 0.23013648567453587
3101 0.22846732990077057
3102 0.20616890439943328
3103 0.3263546419473517
3104 0.2361523749659397
3105 0.1698310068439213
3106 0.18819961974763286
3107 0.22754361419206204
3108 0.23623044254889491
3109 0.2176054044893522
3110 0.19416995549039612
3111 0.22429077612222184
3112 0.23837985111279597
3113 0.23209955884907946
3114 0.18536830224366646
3115 0.218902034550276
3116 0.20982446143261047
3117 0.20013982273885103
3118 0.21266170176891291
3119 0.19473467234063116
3120 0.17917467622871097
3121 0.2103283437139819
3122 0.17680730673427164
3123 0.1848902562740875
3124 0.1641553713025562
3125 0.14599630511597736
3126 0.14729190912149975
3127 0.12102509320877969
3128 0.125043059120255
3129 0.11609884613875347
3130 0.09227519146405208
3131 0.09695605291065072
3132 0.07896556100592979
3133 0.07017161239647153
3134 0.0670169746915049
3135 0.07598593300779463
3136 0.07037688919820874
3137 0.09800427728297044
3138 0.10316333918394978
3139 0.11144668754033225
3140 0.1282777087448077
3141 0.10586167588334225
3142 0.1276869946346348
3143 0.14420719777165333
3144 0.14638960911253496
3145 0.13207557395958539
3146 0.1419890137620326
3147 0.15252383417180726
3148 0.16835328342617514
3149 0.15618201756284872
3150 0.1436020664196154
3151 0.16899853551302849
3152 0.15880084054326685
3153 0.15182712682116362
3154 0.19398162688585482
3155 0.19146024316938773
3156 0.1839811831542753
3157 0.18386655411188266
3158 0.185976162195263
3159 0.17666750299025952
3160 0.21816863434067743
3161 0.2311547955147893
3162 0.21506142202349895
3163 0.2089087733911148
3164 0.22054593207468223
3165 0.2217931915378877
3166 0.2032251671890689
3167 0.20094154791745966
3168 0.21936628809718547
3169 0.18718620817935658
3170 0.22762338598907017
3171 0.20145026305048566
3172 0.2177740177871942
3173 0.17906527314223578
3174 0.2576534236725007
3175 0.20067147047028222
3176 0.215015444088934
3177 0.21071950802602535
3178 0.1338535183404301
3179 0.18419661274485657
3180 0.18608409404555248
3181 0.18051261119724862
3182 0.22737668903329147
3183 0.260536053861102
3184 0.23758792130262454
3185 0.2562489704346705
3186 0.2937110713430041
3187 0.3333281178725297
3188 0.28913034301925233
3189 0.2717201176520047
3190 0.2944468052005763
3191 0.29921069114714915
3192 0.22923522666166934
3193 0.22553915491653215
3194 0.2541520700617784
3195 0.2679309304585762
3196 0.2751741032696345
3197 0.25079522432318924
3198 0.26353727264611
3199 0.2409086556465447
3200 0.2768124822998131
3201 0.2255088755479202
3202 0.23204310154003693
3203 0.23513952995332377
3204 0.24945716431754072
3205 0.25482520307072165
3206 0.2598614971476728
3207 0.24532252571249502
3208 0.23863524287817045
3209 0.27696319930307106
3210 0.2509431219755142
3211 0.26039961277035645
3212 0.22348868503623442
3213 0.194829045854596
3214 0.24067893686738617
3215 0.2090195194631473
3216 0.22352630900185597
3217 0.16592295581132185
3218 0.1951549778879691
3219 0.17211121348528077
3220 0.16091832042697457
3221 0.17011237541616167
3222 0.15738998176726102
3223 0.1380141741731707
3224 0.14355762741353564
3225 0.15175440683707966
3226 0.11806022538084178
3227 0.11802130088466735
3228 0.10508596539763668
3229 0.1038681620894713
3230 0.07656644984402125
3231 0.06742723432584229
3232 0.06903496064943032
3233 0.07769178421057472
3234 0.0725545019956566
3235 0.09901124081525305
3236 0.11151835214777944
3237 0.09205257634331038
3238 0.11087421001438016
3239 0.13142796657128888
3240 0.1284045662212942
3241 0.1277387214591116
3242 0.1598473180267737
3243 0.15030808951953717
3244 0.13751152070597414
3245 0.12100019101317643
3246 0.1393153641686034
3247 0.1522141013203276
3248 0.15113807055919623
3249 0.1357734723664425
3250 0.1889878637856947
3251 0.175620308514925
3252 0.19743031712484535
3253 0.1900806109227666
3254 0.22159243991710312
3255 0.22453519109554865
3256 0.23763403179772968
3257 0.2132161585216355
3258 0.22247949107087917
3259 0.27020180681801853
3260 0.22304018118641622
3261 0.2050725680520128
3262 0.16551123987738783
3263 0.19955788801491509
3264 0.21570386763793067
3265 0.21222520187956012
3266 0.21631628016390625
3267 0.21016021136219445
3268 0.2699912900108104
3269 0.224178649924326
3270 0.2410285485601046
3271 0.2454406859301863
3272 0.2149265048920747
3273 0.2414736850694894
3274 0.19854531690106186
3275 0.2030002684758292
3276 0.1490727845988903
3277 0.1560733732058626
3278 0.1942898116758837
3279 0.20297759931416334
3280 0.2691253136178976
3281 0.25394872002194097
3282 0.27668120367518856
3283 0.23974544120831617
3284 0.29542438066914845
3285 0.3055906964632379
3286 0.2976465143648095
3287 0.33623611228085293
3288 0.3244708885655479
3289 0.35792095168638527
3290 0.3137830103346372
3291 0.2717384718117655
3292 0.31252993146205343
3293 0.2824675246547886
3294 0.3327957900404669
3295 0.2728748048207185
3296 0.30349566530875055
3297 0.25231914962343893
3298 0.2612004722750917
3299 0.28478518374569095
3300 0.25132736382581183
3301 0.29676193752586283
3302 0.2923164476875085
3303 0.27832571172601234
3304 0.2514467103552682
3305 0.2849630374852342
3306 0.23552307949138335
3307 0.27115378485709946
3308 0.21138237136657462
3309 0.2954977621465613
3310 0.26175303301741404
3311 0.24291156907821984
3312 0.23528865970549828
3313 0.21212831984375363
3314 0.21239815180805152
3315 0.1922049894934581
3316 0.18918195432172008
3317 0.1836407908498056
3318 0.16308897916743437
3319 0.1992017665343073
3320 0.14942560697814028
3321 0.14608873917669524
3322 0.15002141797472926
3323 0.1484085049827734
3324 0.10904738445682784
3325 0.11877077925333325
3326 0.1324055764192642
3327 0.1130597809106729
3328 0.09947840371640328
3329 0.08264815101756802
3330 0.07676306646598618
3331 0.07706960766914824
3332 0.06772428123387608
3333 0.08899006623516188
3334 0.11206189313301494
3335 0.10558100917543038
3336 0.11466779220882263
3337 0.11411593024780356
3338 0.11809991543628039
3339 0.12579005505579907
3340 0.14788007017088894
3341 0.13711988854974952
3342 0.13751419504452528
3343 0.14293907999972275
3344 0.16179262934113092
3345 0.1442311391991311
3346 0.15857505328883065
3347 0.1649432925522535
3348 0.18062442667394082
3349 0.15881344239103293
3350 0.17134210290244692
3351 0.21765705238189695
3352 0.2373965019013431
3353 0.27489823630816657
3354 0.23240067737809866
3355 0.20439358919686954
3356 0.24477004719831555
3357 0.24000752865365071
3358 0.20964992600249796
3359 0.1863421845713981
3360 0.19305595344590298
3361 0.23064516236832946
3362 0.24178707033118782
3363 0.2436119458432665
3364 0.28764136643364957
3365 0.23557304661833164
3366 0.24129572703056387
3367 0.25138251319891586
3368 0.23115421597615238
3369 0.2321929454746148
3370 0.2746873718261154
3371 0.2713971843096669
3372 0.22845902429120823
3373 0.1963079124389284
3374 0.20839605266090908
3375 0.22641466721482223
3376 0.1979035594532927
3377 0.20737138818110878
3378 0.25852411827337846
3379 0.28027620258180536
3380 0.2169487704652582
3381 0.29480865825467617
3382 0.31317620903915133
3383 0.3122406852266945
3384 0.366551026258135
3385 0.3370388106739741
3386 0.36236730926573146
3387 0.3670197091363964
3388 0.35784568827287205
3389 0.36119374606394333
3390 0.3801707416141976
3391 0.38373469364320395
3392 0.3594315374134093
3393 0.33519144317760746
3394 0.3097468084919157
3395 0.36001132255016133
3396 0.2829012439024002
3397 0.25065923321276545
3398 0.27159653889494645
3399 0.2844881002654681
3400 0.32373879911643466
3401 0.3193068941305422
3402 0.2571938097637937
3403 0.2733942476252302
3404 0.26991976235833853
3405 0.27751548009085386
3406 0.26741759949583044
3407 0.2857681857932053
3408 0.2435821409913485
3409 0.23650576810734547
3410 0.27244439381715274
3411 0.24039105725428106
3412 0.2142280842665864
3413 0.20119701131938167
3414 0.1972143414360081
3415 0.2051189859730423
3416 0.22335903474648974
3417 0.22281405477210547
3418 0.15653888156649212
3419 0.1344915924560379
3420 0.1448893998229179
3421 0.14811537789932516
3422 0.15710227662347456
3423 0.15252376503168444
3424 0.10509974596159545
3425 0.1001430715268688
3426 0.0964057846692493
3427 0.07137407045951236
3428 0.0826083368070297
3429 0.0739844748488215
3430 0.07058353600624741
3431 0.10316972801362323
3432 0.09889837485370244
3433 0.09939880619652777
3434 0.11389216660049908
3435 0.1066960535852509
3436 0.1316570897058454
3437 0.11440250835442231
3438 0.14365734848907974
3439 0.15796789550259802
3440 0.1640777964156416
3441 0.14908004616320722
3442 0.15851045904107264
3443 0.1771747859010969
3444 0.18271579594659226
3445 0.16183040349075856
3446 0.17053965108985186
3447 0.22199179415054784
3448 0.19639803739015044
3449 0.21598491487793214
3450 0.24691352607076608
3451 0.2334598540960338
3452 0.2534067126219208
3453 0.20728186882992483
3454 0.22913212624274826
3455 0.23762455633693186
3456 0.21656420769385462
3457 0.22864688034645178
3458 0.20669420887743842
3459 0.236057466546454
3460 0.24011704079480348
3461 0.24259217333980404
3462 0.27876092199972147
3463 0.22792427954013433
3464 0.27192505883811996
3465 0.27881820571719423
3466 0.2770013427307572
3467 0.28852233922760223
3468 0.2862647075875772
3469 0.299611487970068
3470 0.279682326972271
3471 0.2750476815547985
3472 0.2685130047845863
3473 0.27981415854476904
3474 0.32786861851454
3475 0.3037704127287849
3476 0.31079708957877694
3477 0.30378004474904
3478 0.28853740513861087
3479 0.2991522069406421
3480 0.3304402854060027
3481 0.3102675865657277
3482 0.3755027110940843
3483 0.27739979745109866
3484 0.3688089528499657
3485 0.3759474865411822
3486 0.4281873201069849
3487 0.3930920738379328
3488 0.353373597238431
3489 0.33298503831890647
3490 0.37716180374787756
3491 0.34946695374480563
3492 0.3168165648358388
3493 0.3230330822234223
3494 0.3689321177775141
3495 0.2851714781792385
3496 0.26453469722500156
3497 0.24782387840129347
3498 0.26313826196760887
3499 0.27972456308856236
3500 0.28765039555417843
3501 0.3521709166092608
3502 0.38246324826328976
3503 0.3040495774868694
3504 0.3429518815010673
3505 0.3634380447915914
3506 0.3423864805110585
3507 0.28086656951551336
3508 0.30889299711611223
3509 0.26244795425678724
3510 0.24968983796498886
3511 0.2811545224709667
3512 0.24707769372708946
3513 0.23088407666706248
3514 0.1981175245384436
3515 0.15217406831339017
3516 0.16824621811077872
3517 0.1433990668320612
3518 0.131011080240714
3519 0.13654679501001635
3520 0.15299164361908332
3521 0.13283132352271643
3522 0.10493216815660406
3523 0.10714773601401525
3524 0.09776900832608294
3525 0.0745420546498806
3526 0.07143949525102
3527 0.07130214129291801
3528 0.06802595584937918
3529 0.08677914757669972
3530 0.09680668501923487
3531 0.10053987977416978
3532 0.10879268419469165
3533 0.1355505711245706
3534 0.12497498676441886
3535 0.10512785275795339
3536 0.14780745830278758
3537 0.1502899393206411
3538 0.15726395172233615
3539 0.18215692966980143
3540 0.18067543657219037
3541 0.16732451268648008
3542 0.1969518789615547
3543 0.19868306300713964
3544 0.181657540986373
3545 0.22605741140922328
3546 0.2149214169694415
3547 0.25492027235515424
3548 0.24526744263121628
3549 0.244717010218285
3550 0.2979181396420731
3551 0.19354655017536754
3552 0.2748171480091174
3553 0.22830631679353536
3554 0.2766913393790531
3555 0.21673287803814728
3556 0.2389592551806941
3557 0.2630575927977313
3558 0.2544741847125372
3559 0.24869540659148676
3560 0.252764697637236
3561 0.26372374181810254
3562 0.34679375203985213
3563 0.281912581289511
3564 0.2808566346041534
3565 0.3084152133519662
3566 0.3443049311176357
3567 0.2889866247438335
3568 0.3361266432328362
3569 0.28531341262741833
3570 0.3250252083983276
3571 0.3758101935401985
3572 0.39120906138934586
3573 0.3751000349834478
3574 0.39308053964318884
3575 0.32904384573444817
3576 0.32626136678728523
3577 0.3930932566384159
3578 0.3211226019654262
3579 0.3571258295746082
3580 0.30072950642124635
3581 0.37196986944883664
3582 0.4091173617519272
3583 0.3803442039222275
3584 0.44231921586529965
3585 0.4079204814751807
3586 0.3576509354656314
3587 0.35912227830517424
3588 0.3131628025722372
3589 0.3597828215738149
3590 0.30567851945457264
3591 0.3048435194335801
3592 0.35851827664397323
3593 0.30268559075212226
3594 0.2844216465162878
3595 0.2771385208855325
3596 0.2990528838354953
3597 0.3284128396386138
3598 0.28756604322686796
3599 0.3525522819128573
3600 0.3110216117337099
3601 0.37905990786547505
3602 0.3635339728519235
3603 0.3431846277035768
3604 0.35021818862601384
3605 0.35672013901453364
3606 0.2754977606012529
3607 0.3039463287696189
3608 0.24882842174238892
3609 0.28453211835586895
3610 0.20939862246840626
3611 0.2569349188949126
3612 0.18361621769103756
3613 0.20094378322906037
3614 0.19249480242801725
3615 0.15047127277049943
3616 0.14998226104150292
3617 0.13892108766451972
3618 0.12380586266609468
3619 0.12758394733148898
3620 0.10102105130953688
3621 0.09702633042989203
3622 0.08223285248411463
3623 0.08130384841222947
3624 0.08984228951643632
3625 0.08812264621249595
3626 0.09496611582718589
3627 0.08668348501359507
3628 0.09997144139636542
3629 0.10692037702438936
3630 0.09808548430890804
3631 0.1284397977887148
3632 0.13750893813469922
3633 0.12225292876133351
3634 0.1428135702290371
3635 0.14731673521508562
3636 0.18312387093240517
3637 0.1718786329578009
3638 0.18313714387985605
3639 0.17630408797767114
3640 0.19830064306373252
3641 0.18180592162993392
3642 0.19663120049238655
3643 0.2057340072434051
3644 0.1995420336196654
3645 0.23642623676591484
3646 0.26404472450169963
3647 0.25830128275333963
3648 0.2742291642810431
3649 0.257473267947725
3650 0.278286215711767
3651 0.29169208954924725
3652 0.30433361867297787
3653 0.2750902620186739
3654 0.2508047174237235
3655 0.26724238609769435
3656 0.2937794474560414
3657 0.25498377352706436
3658 0.3034289904459286
3659 0.3888222682716434
3660 0.37610546767115965
3661 0.35643261584594993
3662 0.4000217757839298
3663 0.3137326506670626
3664 0.2827041033870739
3665 0.2858528779203177
3666 0.3918147021450688
3667 0.316690228078754
3668 0.33632231562414927
3669 0.36477783662737695
3670 0.4327299256875248
3671 0.44837481329522794
3672 0.4649843166367418
3673 0.49549517351821365
3674 0.38914624412783844
3675 0.39101605870921735
3676 0.38455478289731443
3677 0.36964529196688667
3678 0.33557310917232946
3679 0.3996098117763392
3680 0.45896171408778663
3681 0.5006153885913256
3682 0.4997561021831678
3683 0.5170361043573607
3684 0.4172206237514405
3685 0.40359918670325495
3686 0.2921819245006035
3687 0.32633167850619876
3688 0.3826123526314344
3689 0.3687866105109775
3690 0.3550354709834716
3691 0.303797779966994
3692 0.2836361958800906
3693 0.31678792432966096
3694 0.3168531539202366
3695 0.36470159702510085
3696 0.28699914764680673
3697 0.3115495669104046
3698 0.3796663462648921
3699 0.3329182642517994
3700 0.4021541435281957
3701 0.373650765772039
3702 0.358449709325205
3703 0.3438512574654118
3704 0.3372142653714828
3705 0.27124410237099444
3706 0.24164142377141457
3707 0.2453238818872413
3708 0.24301025694038836
3709 0.23500238380536023
3710 0.20177288468691276
3711 0.1929128739504492
3712 0.1594595911364557
3713 0.14022821699473234
3714 0.13160860755246978
3715 0.1455559430030586
3716 0.13897440469675756
3717 0.10769230546964763
3718 0.13483559495732547
3719 0.1049256480010461
3720 0.09438511817620109
3721 0.09291964071106816
3722 0.09685365926753173
3723 0.10648628474194248
3724 0.08714052883404384
3725 0.08756935483142593
3726 0.08672567109197225
3727 0.12837080205267176
3728 0.13308545320518658
3729 0.12220545715173978
3730 0.13826358802564387
3731 0.1421938082426756
3732 0.15039553608572823
3733 0.1529509681568484
3734 0.15542808773471817
3735 0.16655452523797906
3736 0.19955592447326537
3737 0.18241400604884475
3738 0.18695719836638947
3739 0.17900277938026946
3740 0.19254564571612484
3741 0.24311497957595296
3742 0.22027834108080113
3743 0.25629447315780723
3744 0.267474460437359
3745 0.27178607607106203
3746 0.3261194746102613
3747 0.27677525226289107
3748 0.2916946983098351
3749 0.3071358656176765
3750 0.42661751446257096
3751 0.29279519564394624
3752 0.38477892353618953
3753 0.32570592781638025
3754 0.3535373218949264
3755 0.3473628217397705
3756 0.33340522881290857
3757 0.3962036465954038
3758 0.4207856016863644
3759 0.3603538077820498
3760 0.35509964923325593
3761 0.3192947535855537
3762 0.35552254236993497
3763 0.35147552536806687
3764 0.3058096030989926
3765 0.3749231591461025
3766 0.367100595497525
3767 0.4098401388591157
3768 0.36700201226549595
3769 0.37525789103646345
3770 0.42207612791353977
3771 0.4673983607570305
3772 0.4843789099268451
3773 0.4778463975341937
3774 0.45238938671417805
3775 0.40313409438084147
3776 0.42629418020267995
3777 0.40465069490005373
3778 0.49752215485402546
3779 0.38711883291542176
3780 0.407660790182258
3781 0.4327707012621419
3782 0.45742937153309027
3783 0.3861617562660872
3784 0.36977102960011904
3785 0.4288202787054823
3786 0.4066465164153196
3787 0.32874580258265346
3788 0.32632570137246075
3789 0.3664186481826442
3790 0.32567189597039914
3791 0.3883300572000429
3792 0.39551418693974894
3793 0.34215422709156074
3794 0.2800789365076025
3795 0.2730068822500038
3796 0.3897447593292224
3797 0.35347070908848116
3798 0.44015456619724147
3799 0.42513176852718104
3800 0.3294791926253937
3801 0.2748577085062341
3802 0.2907144386082956
3803 0.24796664788913567
3804 0.2761259402549122
3805 0.2853851403900743
3806 0.22000970115143997
3807 0.21295392658200565
3808 0.18969346792267544
3809 0.14896665450926574
3810 0.1948626257030269
3811 0.15491232730908247
3812 0.14646842257804363
3813 0.14107566460930238
3814 0.12483740118974576
3815 0.14280862233245847
3816 0.11506952882784828
3817 0.09367964380463464
3818 0.11349131562333593
3819 0.09585282318712382
3820 0.09213777841137084
3821 0.10487389172189358
3822 0.09187617415574195
3823 0.08243078025272504
3824 0.10217930818276649
3825 0.10688861209770711
3826 0.11963774684734653
3827 0.12708819183400782
3828 0.13214017694905936
3829 0.1784722407640192
3830 0.15177720755023166
3831 0.18782426543059724
3832 0.1850449666177745
3833 0.19317078684926522
3834 0.16177716481255458
3835 0.1886437406171955
3836 0.19996817191566688
3837 0.18380817566477523
3838 0.2304703716972788
3839 0.20932470686984794
3840 0.2000189440128525
3841 0.2721979081646484
3842 0.2986540725119996
3843 0.3228505469582027
3844 0.28713636042643154
3845 0.33917379962497074
3846 0.3394130820394822
3847 0.4026019174619526
3848 0.3602277275898981
3849 0.35937228690019946
3850 0.3006426740896344
3851 0.2839747891209858
3852 0.33955403717691324
3853 0.35423468398619556
3854 0.3779790371476224
3855 0.3762976293433657
3856 0.33336525195660616
3857 0.3818750327658757
3858 0.3596133964970437
3859 0.3824877911890929
3860 0.3580105382229867
3861 0.36812416226890105
3862 0.3926430736522647
3863 0.4039998529124603
3864 0.38328554230471257
3865 0.4314796548441803
3866 0.38500040039728817
3867 0.42630503444002166
3868 0.5269942218983986
3869 0.45573203469331897
3870 0.5894677580299613
3871 0.5519338939246249
3872 0.4069409416120849
3873 0.43575721927633254
3874 0.4745769584136008
3875 0.4321195389267326
3876 0.4145512569975937
3877 0.36394723067343754
3878 0.5094262738318909
3879 0.5228234037290265
3880 0.4725401723285245
3881 0.4648057302711218
3882 0.3866318574118504
3883 0.43097218136390375
3884 0.4122316178957295
3885 0.36130520307892566
3886 0.3291332864570753
3887 0.45306776856931574
3888 0.4310029066777197
3889 0.3756631586889245
3890 0.31619413760164156
3891 0.3463710916855843
3892 0.39169178677978905
3893 0.38076028650751415
3894 0.4505067764576092
3895 0.42348874534974607
3896 0.4548545349521062
3897 0.5257036928077407
3898 0.31191702750784345
3899 0.32315006304981275
3900 0.4010632986585062
3901 0.3465748682091023
3902 0.33209910914229857
3903 0.34378933756940194
3904 0.2736802816671027
3905 0.2500364209096458
3906 0.19294513300164556
3907 0.18023499806747564
3908 0.1544263610082125
3909 0.17571117939362185
3910 0.18955868272313683
3911 0.15219718048832587
3912 0.14925653211328274
3913 0.12773770980549093
3914 0.12553808234234662
3915 0.10592922710616393
3916 0.10447997127862149
3917 0.11477847503041437
3918 0.09487288555072225
3919 0.10312281885145534
3920 0.08565133310630524
3921 0.09453606980061992
3922 0.11872222622041533
3923 0.12653025472271529
3924 0.11753133745774472
3925 0.11868164479722512
3926 0.13945261651693153
3927 0.1487029930942741
3928 0.2198057848493878
3929 0.20111806250757205
3930 0.1916147056114157
3931 0.1757990424774369
3932 0.16251395531201498
3933 0.16415780478028016
3934 0.1816297372899091
3935 0.215107494320859
3936 0.2361594907061388
3937 0.2510725752799319
3938 0.31162158688895236
3939 0.2603676232511141
3940 0.2695888318892269
3941 0.31364784907308363
3942 0.3331001973104777
3943 0.36891777762471767
3944 0.4433435784937079
3945 0.3965608522563002
3946 0.4274672375423944
3947 0.3409753948096858
3948 0.3590457968449559
3949 0.2829863856520008
3950 0.32373956183255737
3951 0.3753317121689837
3952 0.3263824898540719
3953 0.37359371895143606
3954 0.36807714879781206
3955 0.34723808500329506
3956 0.433587464360345
3957 0.46992180856916826
3958 0.45933618687485833
3959 0.5284096069701795
3960 0.42693385284250557
3961 0.4470564711938296
3962 0.4867339433806712
3963 0.45641862425185187
3964 0.4511306361953409
3965 0.4174391349070434
3966 0.48796396551775245
3967 0.5520637481553453
3968 0.520810552330407
3969 0.4983376614491073
3970 0.393528580768314
3971 0.4483029651447816
3972 0.41632325073687715
3973 0.4579243775323577
3974 0.5453340347954594
3975 0.5098305078583608
3976 0.5838899815870969
3977 0.545649192492513
3978 0.49467146911615834
3979 0.42026454469427443
3980 0.46323139460224383
3981 0.46632611422336656
3982 0.44566469484290383
3983 0.4463309036167296
3984 0.37712540736207567
3985 0.374968217986369
3986 0.41224781118678006
3987 0.43784463466384527
3988 0.5249005914401493
3989 0.4442433805454585
3990 0.44056606727096476
3991 0.5410133615149162
3992 0.5595444278208925
3993 0.44595656768740755
3994 0.4750101188965743
3995 0.5057733625495895
3996 0.4238097616146368
3997 0.37593232478626876
3998 0.3149411947952885
3999 0.3431523039826749
4000 0.28345977274392187
4001 0.3285722180953751
4002 0.27184438552745877
4003 0.2780588598442433
4004 0.22854072053499186
4005 0.17321104029854567
4006 0.18054996690617134
4007 0.17807143358158486
4008 0.1820261260523146
4009 0.17964976112643088
4010 0.1554212123615399
4011 0.15203795062865566
4012 0.11697257993032391
4013 0.09846717950487271
4014 0.10390900796248283
4015 0.0954415439878713
4016 0.0962055836617503
4017 0.09439711476117175
4018 0.07416029485635336
4019 0.09785438988919533
4020 0.11417896670768193
4021 0.11378102706557099
4022 0.12069331110504887
4023 0.1527254856874901
4024 0.13942804134694348
4025 0.1445828138380723
4026 0.1535804244354088
4027 0.15654458777970603
4028 0.2003156264624066
4029 0.18480626831297575
4030 0.14762609386476136
4031 0.18066345356398558
4032 0.17863690785836817
4033 0.19983349332163586
4034 0.23099848012180116
4035 0.23434741066176576
4036 0.24157366552364068
4037 0.26042409408058
4038 0.2813534339407973
4039 0.3641510435462609
4040 0.3553507240284099
4041 0.47634540761222705
4042 0.514050932016184
4043 0.40537379915904137
4044 0.45506423845391314
4045 0.4916754848369218
4046 0.42451504211894425
4047 0.39156597081876193
4048 0.37161317114977066
4049 0.3541517561251916
4050 0.3516635838731391
4051 0.39728987765929624
4052 0.37531726916848285
4053 0.36974292738165027
4054 0.5406529042566764
4055 0.5007495642369122
4056 0.4910755629620639
4057 0.4963537584610323
4058 0.4795245683526551
4059 0.515499375833715
4060 0.5294883203635178
4061 0.504260635874653
4062 0.5206004442380898
4063 0.49586562885171914
4064 0.4257665032042872
4065 0.5288965089604974
4066 0.6030086747308435
4067 0.5110871567315948
4068 0.44539996914010904
4069 0.5382400469058138
4070 0.39842236725975555
4071 0.5026098054296085
4072 0.5551571178069017
4073 0.4739612992467184
4074 0.5193764204874207
4075 0.6025773610840326
4076 0.5446604355845928
4077 0.41545014754161597
4078 0.43364703337010985
4079 0.5217098810528754
4080 0.49831186933114874
4081 0.3943383010504201
4082 0.4715726835806149
4083 0.4431583891534047
4084 0.5341660275699491
4085 0.5074500065986612
4086 0.49966587745277985
4087 0.43579857379660775
4088 0.595306936634201
4089 0.4475993791655732
4090 0.5870760428648297
4091 0.488792123095862
4092 0.5474193553068566
4093 0.46021948409424807
4094 0.3989437992995563
4095 0.3666450324360313
4096 0.4262000921677022
4097 0.36834384147585997
4098 0.38914479003434627
4099 0.34405367312878576
4100 0.31922086598515975
4101 0.2742999661090457
4102 0.22616848170307247
4103 0.2113322318468745
4104 0.19838778938195356
4105 0.21451508425769594
4106 0.19187547352427198
4107 0.15619987643584
4108 0.16250040146561823
4109 0.18909584649155547
4110 0.13590166813676027
4111 0.129775899688526
4112 0.11323848053863035
4113 0.09205666375935352
4114 0.09867326170042438
4115 0.09391358723169049
4116 0.10614859159557642
4117 0.10187002418129414
4118 0.09352670425910362
4119 0.11902077341340914
4120 0.11723487104957912
4121 0.1460000616846767
4122 0.12462482645106435
4123 0.1401460020686378
4124 0.16063956925502362
4125 0.172342421809648
4126 0.13922814330200656
4127 0.17054416076505519
4128 0.190303867167115
4129 0.16670345880925516
4130 0.16368675071780023
4131 0.17625090459310813
4132 0.18267297846148672
4133 0.23597235997359342
4134 0.21521005952379255
4135 0.3431142272131632
4136 0.3058222867904556
4137 0.34543495767719173
4138 0.4795955907587231
4139 0.4472761808754612
4140 0.48619749617503655
4141 0.4888763988867023
4142 0.4726617300745348
4143 0.5089199589321487
4144 0.4921475247395388
4145 0.44097465379209166
4146 0.4682729254506106
4147 0.38318317945319097
4148 0.32428944053588876
4149 0.392537661075033
4150 0.4092778292979646
4151 0.42958596440988517
4152 0.5124593024381072
4153 0.668609695873048
4154 0.547902510889419
4155 0.637808814537814
4156 0.5585861921549182
4157 0.6082356087152
4158 0.5994352112795336
4159 0.5634986811648894
4160 0.7350695673213439
4161 0.48761276220016375
4162 0.6075987166062081
4163 0.46852841719896715
4164 0.5009923484076481
4165 0.5863348520981457
4166 0.5043445994531416
4167 0.43068389976079047
4168 0.5400286720647004
4169 0.4836809774007976
4170 0.6195343026127216
4171 0.613416679692228
4172 0.5555451829807576
4173 0.6412346780146511
4174 0.5185410068477503
4175 0.5021088806205161
4176 0.5177864892773337
4177 0.5968436634565263
4178 0.59739694086764
4179 0.5366450055158885
4180 0.48209547053010593
4181 0.4655953802177955
4182 0.4870976890525178
4183 0.6543237976612216
4184 0.5755643226176517
4185 0.45925260031624704
4186 0.5336809290443654
4187 0.593921545944371
4188 0.6311954462740026
4189 0.4775700567673317
4190 0.46769264364000357
4191 0.5032296005923796
4192 0.38428136885506897
4193 0.3355704562149151
4194 0.4576550213752001
4195 0.4144196814818634
4196 0.35366461864246534
4197 0.39282844443467557
4198 0.2828840344505227
4199 0.33390836221847175
4200 0.29611887673924003
4201 0.3019731789154654
4202 0.28726434983277443
4203 0.24046284071224686
4204 0.21120862059293008
4205 0.19420420936021635
4206 0.18761883207156788
4207 0.18347866895768264
4208 0.15824596221082213
4209 0.11816036357356924
4210 0.10280739100640682
4211 0.1203814429418709
4212 0.1128894939951726
4213 0.10475387376083406
4214 0.10307187015607826
4215 0.10671503897129063
4216 0.10848698287021633
4217 0.10831860322221042
4218 0.11509932475466564
4219 0.11612397119240032
4220 0.1433024903175533
4221 0.14343583943206661
4222 0.15944800694404918
4223 0.14900557955884336
4224 0.14362208405068017
4225 0.15385065246768118
4226 0.1743744924835619
4227 0.14156348212184544
4228 0.15124435682191428
4229 0.18433734760114442
4230 0.19537569963455165
4231 0.2278847049503699
4232 0.3204709136843533
4233 0.28775123019254795
4234 0.3135219968325593
4235 0.3627731801005495
4236 0.3857437464692404
4237 0.47015413629156777
4238 0.5204037979310601
4239 0.5072738250622113
4240 0.5106325243226644
4241 0.4652882008342113
4242 0.5696946572519276
4243 0.4608282226378545
4244 0.4133123828148289
4245 0.4560369742344093
4246 0.4191527683747569
4247 0.4125187365233975
4248 0.5148752429928752
4249 0.4655872940385544
4250 0.5750078878833503
4251 0.5735347549290731
4252 0.44726739070754684
4253 0.6878944268700761
4254 0.6022428811768314
4255 0.5340260651739029
4256 0.5673951123987654
4257 0.562384904678743
4258 0.6166755859520892
4259 0.6005630117328953
4260 0.6659535041338106
4261 0.5788296879453946
4262 0.5142533177937689
4263 0.5153730726015112
4264 0.5493772027204894
4265 0.43275685712804113
4266 0.576621417514786
4267 0.6624449050646635
4268 0.6252918164754452
4269 0.5701511589160283
4270 0.5997274775454771
4271 0.4987566694608211
4272 0.6897572649986092
4273 0.7015190915425833
4274 0.5494785865080049
4275 0.6873733339764951
4276 0.6681379395213878
4277 0.6267267954430754
4278 0.5211014418555594
4279 0.5734490688722969
4280 0.4774266008002422
4281 0.5550338794570545
4282 0.5328204139917225
4283 0.5550031477435501
4284 0.6068423230758406
4285 0.6722395388747557
4286 0.532879641644264
4287 0.5964744191322995
4288 0.4842716688222372
4289 0.4778257612083042
4290 0.4189932969079301
4291 0.426801350638274
4292 0.40053010474097184
4293 0.45828161200897394
4294 0.3640932585693912
4295 0.3840042728301646
4296 0.2959774592231555
4297 0.3057898722821669
4298 0.31054573991521484
4299 0.25926716774879555
4300 0.28547334825378196
4301 0.2503700903731644
4302 0.23877146461596443
4303 0.22019068772603304
4304 0.16654487484811764
4305 0.19180080628135462
4306 0.15742982304660366
4307 0.14319194232954963
4308 0.12659446711125513
4309 0.09592610901322249
4310 0.1110940015925911
4311 0.14231049552093333
4312 0.12028503875813588
4313 0.10185947010484413
4314 0.12155634065503637
4315 0.13009596691879785
4316 0.13600011079531538
4317 0.1392041846942857
4318 0.13367711445605723
4319 0.13271858845475926
4320 0.14481705635025555
4321 0.14905180055038095
4322 0.1369414065272169
4323 0.1662353875957042
4324 0.18298205094086376
4325 0.1681863688307055
4326 0.16575056993715845
4327 0.18095514750808078
4328 0.23270313852433752
4329 0.16477115500339556
4330 0.22786686509344853
4331 0.3199985212528604
4332 0.3411892915598294
4333 0.40175220257234384
4334 0.424787868259628
4335 0.4794022739399403
4336 0.5325931359001989
4337 0.4884555184360575
4338 0.7067668696684587
4339 0.5109921084583655
4340 0.6820820242812706
4341 0.5920802018562377
4342 0.4471312518971932
4343 0.4714565714921964
4344 0.37966982427521795
4345 0.5243008955026212
4346 0.49099931663114477
4347 0.4704097103509761
4348 0.5130943074724127
4349 0.5681202728616968
4350 0.6368432573689655
4351 0.6874278601075227
4352 0.6101703929349698
4353 0.5622952205343267
4354 0.6409902787058793
4355 0.5152898346210338
4356 0.5761374238440562
4357 0.5662030710413151
4358 0.6476173208313515
4359 0.5882461355157412
4360 0.5841646636210247
4361 0.5773056855633539
4362 0.5125487590332369
4363 0.6238856167309991
4364 0.6961939656183332
4365 0.6832690816229974
4366 0.7266315065837243
4367 0.7050587367107936
4368 0.7087005958228019
4369 0.7445817813201684
4370 0.7938388619693642
4371 0.7431984823470332
4372 0.6030236628820542
4373 0.67669098666708
4374 0.5899452433786021
4375 0.6431832113669462
4376 0.4636508829312332
4377 0.4491692412101297
4378 0.470764329358482
4379 0.5651632233281062
4380 0.6329773333044885
4381 0.5814686751521546
4382 0.6364474428994686
4383 0.6042127297689918
4384 0.623898818051777
4385 0.5015128135508551
4386 0.43780656659260714
4387 0.5184788520266025
4388 0.4832233614003971
4389 0.36634124641550814
4390 0.49940367158788257
4391 0.4374717962329494
4392 0.39555769569250326
4393 0.3583185187949832
4394 0.34590370160822664
4395 0.2504051560348768
4396 0.3083313724697136
4397 0.27883329663292616
4398 0.3014395813565314
4399 0.25672526969821174
4400 0.22938948012655733
4401 0.238056284327225
4402 0.20168449502837327
4403 0.18112094379350413
4404 0.16319746732339663
4405 0.15287726757956363
4406 0.11058932324941488
4407 0.11267583297953569
4408 0.12862635670387895
4409 0.13084149617309937
4410 0.11311709219781556
4411 0.11430321194716252
4412 0.1276536909421092
4413 0.10737141763316983
4414 0.12362426601923227
4415 0.12367608232140086
4416 0.1451175360135308
4417 0.1121257822844535
4418 0.12497854349985327
4419 0.15903576148958964
4420 0.14343650686412937
4421 0.18295826008089097
4422 0.18951762405086847
4423 0.16782910221739147
4424 0.19448232792577974
4425 0.18853056499970516
4426 0.17883468561226323
4427 0.2228980182460541
4428 0.2456918095275349
4429 0.29559449052733067
4430 0.30876091805695144
4431 0.42090930089121303
4432 0.4366014270952486
4433 0.5118474514516539
4434 0.5456813713859132
4435 0.48482262797570763
4436 0.6227503701492382
4437 0.5447322937938511
4438 0.7066313752883457
4439 0.6316872089451163
4440 0.6140358404395186
4441 0.5204082729491563
4442 0.4798090690672134
4443 0.5206458811887859
4444 0.5768285593130786
4445 0.4860850675324695
4446 0.5738794651813641
4447 0.5550512579102702
4448 0.6611347614515731
4449 0.7047980546876323
4450 0.6491112404231292
4451 0.5641690429155107
4452 0.6305854995891912
4453 0.5885716472998177
4454 0.5044275102680751
4455 0.5484679755905099
4456 0.6133810429401887
4457 0.681858793899257
4458 0.7542031778094369
4459 0.6121626398639196
4460 0.5807950435635686
4461 0.6319955959686012
4462 0.7679895847700492
4463 0.7185302969693008
4464 0.660227588663631
4465 0.7680930226603565
4466 0.6857092864641863
4467 0.6310143360048759
4468 0.6136386436498787
4469 0.697395371681622
4470 0.8282140775471342
4471 0.7196508393124523
4472 0.622068138503221
4473 0.5766684686017879
4474 0.5519425968833213
4475 0.5302461846082868
4476 0.5238502821498758
4477 0.6247189388847262
4478 0.6939269202114947
4479 0.6682119865648869
4480 0.6706618016540778
4481 0.7091846439035615
4482 0.8083480585871928
4483 0.6299704389750997
4484 0.6381056685971399
4485 0.5332021288284471
4486 0.4705342990140029
4487 0.41739229699396607
4488 0.43943596498069976
4489 0.4057396833010002
4490 0.5051428667820995
4491 0.35296837489698096
4492 0.3814247900886304
4493 0.2871026199881713
4494 0.2641717047516717
4495 0.24427139322256916
4496 0.28177994359962444
4497 0.2161272878444698
4498 0.19705906346237073
4499 0.20450375742661517
4500 0.17626465500595076
4501 0.16983728900285008
4502 0.161355141458397
4503 0.13595016976201432
4504 0.14364026308765668
4505 0.1091851971280738
4506 0.10808733102447941
4507 0.10558895022634394
4508 0.13799949794346278
4509 0.12249390761891142
4510 0.12790483193804375
4511 0.13799454563061697
4512 0.12456241060614921
4513 0.15236387808870205
4514 0.14736193560113348
4515 0.12088670274345278
4516 0.15706816350891134
4517 0.14158903233014658
4518 0.1613143857865535
4519 0.17083025532112647
4520 0.20273289912314005
4521 0.18226714528050564
4522 0.1973308528788225
4523 0.1876444588577819
4524 0.1708853059489048
4525 0.1959332527831473
4526 0.26214393401677105
4527 0.24035977065494146
4528 0.3458303343361033
4529 0.2888388225005936
4530 0.40215016000072734
4531 0.5099424111721593
4532 0.5822032549493745
4533 0.6300741791076979
4534 0.6382848533935457
4535 0.6096110250471252
4536 0.7306223978885769
4537 0.6543210201427888
4538 0.6002152381416319
4539 0.6070473084051444
4540 0.5927011649522256
4541 0.4708563500424583
4542 0.48391299828145945
4543 0.542509666619157
4544 0.7242182638584862
4545 0.687415369365398
4546 0.5982219496273007
4547 0.6881740311720116
4548 0.692794668585019
4549 0.551789207234525
4550 0.6814767667576922
4551 0.638823376752304
4552 0.730050771714901
4553 0.6583667831278559
4554 0.6372236191578473
4555 0.6395566257160712
4556 0.7675830285039947
4557 0.6021074911445603
4558 0.5735222107692087
4559 0.8065146236289502
4560 0.6747943448248537
4561 0.9128897025419619
4562 0.7114457699514246
4563 0.8033947865592217
4564 0.5558799491404796
4565 0.7693639178660079
4566 0.7784922773694215
4567 0.6877145228307905
4568 0.926197116039645
4569 0.8064992698378204
4570 0.6127801351373775
4571 0.5914203508595268
4572 0.5850687269793309
4573 0.5429938578331697
4574 0.7292474762812835
4575 0.7073224804054363
4576 0.7944503692259417
4577 0.6876891081516584
4578 0.7664168894237888
4579 0.6293612088731034
4580 0.7795277741215866
4581 0.7044521355336646
4582 0.5559292516362785
4583 0.5164104637432264
4584 0.4965928153817225
4585 0.515816808605723
4586 0.46822758681366283
4587 0.4226054364248193
4588 0.4288223413683804
4589 0.3743701274604713
4590 0.32463676971619704
4591 0.35842538089476994
4592 0.32840554610677114
4593 0.2912341850678301
4594 0.2877811566692065
4595 0.26263163948403695
4596 0.19821419577648325
4597 0.19787006988375777
4598 0.19063244947319966
4599 0.1541736678607904
4600 0.15421170908938545
4601 0.13787198544376228
4602 0.1416845532756112
4603 0.13375020264474238
4604 0.12467173386517488
4605 0.12704698468834577
4606 0.10213067214160056
4607 0.10414023308542937
4608 0.09809230833858364
4609 0.11857759915606292
4610 0.1237278120617657
4611 0.1100450092734865
4612 0.13718895775325707
4613 0.12398359073862826
4614 0.14365283372887708
4615 0.13499757330272139
4616 0.14204351537926257
4617 0.14832014024935403
4618 0.17040896043895348
4619 0.20299160548957115
4620 0.16244293335612606
4621 0.19362998405943754
4622 0.18999642257794216
4623 0.19877939846750634
4624 0.25638821926901884
4625 0.3157752956607978
4626 0.27103862115456756
4627 0.3292136874725552
4628 0.4570788474274454
4629 0.537214929019761
4630 0.49000210412411366
4631 0.632431348140332
4632 0.5542865562674771
4633 0.7134087022086589
4634 0.6358182850847898
4635 0.714766704220154
4636 0.7517088010292868
4637 0.6726014283732394
4638 0.7698536107038628
4639 0.6887240337555123
4640 0.7415946986552919
4641 0.48709122835327606
4642 0.6078408866134225
4643 0.7359963315796771
4644 0.7131456551537875
4645 0.6993933149412649
4646 0.7921753464280686
4647 0.7249659625885528
4648 0.5258715609328988
4649 0.8598796356789054
4650 0.7657827157117107
4651 0.7225061008860303
4652 0.9345318138504373
4653 0.8447626853845942
4654 0.6918561720866534
4655 0.7196661899651203
4656 0.7694345853677674
4657 0.6022352038804488
4658 0.6666826185153039
4659 0.8835957514383035
4660 0.9156009636178034
4661 0.820732987955264
4662 0.8949249578746016
4663 0.8386151175245712
4664 0.7159266370878264
4665 0.8116069056303729
4666 0.8280071726707924
4667 0.6916694006677034
4668 0.6885400824809957
4669 0.8008684967003362
4670 0.6071488013224243
4671 0.8853740414286092
4672 0.7910484064104364
4673 0.7170718111112656
4674 0.7363075657449121
4675 0.7246047416293592
4676 0.87599329567187
4677 0.8419045022286924
4678 0.6320887810856116
4679 0.6557269346964224
4680 0.6094121332186567
4681 0.5155380675658789
4682 0.5393145247642056
4683 0.46845480346347107
4684 0.37440415343345534
4685 0.3352736291673849
4686 0.3053702561303263
4687 0.3235163664990992
4688 0.2694298534215624
4689 0.2773283767347256
4690 0.31617632626758035
4691 0.34302470428222814
4692 0.24303395629278457
4693 0.26397239207092643
4694 0.2344491013814971
4695 0.21164668862745928
4696 0.1906557505353232
4697 0.1712485459116084
4698 0.15790839169922022
4699 0.14251472492454406
4700 0.10762451261146
4701 0.10840347876071144
4702 0.11450548910486673
4703 0.11101151115915758
4704 0.1096632171620192
4705 0.1380845337392416
4706 0.09754191233040864
4707 0.1273968529688856
4708 0.12171448000347568
4709 0.1054950315562626
4710 0.12262299364068456
4711 0.12838158651169299
4712 0.11783482544783921
4713 0.11091661500739608
4714 0.12014885823869627
4715 0.1476679958149283
4716 0.18329375618723878
4717 0.16403699665529084
4718 0.17351858241249488
4719 0.21222772886170965
4720 0.20927751587528137
4721 0.24810422895302825
4722 0.2436065058216568
4723 0.28109815871636706
4724 0.27825892888324355
4725 0.29353454535517604
4726 0.3638288389643112
4727 0.4581493188401245
4728 0.428420265616767
4729 0.5033199361965799
4730 0.7223978018312786
4731 0.5867609825982881
4732 0.7882005299667022
4733 0.7335956298348394
4734 0.8621340605142777
4735 0.7609867546991613
4736 0.5921073593665529
4737 0.5984616670002433
4738 0.5723318242341461
4739 0.6057437252763236
4740 0.659736863909543
4741 0.7532300181840629
4742 0.8022077970309872
4743 0.7429678287528825
4744 0.5865399291233228
4745 0.7286609077346324
4746 0.7110502257840968
4747 0.7338817344682023
4748 0.8037100806211472
4749 0.7420395141558376
4750 0.6399397979558389
4751 0.6451922352029523
4752 0.8017805421912696
4753 0.7183713187396036
4754 0.6204183860338102
4755 0.638504752169832
4756 0.7689688050867738
4757 0.7562468150718141
4758 0.6382820337369981
4759 0.9108936542028426
4760 0.7146194295017596
4761 0.8458715981720455
4762 0.7310522575636285
4763 0.8106989184700939
4764 0.7509200786563698
4765 0.739323216019221
4766 0.795493234757762
4767 0.653087962171742
4768 0.6717151902653099
4769 0.6485361044793116
4770 0.9419499738502939
4771 0.8183412259048157
4772 0.7124090023956996
4773 0.8692363797599615
4774 0.8438027185109661
4775 0.7296701142746301
4776 0.6460970056573411
4777 0.6758352723774615
4778 0.5061111428250039
4779 0.5740243656969997
4780 0.45683281389129093
4781 0.42056675717327713
4782 0.34458613291271345
4783 0.33428953113301046
4784 0.31936734054831184
4785 0.37222311577301714
4786 0.25048847546296643
4787 0.31834010196514234
4788 0.3848370565110543
4789 0.3264528223132703
4790 0.27706296691661925
4791 0.3094548888293994
4792 0.21468321788383782
4793 0.22032422187661424
4794 0.18796063896893117
4795 0.1442136626423999
4796 0.15227059942170837
4797 0.11867160184322588
4798 0.13463009419884114
4799 0.12442346592651689
4800 0.12325830610286578
4801 0.14052672604129882
4802 0.1161785322395085
4803 0.09707763625944574
4804 0.10717356519936998
4805 0.12331126677441169
4806 0.1173132057349916
4807 0.09673140428838535
4808 0.099837421861188
4809 0.10393248516336068
4810 0.11905903285790571
4811 0.12091025764673667
4812 0.1358111461382129
4813 0.14661974281067444
4814 0.18169780345005115
4815 0.16699386730522583
4816 0.15607757610510276
4817 0.2106308243814602
4818 0.21432391219500388
4819 0.22669445079104994
4820 0.24067727924003773
4821 0.22650479123599748
4822 0.28664734504533645
4823 0.295892240718798
4824 0.37857208272132314
4825 0.4380668010129884
4826 0.45445189803272523
4827 0.49168526826522085
4828 0.523412815527173
4829 0.5932005873866701
4830 0.6372095755089268
4831 0.7602084423719443
4832 0.7397801091640194
4833 0.6288969930092305
4834 0.6922068365300564
4835 0.6639482451764941
4836 0.5913879574083043
4837 0.6082022565986182
4838 0.8066819729448437
4839 0.7753287252455285
4840 0.7144958099956512
4841 0.7556287082272964
4842 0.837964025402049
4843 0.634981341482528
4844 0.7023440148503592
4845 0.6351578224646389
4846 0.7692997390866471
4847 0.7695321336599242
4848 0.7428477801451675
4849 0.6007618341664276
4850 0.6695809622707061
4851 0.8190189941598871
4852 0.70804147321192
4853 0.5713103960654329
4854 0.6549015286121239
4855 0.7723975803753084
4856 0.7718794328535495
4857 0.7514141802807083
4858 0.7507770579155099
4859 0.9149050384078347
4860 0.9020750658647556
4861 0.7475048580067364
4862 0.7951808877603428
4863 0.718223667736679
4864 0.8044433901301631
4865 0.741681236368971
4866 0.7089649151183672
4867 0.7232127236391135
4868 0.6845460130947695
4869 0.6617086608595172
4870 0.6336722095411622
4871 0.5684976920085328
4872 0.6239379684735633
4873 0.5907705171562033
4874 0.5004212970282195
4875 0.6110067747874649
4876 0.48104602609717845
4877 0.5273005622909317
4878 0.43949380950065653
4879 0.42076598972041135
4880 0.4272436974419659
4881 0.30728141318322766
4882 0.3950367348980613
4883 0.36211393339033504
4884 0.2564783162650358
4885 0.38140765020262707
4886 0.2828346809892127
4887 0.29890305827941654
4888 0.2441330019200181
4889 0.24750650663071505
4890 0.1943204734927002
4891 0.18209771324345858
4892 0.194835292131212
4893 0.16340071169953635
4894 0.1539855602460627
4895 0.1412968091445838
4896 0.13886305418986863
4897 0.12860953232968264
4898 0.12742142601081077
4899 0.1323518361843052
4900 0.09802146967524457
4901 0.092549121273264
4902 0.11114696575279989
4903 0.1071189400996321
4904 0.13105338670281555
4905 0.10265816031787235
4906 0.10674484070726553
4907 0.10384938523495782
4908 0.10893710511351942
4909 0.12820301111342255
4910 0.12259839482039366
4911 0.16624533667560876
4912 0.15855009764240025
4913 0.17819941995869823
4914 0.19236824037064854
4915 0.20541904420767038
4916 0.20085230959233044
4917 0.24576809578145886
4918 0.2672472526286665
4919 0.27107884424603973
4920 0.4229330274212146
4921 0.33578456123171496
4922 0.37057368994704065
4923 0.4586196471850231
4924 0.45266013354786616
4925 0.49988714468415185
4926 0.5735694905754929
4927 0.6448919274638637
4928 0.6420135575620245
4929 0.67671375286235
4930 0.6672802184941502
4931 0.7330838396114033
4932 0.6193532483058528
4933 0.6274365634321741
4934 0.6044988906911621
4935 0.7212934090136252
4936 0.643332600465292
4937 0.8779728097820082
4938 0.8641785407979755
4939 0.6830446776556298
4940 0.8707817179087185
4941 0.6956265931589005
4942 0.7009170099424683
4943 0.6775118922562782
4944 0.808857128958132
4945 0.6875050356977295
4946 0.6616466259175767
4947 0.6100940210663791
4948 0.5676104342920171
4949 0.6491447839645348
4950 0.5633386365463355
4951 0.7432020880803537
4952 0.6969971172290957
4953 0.6566976112563032
4954 0.605610495964776
4955 0.6158301953777982
4956 0.6551544819881474
4957 0.8208240807400285
4958 0.7868110499712331
4959 0.6688494490119209
4960 0.7176871755477667
4961 0.7112966434966296
4962 0.6487222495286292
4963 0.8179348698425258
4964 0.6618143502465766
4965 0.6640063760261903
4966 0.6164277276029444
4967 0.517117001718791
4968 0.45765007563101134
4969 0.6509751744649807
4970 0.6149149715061956
4971 0.6802058104705927
4972 0.545731182717904
4973 0.4530995560547491
4974 0.5570756172487963
4975 0.45461588753893534
4976 0.44135362330250544
4977 0.3195003686408053
4978 0.3080534108105635
4979 0.2600445738765993
4980 0.29180500531089965
4981 0.25032545514812904
4982 0.3178914371019553
4983 0.2616076221791833
4984 0.31398110107991856
4985 0.3131312878233431
4986 0.28548503535376984
4987 0.22318303836754813
4988 0.1919916966400707
4989 0.1899346155531895
4990 0.16468218722034447
4991 0.15329082490848123
4992 0.20693875925926414
4993 0.134521778475339
4994 0.1401135824942186
4995 0.12910515033387343
4996 0.10894285627749543
4997 0.09463376058543561
4998 0.09405923962819845
4999 0.11008689160963155
5000 0.09930698846979576
5001 0.12403245876739373
5002 0.12559027452617386
5003 0.096481791475577
5004 0.10202344907045875
5005 0.11392523782745748
5006 0.11021572645034676
5007 0.12226318227567846
5008 0.12981485790573208
5009 0.14038270253426555
5010 0.17696517022050942
5011 0.19141420562940376
5012 0.1731866197875434
5013 0.1826666552348334
5014 0.20391393967209442
5015 0.22894375352213545
5016 0.24730855533393795
5017 0.3015497890710573
5018 0.2858869515827546
5019 0.2729464316052817
5020 0.3962892612601779
5021 0.4349035228524532
5022 0.4473271962321124
5023 0.39498181820992
5024 0.53697738692646
5025 0.6596715726571268
5026 0.7127659595002065
5027 0.7147012492159877
5028 0.6408514963906344
5029 0.6301453433498309
5030 0.5280341640832491
5031 0.592341909541914
5032 0.6224302670527257
5033 0.6932131220569475
5034 0.8540623215579817
5035 0.7477440284154208
5036 0.747867355888818
5037 0.8603955949522801
5038 0.8326692262318283
5039 0.872365773951874
5040 0.7185934783122183
5041 0.745384179910505
5042 0.6701523753687342
5043 0.6911146822111549
5044 0.7465286943382985
5045 0.6762600778077619
5046 0.7632490902209689
5047 0.7509972931079649
5048 0.5459652710964094
5049 0.5318860850657504
5050 0.6559027065501454
5051 0.5252178345889574
5052 0.6499355370519228
5053 0.5906855871926013
5054 0.5634671920033694
5055 0.5856156631819814
5056 0.7169989569653434
5057 0.6746490586639406
5058 0.5584260793011212
5059 0.6242360583773987
5060 0.6444415944062984
5061 0.5942768693417251
5062 0.7643254959221814
5063 0.5948208745391729
5064 0.6466450736395127
5065 0.5864483664277788
5066 0.5418867183483038
5067 0.5872364787327812
5068 0.547396733171784
5069 0.5923472974357514
5070 0.5132396684697157
5071 0.5940442165161088
5072 0.5102518741343721
5073 0.416967479470829
5074 0.40809006417010485
5075 0.37968127696045983
5076 0.37533191171313324
5077 0.30631166408366434
5078 0.28502388827221925
5079 0.29512137908805547
5080 0.3040069191658701
5081 0.28885450673798263
5082 0.35448500768528673
5083 0.2557209863320607
5084 0.322938642940933
5085 0.2047660874085431
5086 0.1714525008559692
5087 0.16726342103077524
5088 0.14097381969456182
5089 0.16023697589781288
5090 0.1418222722484221
5091 0.12234772480779171
5092 0.12702811345978132
5093 0.11316011529750433
5094 0.10476063447701421
5095 0.09376677443021258
5096 0.08757749649241522
5097 0.09386975397233699
5098 0.10631519680940191
5099 0.10018283377575686
5100 0.08570600443044091
5101 0.15753370769121083
5102 0.13082758626691265
5103 0.13851860702155458
5104 0.12584751139868305
5105 0.15308190351779952
5106 0.14210163330516173
5107 0.14264022102765936
5108 0.12309335993637974
5109 0.15323935514198161
5110 0.16186783754037745
5111 0.2308482881773251
5112 0.23490151237333368
5113 0.26357499828815156
5114 0.2080132230523444
5115 0.23424308462245694
5116 0.2753328084915339
5117 0.3042535054767772
5118 0.35506408427568287
5119 0.32457794340954527
5120 0.38806321751055795
5121 0.4415159435373461
5122 0.5575998170209445
5123 0.5945305572526234
5124 0.8415709376246906
5125 0.8147338361733765
5126 0.6827985750559746
5127 0.6591430542445099
5128 0.5007651926178318
5129 0.6234500484834226
5130 0.562453501547022
5131 0.6297654971896037
5132 0.7130419608441273
5133 0.6689616571585659
5134 0.7114721743610487
5135 0.9078974995101607
5136 0.7694757350263872
5137 0.7976117512416993
5138 0.7554787665056157
5139 0.6389288095811992
5140 0.7111021582699455
5141 0.7931918565025935
5142 0.6589407091830217
5143 0.5741406472417107
5144 0.6468225021282555
5145 0.6096621091130797
5146 0.6058286471034667
5147 0.48992219097930473
5148 0.5184795948019397
5149 0.5085762640461886
5150 0.676773290139663
5151 0.6856381264232821
5152 0.5932528843351134
5153 0.5579046556558359
5154 0.6910748293500429
5155 0.6526460661385929
5156 0.5577316361155987
5157 0.6061970165882595
5158 0.6218125847774748
5159 0.5572640984447613
5160 0.5896620798629392
5161 0.5853466505659578
5162 0.7233192687916373
5163 0.5091594912911179
5164 0.5653077055504718
5165 0.5242080893776531
5166 0.6839597881032079
5167 0.5344778507938633
5168 0.38136023936715313
5169 0.48628704031291614
5170 0.4504048892062606
5171 0.458460338247442
5172 0.3471893873028905
5173 0.43855085458048343
5174 0.3132380239472185
5175 0.2955073250887595
5176 0.29650558973736046
5177 0.2703770335107975
5178 0.2877767537315418
5179 0.25871793839960844
5180 0.27492178445731397
5181 0.28111416015346574
5182 0.22829045962531558
5183 0.2277455104387494
5184 0.17696096273773998
5185 0.17229793025456602
5186 0.1614745908730849
5187 0.14584051630618056
5188 0.16511667801698288
5189 0.13948649369882013
5190 0.12688236298043856
5191 0.12500866544212047
5192 0.10260478924552277
5193 0.1096461527326398
5194 0.08646647993686918
5195 0.087487790495682
5196 0.08566536478682105
5197 0.10816545861077223
5198 0.11760665902363608
5199 0.1260507603805358
5200 0.15583897300044186
5201 0.18288777164472883
5202 0.15639355753241546
5203 0.1618770160585129
5204 0.15513591629341444
5205 0.16069650186242318
5206 0.18484773590141124
5207 0.15646079131004564
5208 0.1763257697708147
5209 0.19942960523948552
5210 0.22590465640752264
5211 0.2799705277242558
5212 0.22922705905815458
5213 0.2730437750012347
5214 0.2826461629405241
5215 0.3182923292155865
5216 0.33123659035036174
5217 0.34755743853266685
5218 0.2962495258791784
5219 0.4047307564663459
5220 0.5467102788027756
5221 0.6462370363195608
5222 0.7598175483660198
5223 0.6751419038909088
5224 0.6262757900087201
5225 0.529272308578329
5226 0.5687636599897316
5227 0.5139112519106909
5228 0.590069270331041
5229 0.6636552731667701
5230 0.5202695689361566
5231 0.638528961524325
5232 0.6732612708394993
5233 0.7365941715591854
5234 0.810982542008607
5235 0.6307500020176107
5236 0.8401522254253885
5237 0.8468479679759213
5238 0.7161853175734477
5239 0.826716987813486
5240 0.5970433573827036
5241 0.6777164462797542
5242 0.5411448943873202
5243 0.5826736139978829
5244 0.701126717766927
5245 0.5630748392663659
5246 0.6427966035111511
5247 0.5946366295478372
5248 0.5617336643633778
5249 0.5834877254094416
5250 0.7257652981471181
5251 0.7767735049276627
5252 0.7691904089708766
5253 0.6937343583931951
5254 0.5824758864497269
5255 0.652922088453837
5256 0.601683959100078
5257 0.7356732858260835
5258 0.5132938560810653
5259 0.5647876493188608
5260 0.5623766014375121
5261 0.6534947557851182
5262 0.5889333089146063
5263 0.6432569327436614
5264 0.6088926468889877
5265 0.5996907654692533
5266 0.5396135575090538
5267 0.5105275454356962
5268 0.44461583690277123
5269 0.41385829691226694
5270 0.47583937741140875
5271 0.44224700451069643
5272 0.33779831545525923
5273 0.3196797989119782
5274 0.24097759219249001
5275 0.26288454301269404
5276 0.254632127372637
5277 0.21545683573083557
5278 0.2416699982790722
5279 0.24654275505380566
5280 0.21405774768387295
5281 0.18970185657594968
5282 0.19466097277376448
5283 0.14408736766830177
5284 0.14951733155862865
5285 0.16771340415817176
5286 0.1582939535657226
5287 0.13369474039214893
5288 0.1036058943529552
5289 0.10816592459187488
5290 0.1077648342109042
5291 0.09683891274953849
5292 0.0968711561232566
5293 0.07392590613598476
5294 0.08005074705455466
5295 0.10356432838071168
5296 0.09246952521624849
5297 0.11607213002219004
5298 0.13962034754264296
5299 0.14489650196734408
5300 0.175105573027716
5301 0.17469537499214657
5302 0.18251593212083125
5303 0.1786925454003783
5304 0.15219008140130386
5305 0.1554774298628728
5306 0.18852846804449805
5307 0.22259443815149174
5308 0.23023645812360785
5309 0.28317594209332425
5310 0.24779768109128114
5311 0.21640837653664366
5312 0.261668409048064
5313 0.27053554399515184
5314 0.2818401915750046
5315 0.31224486470957036
5316 0.3654195196418986
5317 0.46573681501676234
5318 0.47792512438822743
5319 0.5255187749417807
5320 0.6537543103076352
5321 0.612738331611484
5322 0.6145045307068316
5323 0.5885085947395933
5324 0.5522185357144348
5325 0.5035692756406247
5326 0.5555549489413554
5327 0.5446738881854564
5328 0.5254629093831522
5329 0.6038172071355468
5330 0.683444608386765
5331 0.7129149416872925
5332 0.8008930524688405
5333 0.8208324182538403
5334 0.6082561368633211
5335 0.7520916044363446
5336 0.6425183565442161
5337 0.8121434922402859
5338 0.550285199605419
5339 0.7099697397174659
5340 0.6467525109460484
5341 0.5568602039359123
5342 0.6424672394885236
5343 0.6052573673187547
5344 0.5816302723714466
5345 0.5453685996051864
5346 0.5556541615153774
5347 0.6120428594599723
5348 0.6636142466277337
5349 0.5626728704392556
5350 0.5732515669627282
5351 0.6320544067644711
5352 0.6817490520772967
5353 0.5215919925186334
5354 0.5549637783713098
5355 0.4800313345385158
5356 0.5124311303938632
5357 0.5406136592521057
5358 0.596989499884754
5359 0.6355172560551526
5360 0.537754621276243
5361 0.6340564323766871
5362 0.707662310165257
5363 0.6947177438463659
5364 0.5094014066143108
5365 0.4720358122964082
5366 0.45535437265454176
5367 0.43599421966345386
5368 0.40693458450915776
5369 0.3928089966082052
5370 0.3405395913842801
5371 0.28284683539167027
5372 0.25105262449402316
5373 0.29243698973351484
5374 0.24404550429555347
5375 0.24374204391974305
5376 0.2746490197376262
5377 0.25307682101697676
5378 0.21841393787971475
5379 0.1736880023022017
5380 0.1795411245770448
5381 0.1477737821604395
5382 0.15712011333377324
5383 0.14899645812150208
5384 0.13208802305113243
5385 0.12732151151063742
5386 0.12384843045735733
5387 0.10509204798075077
5388 0.09641105845103669
5389 0.08618458755591055
5390 0.10050209849785388
5391 0.08410530034664576
5392 0.08617759833462821
5393 0.08236335344639052
5394 0.09738136853823892
5395 0.1424708505894015
5396 0.1256411170824007
5397 0.14370404516279986
5398 0.12577026596912935
5399 0.15424003596261918
5400 0.17124558365519812
5401 0.19839171105936423
5402 0.17710371045016632
5403 0.17402924474994522
5404 0.22158936326606143
5405 0.18756849336877504
5406 0.22507518655842382
5407 0.22764761295605496
5408 0.22257525274485448
5409 0.19362866148150293
5410 0.21824950957886166
5411 0.2903542090855194
5412 0.2949886116068301
5413 0.35307175549525516
5414 0.3434101243104583
5415 0.3797417881785813
5416 0.40576022880809187
5417 0.5424415484089894
5418 0.5679958579216905
5419 0.6072258551067948
5420 0.5703153170142267
5421 0.5832531151883541
5422 0.4370726813554553
5423 0.42913298885376516
5424 0.4691619968823712
5425 0.33906223539671637
5426 0.43295599112136807
5427 0.4436358196436432
5428 0.5063980440635963
5429 0.6584143458817266
5430 0.6938552280850663
5431 0.6651433440548287
5432 0.7503293831167199
5433 0.7121019838239602
5434 0.6617555266733841
5435 0.6556195419230141
5436 0.6797544560087052
5437 0.6614521398167472
5438 0.6367353471938224
5439 0.5052624187485035
5440 0.6031243413168508
5441 0.6862012189435069
5442 0.605026505029696
5443 0.5754401348175642
5444 0.46618833293604256
5445 0.4516331918266984
5446 0.5437387290529011
5447 0.48255435114431305
5448 0.505588751210322
5449 0.5046874821160534
5450 0.4968795314399324
5451 0.4860363433904311
5452 0.5532663264116754
5453 0.45266307118978405
5454 0.4868996043395831
5455 0.5827418642846817
5456 0.5168041933447693
5457 0.6122727244942779
5458 0.7116603848789881
5459 0.6777557315451498
5460 0.6494385996122507
5461 0.8187523278508719
5462 0.5981189417834862
5463 0.43102474989471173
5464 0.4033989203604694
5465 0.4380683712205843
5466 0.4087275975284807
5467 0.37092871094003493
5468 0.36791951084621805
5469 0.3119254052053452
5470 0.2879698163173466
5471 0.2893898487071103
5472 0.23056289332562444
5473 0.2956394337434551
5474 0.27749817834634305
5475 0.25039215830572925
5476 0.19544754119770233
5477 0.16675443802385945
5478 0.16651659862419607
5479 0.15892622954530752
5480 0.16124648875976733
5481 0.17264228988210684
5482 0.12902367828562716
5483 0.13539890966235613
5484 0.12345238287309596
5485 0.10445887384372812
5486 0.09123937232134814
5487 0.10414178101051227
5488 0.09760159332085214
5489 0.0930912466780712
5490 0.08818410055624847
5491 0.09807805597462513
5492 0.11364523613359641
5493 0.1147556825897718
5494 0.1068015396529309
5495 0.11593235563590956
5496 0.11780084079564657
5497 0.14858879118498614
5498 0.1505064640223565
5499 0.13451282392263852
5500 0.1587679787575398
5501 0.15485343801708804
5502 0.21137762507946947
5503 0.18790202374393758
5504 0.18096390723027708
5505 0.23760478858831682
5506 0.217487672666868
5507 0.22290697487063163
5508 0.24724530012825946
5509 0.2672784545416646
5510 0.3026181301026585
5511 0.3487567917630339
5512 0.36034998583398764
5513 0.380377897128222
5514 0.47501439991055316
5515 0.4840543589237775
5516 0.5629122214533393
5517 0.48574924554447707
5518 0.5550610221274637
5519 0.551901666948204
5520 0.42502907229319026
5521 0.42216645597956254
5522 0.4586267764463699
5523 0.4182655142734653
5524 0.34398884792850687
5525 0.38245216562276396
5526 0.5831625664357144
5527 0.5692166444425355
5528 0.49192683822635347
5529 0.6088017186786471
5530 0.635596115304962
5531 0.5931567183239935
5532 0.6391775019341915
5533 0.5882645159778614
5534 0.6502345305833299
5535 0.6314094455512564
5536 0.6702126609324176
5537 0.6315008648123746
5538 0.5968929210477535
5539 0.4766522747241113
5540 0.510907265189779
5541 0.4804352721328394
5542 0.5072516329636572
5543 0.4063113671166409
5544 0.4711106368236911
5545 0.4939622965703732
5546 0.5705363719268876
5547 0.550750345035526
5548 0.4364598408144448
5549 0.5110239673747975
5550 0.5074032951934159
5551 0.5479075713210636
5552 0.4236550292644335
5553 0.498074063027302
5554 0.5082310241876025
5555 0.6645871560085683
5556 0.7395725646815049
5557 0.6837743146845078
5558 0.580453204897626
5559 0.60631082214709
5560 0.6431161332796146
5561 0.35308160585160375
5562 0.41784861093248626
5563 0.45730233851070917
5564 0.4396820532521638
5565 0.3633441297496278
5566 0.39608150162285016
5567 0.39769395446336187
5568 0.344002690176163
5569 0.2866429116659538
5570 0.2665441220266274
5571 0.2506120274967822
5572 0.2577088251111416
5573 0.21172227128041918
5574 0.21108973842046905
5575 0.14148263481057632
5576 0.14540522858476682
5577 0.12824870765661334
5578 0.145346688123423
5579 0.14084017407373836
5580 0.12189513528997806
5581 0.125477393644012
5582 0.12800577478535555
5583 0.11725735693197337
5584 0.09779113081499596
5585 0.08890222856814851
5586 0.09147293446445888
5587 0.11031924274077518
5588 0.09998803045579471
5589 0.12161023706974497
5590 0.13278104244651856
5591 0.12147169546183176
5592 0.1380539460599251
5593 0.11762534616325925
5594 0.13021473511851875
5595 0.10661284617233298
5596 0.13671396199025657
5597 0.14202693106922548
5598 0.1387250860145859
5599 0.133426196759369
5600 0.17452345084965423
5601 0.20185954640082332
5602 0.16498573982609305
5603 0.18818244623245406
5604 0.21875395215525473
5605 0.21720019542271854
5606 0.25920933078499453
5607 0.27041865411932414
5608 0.2812259685716938
5609 0.297026446830962
5610 0.2892394242199409
5611 0.3472108166328975
5612 0.5285926271702234
5613 0.44146306548470077
5614 0.47911069959447633
5615 0.48224970161965247
5616 0.5591670475195775
5617 0.579581375931625
5618 0.4845113166101882
5619 0.4292478936651776
5620 0.3765948598953303
5621 0.3592705922611193
5622 0.4183394762066135
5623 0.46006446841825316
5624 0.4324891367413265
5625 0.44105540960377215
5626 0.5393790565373451
5627 0.4862518580017831
5628 0.4728230878620895
5629 0.5523055023583308
5630 0.5500419452887176
5631 0.589798300998018
5632 0.6170727700896536
5633 0.6348700357912188
5634 0.5360583295699671
5635 0.49066641084128504
5636 0.40669616590295415
5637 0.5072970793169509
5638 0.44654702847588784
5639 0.4712513524950841
5640 0.43383382974044715
5641 0.4354830821801153
5642 0.5008315885541212
5643 0.47908876711354975
5644 0.5056777840847391
5645 0.45103069588719336
5646 0.5500117999368015
5647 0.5386111219684593
5648 0.5122140915464519
5649 0.47005844710280226
5650 0.4880314710328417
5651 0.5049163644276318
5652 0.5259713964728361
5653 0.6121467744727374
5654 0.5714257052137797
5655 0.6925712047841265
5656 0.5400408831986162
5657 0.47232386403424614
5658 0.5236917429867777
5659 0.4377144419192954
5660 0.45046561453005923
5661 0.4118142349204966
5662 0.45490796422777663
5663 0.3827103775710996
5664 0.2967342544138675
5665 0.32064012305559925
5666 0.27241932671360736
5667 0.24762342416455818
5668 0.2825474214532556
5669 0.30773393702983576
5670 0.24438028868148237
5671 0.2190450742953894
5672 0.23520106419159384
5673 0.1665233296392693
5674 0.13990251565605868
5675 0.12667789104340324
5676 0.11138585982596604
5677 0.11058278145477007
5678 0.12296010159587868
5679 0.10729888954790058
5680 0.12569526051207508
5681 0.1080878246780982
5682 0.12260466364568746
5683 0.09240537373390244
5684 0.1023790669036187
5685 0.09883647733212274
5686 0.0843867692436944
5687 0.10588886427849763
5688 0.11527016249189347
5689 0.15326138444824516
5690 0.10267204889446532
5691 0.09293829181293216
5692 0.11756501294427378
5693 0.11209266642889205
5694 0.11621843728188774
5695 0.12472886160486861
5696 0.16232942462615702
5697 0.14187941201492654
5698 0.12562778933568078
5699 0.1502980378565144
5700 0.14447019903970384
5701 0.1640825672909654
5702 0.19500053157526911
5703 0.2531993593621611
5704 0.2794079071238204
5705 0.37326256327105156
5706 0.27175633046271525
5707 0.3761705176889537
5708 0.3895537878480335
5709 0.3471296711877097
5710 0.44701280828725576
5711 0.4263666511458598
5712 0.4552115333877317
5713 0.5576932190560149
5714 0.4976110648568304
5715 0.3889396698032448
5716 0.4995737781644041
5717 0.45521616224389255
5718 0.4172408245877522
5719 0.3620981541022166
5720 0.33773442727298947
5721 0.3956036727307515
5722 0.4613867524413624
5723 0.4853848363184344
5724 0.522975212665761
5725 0.5897899832383456
5726 0.594400142589493
5727 0.4372317656793198
5728 0.4052041197186638
5729 0.4906992567180255
5730 0.5454037969744637
5731 0.5014023307242143
5732 0.45204167983649596
5733 0.4175710926971676
5734 0.41858085609083584
5735 0.4091398307842897
5736 0.3646401867660762
5737 0.4226863631929666
5738 0.49037345762693046
5739 0.44807313210045246
5740 0.5009366580448847
5741 0.5214541359868272
5742 0.3782052864704595
5743 0.43851680152180067
5744 0.5645298818184035
5745 0.44207103483890126
5746 0.5273891449103162
5747 0.5183894966653141
5748 0.5411504305496091
5749 0.3768631983131015
5750 0.46379338018574295
5751 0.536506554012632
5752 0.5146434162633023
5753 0.5497113550143219
5754 0.5386819235681704
5755 0.44981374304896937
5756 0.43535335089966976
5757 0.4538725182576937
5758 0.40716267283419816
5759 0.3823033804444172
5760 0.4083942005814105
5761 0.3259204620292457
5762 0.34405181364438575
5763 0.2422001693495923
5764 0.2767856661012601
5765 0.28831789491812615
5766 0.24388787014104396
5767 0.21339425527372938
5768 0.2171441010154188
5769 0.18577565290413808
5770 0.21088825077394135
5771 0.1490832841098741
5772 0.1462511426036278
5773 0.13912324958852262
5774 0.10625761747963586
5775 0.14930565015989208
5776 0.13584542197970406
5777 0.12239962780615259
5778 0.11531275184142138
5779 0.1133226926509507
5780 0.10981946439125798
5781 0.1053616739057142
5782 0.09957462572320892
5783 0.11693243040373155
5784 0.12366843462649357
5785 0.11477180239445765
5786 0.1351748000189906
5787 0.1271866159417275
5788 0.12412455965953488
5789 0.11724171768835091
5790 0.10777365334917985
5791 0.10115683797142039
5792 0.10962701039513627
5793 0.12857566054654215
5794 0.14309592882257308
5795 0.15463883886734706
5796 0.1254412259657998
5797 0.15392704057774034
5798 0.22601546789919144
5799 0.18141695965934687
5800 0.1694380485885617
5801 0.1944127152540045
5802 0.23003018355885607
5803 0.28044852755424177
5804 0.28178467976470106
5805 0.34497438776340283
5806 0.44074418654036746
5807 0.395926478909851
5808 0.4048091950678781
5809 0.4140985051307067
5810 0.4122968163525952
5811 0.40965142698526735
5812 0.41774152640259243
5813 0.4380368318610837
5814 0.5040669561070131
5815 0.4459238603657724
5816 0.4271431148021367
5817 0.37395605534061627
5818 0.3497740875905245
5819 0.49132846543999126
5820 0.44673893278483656
5821 0.43992285176552487
5822 0.5343255883235607
5823 0.47216973459617945
5824 0.5094352907818117
5825 0.45600866729918577
5826 0.46644180045756517
5827 0.5261345081082265
5828 0.3847014495490528
5829 0.3949910665176059
5830 0.3905091464587306
5831 0.44390897290989334
5832 0.42305239996515526
5833 0.40105180032445337
5834 0.45305242487527175
5835 0.37064337661063956
5836 0.4963443544267155
5837 0.49230549043714866
5838 0.5549926974141725
5839 0.435537243859669
5840 0.40950564901355296
5841 0.46533484362690325
5842 0.5264076416880887
5843 0.47270596349944966
5844 0.46917874311847
5845 0.47714081202629166
5846 0.5205099106066635
5847 0.4515458901409688
5848 0.4882374869836372
5849 0.491891248309119
5850 0.4803998038747729
5851 0.5879393108380884
5852 0.48211581734479825
5853 0.4772169618453571
5854 0.43296432522927575
5855 0.481869670969537
5856 0.526611221372249
5857 0.4277021700168552
5858 0.3943828784376069
5859 0.33899563518804054
5860 0.2793458311853164
5861 0.2701375945118071
5862 0.23831630975941376
5863 0.2406152633843872
5864 0.25331735280554035
5865 0.22120580719685334
5866 0.18159712061698086
5867 0.18395355749654585
5868 0.1601803372333815
5869 0.1543402856859084
5870 0.16339156322257403
5871 0.14717805113300775
5872 0.12634444847498955
5873 0.16413121899030275
5874 0.14048179507420971
5875 0.137032820513121
5876 0.1309777440047151
5877 0.11057103848892352
5878 0.1431653173033407
5879 0.1038019617700173
5880 0.08688994817906254
5881 0.11252437569812555
5882 0.1159359082291518
5883 0.11737576862524768
5884 0.12060961825352734
5885 0.12166614353520898
5886 0.112176728797182
5887 0.10943763505917094
5888 0.11006098412232274
5889 0.11756705274546071
5890 0.11908617946329582
5891 0.1049483743785037
5892 0.12062451742917503
5893 0.13703887996340594
5894 0.16849374609507203
5895 0.1766875848581705
5896 0.19401334953971786
5897 0.19977854105031081
5898 0.20486217642560953
5899 0.23092817772650767
5900 0.2239956108444775
5901 0.26282882468180213
5902 0.3330738443866375
5903 0.32954965838909245
5904 0.36292240880179644
5905 0.49577247352733056
5906 0.3768076917742159
5907 0.31682948890809726
5908 0.4152384430793616
5909 0.4603146478783363
5910 0.40998591896424313
5911 0.41720150523228633
5912 0.4839328003216974
5913 0.4365219313949051
5914 0.3922537691527981
5915 0.3897192846625925
5916 0.36984500888902005
5917 0.31992696984856045
5918 0.35424837534128395
5919 0.2886945888973886
5920 0.4015031798309567
5921 0.49555734900688236
5922 0.5067858230054026
5923 0.4555419531708461
5924 0.450173961565417
5925 0.5666255412150119
5926 0.5120144819223817
5927 0.39171351657465897
5928 0.4524268989836211
5929 0.39190382085304104
5930 0.46644154102265223
5931 0.4210810888852676
5932 0.48148459570300484
5933 0.45704668088314787
5934 0.4194670142495785
5935 0.4518509534606313
5936 0.5719535797163683
5937 0.44093783499941297
5938 0.4217597936929767
5939 0.5125461821046747
5940 0.5257466724316062
5941 0.5050292496599647
5942 0.48748967819937367
5943 0.48799625818573633
5944 0.45776789381635996
5945 0.47195928750373756
5946 0.5570076268393919
5947 0.5622879040418973
5948 0.46891317484985057
5949 0.5510764154496457
5950 0.44166817307209305
5951 0.4348085115965175
5952 0.43640127833996084
5953 0.34370806825465317
5954 0.4376581903528708
5955 0.3803524553246813
5956 0.41063183740737846
5957 0.31924243814969516
5958 0.24793764539261273
5959 0.2565165902160398
5960 0.21494245303483658
5961 0.2081467884685269
5962 0.2041822371410719
5963 0.21754009064277366
5964 0.19699880842857007
5965 0.18774631023217966
5966 0.20681058464790897
5967 0.1471537253181324
5968 0.12433612871105386
5969 0.1664474091614204
5970 0.12888832084383872
5971 0.12364701875537598
5972 0.13468879401902945
5973 0.1289173928450739
5974 0.12192733073350435
5975 0.1244361681449406
5976 0.13390443136357846
5977 0.1333414491907026
5978 0.12442507337999423
5979 0.10555674923384845
5980 0.10316338824301868
5981 0.10929432672877656
5982 0.11253682024185267
5983 0.11293498843807999
5984 0.0919267081466563
5985 0.08630521138673397
5986 0.1110033446137568
5987 0.10501882488708125
5988 0.11563892326900736
5989 0.1348229548125265
5990 0.1491723990622996
5991 0.16744897117617258
5992 0.19926848704621203
5993 0.1615008216476606
5994 0.17788397166435774
5995 0.18238835498641165
5996 0.19633550427955632
5997 0.20564668856491647
5998 0.23252194104351784
5999 0.2815042867284121
6000 0.2908423034010233
6001 0.3186918872798514
6002 0.34299699069269507
6003 0.35009440326866587
6004 0.38998628618791653
6005 0.37691029045546426
6006 0.34609465851079707
6007 0.3628792009158063
6008 0.35846960729369987
6009 0.3857232767657531
6010 0.3980351084973714
6011 0.4647217417817087
6012 0.5431604860783111
6013 0.3813833291014459
6014 0.4171433621660171
6015 0.34203255919213676
6016 0.32554681031831667
6017 0.3384960054010453
6018 0.452224347717552
6019 0.48807141038397284
6020 0.4084089010914512
6021 0.4588112361320993
6022 0.4233515265866479
6023 0.5742937760707544
6024 0.599095000456946
6025 0.3990050321081835
6026 0.4145074809725048
6027 0.4379277931938646
6028 0.4394844660046396
6029 0.43619765618666295
6030 0.5693433842648512
6031 0.5078356738226615
6032 0.4933635455331928
6033 0.5472095083484323
6034 0.5066019061385814
6035 0.44300429826525795
6036 0.4056108209186128
6037 0.45616970798788015
6038 0.43184077487267053
6039 0.5252944473253806
6040 0.5508788944749472
6041 0.47005581948744546
6042 0.41838319783853195
6043 0.4769594715941005
6044 0.4893959354552386
6045 0.5554476034375496
6046 0.5854921944105695
6047 0.4777900401500223
6048 0.43383083650807863
6049 0.38514600818742273
6050 0.4349624366986319
6051 0.4034705588762659
6052 0.41102204376047524
6053 0.33697092071066903
6054 0.30804112825192764
6055 0.314501415148431
6056 0.23717526119892
6057 0.254693907407464
6058 0.27473504563509105
6059 0.19003682834551772
6060 0.18325679098617595
6061 0.18675469935314137
6062 0.23963351388848816
6063 0.2070549713012293
6064 0.16619393676931143
6065 0.16051038228056438
6066 0.1253899908043547
6067 0.1491873465856398
6068 0.18405368580723147
6069 0.1798069194769182
6070 0.14164592388138111
6071 0.13833773547691927
6072 0.13420544355779537
6073 0.11978892641306553
6074 0.1559953280630927
6075 0.13475722669459134
6076 0.1291010771051772
6077 0.11586936158160875
6078 0.10644183334309312
6079 0.11331868057455148
6080 0.10089327860892444
6081 0.10055857494429365
6082 0.0960479298927826
6083 0.0928015821116192
6084 0.09824183276918143
6085 0.1076428359728291
6086 0.10710166801367628
6087 0.1365466846820891
6088 0.13013969122101984
6089 0.13168671271601096
6090 0.15883340720565228
6091 0.1790559312848984
6092 0.15863528075852584
6093 0.20908138379006905
6094 0.20153351002877679
6095 0.2554776402811583
6096 0.2677116594026441
6097 0.2247244716364922
6098 0.2825605525270645
6099 0.3463889519271934
6100 0.27920570594347194
6101 0.3071348822270661
6102 0.3933124800573873
6103 0.28838539213111536
6104 0.3385201878034489
6105 0.28281506276868723
6106 0.3776788517555806
6107 0.3448563909734436
6108 0.3701956580265327
6109 0.4150075292679982
6110 0.3412695273708108
6111 0.44266744670834024
6112 0.4344797807082321
6113 0.348698078073228
6114 0.3588281572392779
6115 0.4572217333886323
6116 0.33422473751686127
6117 0.38974256968059035
6118 0.3894022594345943
6119 0.41688523279771156
6120 0.5384687396741835
6121 0.5523137775403293
6122 0.5627388026282656
6123 0.4361816095142535
6124 0.47337603760232044
6125 0.42643083689185607
6126 0.38691516343091054
6127 0.4587576236588899
6128 0.4123721409960014
6129 0.4435574513954494
6130 0.5487682845862133
6131 0.5247078447108112
6132 0.4168686260196557
6133 0.4474152675443019
6134 0.42997324703352785
6135 0.517466471516892
6136 0.4928669084833304
6137 0.54399539676572
6138 0.5476679346702977
6139 0.4455629519090182
6140 0.43474496739538016
6141 0.46505575322415443
6142 0.4448367983930625
6143 0.46275086065916826
6144 0.5000525937264523
6145 0.390717289094225
6146 0.42061038973252457
6147 0.3894474791237832
6148 0.40759724409513703
6149 0.41519213808867883
6150 0.36769530810759754
6151 0.3349232027228538
6152 0.2337189803724866
6153 0.2740638609975513
6154 0.2616587843835667
6155 0.24253910782673416
6156 0.2706515045791258
6157 0.2766371720410064
6158 0.23064059606437962
6159 0.18914943648454033
6160 0.18078430670942358
6161 0.19094204204240078
6162 0.21888118172043308
6163 0.15907137019715087
6164 0.16706151950791961
6165 0.1399938455920407
6166 0.16768564057551402
6167 0.18994410151086746
6168 0.1458875498030447
6169 0.14852011096992837
6170 0.1367825661896529
6171 0.16952220632956339
6172 0.1572230392197568
6173 0.12599792165691287
6174 0.1183506201948971
6175 0.12255105206934105
6176 0.10953410665213914
6177 0.10523830978811102
6178 0.0929261143363908
6179 0.09395155175363877
6180 0.0862232919071172
6181 0.10383233080730679
6182 0.09963536874586082
6183 0.12501840421762014
6184 0.09851695708695425
6185 0.11266699184276131
6186 0.13705246864333293
6187 0.14946567158097077
6188 0.12909002931006006
6189 0.15759668490857234
6190 0.17807505159720852
6191 0.179522945135973
6192 0.2313465330466378
6193 0.24224797809616158
6194 0.26400829836765194
6195 0.24067065115447372
6196 0.26163863607157195
6197 0.2631493924363737
6198 0.3017801084109791
6199 0.28774332472214864
6200 0.286597346393131
6201 0.27965903485365423
6202 0.3218907372968747
6203 0.33790432277765287
6204 0.3046070145808023
6205 0.3228927933847458
6206 0.3701172928704022
6207 0.33156527467740554
6208 0.32847408413837936
6209 0.41414383896811
6210 0.436609822824
6211 0.4148931864922501
6212 0.3518327591776077
6213 0.3777120158140999
6214 0.47199778628244893
6215 0.5087242738201896
6216 0.38331450952284063
6217 0.44571988002489715
6218 0.44245553773448665
6219 0.5264045049436233
6220 0.4851243616287844
6221 0.5360155151039199
6222 0.4161069319607045
6223 0.4172804824663361
6224 0.3790009566331505
6225 0.4334790054007266
6226 0.44505144792711254
6227 0.45184878483068275
6228 0.5613550599730985
6229 0.5149333091478164
6230 0.4770729805786395
6231 0.44343089058249385
6232 0.4163176444977949
6233 0.4175186506586088
6234 0.43465565453161703
6235 0.4232759062782529
6236 0.4090505873197936
6237 0.42324103798342777
6238 0.4280076420815611
6239 0.39190440401299037
6240 0.42015267268239037
6241 0.4035401375430289
6242 0.396677947942146
6243 0.37207282575600326
6244 0.41835007351669695
6245 0.39043069810850456
6246 0.44351600256383994
6247 0.4054091690902975
6248 0.304324822319263
6249 0.3318412753883174
6250 0.28898098993361876
6251 0.2903351910916197
6252 0.2910306236990766
6253 0.23754616352069788
6254 0.25077716176224363
6255 0.21844028020752015
6256 0.2274496039320599
6257 0.20964607040555483
6258 0.16631070197098127
6259 0.1736764927239424
6260 0.1746914888212646
6261 0.15274133497174744
6262 0.13467841683776516
6263 0.13694174407212933
6264 0.1593812610829445
6265 0.13639883563636354
6266 0.131771670540657
6267 0.1357173556504938
6268 0.1180676288361109
6269 0.1526878832143575
6270 0.1345512659805113
6271 0.1385770506120802
6272 0.15886946217077813
6273 0.09291532046163106
6274 0.12290587191919371
6275 0.10879713773387534
6276 0.10680454596602715
6277 0.09809927226510322
6278 0.1018752201442091
6279 0.10897603814728682
6280 0.10313480809228852
6281 0.12275951783217601
6282 0.14372566476854834
6283 0.11862229028002812
6284 0.14790500810398804
6285 0.16458790157055445
6286 0.1487371736245669
6287 0.1565865422098118
6288 0.18873202145496928
6289 0.1731316781387456
6290 0.21639316120855936
6291 0.28273545104065995
6292 0.2898459353163694
6293 0.28496057430293853
6294 0.25527096612375566
6295 0.2675411632491916
6296 0.26201036631591573
6297 0.3015928334433454
6298 0.2984569888614037
6299 0.2879456174818311
6300 0.2748838483824656
6301 0.2961892357887858
6302 0.29454250241788776
6303 0.2916774112571886
6304 0.3404494090567009
6305 0.3772273558602342
6306 0.3562059840273261
6307 0.3817304279205452
6308 0.3994185900907607
6309 0.42747149855150796
6310 0.35385457138745957
6311 0.4651467827173678
6312 0.35885835820925965
6313 0.4516606684987222
6314 0.43622176439992455
6315 0.3716264948885337
6316 0.43153626971921943
6317 0.5018802880086395
6318 0.45070996733952606
6319 0.5853898347076439
6320 0.4253937041389174
6321 0.368986741684093
6322 0.40250858471581685
6323 0.37512909555437113
6324 0.42616615619093845
6325 0.49306749581960335
6326 0.456266990483692
6327 0.4285306575832302
6328 0.4186091345284651
6329 0.43033647038023437
6330 0.37190092541737485
6331 0.38650288559138035
6332 0.4030681473148087
6333 0.3620393448352647
6334 0.43126433829862554
6335 0.3586260290317112
6336 0.44934221792334744
6337 0.493513205177662
6338 0.43763339779780164
6339 0.4199684296246916
6340 0.4718167391893472
6341 0.4341937776548488
6342 0.39098939471497
6343 0.46278387076371647
6344 0.4214057799849283
6345 0.44997202568889993
6346 0.36627816720119494
6347 0.37529073520073863
6348 0.3814203642487964
6349 0.3132531308238721
6350 0.2655999390078014
6351 0.23719054189183789
6352 0.21842746292070353
6353 0.1804767006666205
6354 0.1744460693863504
6355 0.2191717697234876
6356 0.18490060759106663
6357 0.16996629037368344
6358 0.21367574479831664
6359 0.18332715827893217
6360 0.15397745708648028
6361 0.1342271916307097
6362 0.12689485670205178
6363 0.1242300531135064
6364 0.13531623629900438
6365 0.13727369274161383
6366 0.13899350390149495
6367 0.13292382052391846
6368 0.14165638149005688
6369 0.12036601325691208
6370 0.125488945920042
6371 0.10745702576977302
6372 0.09887000098018213
6373 0.11186831909946698
6374 0.0963225740874905
6375 0.10158669184144287
6376 0.09818148862615304
6377 0.10371106447178184
6378 0.1205855567224798
6379 0.12527019951765642
6380 0.13807316918756837
6381 0.13790852382227584
6382 0.128939568852552
6383 0.13620926924055535
6384 0.14235007071635825
6385 0.18532385600041446
6386 0.19936298040310382
6387 0.21441027016789532
6388 0.26784490318538573
6389 0.25832912699883137
6390 0.2413189551735089
6391 0.28829797229988385
6392 0.2943932927898162
6393 0.23068861383998468
6394 0.2080876103843718
6395 0.26759229820294866
6396 0.3321748038280366
6397 0.27854817887413535
6398 0.29340589009249923
6399 0.3124862954650544
6400 0.2598709086165765
6401 0.28580881413180365
6402 0.34645634283055377
6403 0.27939953629138803
6404 0.3721554699902921
6405 0.35351015177413586
6406 0.36058249661981423
6407 0.38037177729725175
6408 0.3860187184764744
6409 0.4556213858192855
6410 0.4728017550982079
6411 0.4195017205786469
6412 0.45012101794097137
6413 0.43103782353827175
6414 0.39570256800482484
6415 0.44351722195426796
6416 0.4382201303439015
6417 0.5523744468334038
6418 0.510832504433492
6419 0.42372845286958016
6420 0.4319235944847191
6421 0.44217709290145457
6422 0.4093846673881925
6423 0.4587843276418348
6424 0.3801665402490927
6425 0.3966814454858284
6426 0.4348138149390846
6427 0.3596466305731967
6428 0.35424372715355573
6429 0.3360547051669244
6430 0.45445550826668996
6431 0.384779442224283
6432 0.3531946449874463
6433 0.4396919870548318
6434 0.3200407139544391
6435 0.42621729475538417
6436 0.39250157601519897
6437 0.41590423247773756
6438 0.3913313331299748
6439 0.45162472690854144
6440 0.4065098933053619
6441 0.440741002830968
6442 0.4126176379716252
6443 0.40242712646934176
6444 0.3348201448673399
6445 0.3563394804029009
6446 0.42357869245578716
6447 0.2847363307415395
6448 0.23593947619047662
6449 0.28926234049445
6450 0.2217204075164696
6451 0.19590631948936882
6452 0.19363570125277754
6453 0.15869701926123383
6454 0.1807921211394679
6455 0.18456103767102455
6456 0.18201317124955746
6457 0.1710336788547714
6458 0.14122789731075436
6459 0.12174199808978282
6460 0.13133056503534585
6461 0.12862180854713948
6462 0.12647522295778682
6463 0.15681119377697827
6464 0.14196186501060923
6465 0.15743060139359413
6466 0.1253734759241341
6467 0.11116723067888401
6468 0.09558923958858087
6469 0.10595830701809204
6470 0.11281753234591368
6471 0.09050100582911254
6472 0.10030214170302139
6473 0.09639530611386415
6474 0.10181712009542912
6475 0.10559041556262432
6476 0.12386898537029316
6477 0.13099499383210367
6478 0.14215947477227076
6479 0.15934175244459112
6480 0.1472114324928217
6481 0.1293098152954527
6482 0.13507652073161866
6483 0.18517812105103307
6484 0.19944055498702523
6485 0.22596079516798268
6486 0.21318755486706376
6487 0.30122417686715586
6488 0.25715577443279186
6489 0.3391889718322465
6490 0.2502015555187281
6491 0.19903669993267117
6492 0.26974000956309635
6493 0.2665118796813331
6494 0.2412625942285516
6495 0.3061009626015674
6496 0.2495685539009582
6497 0.2859642735444383
6498 0.2867591168719038
6499 0.28117596194477423
6500 0.3467974972103983
6501 0.2870070879503156
6502 0.2959645815103443
6503 0.34160449002996346
6504 0.3727872316495438
6505 0.40269615244816703
6506 0.4277446117700048
6507 0.4155173288245473
6508 0.49897808876556843
6509 0.43593638238078125
6510 0.48666431921517256
6511 0.40655498083571806
6512 0.40438136952161136
6513 0.3327904645355584
6514 0.5619190895929704
6515 0.4710325782495491
6516 0.40389441755492334
6517 0.41350983369394523
6518 0.509051687041935
6519 0.45074179439033585
6520 0.39711799816480314
6521 0.40735168657838244
6522 0.43845575152619387
6523 0.389589776302615
6524 0.4290502670694591
6525 0.4236420860251384
6526 0.4282912895347999
6527 0.3390069421734245
6528 0.35959356970270295
6529 0.3595417636289767
6530 0.3619524946405461
6531 0.4375433950719755
6532 0.43134432200103606
6533 0.4617913188393788
6534 0.3621959263424183
6535 0.413870709351609
6536 0.4079334905683128
6537 0.39542627243841366
6538 0.4296457876863908
6539 0.41821392717730566
6540 0.2945846717328263
6541 0.33691534915490345
6542 0.2746933571020596
6543 0.3108510740999083
6544 0.28823434668417397
6545 0.34088583112672244
6546 0.26792238893032017
6547 0.24792241470399687
6548 0.22381961129711495
6549 0.17301758290266595
6550 0.19191148174414766
6551 0.16160562753128926
6552 0.15367685154572266
6553 0.1468573312075105
6554 0.14264816408810327
6555 0.18243138621932267
6556 0.13301748291022356
6557 0.15703251471391927
6558 0.13655192819948658
6559 0.14532961563824304
6560 0.12410337859338365
6561 0.12564492397502358
6562 0.14178423928130085
6563 0.1480570943057435
6564 0.14019618173160328
6565 0.11377302944400049
6566 0.1060680706931356
6567 0.10228211625032167
6568 0.09250119286071472
6569 0.09876203177429554
6570 0.07493225917597246
6571 0.11872633389603562
6572 0.0929377448184748
6573 0.10807181797111401
6574 0.10230135203174066
6575 0.13783427659668218
6576 0.13590445647830468
6577 0.1355811261562876
6578 0.1483178058503053
6579 0.16056169114371605
6580 0.15567308388452675
6581 0.1604023972291702
6582 0.176008851348674
6583 0.19687605848504672
6584 0.2501243475459508
6585 0.19237707617925445
6586 0.25910583661679965
6587 0.25017876939524436
6588 0.22617942847842717
6589 0.2554441912880146
6590 0.33031157761102925
6591 0.2230123145023809
6592 0.2065057229179909
6593 0.26439277497739944
6594 0.27613417096698856
6595 0.25423888656234034
6596 0.2771312323266054
6597 0.2384981656116117
6598 0.31286633283581644
6599 0.2677568657505723
6600 0.3566485737498506
6601 0.336812078246776
6602 0.289890735465833
6603 0.36470572434805676
6604 0.36115491562789676
6605 0.4541174824454227
6606 0.47146244717994085
6607 0.4282717211983384
6608 0.3853666509028023
6609 0.3832827956012382
6610 0.3423516502963166
6611 0.47363718880899697
6612 0.40468413601903513
6613 0.4047521686387849
6614 0.3951031473583472
6615 0.39202552317328065
6616 0.4531449465077043
6617 0.4698308744568398
6618 0.49573460647650147
6619 0.46611072674445736
6620 0.41829245272453486
6621 0.45525421053704007
6622 0.41718609771764736
6623 0.3383142566299879
6624 0.41976625546459845
6625 0.3066573234969563
6626 0.338331333440754
6627 0.35647628987557145
6628 0.3275216118063669
6629 0.32131565642407456
6630 0.3655501195645863
6631 0.35660154434410535
6632 0.4078068994415159
6633 0.357324081519405
6634 0.38246100858834864
6635 0.38778887205828916
6636 0.39085804316140005
6637 0.39398968331782247
6638 0.3122752113556791
6639 0.27456527025759886
6640 0.25542157302795376
6641 0.3246005326311222
6642 0.297349969486219
6643 0.27529902061445033
6644 0.32149389435136083
6645 0.2129741017911907
6646 0.23908954819807174
6647 0.1979687960601129
6648 0.17463201074882043
6649 0.16878607271065693
6650 0.13649237474993592
6651 0.14604396643795406
6652 0.13162416729584556
6653 0.14421163845455215
6654 0.12287183050378947
6655 0.17407822433108933
6656 0.13336123444015244
6657 0.15581515873379972
6658 0.13438945160083637
6659 0.14123789949316556
6660 0.15812853944553837
6661 0.14177036574915977
6662 0.11364364397573616
6663 0.10611625159212276
6664 0.11227568717380305
6665 0.12358154143591904
6666 0.09651105452303202
6667 0.08152786804680115
6668 0.09734408987826695
6669 0.09703948065902639
6670 0.11761137764439669
6671 0.1215606261398395
6672 0.1066141288393244
6673 0.11072415605541111
6674 0.13451856002052187
6675 0.12313777861071613
6676 0.1393998185952925
6677 0.17388326365911144
6678 0.16186024848427935
6679 0.14565594687106287
6680 0.1553421016197411
6681 0.1574283336376588
6682 0.19395486538478662
6683 0.21982134383994612
6684 0.257105565600784
6685 0.2141298871392068
6686 0.19726553389057502
6687 0.27054469318151586
6688 0.21362659328229214
6689 0.1892176482908183
6690 0.23006659540657917
6691 0.2200105514463163
6692 0.22352492363372245
6693 0.26448607450446526
6694 0.27119659580089517
6695 0.23950565573074695
6696 0.22962083412760087
6697 0.2774085794109258
6698 0.3036953010659634
6699 0.3353852321961828
6700 0.31737217635064907
6701 0.32955507164975656
6702 0.3636148287760977
6703 0.4324405219504376
6704 0.4096158362680497
6705 0.5073218525532069
6706 0.4647857978019561
6707 0.3795871506412489
6708 0.3099084631373337
6709 0.38355960874031797
6710 0.2903472148859847
6711 0.41271626258955957
6712 0.3384419104013443
6713 0.3454624709913542
6714 0.3673908651823942
6715 0.35832987259463517
6716 0.42332289486455266
6717 0.47850970478833904
6718 0.39947351665444103
6719 0.35299291815807154
6720 0.3925958474347583
6721 0.3809561519340481
6722 0.2997265283273155
6723 0.3116936573825065
6724 0.31350348305802916
6725 0.29409308460991734
6726 0.3244621762908928
6727 0.32128164785622343
6728 0.3039193938938967
6729 0.3170605319490403
6730 0.3270271111436176
6731 0.3767106482111979
6732 0.3098828196904402
6733 0.4048937803908101
6734 0.3125402093207434
6735 0.3247738450239075
6736 0.3163032981316425
6737 0.23283329380347106
6738 0.25204406806969765
6739 0.2615535450675495
6740 0.27238208451534535
6741 0.23324996038835077
6742 0.2995511641002234
6743 0.20726484490523348
6744 0.23113505918395724
6745 0.20612389298797892
6746 0.14423691443578512
6747 0.1871081744597424
6748 0.15598941886870746
6749 0.15581278420258193
6750 0.13969016475736662
6751 0.16020893739946862
6752 0.13976727505284403
6753 0.15873224856683385
6754 0.13391456141768018
6755 0.16887176158821363
6756 0.1477974898763926
6757 0.1357640174888627
6758 0.11091507806952777
6759 0.1194320165069142
6760 0.12633808891414836
6761 0.10485270749111934
6762 0.0909512385561328
6763 0.0999223326915627
6764 0.11142419973779967
6765 0.11053266296635393
6766 0.09822973862655056
6767 0.09152195598258374
6768 0.09950423154166395
6769 0.1483401085652876
6770 0.13144801280821142
6771 0.1210268644495844
6772 0.13038331729074001
6773 0.13285617036721767
6774 0.13487255538740717
6775 0.1518351714010934
6776 0.12733506393126687
6777 0.15173976087941168
6778 0.1760939272016958
6779 0.18315983419558846
6780 0.19682192903438536
6781 0.23886007510304222
6782 0.24010973988928472
6783 0.21382265772781142
6784 0.19065953820652334
6785 0.16855166990283557
6786 0.187351013197477
6787 0.18058354336044355
6788 0.22783730854621173
6789 0.20940481659243304
6790 0.22564578205779426
6791 0.22502823704077057
6792 0.27190626261668005
6793 0.3082826759866272
6794 0.32354982029793805
6795 0.28375031458127903
6796 0.27778366703291435
6797 0.31275984967883924
6798 0.33452201340560755
6799 0.3601703717540526
6800 0.33024390684264265
6801 0.3844109676060189
6802 0.387043734226071
6803 0.40366856208124335
6804 0.31826218806283124
6805 0.33765119355682127
6806 0.32887931883930854
6807 0.25411701543686493
6808 0.2477344053553322
6809 0.31174323542293797
6810 0.3614627550811829
6811 0.3722040976685157
6812 0.404782411542893
6813 0.49087519189378737
6814 0.35178727674437155
6815 0.43550579019459984
6816 0.44136648308708537
6817 0.3611649131790138
6818 0.24711372498296402
6819 0.2561159618347325
6820 0.3119953751882943
6821 0.2985903550827356
6822 0.23884283532145772
6823 0.25648696870560883
6824 0.2750117397460867
6825 0.31058690213728146
6826 0.27375488472545356
6827 0.31163453703334465
6828 0.2786266465441182
6829 0.3354108284634529
6830 0.2774917996497024
6831 0.30170333300957736
6832 0.33445124578804936
6833 0.2816864164086675
6834 0.3059245997071421
6835 0.2536286210891362
6836 0.2623350492316005
6837 0.25778996212687216
6838 0.25216970395983956
6839 0.2700423356284092
6840 0.2755321199909578
6841 0.24233087541369017
6842 0.2063307918745112
6843 0.1700107426602346
6844 0.17480617059707984
6845 0.1805836219976978
6846 0.16479086759194161
6847 0.13499826755701738
6848 0.1412786685608878
6849 0.17080448253591807
6850 0.17390646662326095
6851 0.17023258955404855
6852 0.12323417067646864
6853 0.13010108855831454
6854 0.14519363994071427
6855 0.13859555651339558
6856 0.11169421702042079
6857 0.10065402560817507
6858 0.11985525982766569
6859 0.09723439140326536
6860 0.08054520425836398
6861 0.12221029814674239
6862 0.11516375469336616
6863 0.12318932667481539
6864 0.11315223846922536
6865 0.0921781297421945
6866 0.10243992343826913
6867 0.12347019892453287
6868 0.13593234969929077
6869 0.14234668460949712
6870 0.156375657199748
6871 0.12442205818287118
6872 0.14381004216750984
6873 0.129140086842871
6874 0.14269243291699307
6875 0.1611411740653022
6876 0.15422632034813713
6877 0.21917619355875867
6878 0.2020236528945446
6879 0.2122990624946174
6880 0.17091908845177092
6881 0.1928325761293839
6882 0.17530301821975042
6883 0.18706909836723826
6884 0.22263317619157266
6885 0.19057331011783632
6886 0.1758489219567949
6887 0.17399638437342885
6888 0.20396035182177058
6889 0.20447430782174436
6890 0.203291214865052
6891 0.26140966568903645
6892 0.26179360735295804
6893 0.2676865714393591
6894 0.2947505598162477
6895 0.3023064297723524
6896 0.29255842235410434
6897 0.2808539257867754
6898 0.2944452932870366
6899 0.33918694261145144
6900 0.3129515507239717
6901 0.30756699948856764
6902 0.29056038603096057
6903 0.36472634172985985
6904 0.3589657484796649
6905 0.26117690826324264
6906 0.2610959020195632
6907 0.2919028127933146
6908 0.2569205850116364
6909 0.28863013628584583
6910 0.3901571617016317
6911 0.2890815761365917
6912 0.369014304186349
6913 0.34156665607042963
6914 0.3794085856923385
6915 0.29119463489544495
6916 0.2732659221341208
6917 0.2809788463621517
6918 0.2078252645483876
6919 0.2613516849930429
6920 0.2900038016979458
6921 0.2486884327456668
6922 0.2697680541265217
6923 0.25047168097448563
6924 0.23149625244647526
6925 0.30668344763472116
6926 0.2942382936823556
6927 0.28371475075011265
6928 0.29791067320051284
6929 0.2770262538862468
6930 0.3336340500519466
6931 0.3625842393298327
6932 0.308259016852465
6933 0.2323396296296877
6934 0.25443152580779393
6935 0.24000300686074816
6936 0.2498171841949765
6937 0.2539066547171082
6938 0.2752949617846459
6939 0.24449047620900094
6940 0.2549601056762316
6941 0.213698772801132
6942 0.19005915276197727
6943 0.1765170866573643
6944 0.1650513488602542
6945 0.1517550381289786
6946 0.14273315595327843
6947 0.17070609129011755
6948 0.15644798494651108
6949 0.10853621252429835
6950 0.14005578918381686
6951 0.11827831359645757
6952 0.11808297970607039
6953 0.13205774647428026
6954 0.11772873369838548
6955 0.10218789552689553
6956 0.09039164498940931
6957 0.11544888902943494
6958 0.09832907242320817
6959 0.14220564413659326
6960 0.1205351817148836
6961 0.09137813945594482
6962 0.10907433580313981
6963 0.09926199115538478
6964 0.1263660030087751
6965 0.12357615258163122
6966 0.13756079557598697
6967 0.14160216270615056
6968 0.17658469306794708
6969 0.13368870958754156
6970 0.13070208922043053
6971 0.1475421702618691
6972 0.1291774444387272
6973 0.15090533047946572
6974 0.16636405734375054
6975 0.19675443801823922
6976 0.15147396936407007
6977 0.1714540927046212
6978 0.16281143799839165
6979 0.1961435836120014
6980 0.1607474165784964
6981 0.172245405895189
6982 0.1714041532096115
6983 0.23782610739785057
6984 0.19153088395354972
6985 0.2109055854489004
6986 0.23302294919475355
6987 0.18242215264078335
6988 0.23720168644717957
6989 0.2693309659832028
6990 0.21600933187405036
6991 0.23927159073764562
6992 0.2675239630825355
6993 0.22262212298420606
6994 0.26977030323720774
6995 0.2701030831196975
6996 0.2557099387841363
6997 0.2827311969972069
6998 0.22925921076752512
6999 0.24276632698357137
7000 0.25163390629294324
7001 0.2596916394308334
7002 0.2257561382997653
7003 0.2635364545661859
7004 0.23348023251089745
7005 0.23789995980764025
7006 0.26818614669211255
7007 0.25321268812539155
7008 0.2650074550780521
7009 0.2871430069239338
7010 0.2887552565496657
7011 0.27592788414340885
7012 0.26703492972561305
7013 0.2606138679058304
7014 0.24282099076174926
7015 0.2644822504075608
7016 0.2389846837951225
7017 0.23490731432000417
7018 0.23290159820869233
7019 0.2112074502302466
7020 0.2359162027844801
7021 0.27636764393261953
7022 0.3009908410166036
7023 0.26891804828829036
7024 0.2487508410651589
7025 0.2597538194310836
7026 0.30793852381158393
7027 0.27600021607754655
7028 0.2896278629537034
7029 0.24284297775268074
7030 0.27784109493807685
7031 0.26783657563477165
7032 0.23825334857736524
7033 0.21754756092424873
7034 0.25098223250740176
7035 0.24402036446596936
7036 0.23883158325552764
7037 0.21355374522546508
7038 0.19456739400889667
7039 0.17433161358335436
7040 0.1743553139745029
7041 0.1641396645990653
7042 0.15819065180448877
7043 0.13243388014544152
7044 0.1375269101070229
7045 0.13223707219751354
7046 0.14947954246547165
7047 0.14134698227073836
7048 0.12295321723680346
7049 0.13441660521833934
7050 0.11539916070674423
7051 0.10852137375368308
7052 0.0857274014745187
7053 0.11051401858945396
7054 0.0997025276811706
7055 0.10048589133055247
7056 0.09700137528980934
7057 0.11227138379728285
7058 0.14475971869241175
7059 0.12614726522189718
7060 0.12219004034569288
7061 0.10341619040956311
7062 0.13076032378369742
7063 0.12831616810391425
7064 0.1311465043682774
7065 0.1568425874670505
7066 0.1596908562851244
7067 0.1718214944437079
7068 0.13436866790915605
7069 0.14342452750999923
7070 0.13009774145860928
7071 0.13952914642771444
7072 0.14890713321638901
7073 0.16503660177019552
7074 0.17875928207809538
7075 0.15897892947031608
7076 0.16850068293466125
7077 0.18263428907648693
7078 0.1838138586168001
7079 0.1757191465072787
7080 0.1724811970630945
7081 0.20849426102490037
7082 0.20865265720797227
7083 0.20519458732754567
7084 0.23049672261608795
7085 0.2211337109796621
7086 0.2729563648015289
7087 0.25271829083908587
7088 0.20693583083112782
7089 0.18730534982712432
7090 0.20921148641419648
7091 0.22623494114697826
7092 0.24333387077731447
7093 0.24614509394019543
7094 0.23650786245685557
7095 0.21861622511387235
7096 0.24873655071646122
7097 0.2731864546929255
7098 0.22811089607253496
7099 0.18539929588402343
7100 0.18756462499679383
7101 0.2344126056069616
7102 0.19452315575962653
7103 0.21924773968562303
7104 0.20678466037090773
7105 0.23019409655891715
7106 0.301591343468606
7107 0.27411627577572995
7108 0.2694286611739485
7109 0.2735109538580749
7110 0.31137000806741755
7111 0.24472468048375845
7112 0.3001590642588714
7113 0.27958380953147927
7114 0.28557355116333577
7115 0.2997388882549057
7116 0.2000995183387919
7117 0.19866756025621035
7118 0.22195554603163692
7119 0.2048825962000786
7120 0.21575487724520134
7121 0.20468146583211122
7122 0.2515069988656737
7123 0.21304151200383636
7124 0.25598082172392866
7125 0.21864176403431518
7126 0.27564578611028456
7127 0.25677018483710345
7128 0.24035620225204088
7129 0.27806458317271626
7130 0.2449239374331576
7131 0.2620282002551516
7132 0.24013766649866355
7133 0.22012903988525787
7134 0.21655558245918913
7135 0.22347433050147236
7136 0.1788132632997054
7137 0.21262034591177484
7138 0.18930759735772953
7139 0.1639611572198552
7140 0.14883200886222558
7141 0.16937229316952115
7142 0.16164780182964425
7143 0.14515148888841117
7144 0.11290748274253774
7145 0.1265717075068233
7146 0.12287340530693573
7147 0.1414560791975842
7148 0.12690862716743198
7149 0.10655288149728323
7150 0.10954338320258403
7151 0.10890799164373963
7152 0.1201385383741032
7153 0.09409351431022159
7154 0.09051792845054128
7155 0.13985623719921533
7156 0.1125849130867981
7157 0.12847690361291553
7158 0.14947354772431423
7159 0.13523846660386968
7160 0.1262600794550084
7161 0.13843795328717
7162 0.1470025636029884
7163 0.1320131510681352
7164 0.13818879303683312
7165 0.150468347673582
7166 0.13796641484239253
7167 0.1349297675889916
7168 0.14434557464756692
7169 0.16946371796374637
7170 0.13200689861306508
7171 0.16283183776239682
7172 0.14664479625689736
7173 0.16304849257987142
7174 0.16412224219837204
7175 0.15460657634458064
7176 0.18917073812699967
7177 0.14399045872750302
7178 0.18273242234992504
7179 0.17035966887795617
7180 0.18433262597177394
7181 0.2022382462246769
7182 0.17028321805047375
7183 0.17811751298249157
7184 0.2627722850030064
7185 0.2255866662421585
7186 0.18171364722172403
7187 0.2092589359545187
7188 0.19377768096250708
7189 0.2306613717224099
7190 0.222689112199989
7191 0.2267592717949565
7192 0.2167232130161856
7193 0.2249123541171103
7194 0.18919626207775164
7195 0.1792964884222358
7196 0.17228456566598258
7197 0.17069296834470415
7198 0.17545720226037942
7199 0.21948767782638143
7200 0.19030979580131785
7201 0.1648468404478488
7202 0.23958613130806045
7203 0.23063193825227724
7204 0.3052891962590538
7205 0.2613171322780893
7206 0.1980832954002435
7207 0.26396002016554826
7208 0.26079726219216454
7209 0.21498889883884084
7210 0.24961892597630334
7211 0.22754350664636833
7212 0.26431492184939986
7213 0.23326203350210784
7214 0.1843431006965751
7215 0.18807589043690182
7216 0.19385588260608883
7217 0.18223938582979485
7218 0.17476909453530398
7219 0.18848832320844952
7220 0.21956301267925057
7221 0.19811168003095436
7222 0.20670643571884878
7223 0.22798647378848533
7224 0.23094435818350878
7225 0.289336320893954
7226 0.24727106934589688
7227 0.2153808353441683
7228 0.2090418712439025
7229 0.21671443150303557
7230 0.22570727669881666
7231 0.19945570798312331
7232 0.20527882267474648
7233 0.17677707308643367
7234 0.15045035527328812
7235 0.1956149962412797
7236 0.1676116930460134
7237 0.14500106410162608
7238 0.14720913760488785
7239 0.14578138332142876
7240 0.14324908722780103
7241 0.129128402887078
7242 0.12468559098842717
7243 0.11670832560744004
7244 0.12322015785712094
7245 0.13308184316552635
7246 0.10767280085608222
7247 0.0973532233869389
7248 0.11788474964299873
7249 0.08347352465936347
7250 0.11219252931767247
7251 0.09851823795530856
7252 0.07968481454248895
7253 0.12639861592485988
7254 0.12011557857233597
7255 0.11639890188968605
7256 0.1451412766859521
7257 0.13352329213367867
7258 0.12883532821087768
7259 0.11100815927112358
7260 0.1293320768177191
7261 0.10919800850491287
7262 0.1261502772508154
7263 0.11709101107731683
7264 0.13053750106384265
7265 0.13837001437828958
7266 0.13404640804557313
7267 0.15971445229817363
7268 0.15852114099243836
7269 0.1545203310104892
7270 0.17138821230415877
7271 0.14552039942093747
7272 0.14252369425407546
7273 0.1677607376899185
7274 0.15873037063767664
7275 0.13569988511898723
7276 0.15051264282965268
7277 0.1555459399276029
7278 0.14392411344478837
7279 0.1895264144991366
7280 0.17237951337710275
7281 0.193729516549089
7282 0.19793720485688504
7283 0.21432579098368637
7284 0.1989162563128932
7285 0.18637876071707213
7286 0.19308581530275268
7287 0.219022543627261
7288 0.22864668787403283
7289 0.190310585854551
7290 0.18225135478710153
7291 0.22416442521390356
7292 0.19221355760110118
7293 0.15303139562567275
7294 0.20137343531538954
7295 0.1513957040153408
7296 0.17415149916546485
7297 0.16607415577864343
7298 0.19461991728827638
7299 0.17726885135361944
7300 0.18096188341077785
7301 0.22369023121342133
7302 0.2392629807727275
7303 0.24987550092954966
7304 0.24119767688066246
7305 0.2538768838677128
7306 0.23759855410239805
7307 0.19994899406983035
7308 0.17684943892248664
7309 0.20135382718816966
7310 0.2122809423679106
7311 0.27161087111939597
7312 0.23141698778275177
7313 0.18613032314040776
7314 0.16106125305160754
7315 0.20739052424245186
7316 0.21425794100772866
7317 0.19270298795590238
7318 0.16074702028306154
7319 0.19594157653136626
7320 0.2089855326759516
7321 0.21677988826406583
7322 0.22588226190734653
7323 0.24727455390729158
7324 0.24689487521316875
7325 0.27669819307846366
7326 0.24280089517123793
7327 0.2211961587528514
7328 0.1640400274010912
7329 0.1678003811913034
7330 0.17739948131488464
7331 0.23438088387757666
7332 0.19411275697392397
7333 0.21356408728182136
7334 0.16749290117475746
7335 0.1411489694489675
7336 0.12560869120708973
7337 0.18200824204353933
7338 0.14449346501739405
7339 0.11759256817853868
7340 0.10789090724843128
7341 0.11712464602246805
7342 0.1142359061802666
7343 0.12020392963104859
7344 0.11301752115595036
7345 0.09035289098028321
7346 0.09532963442958944
7347 0.09251930636331276
7348 0.06900273118474243
7349 0.08822187752730025
7350 0.0931554980281709
7351 0.13527503166209934
7352 0.12738826298533115
7353 0.15265557352004414
7354 0.12800844432237116
7355 0.1407810933495778
7356 0.13284636461181162
7357 0.1150783899793724
7358 0.11745013836115736
7359 0.1086322262411583
7360 0.11395953808636439
7361 0.12552910671424455
7362 0.15433260651392283
7363 0.13809154504948984
7364 0.14579176778789288
7365 0.14203259438283963
7366 0.14702356211199813
7367 0.16988530379988886
7368 0.2186824889421883
7369 0.1387163181190601
7370 0.13711920936469663
7371 0.11488921717322574
7372 0.12862901346672684
7373 0.12460565495715706
7374 0.1492203550620483
7375 0.1411256525138438
7376 0.1508662542072395
7377 0.16669213666808969
7378 0.19181900110056632
7379 0.18990956717141422
7380 0.1947627771505317
7381 0.16517426255703097
7382 0.21329108558873772
7383 0.2141726566940274
7384 0.2214732507283856
7385 0.20183570236884232
7386 0.2163886075578687
7387 0.17410272938085777
7388 0.20505757872073516
7389 0.19288912537385183
7390 0.1372929026778501
7391 0.15311121580052803
7392 0.1698149519566028
7393 0.16954166088706862
7394 0.14772945503890542
7395 0.164846840102518
7396 0.1680476335385194
7397 0.18700161341847163
7398 0.18464232819353596
7399 0.2155418999000029
7400 0.24752420304544515
7401 0.23485139790421614
7402 0.22134377567085647
7403 0.2308304922071762
7404 0.22741541544659125
7405 0.21084868351116906
7406 0.21724744785709516
7407 0.1991843809072655
7408 0.21456703842274397
7409 0.20235423993512244
7410 0.17803033895732595
7411 0.14519639605034704
7412 0.12785745536068782
7413 0.1925699450333102
7414 0.1956840073571131
7415 0.2221214304796745
7416 0.21154782173885098
7417 0.20837215585734814
7418 0.19659414492918803
7419 0.19092885744628446
7420 0.21853634854467544
7421 0.2240423016605004
7422 0.22563604368831325
7423 0.3187147533570492
7424 0.2732263139981058
7425 0.18831504916879493
7426 0.16691139446806882
7427 0.18134853657068842
7428 0.19399092313163346
7429 0.19252612138000066
7430 0.17956943248067062
7431 0.2048925184948854
7432 0.1520775157679551
7433 0.15386223711929195
7434 0.1499870139016144
7435 0.1810721650136062
7436 0.14899651510442433
7437 0.11107276299865139
7438 0.1352589277706356
7439 0.12041320265060172
7440 0.12183277657949201
7441 0.1328056589719635
7442 0.11132671667991384
7443 0.06430979191141732
7444 0.08683070717951738
7445 0.09580635422781802
7446 0.08466213834932065
7447 0.075497945285464
7448 0.07375843067626202
7449 0.12026787074720265
7450 0.14339846432212403
7451 0.1443111537490867
7452 0.17069574479490118
7453 0.15728613191880156
7454 0.13145210481034272
7455 0.1077625045557009
7456 0.10846694853504436
7457 0.10892043161663843
7458 0.13072603515617331
7459 0.13099835357941605
7460 0.1462999953274034
7461 0.14394438900001486
7462 0.1325834045430528
7463 0.145216682667911
7464 0.13327956659892531
7465 0.145919437568544
7466 0.18355140382436225
7467 0.1278812319026115
7468 0.14493801297974707
7469 0.12667595628300823
7470 0.13792722452408931
7471 0.1356562751005567
7472 0.14845919741521466
7473 0.14352926094312957
7474 0.16207023579313323
7475 0.1722146094107621
7476 0.19948731289741914
7477 0.1585816802453337
7478 0.1703672548585656
7479 0.18678177996856504
7480 0.16818003195296646
7481 0.17455272282948261
7482 0.19945049082801736
7483 0.17723488847630045
7484 0.18670088225027523
7485 0.1860023218349217
7486 0.17743397263166275
7487 0.1915868648908339
7488 0.1747022044649137
7489 0.13941444914916634
7490 0.16983860006061416
7491 0.17815422268977935
7492 0.14804882700649055
7493 0.14005711567441873
7494 0.21934084555050126
7495 0.19668189049211554
7496 0.1899078546220676
7497 0.17994307926020237
7498 0.2189197081454275
7499 0.22042969498984916
7500 0.23287164120887555
7501 0.24070461284690253
7502 0.20816564259134718
7503 0.2142196644861572
7504 0.20037927384402807
7505 0.17848000282397808
7506 0.2121034809429932
7507 0.17562418562862098
7508 0.19988344775364764
7509 0.17028545930552239
7510 0.18137001431141533
7511 0.19049602311209
7512 0.18077192426842817
7513 0.1831023856892087
7514 0.2086355981165008
7515 0.2549753437410141
7516 0.1793097632285558
7517 0.19609313990515315
7518 0.2569175644707575
7519 0.16995144015938923
7520 0.2241430285236081
7521 0.26428631754896537
7522 0.23247111099487572
7523 0.24584166953078299
7524 0.19505773425943262
7525 0.23251176304826596
7526 0.17227363954158723
7527 0.15239221264703925
7528 0.17466734568747522
7529 0.1743221724560389
7530 0.14155187374023023
7531 0.15765472542015907
7532 0.1440146993615774
7533 0.1478059861656785
7534 0.16702110467529865
7535 0.11354428666847129
7536 0.14896579925896947
7537 0.11830684075677972
7538 0.11567213940905942
7539 0.13924672140681021
7540 0.12526950650951196
7541 0.09663503872385608
7542 0.09767377245635701
7543 0.08980291347181141
7544 0.07796267583407535
7545 0.06639483232648989
7546 0.0755890922894667
7547 0.10806843376657924
7548 0.14531914285363615
7549 0.12837976622752598
7550 0.12934123574325107
7551 0.11395918300506114
7552 0.10087851386775319
7553 0.10320832441761031
7554 0.0957345689439962
7555 0.10459075694069836
7556 0.11862515523080962
7557 0.10975983609959693
7558 0.14288551981538838
7559 0.14071463670665346
7560 0.1623714727853481
7561 0.1757438481369805
7562 0.13695274249726028
7563 0.1336421752647456
7564 0.13230066967346552
7565 0.15661769088709723
7566 0.13273224631746747
7567 0.12434896238481848
7568 0.13642852264174787
7569 0.12779719222932118
7570 0.14339912495484755
7571 0.14825339989103228
7572 0.1481200628869542
7573 0.14102642080800684
7574 0.17783824697150433
7575 0.17477533771369552
7576 0.14329951044026837
7577 0.17933828553713504
7578 0.20599742493963358
7579 0.15354762190575189
7580 0.16294432421303529
7581 0.19144006726984034
7582 0.15446111258418102
7583 0.1796494116194946
7584 0.1552293309160527
7585 0.18488693484021412
7586 0.14125480872775167
7587 0.17112249674413493
7588 0.13336777997478497
7589 0.16107877873135698
7590 0.14217937282328236
7591 0.16879717001724123
7592 0.18813170276542945
7593 0.17907547679013888
7594 0.1708944669798066
7595 0.19158797902960728
7596 0.1885970623185025
7597 0.19510396980557515
7598 0.191242193602357
7599 0.21360662644754289
7600 0.20325396146221913
7601 0.234203396186428
7602 0.19090391292126213
7603 0.20696619777582137
7604 0.17827888656501006
7605 0.2149776882230578
7606 0.20302415218076966
7607 0.17715254011007098
7608 0.19640133525152356
7609 0.16759107135339593
7610 0.16774413399534185
7611 0.15299364757906722
7612 0.18813104138253897
7613 0.1784275921117816
7614 0.19138920592805037
7615 0.19709466236318451
7616 0.19733591466063857
7617 0.2040148624779485
7618 0.2566821353733321
7619 0.25461995229028556
7620 0.2615921974492033
7621 0.20357586603026664
7622 0.21916501539855326
7623 0.172931200227039
7624 0.1849876656686539
7625 0.14121901569319595
7626 0.15121351983870393
7627 0.1658751477544853
7628 0.17496918660005997
7629 0.1429414886713909
7630 0.15147209064490802
7631 0.1547681890046983
7632 0.11957158409139311
7633 0.10151025755851482
7634 0.11930016117066983
7635 0.11046168900226656
7636 0.11145516734088523
7637 0.10948947634577523
7638 0.0978424793865043
7639 0.0841823726705163
7640 0.08501910304217308
7641 0.10131756495889187
7642 0.06941642258847097
7643 0.07303033504460481
7644 0.07084457386578775
7645 0.09145665540633012
7646 0.10089469498811791
7647 0.10988767325229906
7648 0.11139158235008433
7649 0.12255662162364565
7650 0.09918945238249541
7651 0.09579195975796603
7652 0.09654775237697846
7653 0.10690908449801632
7654 0.1393335483369913
7655 0.12481868384593489
7656 0.13719570732863942
7657 0.15419898718149438
7658 0.12237473541739861
7659 0.11458824238356044
7660 0.13874312371153938
7661 0.151830258641302
7662 0.19125758977958981
7663 0.15947567152517986
7664 0.10879391171086988
7665 0.12329405038584625
7666 0.10825878268142633
7667 0.10542740647828172
7668 0.1080915055127871
7669 0.12177564246359587
7670 0.18303834853807802
7671 0.14686958438605366
7672 0.13811997740418896
7673 0.12850462638606014
7674 0.18562601977841128
7675 0.16882168192153527
7676 0.16969237025683212
7677 0.17742088623810168
7678 0.1557612792484548
7679 0.16444103621971926
7680 0.17492616091847973
7681 0.17211628585921426
7682 0.1582348117172818
7683 0.15703831753708541
7684 0.1653348140161278
7685 0.15721070383166716
7686 0.16269405402816534
7687 0.15764845243717618
7688 0.17750610057234764
7689 0.1555917887992474
7690 0.19310521959331944
7691 0.1880567239226529
7692 0.16323957125999158
7693 0.1862982358219398
7694 0.1924703327602465
7695 0.18232887559445216
7696 0.21443659892768932
7697 0.17724691668805637
7698 0.21529538766846193
7699 0.19718733248590015
7700 0.2436424984926858
7701 0.17108970501647547
7702 0.19094233071517164
7703 0.20261032138856264
7704 0.2290126281197552
7705 0.17245868865323455
7706 0.19078789769957535
7707 0.209167866517081
7708 0.18877215713523227
7709 0.1837355954368119
7710 0.19681952280674914
7711 0.20012485723326515
7712 0.18021345474874081
7713 0.2075936246557783
7714 0.2397981921683313
7715 0.21937484288902612
7716 0.24890601593738845
7717 0.26042433114275115
7718 0.21306524096604562
7719 0.2694055630505552
7720 0.2488663748958663
7721 0.20137095778498765
7722 0.1635438891470524
7723 0.18581471429361363
7724 0.14995504016640324
7725 0.14683332717166425
7726 0.16059562188754242
7727 0.13324450929276818
7728 0.12606298093146173
7729 0.12861760664681818
7730 0.12097392038328032
7731 0.11149655511735986
7732 0.10739947945623793
7733 0.10769938917872288
7734 0.11127561897811937
7735 0.09178995791814767
7736 0.0996566055402968
7737 0.10567348429287553
7738 0.08777141768002869
7739 0.07855527877348302
7740 0.09621927083048157
7741 0.0780944581557298
7742 0.07682102980115436
7743 0.0955266269437489
7744 0.09585973167174155
7745 0.0837895743241904
7746 0.08055874243409407
7747 0.08814971470392487
7748 0.10945614076636401
7749 0.09754044979795033
7750 0.0992958897905584
7751 0.1063821358396703
7752 0.10906343675514864
7753 0.10455114412956183
7754 0.11992058625051492
7755 0.11823312660008901
7756 0.13007486661502043
7757 0.1448890355368521
7758 0.16308661434263597
7759 0.14782287902070498
7760 0.1566947723218814
7761 0.16989063048812758
7762 0.13577725838497443
7763 0.1092091648781625
7764 0.1301425454560744
7765 0.11419536695432521
7766 0.1397423062090785
7767 0.1309927254060807
7768 0.12431055890971787
7769 0.13761453516779848
7770 0.1379714609237965
7771 0.14563346386484863
7772 0.1490870943526243
7773 0.1549886307060821
7774 0.17152947716815856
7775 0.15766149258553683
7776 0.1531023332745589
7777 0.17804874398492287
7778 0.177446085378295
7779 0.18097825263043046
7780 0.1788944584626057
7781 0.18009363047797594
7782 0.15518907438902266
7783 0.12548957929372548
7784 0.13523569469113048
7785 0.14634251034489987
7786 0.15946743186771992
7787 0.1846044132804288
7788 0.17869475524872033
7789 0.16438023086374193
7790 0.16745467764203073
7791 0.2046410022492636
7792 0.20727833566693615
7793 0.17767268801214745
7794 0.18352001997315498
7795 0.16785294666130418
7796 0.17383849816117078
7797 0.19174814053837688
7798 0.19419268364855102
7799 0.15430406645628436
7800 0.21019625841678544
7801 0.19034032588650782
7802 0.19781341593405155
7803 0.19135218228752204
7804 0.1880981240162943
7805 0.15698823854974173
7806 0.15881904443216993
7807 0.1850720911185493
7808 0.1802684868387644
7809 0.23946721769825116
7810 0.1506189106328689
7811 0.17604687187198786
7812 0.20441556405258696
7813 0.22557255883873795
7814 0.23682406775994494
7815 0.23607249196328622
7816 0.21251098742766492
7817 0.23006974995228768
7818 0.20490873923368516
7819 0.2149182167590756
7820 0.2118791878338223
7821 0.16381642802268687
7822 0.1675935668802713
7823 0.1395367191940305
7824 0.16494814320276202
7825 0.1285436901033066
7826 0.11699138258273821
7827 0.11420904711974314
7828 0.12942974537520788
7829 0.10608104782238026
7830 0.10482186163751564
7831 0.10904231756950601
7832 0.08748761541126478
7833 0.09990000464967123
7834 0.10777010932679444
7835 0.09772515038464218
7836 0.08941909106051261
7837 0.07874782345138952
7838 0.06657770280719967
7839 0.07593526170716297
7840 0.0647516355866639
7841 0.10582766275247432
7842 0.1022288785387473
7843 0.08671956750310664
7844 0.09530421802140394
7845 0.08843898454272091
7846 0.1048998657616178
7847 0.09723958872746558
7848 0.09816137750516156
7849 0.09791021946105562
7850 0.10822707929260691
7851 0.10495477248292459
7852 0.10902961916707521
7853 0.12942297930678937
7854 0.1285485359609067
7855 0.1507758073154076
7856 0.1313989829012187
7857 0.12094393211337495
7858 0.12224862893615124
7859 0.13555942403390162
7860 0.13124978951744673
7861 0.14362368988726545
7862 0.14993083291187012
7863 0.16015448977965968
7864 0.13912155710782775
7865 0.13403503266451738
7866 0.12761250807476854
7867 0.15415066053575305
7868 0.14463740451442303
7869 0.1321557201795741
7870 0.1565371342718969
7871 0.1637272142388683
7872 0.15051110372116464
7873 0.17047574291869796
7874 0.16408594425566247
7875 0.17242419530608755
7876 0.18045128979634917
7877 0.15823127572249518
7878 0.17288085118574062
7879 0.19069068659551605
7880 0.17656642278640775
7881 0.1921791517107951
7882 0.15826152248236822
7883 0.15578416523776362
7884 0.13998142008552986
7885 0.16952335281146752
7886 0.16444304024647396
7887 0.1855644945755742
7888 0.15857478767163258
7889 0.14734003380112318
7890 0.20311826243953224
7891 0.20138773107143165
7892 0.1596290827602878
7893 0.16355007135291313
7894 0.1840261723542914
7895 0.14818961065028072
7896 0.1547579200284013
7897 0.16205838669794137
7898 0.16875878417520257
7899 0.19437063253182219
7900 0.15405856118041747
7901 0.15538600716094325
7902 0.16842102566478317
7903 0.15037590424216749
7904 0.13684440598912065
7905 0.16521488786191754
7906 0.2201577199111703
7907 0.21361903750720226
7908 0.1921265074096974
7909 0.1788276655300482
7910 0.1794048021181319
7911 0.1976137137109773
7912 0.1816670614092761
7913 0.15996072504156142
7914 0.15807505301430105
7915 0.18623419751756623
7916 0.1823274560574523
7917 0.19895648613888625
7918 0.19124440071815277
7919 0.15290738012816732
7920 0.1943821769049041
7921 0.15323166981314204
7922 0.12630846713288016
7923 0.10887863721814095
7924 0.1090617651853362
7925 0.12410045646187585
7926 0.12206634744506488
7927 0.11463911509723479
7928 0.0949965854704399
7929 0.09951594358127376
7930 0.09604561143249551
7931 0.0898366788194182
7932 0.10263152714005447
7933 0.08433747559132511
7934 0.06608375404771881
7935 0.0801244147282125
7936 0.07334936104765162
7937 0.0770490053152448
7938 0.07542143828565742
7939 0.10018922558697695
7940 0.1050131715636386
7941 0.09666359978534628
7942 0.10344329532833646
7943 0.09553682789155858
7944 0.08423882530551856
7945 0.07870886398427053
7946 0.08709522262176023
7947 0.10726267257513358
7948 0.09414850142974569
7949 0.0927114046458638
7950 0.1250588293819337
7951 0.14685699027165244
7952 0.11643871491838098
7953 0.14412830281134345
7954 0.11506526552622394
7955 0.12469584008790369
7956 0.10740726764338122
7957 0.11951744830635722
7958 0.1408410225677482
7959 0.12965076247523183
7960 0.14761978866802472
7961 0.14984250747792155
7962 0.13830873132878138
7963 0.13578953026322027
7964 0.11907404494468275
7965 0.14092089000638874
7966 0.14913310611660172
7967 0.1625750578845711
7968 0.15089115833063535
7969 0.14688343647296878
7970 0.17264691904589
7971 0.1711516770301313
7972 0.1632503910811433
7973 0.1692439046713105
7974 0.22297823170061198
7975 0.19682787342298028
7976 0.188120526807373
7977 0.1785509388285395
7978 0.1556174063587823
7979 0.13506496585422037
7980 0.16799874547739813
7981 0.13722576462187733
7982 0.16722098272398125
7983 0.15122495815946455
7984 0.16474879308117124
7985 0.1856736562386198
7986 0.20560218556712587
7987 0.18591878736451806
7988 0.1733122022751846
7989 0.16450069710994356
7990 0.13457549862685744
7991 0.15436902517402465
7992 0.1628740966881701
7993 0.14441002773042189
7994 0.13907593769103868
7995 0.13802593668493662
7996 0.1318311140150867
7997 0.17804191829616342
7998 0.1601825909572537
7999 0.1189259167298402
8000 0.12264720752601513
8001 0.1485207298191271
8002 0.14466250205858344
8003 0.16733529218163115
8004 0.17280785634389123
8005 0.18122896152735882
8006 0.17586396509457175
8007 0.21792804492845158
8008 0.17592356329621914
8009 0.17531018394541228
8010 0.17434507621639372
8011 0.16839513139568033
8012 0.18973730257550991
8013 0.15345326754594985
8014 0.20154308912319524
8015 0.17179505541442627
8016 0.15525960353822496
8017 0.16717839887367153
8018 0.169540150519035
8019 0.16626644244993116
8020 0.16337932349315923
8021 0.11741795581786296
8022 0.10371136367936057
8023 0.10402307757776677
8024 0.10380365313681156
8025 0.09479094028595501
8026 0.09206584456345357
8027 0.09920608891901748
8028 0.10921330732560491
8029 0.09128774900257944
8030 0.08299839656182197
8031 0.08240806883556208
8032 0.07671430203087354
8033 0.0737550059343979
8034 0.08832038977031774
8035 0.097825920606852
8036 0.07355364328947997
8037 0.10530840580883641
8038 0.11024237650540805
8039 0.11873631873486552
8040 0.11506869188424197
8041 0.10173915221438179
8042 0.10727491094673125
8043 0.09374067975834594
8044 0.10512742300493944
8045 0.08589112967683867
8046 0.1290631207132093
8047 0.12829221185881404
8048 0.09957007895721835
8049 0.1144894662359938
8050 0.14006293934395103
8051 0.13073370253275518
8052 0.12321734280230602
8053 0.11984007282097614
8054 0.13493552460510366
8055 0.1206830122458727
8056 0.1587684857453058
8057 0.1346549158811757
8058 0.14107382498811494
8059 0.14941591954239813
8060 0.1428057574819189
8061 0.12874932214302623
8062 0.14658113593656183
8063 0.16080136053081986
8064 0.156135400106573
8065 0.1400038297838624
8066 0.17456531538476275
8067 0.18984862719749623
8068 0.14869920372778284
8069 0.1599936196260946
8070 0.15289499885269933
8071 0.16442048208726795
8072 0.1831409803910715
8073 0.18484423934372163
8074 0.19801711463001087
8075 0.17184734464275914
8076 0.15979722599007526
8077 0.13453461193234245
8078 0.1568388925576452
8079 0.15213935369069295
8080 0.15032923314266466
8081 0.1609108865761793
8082 0.1656628606613648
8083 0.19703429634148792
8084 0.14123661616776256
8085 0.1346999543227717
8086 0.18015780525788694
8087 0.14380796173154103
8088 0.15297140564005593
8089 0.14502046711224473
8090 0.12834159755385288
8091 0.13582269633439265
8092 0.13181802164891612
8093 0.14012443636386238
8094 0.12622256044535685
8095 0.1626861577288895
8096 0.1408810732891348
8097 0.130443722451565
8098 0.12984384710015623
8099 0.13691215717049557
8100 0.1466423333139585
8101 0.1747733512593431
8102 0.15732042941096
8103 0.15357341506936037
8104 0.1587808228524679
8105 0.18231657650972433
8106 0.17398972688294365
8107 0.15367287652765707
8108 0.1553016409728777
8109 0.1392300110104859
8110 0.14945392739491697
8111 0.1399923683147664
8112 0.14433021153490483
8113 0.18368353208183555
8114 0.16611524135806596
8115 0.145498773734043
8116 0.13692855103509569
8117 0.1339090728642598
8118 0.12477400626054043
8119 0.11735004572565054
8120 0.0947524970497135
8121 0.1040238056100288
8122 0.0940259175500245
8123 0.0863337855030232
8124 0.11423787879510548
8125 0.1091342440819072
8126 0.10215384865231517
8127 0.0815727120228818
8128 0.09134787709537057
8129 0.09945603344663888
8130 0.08214775820673169
8131 0.08066619728656632
8132 0.08304711075187052
8133 0.09214052376558507
8134 0.07709707872560026
8135 0.09920389989481483
8136 0.10053705155162856
8137 0.14065213521387235
8138 0.1033647712272516
8139 0.11803172567868542
8140 0.08707753930218931
8141 0.10359594468049438
8142 0.10333852899522596
8143 0.10722150531634929
8144 0.10839922569891074
8145 0.12490860104166347
8146 0.1178199545299687
8147 0.11341927396834608
8148 0.1191817995351805
8149 0.11276508659449941
8150 0.11418292864112188
8151 0.12472223016687155
8152 0.12491345519710571
8153 0.11385434736789722
8154 0.1265276337214065
8155 0.13320605987787623
8156 0.11761616815578294
8157 0.12873514833947947
8158 0.1530165537037095
8159 0.12027141753765842
8160 0.12310187470194958
8161 0.12692462747839017
8162 0.16827658103963214
8163 0.15127196231075762
8164 0.14499190171384127
8165 0.18598601615972
8166 0.17103211896614
8167 0.1541182448326017
8168 0.1574170564789676
8169 0.18373414741001434
8170 0.1736758190334668
8171 0.15763710715474544
8172 0.15813755334089144
8173 0.18866287912783872
8174 0.18492763522876218
8175 0.18898465455511065
8176 0.18349911096629662
8177 0.14519045772598152
8178 0.14775068777206132
8179 0.1677414166679869
8180 0.1621780521999247
8181 0.1629036917605981
8182 0.15180363627162619
8183 0.15797297244033995
8184 0.15216992060347773
8185 0.16367461429589097
8186 0.1274294842845303
8187 0.14182239956210316
8188 0.15487436164497176
8189 0.14316913550009075
8190 0.13488933859930774
8191 0.14234445860219735
8192 0.11955064192781598
8193 0.14488454552910793
8194 0.12263635805733944
8195 0.11320047801925161
8196 0.11188450855656876
8197 0.15345506522955565
8198 0.16318228040682678
8199 0.17028753624808174
8200 0.17780141576431194
8201 0.1535860148940028
8202 0.14120814179816316
8203 0.1607124297058967
8204 0.17274628681160514
8205 0.1522552943584201
8206 0.18395459806203554
8207 0.16850061331674795
8208 0.1744269906138231
8209 0.1475155297297376
8210 0.13793198723485683
8211 0.16993297958224005
8212 0.13238436191729736
8213 0.1453166858666515
8214 0.12184277352000565
8215 0.13838852024884113
8216 0.14456868900793618
8217 0.13471295260648464
8218 0.1202043352263011
8219 0.09978233971097354
8220 0.12454130104770762
8221 0.11287877979564864
8222 0.0945349566200911
8223 0.09657116691378265
8224 0.12843660103520566
8225 0.10976880581209791
8226 0.07570288920173526
8227 0.08820834955600441
8228 0.08370286198192455
8229 0.09556233738181905
8230 0.08224827595698998
8231 0.08170960660035541
8232 0.07486616892838346
8233 0.09239303695711697
8234 0.1184572597049319
8235 0.12747976204405634
8236 0.13346482548719785
8237 0.1333068354484156
8238 0.10419212738592985
8239 0.10513313497152452
8240 0.09107156723035462
8241 0.10213557891675358
8242 0.11656669139471926
8243 0.10503893479711236
8244 0.11822400937202643
8245 0.1280703199842063
8246 0.14919148241199237
8247 0.12278590974484414
8248 0.1096767258505067
8249 0.10932045068517747
8250 0.12814323394923888
8251 0.1334800672057641
8252 0.12180768854338334
8253 0.13245560880082635
8254 0.1272731041514319
8255 0.11776400601976782
8256 0.1264884141882873
8257 0.1100945123900026
8258 0.13004736433925937
8259 0.11645821537410342
8260 0.13803131617124487
8261 0.141148731299133
8262 0.12704784982401793
8263 0.13980878721078815
8264 0.1880616962655201
8265 0.14020026217088866
8266 0.1486836385771908
8267 0.18150631747607923
8268 0.20028378284498088
8269 0.1536967525411786
8270 0.17228193280194407
8271 0.17911283737200412
8272 0.14710456414891387
8273 0.1436436034026784
8274 0.18396387664937464
8275 0.1512045625656838
8276 0.13552554884269127
8277 0.16835872699489185
8278 0.15443954302768667
8279 0.142234177803668
8280 0.1685320410520234
8281 0.15594768159155076
8282 0.11435763005081129
8283 0.10814168122836922
8284 0.13461250846555176
8285 0.12481781863533248
8286 0.1237977559542909
8287 0.13200984103524147
8288 0.14386223160673994
8289 0.13112185522390257
8290 0.13544921389356746
8291 0.14746682557798854
8292 0.13066771194919224
8293 0.12819175553246767
8294 0.10298306916268589
8295 0.15062477336556257
8296 0.1242498328647347
8297 0.16040809311615958
8298 0.16051131393710869
8299 0.16626099901534586
8300 0.18461781975644803
8301 0.16215288303640146
8302 0.18798189394180312
8303 0.16158072197954482
8304 0.17725710268640116
8305 0.1657733101825524
8306 0.12812496525915468
8307 0.14042359567454274
8308 0.10568793195809445
8309 0.12293666575565118
8310 0.10283831876475127
8311 0.09347450243914743
8312 0.12898579559297005
8313 0.09650675783963018
8314 0.1389710948734504
8315 0.13027186014850425
8316 0.10664457395687156
8317 0.11741232260424173
8318 0.12205352019170355
8319 0.11085462449316891
8320 0.09663448719129071
8321 0.09869967413673326
8322 0.11149560420946508
8323 0.10883284467567268
8324 0.11701490548714909
8325 0.09721537849489183
8326 0.09326174465378843
8327 0.09310675788891037
8328 0.08484405219926808
8329 0.07291002743477967
8330 0.06474773837300346
8331 0.09115999693804981
8332 0.11099716817860505
8333 0.10590293775033159
8334 0.12811957543073738
8335 0.1361815879359589
8336 0.10573216826704554
8337 0.09292565477829658
8338 0.09509018846179898
8339 0.09228807507987795
8340 0.10313890633748504
8341 0.09875981112356867
8342 0.09602713277628419
8343 0.09750879052938893
8344 0.12385384709820621
8345 0.11483911130245089
8346 0.10619171810333942
8347 0.11668599233689377
8348 0.1284306211218634
8349 0.14533471462260703
8350 0.13195830337989722
8351 0.1325758300218626
8352 0.11975737491377036
8353 0.13122458351465024
8354 0.163068692787961
8355 0.12089974507286178
8356 0.14307497013271017
8357 0.14120153893351617
8358 0.11085235629367221
8359 0.13379555083564004
8360 0.14360951336547342
8361 0.14092213899544298
8362 0.132109082495227
8363 0.14211198102548905
8364 0.13558569859512623
8365 0.13470183448062964
8366 0.15150838710821557
8367 0.16245731170959996
8368 0.14935940211102838
8369 0.1607887628757005
8370 0.14891835184790547
8371 0.11981466688010327
8372 0.16751016243078493
8373 0.1778664842740296
8374 0.11532536451070187
8375 0.16369251507281415
8376 0.11773253646765183
8377 0.14612219746649724
8378 0.14848514809628952
8379 0.13172109911465543
8380 0.1381796014578554
8381 0.12592675470827724
8382 0.11540292169743153
8383 0.10252409901963128
8384 0.11307001514456429
8385 0.12808467026701187
8386 0.14900059186573625
8387 0.11121025927250223
8388 0.13414118165618258
8389 0.1133302734779378
8390 0.12779858784393078
8391 0.12167096369091152
8392 0.11528852078129273
8393 0.12286581068440243
8394 0.14062232173250647
8395 0.139436630244337
8396 0.13883605409837124
8397 0.15288774028310137
8398 0.1368302533811848
8399 0.15113073558601994
8400 0.10836851967680264
8401 0.13528033800002448
8402 0.17026149276412578
8403 0.12781396289128158
8404 0.12383865081338169
8405 0.1325686150760577
8406 0.09584763776480101
8407 0.0983880794096241
8408 0.1074117158428856
8409 0.07944632310792761
8410 0.12593609932733682
8411 0.11604597321420389
8412 0.12298177242407807
8413 0.11867959466903744
8414 0.1418369890561292
8415 0.12197243261733229
8416 0.10739161504062093
8417 0.1441621348392637
8418 0.10266657827892021
8419 0.10093052252450098
8420 0.09665294395181433
8421 0.11080581134212471
8422 0.10475438895814773
8423 0.0992149896842277
8424 0.09254816871382283
8425 0.0611386686703072
8426 0.08734495162223387
8427 0.07373581284402805
8428 0.06644456602836812
8429 0.09556432876065096
8430 0.09536628384396133
8431 0.12794669302142508
8432 0.13420923498918277
8433 0.11755490353569335
8434 0.10808554544927353
8435 0.09951572287620716
8436 0.10925897697153886
8437 0.09275694792583516
8438 0.099474171388594
8439 0.12607573538656225
8440 0.11262882119801446
8441 0.10388079406572953
8442 0.10426291971190939
8443 0.09318675490330916
8444 0.0821279538098852
8445 0.073212169189975
8446 0.10505118325521104
8447 0.12918723022830114
8448 0.1245299255222111
8449 0.13130109144399912
8450 0.13383189338926932
8451 0.10176390217453052
8452 0.1109603460887622
8453 0.11586742949925387
8454 0.11389885097642807
8455 0.13146413858087838
8456 0.116620340055902
8457 0.11434183382154714
8458 0.1316210932843985
8459 0.10544710097627925
8460 0.09056309865513577
8461 0.08734523862382934
8462 0.10779187135828777
8463 0.1099270220723891
8464 0.11466121107391818
8465 0.12044120566357931
8466 0.1447135388037726
8467 0.13212264090956433
8468 0.13189110315722377
8469 0.132258462814758
8470 0.14224015270195156
8471 0.15945241952645964
8472 0.15881968883004594
8473 0.1490085406817019
8474 0.13470044127905698
8475 0.13797868785556308
8476 0.12415489803467122
8477 0.12986096545358367
8478 0.12093679619716119
8479 0.10505717356225826
8480 0.0919617497172239
8481 0.092508912989335
8482 0.09612586706501612
8483 0.11539778005686276
8484 0.13395089475765856
8485 0.10887875270091017
8486 0.1089444736382815
8487 0.09522282354295612
8488 0.11230126284775316
8489 0.124067346869075
8490 0.13826131668562427
8491 0.13564429949094492
8492 0.14189776995065648
8493 0.14979811941630286
8494 0.13028574702197737
8495 0.1606346728398371
8496 0.14084685916084136
8497 0.11489252173390355
8498 0.14575322227730533
8499 0.13181661145457324
8500 0.14310610086706768
8501 0.1451800506647117
8502 0.1347968486922492
8503 0.09243990185437781
8504 0.09128680600462538
8505 0.11020276537092581
8506 0.10190821493937548
8507 0.10100710727001537
8508 0.1324667516946796
8509 0.11694015081683645
8510 0.10483276017696894
8511 0.13767710229365723
8512 0.12732207559178502
8513 0.1300445893792985
8514 0.12107065267974514
8515 0.1396802150180785
8516 0.14294245231436276
8517 0.10943059128505243
8518 0.105661567957331
8519 0.09113323012701775
8520 0.08847833261415113
8521 0.07755987185509855
8522 0.08111880830857941
8523 0.09499572969377716
8524 0.08544515556886999
8525 0.0679584773691231
8526 0.06351588333577175
8527 0.08613091897718025
8528 0.10764223477970516
8529 0.12423215981066674
8530 0.11616728599674285
8531 0.10761078946432165
8532 0.0924591435297562
8533 0.09209826506400638
8534 0.10676816038306824
8535 0.09758709342042635
8536 0.10358900629099367
8537 0.10033147044646329
8538 0.10384883953742763
8539 0.12394562593048089
8540 0.09780492778345298
8541 0.08014392925052316
8542 0.10215179604474366
8543 0.10166446936318765
8544 0.1125342461783446
8545 0.12833459542049577
8546 0.12428640958852763
8547 0.12208554545495404
8548 0.10329219071543484
8549 0.12884270778807796
8550 0.10820727673753495
8551 0.1167936070192195
8552 0.11681638819229892
8553 0.13712983934284964
8554 0.10496622408552322
8555 0.11001860137766167
8556 0.10069367813821034
8557 0.11404952454851251
8558 0.0847097182101878
8559 0.09340415984123278
8560 0.10423906222121267
8561 0.0954824534078589
8562 0.11708604741523344
8563 0.09770088101010359
8564 0.12019323558448197
8565 0.11239574339052029
8566 0.10098941536785153
8567 0.10688428308202588
8568 0.13277037021499624
8569 0.16628755309670953
8570 0.1642556064065762
8571 0.13123598775379808
8572 0.13355884088874748
8573 0.09276429602063906
8574 0.10278921175079504
8575 0.11238039738194724
8576 0.10623185325310056
8577 0.10443963865125412
8578 0.10097153760597687
8579 0.1201706062299575
8580 0.10444535651733937
8581 0.09521050651746496
8582 0.14209241254413382
8583 0.13871090557399074
8584 0.10789012327410853
8585 0.0895071402988356
8586 0.11446493793032758
8587 0.09163829489268846
8588 0.11349633587711824
8589 0.1192207242306007
8590 0.11525823037899982
8591 0.1416591196600885
8592 0.10841120334707674
8593 0.11134370007622148
8594 0.09530642540175131
8595 0.12385030904232333
8596 0.1174078315084138
8597 0.11155021301784163
8598 0.11488834403160945
8599 0.1263279775279558
8600 0.10903882045960797
8601 0.08531585264934193
8602 0.0957691168824331
8603 0.10038054905406212
8604 0.09278193661905067
8605 0.11503979757144897
8606 0.09714076319894864
8607 0.11122928081851759
8608 0.09032225159629954
8609 0.10605740925103824
8610 0.101405251495436
8611 0.12533217916434075
8612 0.1480018993404966
8613 0.11334684011634505
8614 0.10408833529793173
8615 0.09526992857110743
8616 0.09665991133709655
8617 0.0971936144069297
8618 0.10700786790591817
8619 0.09443418907128061
8620 0.09925901769346578
8621 0.0980335614997048
8622 0.08839373448615707
8623 0.07633916311267455
8624 0.062475219470413255
8625 0.08986286300032081
8626 0.09858514930277548
8627 0.08615143806281761
8628 0.1263874778685475
8629 0.11117389227528897
8630 0.09048613045849183
8631 0.08473205332801667
8632 0.09625170748736787
8633 0.09616798590324821
8634 0.10848601942195117
8635 0.09540502460262168
8636 0.08618362747631324
8637 0.09646543434524245
8638 0.11998971840940507
8639 0.09919577914612152
8640 0.09661999041369033
8641 0.10990787446595128
8642 0.1386012262466122
8643 0.10303868891301703
8644 0.10879681949907613
8645 0.09926891149617045
8646 0.12365643092443622
8647 0.11390010721476371
8648 0.11387556251205434
8649 0.12002795314894123
8650 0.10601553645122172
8651 0.10667416846518855
8652 0.12104528580228605
8653 0.10184100353439522
8654 0.09639135414918533
8655 0.10970472511577763
8656 0.09960634950107712
8657 0.09547136369470945
8658 0.08919282894736379
8659 0.09483581501591014
8660 0.11174254034490225
8661 0.08593391488366431
8662 0.12769583673653406
8663 0.12355626221722504
8664 0.09242536646897262
8665 0.11513513698311646
8666 0.1353499358101665
8667 0.12558818971666244
8668 0.1408914168321623
8669 0.1215827288767032
8670 0.10236951831034222
8671 0.10132094081250304
8672 0.11618348926943745
8673 0.1100303896331866
8674 0.10705188180084144
8675 0.10622878769930058
8676 0.09757375504096501
8677 0.08608193720836516
8678 0.08142628496610563
8679 0.09516134577685186
8680 0.09998261027603038
8681 0.08132370103769816
8682 0.10038427357020506
8683 0.0837708506662281
8684 0.12027570046199682
8685 0.0881064489457171
8686 0.09200883389081435
8687 0.11420248464520308
8688 0.09701974485709478
8689 0.10841184939210886
8690 0.09656161881952428
8691 0.1242953015333701
8692 0.10579265957513141
8693 0.09980605209257556
8694 0.09800474114746059
8695 0.1251086460029616
8696 0.11732533708092183
8697 0.12812799936275315
8698 0.10018843281780203
8699 0.09527719221989174
8700 0.10605962507146728
8701 0.10243095736818005
8702 0.08036717026036311
8703 0.08613601610228493
8704 0.09368591363533534
8705 0.09463812888503638
8706 0.09152525624986198
8707 0.08974082764165492
8708 0.0879263284207583
8709 0.10374449210961341
8710 0.08536441762217557
8711 0.08641284425986348
8712 0.10678395165341616
8713 0.09784097990146974
8714 0.08945725206950848
8715 0.09537791344359393
8716 0.11582333457903432
8717 0.08472029423804472
8718 0.07628889684728157
8719 0.0842743686328679
8720 0.09351974708457433
8721 0.06321006570112046
8722 0.08484154287602572
8723 0.07890921688586446
8724 0.09833558904747082
8725 0.08943167608424751
8726 0.08589242151212455
8727 0.11034547426018908
8728 0.09491009211931084
8729 0.0850762445850638
8730 0.08522322515555024
8731 0.08365059941438281
8732 0.09641474110014388
8733 0.08871264012591193
8734 0.09415523818485388
8735 0.1097596554376309
8736 0.10402046926329264
8737 0.10734065169958366
8738 0.11389505839264048
8739 0.10067031101181219
8740 0.11959358542070499
8741 0.09263056382383532
8742 0.11970017337781134
8743 0.10644520166825902
8744 0.13686584649301747
8745 0.09779771156987638
8746 0.11880746338119373
8747 0.09642828640725101
8748 0.099792205746187
8749 0.10702638699233742
8750 0.11765063696753959
8751 0.12317873764612067
8752 0.1076182819691234
8753 0.09090608050878914
8754 0.09576646216192762
8755 0.11142863179389927
8756 0.09532857381264816
8757 0.0953036420055439
8758 0.09471203004472503
8759 0.10108640076528679
8760 0.10683751790767035
8761 0.1075461972126785
8762 0.1032536195845236
8763 0.09653400865548332
8764 0.1124710606647897
8765 0.11679428935808672
8766 0.10832897391316276
8767 0.11562168200785826
8768 0.13679754918660725
8769 0.12267923506865852
8770 0.11352018705975989
8771 0.09800608994960994
8772 0.10289022300574104
8773 0.09749374421071301
8774 0.10634360366149023
8775 0.0860333455172576
8776 0.09474545929206984
8777 0.1078109493032172
8778 0.09932665752975563
8779 0.0888537666441911
8780 0.09309220023544856
8781 0.09278676087027439
8782 0.10808002400898131
8783 0.08914909455638641
8784 0.10649173744372732
8785 0.09933660076140485
8786 0.11046560823568193
8787 0.12127614851178246
8788 0.09249796483295268
8789 0.12623129302516556
8790 0.10456902929172357
8791 0.09797134960814212
8792 0.09826862485557174
8793 0.12106086790344453
8794 0.0978004992265641
8795 0.11348127426573561
8796 0.09445525909962657
8797 0.0896347652101362
8798 0.10841072141037997
8799 0.08275348740393072
8800 0.07967894587302846
8801 0.0963706952985426
8802 0.10192963989576727
8803 0.08044150698256967
8804 0.08955839992270377
8805 0.07997755589892795
8806 0.10438649851770213
8807 0.08708387068635223
8808 0.08499188757112075
8809 0.10374326484566952
8810 0.06637439809343997
8811 0.08124602107961627
8812 0.08355065202295489
8813 0.09350105686354772
8814 0.08641120357408519
8815 0.09919546194428942
8816 0.08997355529049515
8817 0.0979072764336774
8818 0.09000092993764987
8819 0.07775541051803998
8820 0.07459688180405694
8821 0.09031502434610138
8822 0.09346668434491216
8823 0.06924888983758769
8824 0.09495438382819102
8825 0.09455666234468145
8826 0.09017462894124728
8827 0.08631454424184998
8828 0.09614557881884973
8829 0.09423816709916248
8830 0.08358990788426805
8831 0.1030596389789628
8832 0.10155236117871544
8833 0.10159798402236932
8834 0.09449705445258903
8835 0.09596884318099468
8836 0.11231553380995767
8837 0.09728131321495953
8838 0.09721627270022569
8839 0.10717506293022404
8840 0.09448566520500354
8841 0.10099241567819388
8842 0.10493955363262712
8843 0.09426772957700205
8844 0.08225796892895185
8845 0.10773632349833047
8846 0.09752606559568025
8847 0.10798116439613385
8848 0.10322749717761265
8849 0.10664324577807484
8850 0.08648529988632335
8851 0.10369798087139057
8852 0.11106801941703207
8853 0.08764090330027274
8854 0.09680059252650113
8855 0.08823366593500537
8856 0.09860127550037917
8857 0.08686854900368592
8858 0.10362324085711644
8859 0.09882369543951777
8860 0.10199445763107669
8861 0.09385468168686793
8862 0.10894881218192831
8863 0.11415490709215285
8864 0.12814377054778317
8865 0.13094410100872575
8866 0.11366894975884502
8867 0.11804208430973484
8868 0.1214704223737092
8869 0.10635092236611159
8870 0.10917152172954193
8871 0.10582017977711373
8872 0.10686478602543567
8873 0.09519674213603987
8874 0.10982545819372028
8875 0.08686844462893227
8876 0.09759889938624773
8877 0.0808036441320192
8878 0.08562230576250351
8879 0.08579752988794241
8880 0.09448027694272251
8881 0.09276205608926849
8882 0.11761591700649643
8883 0.11489998005403101
8884 0.11797542508344387
8885 0.1082752330916686
8886 0.09081206463943836
8887 0.11186329122656498
8888 0.11183304372604301
8889 0.115193929431387
8890 0.12001152143976998
8891 0.10495182672131631
8892 0.1186889065015306
8893 0.13264543454659478
8894 0.08967220800952222
8895 0.09627788015133802
8896 0.08138308721330226
8897 0.07263908029818004
8898 0.0888488564698438
8899 0.09002487366628334
8900 0.08722523312531626
8901 0.10164040301136883
8902 0.0984800103633299
8903 0.09652343050522282
8904 0.07592800622310597
8905 0.08750031718446172
8906 0.07907738671387132
8907 0.071669484913298
8908 0.06635221493523562
8909 0.07934613026415666
8910 0.06139193386458684
8911 0.09420769196344717
8912 0.09901733496131214
8913 0.08078278359978315
8914 0.08208908040898368
8915 0.09065197484662729
8916 0.0757550670812382
8917 0.07646590593839997
8918 0.07224338008292232
8919 0.0972753375275505
8920 0.06851943381016652
8921 0.08632657338786583
8922 0.10905126462906849
8923 0.08143439009596926
8924 0.09620602934312375
8925 0.09651020589627747
8926 0.0831653895979944
8927 0.09027484129435177
8928 0.09696461024126254
8929 0.08247408407999124
8930 0.08554668436517815
8931 0.09814290647741909
8932 0.11507335067069625
8933 0.11383136931029432
8934 0.09328655342019393
8935 0.09086281388470593
8936 0.09095522376874865
8937 0.10674089934990344
8938 0.11854600412664522
8939 0.11762383257132335
8940 0.10786331325534454
8941 0.08682362496472514
8942 0.11107811744756343
8943 0.10846201873855851
8944 0.08423551321941192
8945 0.10021632305090984
8946 0.0948981700385664
8947 0.08336979532697616
8948 0.08354206696213863
8949 0.09660313647907096
8950 0.08703606751371404
8951 0.09405742977171672
8952 0.07577386754376833
8953 0.08304514634065517
8954 0.09989344572052634
8955 0.08348908980162258
8956 0.09750175369080373
8957 0.09602035034572177
8958 0.09459866266380819
8959 0.0983131417624494
8960 0.10442085696697302
8961 0.10329418192059232
8962 0.1000853285282153
8963 0.09832604057989777
8964 0.09644975507472596
8965 0.1085550702414802
8966 0.11442829492373116
8967 0.10242682778729739
8968 0.10143409009004213
8969 0.09727578844153159
8970 0.08884896176939636
8971 0.09700169717953976
8972 0.09315225629977862
8973 0.10313607374606255
8974 0.09737516426653421
8975 0.07717245896513346
8976 0.08517723803885316
8977 0.09267926751769112
8978 0.0976571982332705
8979 0.09503281076198088
8980 0.0930474748996393
8981 0.10305850003972533
8982 0.11076914981840819
8983 0.10654068184211081
8984 0.10138426945140505
8985 0.09817385779444468
8986 0.10552884145411846
8987 0.1101761136649171
8988 0.11094841169002533
8989 0.10756475086641343
8990 0.10814911386655207
8991 0.09671990961317385
8992 0.09380405091357348
8993 0.09130852591330525
8994 0.08672120316942458
8995 0.10015710907498572
8996 0.09291557843488328
8997 0.0748035356058682
8998 0.08396402552815344
8999 0.09521963752382621
9000 0.08605301664083226
9001 0.07919153701330772
9002 0.08015995530081317
9003 0.07477445490653964
9004 0.0743782104582316
9005 0.07010925671504854
9006 0.07462638807274685
9007 0.06912956826177105
9008 0.06610188818498326
9009 0.07767721038597482
9010 0.0947503369948883
9011 0.0672265128778973
9012 0.07523214291557159
9013 0.07822753108530198
9014 0.0678561978920687
9015 0.0638487849554
9016 0.07360220844300558
9017 0.09153707871576265
9018 0.08084479989706547
9019 0.08763930575358289
9020 0.08380922120046694
9021 0.07962338336909121
9022 0.08757252645548089
9023 0.09562008472591227
9024 0.09849866475481628
9025 0.08813101368970552
9026 0.07389818094320794
9027 0.09657099212564199
9028 0.0929773613677087
9029 0.09863834898738223
9030 0.09650122133905523
9031 0.11675210259746215
9032 0.10074328960247342
9033 0.11062315983602548
9034 0.11619026439576353
9035 0.09582427789923481
9036 0.07426872824187727
9037 0.08613625307508774
9038 0.0842287832924468
9039 0.09258692425853847
9040 0.11259546469118387
9041 0.10061510701118577
9042 0.11159256382822556
9043 0.0929259720366211
9044 0.08152150425735642
9045 0.08110727908957667
9046 0.06919997326046043
9047 0.0834397760016791
9048 0.08041336159255652
9049 0.08596844137110714
9050 0.0980512167158543
9051 0.09109878591417901
9052 0.08241044882746126
9053 0.09099173936893365
9054 0.1047980990707281
9055 0.10526901570893968
9056 0.09691514840985561
9057 0.10098723829468811
9058 0.09698281378871011
9059 0.1074184917853762
9060 0.09312324174007536
9061 0.08024502741349591
9062 0.1027296730579783
9063 0.07841375803169613
9064 0.08069327614124028
9065 0.0902070881963385
9066 0.07678338344556879
9067 0.08152529099272576
9068 0.07720977466969078
9069 0.08102940414985549
9070 0.07957955884248383
9071 0.07962698400641392
9072 0.07300610396516356
9073 0.07618088243016287
9074 0.0873009843377396
9075 0.08223359138276609
9076 0.08741118673587296
9077 0.09948906966618021
9078 0.09280196690749301
9079 0.0919068888029153
9080 0.0922066853239642
9081 0.1051219048280699
9082 0.09275319539447177
9083 0.08974220821260978
9084 0.10452653317176253
9085 0.10436517752035071
9086 0.09736291965383644
9087 0.09779874212845872
9088 0.08939246674207145
9089 0.09294821990762187
9090 0.07711013713677053
9091 0.08690145516678395
9092 0.08677192814039202
9093 0.08684377365658671
9094 0.09574492964729919
9095 0.07926554626051328
9096 0.09960898087736873
9097 0.09307133457223311
9098 0.09446101182529212
9099 0.08725316161593281
9100 0.07830988892434221
9101 0.07098424884492606
9102 0.07555175325474753
9103 0.08023022484363988
9104 0.07576410564030686
9105 0.07118355977557701
9106 0.07751625450419763
9107 0.061953868175976326
9108 0.07251082196220711
9109 0.05682629889828606
9110 0.057640525456370176
9111 0.07212940037922909
9112 0.09726000361012294
9113 0.07745195983387311
9114 0.07505297796110319
9115 0.08226368580226172
9116 0.08894292487761284
9117 0.08148074011473772
9118 0.07323820160097369
9119 0.08663521685908002
9120 0.09444296455494876
9121 0.09195826234030571
9122 0.07447511799811629
9123 0.07418549106066151
9124 0.10304600523676957
9125 0.08385688068326315
9126 0.09546947900920633
9127 0.08268016603358408
9128 0.08028596405008935
9129 0.08344976897148056
9130 0.09724489936757791
9131 0.10216687834771457
9132 0.08649708767827387
9133 0.09478097657982171
9134 0.10159873235253018
9135 0.07127677106821526
9136 0.10285721112209141
9137 0.10100868636781961
9138 0.09896914845298906
9139 0.10987673247812378
9140 0.10078275123611861
9141 0.08285305656801975
9142 0.09019699903165206
9143 0.08754822370043865
9144 0.08992067738831806
9145 0.09821131290505161
9146 0.07527428854207939
9147 0.07626003621364781
9148 0.07304374023343134
9149 0.08568945909946042
9150 0.08758574852201788
9151 0.08253384125388716
9152 0.06800776333024064
9153 0.0687063908810714
9154 0.09248979196928607
9155 0.10446648999262871
9156 0.10813054607807994
9157 0.10935000972878826
9158 0.09966498458734308
9159 0.08179715043058677
9160 0.09419274266549252
9161 0.09655415564664624
9162 0.09306437126406465
9163 0.09033223675192416
9164 0.08249982481708933
9165 0.08266809471244918
9166 0.06414291637303769
9167 0.08415975988265366
9168 0.08073114983401185
9169 0.0768637730057728
9170 0.0952500515178249
9171 0.11426130393615637
9172 0.07619087708372435
9173 0.07155698735862037
9174 0.06549299422919226
9175 0.08512174015323185
9176 0.08271871761952267
9177 0.07894338559833654
9178 0.08102770446997117
9179 0.09979806345351372
9180 0.1002888932043282
9181 0.09297160607652669
9182 0.09603793617848523
9183 0.1100973796483839
9184 0.09896589285916946
9185 0.08544007758084869
9186 0.07410584717684596
9187 0.09195560552041879
9188 0.08783666788639406
9189 0.08966009721698769
9190 0.07640051485535772
9191 0.08312476914136872
9192 0.08484673954079829
9193 0.08586201542158561
9194 0.0825286841338466
9195 0.07868507193448909
9196 0.09918508467212146
9197 0.09295417220642896
9198 0.08731945381109754
9199 0.06760146106613402
9200 0.06947484173947989
9201 0.06821390537511117
9202 0.07423266082683744
9203 0.08095194567756138
9204 0.07366135103113772
9205 0.0904994439601895
9206 0.072443542041737
9207 0.06325977569714787
9208 0.0697000056586093
9209 0.07156409048808857
9210 0.07008291749174554
9211 0.06282809130466985
9212 0.069660900452245
9213 0.08215765089067689
9214 0.08912540426069408
9215 0.10435639181055878
9216 0.09401485535245048
9217 0.0935973894845593
9218 0.08780899286097871
9219 0.0871945206366579
9220 0.10926768099142987
9221 0.09207077451671063
9222 0.09065572574593234
9223 0.08033474782189792
9224 0.09403313589142517
9225 0.10786635271472371
9226 0.09652572578886981
9227 0.10374964781371929
9228 0.09696174909680655
9229 0.09019109904619124
9230 0.09417613864357104
9231 0.07901337840802532
9232 0.07776837534298102
9233 0.0835587546847051
9234 0.10634497337217638
9235 0.12521853523299523
9236 0.1080081118166761
9237 0.08184420829778231
9238 0.08997917604527919
9239 0.09276918918860508
9240 0.0795447103113345
9241 0.06750303428036752
9242 0.07625559587163835
9243 0.08850797478540479
9244 0.07397615275289615
9245 0.08607018466740775
9246 0.08244505212140217
9247 0.0657940539295033
9248 0.07684309408563433
9249 0.08078581187322076
9250 0.0779823490950522
9251 0.08387252278451768
9252 0.07860664185691321
9253 0.10392926137717373
9254 0.08528156775226801
9255 0.09080009130415592
9256 0.10360256126035573
9257 0.08904118641348788
9258 0.09093937907914754
9259 0.08486001323972527
9260 0.09726687631723985
9261 0.0845021363967782
9262 0.08970108534085076
9263 0.08782140105233958
9264 0.07515529396645601
9265 0.0692251422711914
9266 0.08060251207148697
9267 0.06248495353593741
9268 0.06919340503807728
9269 0.07409237215611104
9270 0.09788163890972852
9271 0.07040885255267267
9272 0.07753657886315245
9273 0.08235622378760944
9274 0.07633139652513386
9275 0.0816737568793464
9276 0.07064902968496997
9277 0.08843956750110013
9278 0.07685511801885808
9279 0.10695249816091072
9280 0.09281620080074733
9281 0.10079438906715457
9282 0.085336988210162
9283 0.08579570768336178
9284 0.07601310027764417
9285 0.08214028711312986
9286 0.09233544578342603
9287 0.07708039232715165
9288 0.0766017606890129
9289 0.07862352394317229
9290 0.07249525902056642
9291 0.07092639734484896
9292 0.09095047203408847
9293 0.09867246188851315
9294 0.08815062241485914
9295 0.08417816026222359
9296 0.08665369295269568
9297 0.06591737629709074
9298 0.07760795234879772
9299 0.06646947256825106
9300 0.06784394141224517
9301 0.08697779832960535
9302 0.0786961102628701
9303 0.06401742423291848
9304 0.0655186365343587
9305 0.06180463925748373
9306 0.06265242698341991
9307 0.06558221871111194
9308 0.07388644249839164
9309 0.07250714520680829
9310 0.08045950959551672
9311 0.07038077565339744
9312 0.0718783447953958
9313 0.07531139004596148
9314 0.08631668803728693
9315 0.09261079392966631
9316 0.1012468336143922
9317 0.0864069261730332
9318 0.09126646748767579
9319 0.08484680237669008
9320 0.0750798644925449
9321 0.08589581533723334
9322 0.08202640872262301
9323 0.08563596358734174
9324 0.08206580971430384
9325 0.10011002444799952
9326 0.08710237604244209
9327 0.11744708372251526
9328 0.08507350789934474
9329 0.08412567037794033
9330 0.06745819728241219
9331 0.07306938982897104
9332 0.08718892481004145
9333 0.08777800648972617
9334 0.11699342127413682
9335 0.0849657287806247
9336 0.10016884064718451
9337 0.0996880247374289
9338 0.08055661480175853
9339 0.08655203377196401
9340 0.07767766113126809
9341 0.08131050216449222
9342 0.07302076210395222
9343 0.0733449020067498
9344 0.07223963321844284
9345 0.06718363253486705
9346 0.08618728774815211
9347 0.07471077498002475
9348 0.058027767780622956
9349 0.0766926323011525
9350 0.08368976254883252
9351 0.0842418117938988
9352 0.0886609331789096
9353 0.07963564309779549
9354 0.07601690885907955
9355 0.07603977878206149
9356 0.07501796459090755
9357 0.0754834457195208
9358 0.07995305170852514
9359 0.08405411968304918
9360 0.07716863334184036
9361 0.06482007851509775
9362 0.07322733159065697
9363 0.06026447500616261
9364 0.06689056753710726
9365 0.08104596764433365
9366 0.07847421182992045
9367 0.07069061493216222
9368 0.07061238303420761
9369 0.0740788249007567
9370 0.08217944120349102
9371 0.07657302431188678
9372 0.08466577373473304
9373 0.07591077964791984
9374 0.06501308511661322
9375 0.07612897794774874
9376 0.07922719216161882
9377 0.08126809469521391
9378 0.07272209975314543
9379 0.08112754714831101
9380 0.07646873594682527
9381 0.08457696337482473
9382 0.07944823944693873
9383 0.09095551146620179
9384 0.07481862675947068
9385 0.0680953240071192
9386 0.06685765249972994
9387 0.0693138419577793
9388 0.059687189962615156
9389 0.06526363697162668
9390 0.06093030059760173
9391 0.08093325016940812
9392 0.0707255708880732
9393 0.06407157272216224
9394 0.07537951457709871
9395 0.061466804891028175
9396 0.06888926062288678
9397 0.05971028793448576
9398 0.056024064182448666
9399 0.05524655933526898
9400 0.06637462999105379
9401 0.05990730159790168
9402 0.07120871861845247
9403 0.06879326472262264
9404 0.0749080877154273
9405 0.07461911466011739
9406 0.06818931908898537
9407 0.06914924945051007
9408 0.06278029233191935
9409 0.07765113788804345
9410 0.08144730534972427
9411 0.07821415903573675
9412 0.068874114905006
9413 0.08094553704075066
9414 0.08870738520013059
9415 0.08056506175402788
9416 0.09267894514964875
9417 0.07662660470127881
9418 0.09097992031673273
9419 0.09091808334185603
9420 0.06326822796682822
9421 0.07860771152505086
9422 0.07920678454143508
9423 0.08716745361832953
9424 0.09689640955139438
9425 0.11239806290714416
9426 0.0912551790576575
9427 0.071442852899886
9428 0.07197629977770151
9429 0.08677291364051588
9430 0.0813618798170813
9431 0.1034627412211039
9432 0.09272233441420412
9433 0.10089355418161852
9434 0.08964602196796086
9435 0.10449048547998459
9436 0.09625012043810134
9437 0.08166476994720606
9438 0.06982457559927896
9439 0.09613154450229108
9440 0.09160742505345616
9441 0.0752895227320164
9442 0.05840981274511976
9443 0.06266761380918195
9444 0.07341117591763903
9445 0.07136825751239739
9446 0.07372171466454006
9447 0.07895678806019607
9448 0.06727787163255494
9449 0.08339217309865245
9450 0.07534730808095977
9451 0.07463784054117607
9452 0.08951298203022344
9453 0.08289849136103601
9454 0.07923360125192995
9455 0.0762343583735667
9456 0.08525446241788258
9457 0.06498417861909177
9458 0.07574611820910615
9459 0.08602065587496124
9460 0.06666707028120979
9461 0.06900798990113953
9462 0.07471854936122498
9463 0.08167597849732214
9464 0.09110143729892249
9465 0.07331497730992668
9466 0.06460959622445568
9467 0.07800811451857419
9468 0.08067899026654023
9469 0.0753046113718118
9470 0.06308450378502567
9471 0.06350419000242957
9472 0.0596075828945497
9473 0.06758216346252355
9474 0.08395579169338509
9475 0.07153725045631232
9476 0.08074466016955492
9477 0.08416629216484585
9478 0.07972171704651365
9479 0.0853765176233795
9480 0.07888238932198884
9481 0.08383033163813881
9482 0.08239604253226772
9483 0.0804952518387266
9484 0.07047023170233205
9485 0.0740474957203584
9486 0.06900750769254124
9487 0.07393291679285338
9488 0.07269357949646557
9489 0.07243553594470378
9490 0.06506131781662433
9491 0.0583230251328162
9492 0.07369135971048743
9493 0.06808071566392383
9494 0.05508173743696224
9495 0.06032437505048322
9496 0.06851473789144383
9497 0.07137513918707185
9498 0.07779956494211897
9499 0.0703195123379296
9500 0.0560096321703061
9501 0.06076734257194808
9502 0.054467019763713445
9503 0.06549879684703414
9504 0.05437017737112966
9505 0.05757418951403733
9506 0.05645177494362521
9507 0.07376044610012786
9508 0.07281898205700257
9509 0.06240879249803889
9510 0.07395587125810572
9511 0.07799317881920904
9512 0.10456693149707094
9513 0.09909505535088277
9514 0.07241706890405357
9515 0.07062309296905807
9516 0.07735677951751971
9517 0.08309372107545786
9518 0.062237173828094884
9519 0.06572894804646155
9520 0.07201378750830538
9521 0.08923100869415093
9522 0.07301231121766195
9523 0.08077680365335357
9524 0.07194163168533138
9525 0.07849145104010775
9526 0.07806177636147613
9527 0.08331643846960789
9528 0.08849295956911407
9529 0.09508950805046423
9530 0.10501843317231797
9531 0.09577174286472454
9532 0.0766603625199446
9533 0.08214707084771808
9534 0.07964694955023803
9535 0.06889149910915238
9536 0.09628940488951974
9537 0.0773344234885702
9538 0.08488318904532863
9539 0.08479215610217132
9540 0.07527415609370845
9541 0.06231925642534374
9542 0.07397244488438386
9543 0.07651138492436546
9544 0.06810151088643586
9545 0.07417231244189247
9546 0.0804423031627027
9547 0.08399023396496995
9548 0.09564662352601778
9549 0.08433356345912339
9550 0.07697900893632811
9551 0.08040540177858925
9552 0.0947351729140408
9553 0.06599519496709626
9554 0.0926098121191433
9555 0.07232179026117087
9556 0.06863719307476043
9557 0.060012281113331886
9558 0.08625696127708843
9559 0.08615145082731723
9560 0.08220567985644556
9561 0.07510548985814236
9562 0.07416331863630894
9563 0.07628288967888308
9564 0.06665086991568606
9565 0.06697146381209185
9566 0.07768997669401297
9567 0.07164731485364306
9568 0.07290441230945492
9569 0.06403916975046901
9570 0.0633903415476881
9571 0.06900073877220252
9572 0.06771197665859562
9573 0.06899816616008894
9574 0.08905142061768015
9575 0.09518213546581099
9576 0.08586997754617555
9577 0.07730357079579392
9578 0.09046014402391105
9579 0.08663104092163096
9580 0.0956863950158751
9581 0.07275851517930765
9582 0.08048093848974702
9583 0.06514815177650077
9584 0.058971272651036154
9585 0.06439097498356167
9586 0.06759524813164876
9587 0.07213469991374165
9588 0.06361910030577819
9589 0.05055488705483885
9590 0.05407273359866843
9591 0.0673951187979754
9592 0.06872063757368967
9593 0.06611224999754708
9594 0.08171188146183299
9595 0.06577549962084375
9596 0.08622272238549981
9597 0.07004599724588167
9598 0.061856124919657154
9599 0.05359914642824749
9600 0.053422965531414755
9601 0.06559302666089926
9602 0.04709333440273568
9603 0.05191046834046093
9604 0.057067211385646216
9605 0.07358527133826175
9606 0.07285122260660504
9607 0.06426192650456342
9608 0.07929496350634493
9609 0.08341537714729959
9610 0.08394477547011728
9611 0.07259174570681323
9612 0.0923428829719413
9613 0.07641039862233273
9614 0.06805253277395594
9615 0.0673312274695617
9616 0.084002927799027
9617 0.08574738510442827
9618 0.0822775446424665
9619 0.07569424527464985
9620 0.07135674183601544
9621 0.07873057923089961
9622 0.07021273785346295
9623 0.07494720139172788
9624 0.08234991282771012
9625 0.11072294869542273
9626 0.08632979784618175
9627 0.11187374974416517
9628 0.08561962646899672
9629 0.08743687231226302
9630 0.08122555538766814
9631 0.08404427409103277
9632 0.08817859325482769
9633 0.07287904206748441
9634 0.07532916362928295
9635 0.08042372344251797
9636 0.07167808338081073
9637 0.08574655281044727
9638 0.09144524128063715
9639 0.07294349573675203
9640 0.06855490278862392
9641 0.07948927175672672
9642 0.07811214343817215
9643 0.06327124609809075
9644 0.0673711313941092
9645 0.09604405620865117
9646 0.08661380087936077
9647 0.08933660670072925
9648 0.06952099303865844
9649 0.0725573925813393
9650 0.07919343608354082
9651 0.07262336430423677
9652 0.08218006126835281
9653 0.07420558442447507
9654 0.06306184908936077
9655 0.08230390401116859
9656 0.0798656946314213
9657 0.07146380594787244
9658 0.07103672798614623
9659 0.06967518946966665
9660 0.07571516510184431
9661 0.0664221033565714
9662 0.0738978128963378
9663 0.08077079375352773
9664 0.08315950514612756
9665 0.07943154753211819
9666 0.09044157574971128
9667 0.07101679165097916
9668 0.07645125003138628
9669 0.08128149423365656
9670 0.0706776555847807
9671 0.0720166236293301
9672 0.07204846390605152
9673 0.08217239923848477
9674 0.09281851189443005
9675 0.0763574948883626
9676 0.0901379638339353
9677 0.08393615143088488
9678 0.07758167379020468
9679 0.07508875758852161
9680 0.07653641564645404
9681 0.09334700753457692
9682 0.06590053639064379
9683 0.05910997221974938
9684 0.07204416771744052
9685 0.06527286298536629
9686 0.06219953862610361
9687 0.06173843050599526
9688 0.07074690676382432
9689 0.06618256211171542
9690 0.06425484719406589
9691 0.06194538716284778
9692 0.0622567622782237
9693 0.06779841831546529
9694 0.06702346181596647
9695 0.06099691772865185
9696 0.059235575976661396
9697 0.07756144347476945
9698 0.06171314149729732
9699 0.05736717555977069
9700 0.0521687813992653
9701 0.043909205304130415
9702 0.06271968962511769
9703 0.06762727493111757
9704 0.07599665775099433
9705 0.06598769895438836
9706 0.0984687908665079
9707 0.06808556325300825
9708 0.08941616004620775
9709 0.07080296819224603
9710 0.08191049687886219
9711 0.06358666771276499
9712 0.06393989521954034
9713 0.07254859201792499
9714 0.0636157967686885
9715 0.08745496753738809
9716 0.06338158229843321
9717 0.06664675325035944
9718 0.0858495265614243
9719 0.07295703175099072
9720 0.06573212627076282
9721 0.08061550195573147
9722 0.08186432486598193
9723 0.08064564541062907
9724 0.08796507128017646
9725 0.08233457574390478
9726 0.08779737043188598
9727 0.07116631849008534
9728 0.07917922510665007
9729 0.07018454016314059
9730 0.07465776368851851
9731 0.0749515166603864
9732 0.06576541626220361
9733 0.06500554114193866
9734 0.07479454925502431
9735 0.08066593934468923
9736 0.08785328992732724
9737 0.08498636922669997
9738 0.0890004275269998
9739 0.0726142960751012
9740 0.07958075529194496
9741 0.06757202379745954
9742 0.08221935352473433
9743 0.07295215079968989
9744 0.09419000579186185
9745 0.06706832126115694
9746 0.10174021725080112
9747 0.07811321496769742
9748 0.07882861959966755
9749 0.09972271686162873
9750 0.07233382465637347
9751 0.07136440742811688
9752 0.07676412997507301
9753 0.07534722791538438
9754 0.07004624451939323
9755 0.07317023087250009
9756 0.05711093735936662
9757 0.06436930207695075
9758 0.07042712228791422
9759 0.08387993554285449
9760 0.07036783836314892
9761 0.06601799652553907
9762 0.06448205355245826
9763 0.07254983932071425
9764 0.07633018535616909
9765 0.06483713125535569
9766 0.0603995245262872
9767 0.06969705843449735
9768 0.08460974831899629
9769 0.06382713237235564
9770 0.0834472103829282
9771 0.06998663717043158
9772 0.09597628807839138
9773 0.07950825541751354
9774 0.06387056956182338
9775 0.07294183812620678
9776 0.06982321245595177
9777 0.08015433291525781
9778 0.0736591516155282
9779 0.08801814386657804
9780 0.09625626829628915
9781 0.07292290634952109
9782 0.07148750344762599
9783 0.057053332750610655
9784 0.06495062597593848
9785 0.061387224432391405
9786 0.06381594783278383
9787 0.06636803893681813
9788 0.07219617110465955
9789 0.06620816792334619
9790 0.07101746886058208
9791 0.06064069447339158
9792 0.06821797658860547
9793 0.06858677468515534
9794 0.06011730931189907
9795 0.05645884954811743
9796 0.05771201802495571
9797 0.04932676049644962
9798 0.04858672844463523
9799 0.05199928509162422
9800 0.05123753508869701
9801 0.06706418715462417
9802 0.07266978005356145
9803 0.06705814164215315
9804 0.07660998843434105
9805 0.08256926145265076
9806 0.06957124562351341
9807 0.0725896825864627
9808 0.07125505529738874
9809 0.05826113836726043
9810 0.07285429244111985
9811 0.06062488176930923
9812 0.07085845698743831
9813 0.06545228916426554
9814 0.07678380251258411
9815 0.08123371554619709
9816 0.08123695082020627
9817 0.07187829539305998
9818 0.06370926140525496
9819 0.08577813041800632
9820 0.07015389142286985
9821 0.09245463713964854
9822 0.0749795194906486
9823 0.08520096717854146
9824 0.09206956544730124
9825 0.08969990429127683
9826 0.06862599012429035
9827 0.08035300934610111
9828 0.07976527564534322
9829 0.07691608496366639
9830 0.08098462088969138
9831 0.07048908925950496
9832 0.06752183163185319
9833 0.08370923568286676
9834 0.06033373043572274
9835 0.0779122831970963
9836 0.08882103923746658
9837 0.0733273726274121
9838 0.0821803452285359
9839 0.07631135890066484
9840 0.071456532633336
9841 0.07539505009627448
9842 0.09058197148228961
9843 0.0850999790862136
9844 0.09455646882749864
9845 0.08941001940962992
9846 0.08796649985264712
9847 0.09303275896602137
9848 0.07564100874986851
9849 0.06386674267319511
9850 0.06892742808569134
9851 0.06556981645655942
9852 0.05302117165961432
9853 0.06252494794341716
9854 0.0579348825061296
9855 0.06727692375494006
9856 0.06947132400315124
9857 0.07795516406238102
9858 0.06678156421082286
9859 0.06321226606214991
9860 0.08164531879142466
9861 0.06873188503314336
9862 0.07321577993223218
9863 0.07516781014002259
9864 0.08800671128418633
9865 0.09177770474237558
9866 0.08166497408047833
9867 0.06448719236874217
9868 0.07148332837551749
9869 0.06346624809063886
9870 0.0658233848554953
9871 0.06346213526827016
9872 0.07808345152037405
9873 0.07812119503552994
9874 0.07268325415488085
9875 0.0898143341387793
9876 0.0849834252556928
9877 0.0709459873010386
9878 0.08199384922772598
9879 0.06739566815182814
9880 0.06014292911192251
9881 0.06043819082247924
9882 0.05877346752600244
9883 0.055800770564326294
9884 0.057906945522969856
9885 0.05529181873954281
9886 0.058952487489783906
9887 0.07019207589058274
9888 0.07480437808017988
9889 0.05703288079732954
9890 0.06733664972680274
9891 0.0556865262083865
9892 0.05231563676427657
9893 0.048034270967550405
9894 0.057514143424725155
9895 0.05667359511673374
9896 0.039841234903446446
9897 0.041286790432954204
9898 0.046639212755679664
9899 0.07093988934432315
9900 0.07191090688518705
9901 0.06601556141567623
9902 0.06995227164438281
9903 0.06394346621841354
9904 0.07421360803157684
9905 0.07034639469255886
9906 0.07741752618136388
9907 0.07044614146979504
9908 0.06726937973365507
9909 0.06873092024557594
9910 0.05460564667241983
9911 0.07080569907324703
9912 0.061943254495688216
9913 0.07398244005996209
9914 0.06200636807223076
9915 0.0614538484301408
9916 0.0808058437197532
9917 0.0764526677104208
9918 0.0818944820940475
9919 0.08182005298613092
9920 0.0676890997159278
9921 0.07638558775493566
9922 0.07632168670854193
9923 0.08401453399490148
9924 0.07595592110651016
9925 0.07953697401872246
9926 0.08497378442751254
9927 0.07976608141510036
9928 0.08867105670754184
9929 0.07414904469959827
9930 0.07935442822546775
9931 0.06977905932352657
9932 0.07689607455923143
9933 0.07312125081574668
9934 0.07720030772304218
9935 0.08081324041868766
9936 0.06224896633076725
9937 0.08606938289725219
9938 0.0985261872132232
9939 0.06884144539127941
9940 0.07179629911136066
9941 0.07175316216281095
9942 0.08342263957079682
9943 0.08383354235815103
9944 0.07328800139521592
9945 0.07857960820507513
9946 0.0770773722706682
9947 0.061641967415724024
9948 0.05689719225726967
9949 0.05552510307075261
9950 0.06153560002540919
9951 0.05883786459890588
9952 0.05130686496398563
9953 0.06782744541134761
9954 0.0637547522887243
9955 0.060619785060731894
9956 0.05913582516401959
9957 0.07798388827598944
9958 0.07046665800416607
9959 0.07725427883213748
9960 0.06608928057292189
9961 0.071287316756986
9962 0.08135074288089651
9963 0.06838140467587929
9964 0.06266477276415004
9965 0.059166130287680266
9966 0.05765169056098204
9967 0.06436451820869458
9968 0.0673465067796546
9969 0.05991228569657227
9970 0.0591834574962371
9971 0.07730054830840691
9972 0.08208442854598172
9973 0.07821446057503392
9974 0.06906086312597667
9975 0.06724304243285546
9976 0.06426696423218088
9977 0.06269519045061907
9978 0.05680240005489774
9979 0.05820874841369192
9980 0.0509731811934447
9981 0.04856767825532957
9982 0.04770642231441588
9983 0.052295772328541386
9984 0.06378477989063586
9985 0.05932918021400371
9986 0.0703367706175732
9987 0.05459946122694025
9988 0.053978414635127876
9989 0.04559881898237008
9990 0.048632427361544765
9991 0.042007380711582436
9992 0.043470576489038563
9993 0.049866733348350144
9994 0.04314351882139394
9995 0.044750246770332555
9996 0.041142320297835336
9997 0.07281653219986677
9998 0.07679230154991454
9999 0.08277797565655592
10000 0.06159784955070126
10001 0.08504472230817957
10002 0.07424574466134279
10003 0.0675652960471961
10004 0.07350976553203865
10005 0.06415772601555329
10006 0.05988957080005443
10007 0.06173334654137092
10008 0.0570399244412477
10009 0.06221371434230866
10010 0.06999447488160919
10011 0.059916822495726545
10012 0.06679311800599609
10013 0.06958740228481214
10014 0.07466187240493488
10015 0.07180773064001093
10016 0.07261365699620594
10017 0.06498113101718514
10018 0.07231985292753465
10019 0.07118299238756941
10020 0.08870989842905047
10021 0.06850415740514178
10022 0.07355538804621871
10023 0.07892587044952337
10024 0.0730084408348854
10025 0.0946647064203111
10026 0.0813674015977092
10027 0.08822794360000671
10028 0.07444762996963224
10029 0.09332585996059437
10030 0.08359257149783024
10031 0.08588583867381612
10032 0.0681309448422545
10033 0.07204108608246682
10034 0.07553673524129083
10035 0.09002809390641368
10036 0.076987349120719
10037 0.0741038296767884
10038 0.07041304430174292
10039 0.07277262008203887
10040 0.07939904387598432
10041 0.07319523539165991
10042 0.06971634840201028
10043 0.07389956278886389
10044 0.0781501939535074
10045 0.06332582266998693
10046 0.08005396679942132
10047 0.0663262359286417
10048 0.04750219628731798
10049 0.059633748257960674
10050 0.05877178973532808
10051 0.07093968985764934
10052 0.08787587777130305
10053 0.07821535827353787
10054 0.07121153249856213
10055 0.06352812693382566
10056 0.06536979162410335
10057 0.06708444186866981
10058 0.06603210282540295
10059 0.04988541792496457
10060 0.07346448421253027
10061 0.07360787122260826
10062 0.07661606165681525
10063 0.06348218926465737
10064 0.06078902903909237
10065 0.062095287866959926
10066 0.05616127265578922
10067 0.07804781559676315
10068 0.054092912912101214
10069 0.08332481964263841
10070 0.06995126694216622
10071 0.06897232112604687
10072 0.061135912446556404
10073 0.06483082053370283
10074 0.06418866408947692
10075 0.057670481079492276
10076 0.05323169465890148
10077 0.049166627500004195
10078 0.05845883149709631
10079 0.052549866418061544
10080 0.055692117151904655
10081 0.06211146725832745
10082 0.05223291404668124
10083 0.06925510009065158
10084 0.06369959820223764
10085 0.058065080477537036
10086 0.058379701847812694
10087 0.0529412076628696
10088 0.04332611805943052
10089 0.04519590693280177
10090 0.04885870511220561
10091 0.04545853304148532
10092 0.05195250923883863
10093 0.048546002876196176
10094 0.04055693461535742
10095 0.0599340992050974
10096 0.07567551189579576
10097 0.06081259020031022
10098 0.053293080165282156
10099 0.06640019087387068
10100 0.06996354370298583
10101 0.07318726131968711
10102 0.05482509553518978
10103 0.06157237663186041
10104 0.059371627234828944
10105 0.04682315683580579
10106 0.06227298047788342
10107 0.05920968186428764
10108 0.058589299759835345
10109 0.0685672195621358
10110 0.05983445122535792
10111 0.06969948327381437
10112 0.06456812024862194
10113 0.0751935604943806
10114 0.08878125015664431
10115 0.07109870779139815
10116 0.07386492124012549
10117 0.08116467224022302
10118 0.06301196511702135
10119 0.07011965301218065
10120 0.09658211773950666
10121 0.07079952750367353
10122 0.06179000130757926
10123 0.07229180544555562
10124 0.0771445098824348
10125 0.07154738263028998
10126 0.07693941257791173
10127 0.0630687165013775
10128 0.06770867618622949
10129 0.08389609912434877
10130 0.06809341981144824
10131 0.07677168197707981
10132 0.07068698989999415
10133 0.06762365738441353
10134 0.07445551573388155
10135 0.07142799274742773
10136 0.07869155403532645
10137 0.06588854503097694
10138 0.06185430982755523
10139 0.06747895286591676
10140 0.0778907409371605
10141 0.06771070654621923
10142 0.08202183851973695
10143 0.06239323998409749
10144 0.06382022055995144
10145 0.05165145255092775
10146 0.056149689172213774
10147 0.05197489090050999
10148 0.059481402536543604
10149 0.06432488054564117
10150 0.07196321209868105
10151 0.06865976962756576
10152 0.06400521764733279
10153 0.06021260512561403
10154 0.059462077871482
10155 0.06244556929017356
10156 0.06295657882606422
10157 0.07072841639875782
10158 0.06991018882792355
10159 0.06565418468646114
10160 0.06569647733808025
10161 0.08253825690851499
10162 0.06502029159926742
10163 0.05553054843224282
10164 0.058394413687641214
10165 0.06687555062990824
10166 0.06401643209566525
10167 0.0663776086113048
10168 0.06562138565549608
10169 0.06141659075144176
10170 0.06352813933176074
10171 0.06316902730126582
10172 0.055395957998043435
10173 0.060419769232507
10174 0.06499576780150432
10175 0.059147984750054665
10176 0.0515281067137668
10177 0.050232750322838096
10178 0.05438308983499703
10179 0.056399420472863664
10180 0.06129865705711523
10181 0.051283644287568125
10182 0.0546823961082606
10183 0.05419333682792377
10184 0.0498057682597361
10185 0.05093691075709064
10186 0.0502330021732577
10187 0.04507056241337278
10188 0.045445512698672454
10189 0.040123618813361114
10190 0.048289267242655066
10191 0.048567837967110734
10192 0.044875116847668414
10193 0.05676784501563277
10194 0.06214065140202435
10195 0.058033280322353636
10196 0.0728547237883928
10197 0.06337233251953393
10198 0.06841386976474817
10199 0.0627494479322437
10200 0.061691814197758287
10201 0.05790239303283621
10202 0.06475219171362982
10203 0.06553911715267033
10204 0.057032982846502475
10205 0.05689519109085378
10206 0.06505372813744092
10207 0.049759803914385295
10208 0.05357375733688026
10209 0.0638776320088702
10210 0.06471111884072354
10211 0.0755995078032811
10212 0.0728552759374107
10213 0.07815164065973376
10214 0.08569286600344062
10215 0.06671257309649632
10216 0.07626850172990508
10217 0.07176754068008703
10218 0.08050805055528112
10219 0.0608100507809675
10220 0.06508851425815952
10221 0.06932571867360073
10222 0.061119707820531416
10223 0.05980825509181908
10224 0.06975568803087996
10225 0.07196997341105173
10226 0.08473269949627536
10227 0.06072849829311093
10228 0.07237787880083357
10229 0.07540383537533438
10230 0.06644564951869453
10231 0.06876333830861393
10232 0.08164640606456867
10233 0.06824741771467842
10234 0.06140791739320641
10235 0.06937971980913898
10236 0.06744343570271898
10237 0.07486675816881444
10238 0.0588280490908741
10239 0.0634742323761066
10240 0.07062049999922841
10241 0.06123075328789597
10242 0.07602517577580692
10243 0.058289634399261346
10244 0.06134489477215824
10245 0.05089229405685306
10246 0.06515390868279838
10247 0.06595566920671582
10248 0.06118493586745578
10249 0.07046519442886479
10250 0.06738745997476901
10251 0.0701183104467657
10252 0.05847607356883211
10253 0.06541412486836322
10254 0.04879069044347459
10255 0.07577330654314109
10256 0.06907825165535493
10257 0.07897510333566223
10258 0.06927486496007174
10259 0.04984044743980833
10260 0.06104912112315922
10261 0.06121677828138599
10262 0.06753311431564557
10263 0.05604300608591635
10264 0.06662772923289971
10265 0.05554668155382069
10266 0.05946390783599102
10267 0.06085683331041062
10268 0.06789231359057532
10269 0.07334944601716094
10270 0.0746365872178717
10271 0.06760629362849895
10272 0.06159255468862935
10273 0.05788189067706975
10274 0.06129124129307707
10275 0.06319308919954786
10276 0.0574894321718869
10277 0.05791642979522853
10278 0.052284814170882904
10279 0.05107024994574987
10280 0.04852642206556996
10281 0.05331782307798467
10282 0.05587796868461212
10283 0.04678399653938486
10284 0.04786016753795706
10285 0.047607981117564854
10286 0.03886615666966182
10287 0.043166633434643484
10288 0.04720870573148181
10289 0.03830756101012308
10290 0.046608361104236926
10291 0.055314248074534035
10292 0.06028948206285517
10293 0.059138813950193256
10294 0.06149788650699277
10295 0.07324344124894706
10296 0.07367416282219254
10297 0.06379362583566293
10298 0.06697519884214834
10299 0.05851491505206413
10300 0.059714756494499026
10301 0.05337440107954705
10302 0.06000101020653006
10303 0.06085379242858788
10304 0.0614759733524064
10305 0.05282354685180194
10306 0.05399247756049212
10307 0.06546604591989338
10308 0.0679915222450084
10309 0.05802920442173873
10310 0.06628270411610188
10311 0.06918779707073851
10312 0.11030988235085212
10313 0.08513663693010683
10314 0.07953680473197731
10315 0.06956237228304436
10316 0.07083039487508329
10317 0.06390568316211247
10318 0.0633858896513018
10319 0.053715699105048795
10320 0.07691687608762528
10321 0.06999145389907614
10322 0.05862120636086379
10323 0.07477133158025003
10324 0.06875149072283707
10325 0.08415635506833641
10326 0.07210040713855494
10327 0.0673428834106125
10328 0.06430253573160516
10329 0.07320856431845417
10330 0.08754419505029284
10331 0.07464239248193885
10332 0.06873365860763204
10333 0.06461086250537351
10334 0.06486409150307175
10335 0.06439216895783315
10336 0.06047713675432485
10337 0.06606947450282635
10338 0.0764061737133251
10339 0.06123614610247508
10340 0.061642653227647025
10341 0.05804292174025498
10342 0.049970632850796094
10343 0.05820855644641325
10344 0.060842589129461486
10345 0.07859341677642243
10346 0.069771749109772
10347 0.061079875331329345
10348 0.05407040628902381
10349 0.06437884383971147
10350 0.06086879736428199
10351 0.07394621998846988
10352 0.07161767391117879
10353 0.07215346558797255
10354 0.07694685336242511
10355 0.06415904152379506
10356 0.052240554151736104
10357 0.05413639495366212
10358 0.058904662380456274
10359 0.0680325332058237
10360 0.059621207954750066
10361 0.05494906195608248
10362 0.055766220906652696
10363 0.06752488663330507
10364 0.06751206266531573
10365 0.07006848561053865
10366 0.07717368050017684
10367 0.04759288003880414
10368 0.04711726371405991
10369 0.06311097113207853
10370 0.055878940966916354
10371 0.06585970537126663
10372 0.05673601457410517
10373 0.0553553224988919
10374 0.06151762949629715
10375 0.052786517464497695
10376 0.052893893089031654
10377 0.04971611326247147
10378 0.04736622941564501
10379 0.03561325588130142
10380 0.049653009392515546
10381 0.049137241644349475
10382 0.048286231167998295
10383 0.04367292145459686
10384 0.04619895418197809
10385 0.05028679973037437
10386 0.04700105935029783
10387 0.04226965950313214
10388 0.04679012583517822
10389 0.07147549957110585
10390 0.05412930411688818
10391 0.06374426045912916
10392 0.06991260257700374
10393 0.06705687169577441
10394 0.0621337163626216
10395 0.06009058012867502
10396 0.052119445149747666
10397 0.05749633434400103
10398 0.05842165482015544
10399 0.06244638998357372
10400 0.06491088989604632
10401 0.06294445074900482
10402 0.06132675162229281
10403 0.06297339348304039
10404 0.06507955065268207
10405 0.067306196456709
10406 0.05038070753060851
10407 0.05446709057760977
10408 0.057535020200253965
10409 0.06534498773531412
10410 0.07832784511850353
10411 0.07405440581722231
10412 0.0557060344792311
10413 0.052681856651562664
10414 0.06315451119307433
10415 0.05659780401106102
10416 0.06007559096197103
10417 0.05952044378966758
10418 0.0740383130117908
10419 0.06630112266604288
10420 0.06758482516727353
10421 0.05609453321710546
10422 0.0814095197719379
10423 0.058006291019454766
10424 0.058618218796049865
10425 0.06756132930303269
10426 0.0752248309234412
10427 0.05926318605214101
10428 0.0679923768480823
10429 0.07020130514208615
10430 0.07853749209989636
10431 0.07801081634888925
10432 0.0773951817450934
10433 0.07448580603767412
10434 0.07539560999399819
10435 0.07850789986471758
10436 0.055928251312714464
10437 0.05911349389132961
10438 0.0626059829471586
10439 0.05412715142376943
10440 0.055303672707699064
10441 0.053539339107664265
10442 0.06525418170539772
10443 0.05957782099197719
10444 0.06428510328376723
10445 0.06441551419382473
10446 0.06446753402873365
10447 0.05657144277604341
10448 0.06762398740841288
10449 0.06512727886504241
10450 0.06431316003151011
10451 0.07250204997849745
10452 0.07746634038788222
10453 0.08175233285975449
10454 0.05701442773174705
10455 0.06274200646187486
10456 0.06930896537743284
10457 0.05765122489951929
10458 0.04596904164322701
10459 0.056524713166582904
10460 0.06008136193566578
10461 0.050707382250670036
10462 0.058321246602819656
10463 0.06199182722717987
10464 0.054191291955767946
10465 0.06856612601042011
10466 0.05449298475960017
10467 0.05319590809211086
10468 0.057164937391533666
10469 0.06577636582264601
10470 0.06162146556845023
10471 0.052513529285404224
10472 0.05633763277689557
10473 0.05471505730283111
10474 0.05217088141783166
10475 0.04393612045257887
10476 0.0456566302258451
10477 0.04723243874351034
10478 0.049996051949816836
10479 0.055330870048960944
10480 0.05082848229738307
10481 0.048119078931770386
10482 0.04569081074652912
10483 0.05481063451649801
10484 0.04328349447755771
10485 0.044987991564709895
10486 0.05187878791512749
10487 0.055365397393638396
10488 0.05869278879361288
10489 0.056953959517584946
10490 0.05951311565049541
10491 0.061021475721594214
10492 0.07163725573990427
10493 0.07331709719135229
10494 0.06252653177317075
10495 0.06783081514714133
10496 0.06587356373843808
10497 0.06976701526395855
10498 0.06175198396528774
10499 0.07160150237045207
10500 0.06078223488676402
10501 0.06490178287671383
10502 0.05555771683775481
10503 0.05458464287231778
10504 0.06420686308247814
10505 0.05962649855942254
10506 0.06215754421944185
10507 0.055818194534358066
10508 0.05608500505652066
10509 0.061359924860455266
10510 0.05318904390358578
10511 0.05460539924069043
10512 0.06033133924257821
10513 0.056865266006515855
10514 0.049543431434825265
10515 0.049073435180995474
10516 0.06914625147710621
10517 0.06749436796386601
10518 0.08244283968816489
10519 0.06409915748156832
10520 0.06588308318511914
10521 0.07818215247096706
10522 0.07839084752979555
10523 0.07751548447304824
10524 0.05674100613942764
10525 0.05457950506849935
10526 0.07064484788370393
10527 0.06572499414767341
10528 0.07800463668018252
10529 0.07781644120545499
10530 0.059167172251564
10531 0.0629632761945542
10532 0.060023169205399386
10533 0.06363384909129532
10534 0.053393153243592846
10535 0.06373890579597528
10536 0.07551540638662328
10537 0.058749965882661376
10538 0.05564821996315028
10539 0.06294980708151618
10540 0.06112913097164902
10541 0.05476268412351062
10542 0.067853179865211
10543 0.07214994642447094
10544 0.05764366047370506
10545 0.05886117398588863
10546 0.06080319987895944
10547 0.07297353238670655
10548 0.06315757049954132
10549 0.06798835595025322
10550 0.07269423637663494
10551 0.07709777252997335
10552 0.07179022777160815
10553 0.0588588089088951
10554 0.0744420876795927
10555 0.058162668765742054
10556 0.051215317711843976
10557 0.059737293617209065
10558 0.05241708845718495
10559 0.049568661803495465
10560 0.06415985275562112
10561 0.05124484461769517
10562 0.052832212071544635
10563 0.04508950845646466
10564 0.04758276302443402
10565 0.05065322027453144
10566 0.03972454783349901
10567 0.05617256524094243
10568 0.04504484337648012
10569 0.04616464748740643
10570 0.04672937453802904
10571 0.03863931023062919
10572 0.04888451043311317
10573 0.041000597197957594
10574 0.03625524284297381
10575 0.04516018060743236
10576 0.04331413687944307
10577 0.049697901661389016
10578 0.05350120088982016
10579 0.049624690738505055
10580 0.051916648340250435
10581 0.04490484336749127
10582 0.040477742205833764
10583 0.03928363192521516
10584 0.044283454568348306
10585 0.051765826376196686
10586 0.05562715448035564
10587 0.05194726814187267
10588 0.057790531238216425
10589 0.06351530516219113
10590 0.06562952159496387
10591 0.06457438995439868
10592 0.06331598217122097
10593 0.06635324073913756
10594 0.06252694641539322
10595 0.07198510392260969
10596 0.06629642255727272
10597 0.05675725767354212
10598 0.0555282858583605
10599 0.05458587255150382
10600 0.05237383051675515
10601 0.05279139370927963
10602 0.05520432342122317
10603 0.055407212806200014
10604 0.057540189470990606
10605 0.06483402798953104
10606 0.06228978600267491
10607 0.05886015759426884
10608 0.05924838489004527
10609 0.05474154332580555
10610 0.0491588776572973
10611 0.06443996908355495
10612 0.05161161703817509
10613 0.0514358644140141
10614 0.0677010912849077
10615 0.06545145499381323
10616 0.06875847268073416
10617 0.061111935226823795
10618 0.07713179098195112
10619 0.07876814960301869
10620 0.06778537435246612
10621 0.07037877963919856
10622 0.06047733234545456
10623 0.06622151992214657
10624 0.07204795107589246
10625 0.06897905604951118
10626 0.06864729277864796
10627 0.06984765474383463
10628 0.066228436271872
10629 0.05440728840316983
10630 0.061114452416246336
10631 0.05567493388188282
10632 0.04893699753386873
10633 0.060866642761698495
10634 0.059655597645358924
10635 0.056387031325464076
10636 0.05196750967794909
10637 0.05254843663399934
10638 0.059510744433696236
10639 0.05601447835253838
10640 0.05815802188963901
10641 0.059362990034375195
10642 0.07062501844821034
10643 0.06290495136973953
10644 0.06197438618506111
10645 0.06909742856430073
10646 0.08437513073783792
10647 0.06546207656588528
10648 0.0682388510601172
10649 0.0737699159874153
10650 0.07331221758779669
10651 0.053808427225986805
10652 0.06277281960037548
10653 0.06207851197625334
10654 0.06647944379706909
10655 0.05328241786451089
10656 0.053627455141113
10657 0.05179510523162767
10658 0.043948558288185315
10659 0.053139557032815685
10660 0.04237762928926485
10661 0.04208717406974433
10662 0.04379549765685422
10663 0.0406489579555171
10664 0.0588320892511972
10665 0.05378957206234034
10666 0.04910577713878004
10667 0.043305192800359965
10668 0.04580762931948016
10669 0.04139029754205997
10670 0.05108628876730978
10671 0.0470503429756588
10672 0.03947246321951098
10673 0.036289824759569066
10674 0.03971474517663876
10675 0.051408293278878414
10676 0.05270829034288733
10677 0.04978567699192894
10678 0.05219757710542404
10679 0.03717426024500157
10680 0.04070009916819229
10681 0.04186571155862947
10682 0.03447093897164008
10683 0.045487850043310345
10684 0.056046993162910334
10685 0.07023530642455471
10686 0.06118525836794078
10687 0.04935505579523146
10688 0.059954182061843476
10689 0.06332567452026516
10690 0.06090651979671721
10691 0.060808700957499136
10692 0.04767494497404922
10693 0.055522370170099915
10694 0.06345307288877311
10695 0.047872861812931614
10696 0.05039753959511027
10697 0.050866312427188774
10698 0.05065793400631935
10699 0.04814170604260352
10700 0.052012169666039186
10701 0.0565165667407259
10702 0.05648800411216142
10703 0.054897934352900066
10704 0.053239438269737364
10705 0.057144622396560915
10706 0.04849306486250754
10707 0.050389529732418045
10708 0.04079031204205322
10709 0.04461237617748812
10710 0.05163418075941067
10711 0.05635579005894719
10712 0.052279553236340065
10713 0.06948535657627913
10714 0.06228633022876648
10715 0.06694981860247495
10716 0.07335104471374106
10717 0.07790343418710802
10718 0.06258601461569785
10719 0.06548621724995343
10720 0.06042464170536462
10721 0.05824473285188715
10722 0.055688410157565794
10723 0.05285033951782787
10724 0.06271008342108829
10725 0.04756572377424166
10726 0.04978746376167303
10727 0.05026732953389197
10728 0.05395801265413176
10729 0.05804262053665436
10730 0.056035725635547026
10731 0.05699135362330208
10732 0.0524704732574804
10733 0.05522275816766047
10734 0.053309566637369396
10735 0.04981205089236023
10736 0.05514850592505605
10737 0.046713534351432856
10738 0.05716236463414321
10739 0.06159782628846919
10740 0.06406999594723861
10741 0.06066297445422569
10742 0.07245307732311049
10743 0.07314145990998028
10744 0.07265751613826528
10745 0.077881593667868
10746 0.06982691717720632
10747 0.07481153010951183
10748 0.07447442557766445
10749 0.0676870118181998
10750 0.05915216969449323
10751 0.06843858150031523
10752 0.0612804070499665
10753 0.0470182278939311
10754 0.053584192590317846
10755 0.0477228465930089
10756 0.04706998570340933
10757 0.05457215074692684
10758 0.04606427908856185
10759 0.049797673265316686
10760 0.04458169384722505
10761 0.05120199695497267
10762 0.04729756230626407
10763 0.038856563725352566
10764 0.04864283310148759
10765 0.04298849598889198
10766 0.0382822899986925
10767 0.040959701719882356
10768 0.0449804229451287
10769 0.041213333301947534
10770 0.04439472126768129
10771 0.04616645262930553
10772 0.042166605856480834
10773 0.0327031287588219
10774 0.04894896655939405
10775 0.05549050041552142
10776 0.05369077578962814
10777 0.037799875673128244
10778 0.03920918065714338
10779 0.04814259858326425
10780 0.04691566780488488
10781 0.05255705764191972
10782 0.041631286871021675
10783 0.06538729828422184
10784 0.049711372646587704
10785 0.04722885648221382
10786 0.05392595797792582
10787 0.0520610352382241
10788 0.06925915246075319
10789 0.07082433991370274
10790 0.06247339390361877
10791 0.05929113997715606
10792 0.06669007911290806
10793 0.07480590321938839
10794 0.05532493933487185
10795 0.057700412482895064
10796 0.05064150080015776
10797 0.058253864523557526
10798 0.056641239926496445
10799 0.057189137353373616
10800 0.060513914823701234
10801 0.05216910362697447
10802 0.04863565849493237
10803 0.04794506083620043
10804 0.0634155807289431
10805 0.05784969830154593
10806 0.0504801098580332
10807 0.05208109529903853
10808 0.06096105799741075
10809 0.061155532334709814
10810 0.06834140165821173
10811 0.06998604533284357
10812 0.07449971302656921
10813 0.06797784833601317
10814 0.06003959044757289
10815 0.06114176438853488
10816 0.050942669405148425
10817 0.07047319910471975
10818 0.06020139242302433
10819 0.05733076049617967
10820 0.054659319942724445
10821 0.0447708844528198
10822 0.05101374890109108
10823 0.05026206497618941
10824 0.04707966488774266
10825 0.05133216245101484
10826 0.04518038827080322
10827 0.040198034287401985
10828 0.04590910369447501
10829 0.03987143135579703
10830 0.04599825680961997
10831 0.05866281688139605
10832 0.04323243950531062
10833 0.05120822443005347
10834 0.06189087441453648
10835 0.06267446125180638
10836 0.05629259686039017
10837 0.07566040332062113
10838 0.06422460405623767
10839 0.06767065197960694
10840 0.06598670259446457
10841 0.06790569384811652
10842 0.07738053292686815
10843 0.0456622793882581
10844 0.06348797825285103
10845 0.06626488134333057
10846 0.06861710830274789
10847 0.05934942298249536
10848 0.05667278817096463
10849 0.056207025681684786
10850 0.0553609571479473
10851 0.05580189852504138
10852 0.04878802729080538
10853 0.037396968040096165
10854 0.04328770633598305
10855 0.04502538861993337
10856 0.05158710896798711
10857 0.04714039313920882
10858 0.044686710895445424
10859 0.045812960455231276
10860 0.0388377565728723
10861 0.037653567257338504
10862 0.03898001312055726
10863 0.03524632253140516
10864 0.037890606108146783
10865 0.044542512670027054
10866 0.053792791970871265
10867 0.049151609170246545
10868 0.04394491394525883
10869 0.035412343575927
10870 0.046498445688189415
10871 0.056650324528339124
10872 0.058169867628630065
10873 0.049699166923753084
10874 0.039647704918747605
10875 0.05254457281464349
10876 0.040737273109788696
10877 0.042081294283904856
10878 0.054638833001350987
10879 0.04500036181694474
10880 0.0490017110363698
10881 0.05491354176720001
10882 0.05104042249524081
10883 0.04695153624258768
10884 0.055158837781367986
10885 0.06535684786545061
10886 0.07189203695204129
10887 0.07554832914602226
10888 0.0711889595612558
10889 0.0564559592746583
10890 0.07092805582354282
10891 0.0674598849754875
10892 0.05974150078241558
10893 0.057970609764380295
10894 0.06115385329225903
10895 0.05983348910534132
10896 0.05233856569047895
10897 0.05971364533102515
10898 0.06614191513231127
10899 0.06041515885955945
10900 0.045171669044823635
10901 0.0459506850807335
10902 0.050982293727105804
10903 0.048513915851233214
10904 0.062051865117697474
10905 0.051367953111499776
10906 0.05674314831921055
10907 0.0571747611492957
10908 0.05975888133420141
10909 0.06759354488758679
10910 0.06483037500204393
10911 0.0580002037069206
10912 0.06577944077984518
10913 0.06789314468453168
10914 0.06591633292388893
10915 0.05687686180992023
10916 0.06358552630258088
10917 0.05364506837261919
10918 0.05788602501581768
10919 0.05578477496495036
10920 0.045813153366767896
10921 0.04168993571185361
10922 0.0406366483099695
10923 0.04341325019941256
10924 0.04067916406802407
10925 0.03672357956091189
10926 0.04109916515735256
10927 0.05314343304617074
10928 0.045804164112279507
10929 0.05319483487590217
10930 0.05809973628547429
10931 0.052886502136561715
10932 0.05481743224942209
10933 0.059285291462514586
10934 0.050450107512844004
10935 0.06070144796147105
10936 0.06087616728350354
10937 0.07072645288409363
10938 0.07107684824278715
10939 0.07864403280458843
10940 0.06888953313208743
10941 0.060127124911563176
10942 0.07694949493184676
10943 0.05798486074796319
10944 0.058731924533799044
10945 0.06590118490375116
10946 0.05670554285630168
10947 0.06152740062834835
10948 0.05378407547792451
10949 0.0413136695605778
10950 0.042939423458916305
10951 0.0566846440216798
10952 0.047190234724120365
10953 0.05329661795598477
10954 0.046793896703153995
10955 0.05659847948142376
10956 0.05789045965748754
10957 0.04477444644662932
10958 0.04211057524641704
10959 0.038116833822711124
10960 0.04280340133319174
10961 0.042761592267112306
10962 0.04156538161871754
10963 0.05620731693152043
10964 0.04394536914275506
10965 0.048512953858719746
10966 0.04608996867691702
10967 0.041731989018277384
10968 0.0492403959494307
10969 0.05982510151149629
10970 0.05565640571533536
10971 0.05926343535378894
10972 0.043125200828801634
10973 0.048273679989297706
10974 0.05181819038956483
10975 0.03807611946876904
10976 0.05135844394704285
10977 0.0478027258330632
10978 0.042531002428681165
10979 0.04242725674802586
10980 0.05152157073685608
10981 0.05963708348976796
10982 0.05192476418054076
10983 0.05082548233316424
10984 0.061328690177557
10985 0.0735211910923436
10986 0.07678799735198491
10987 0.058468348684137014
10988 0.06139627812271916
10989 0.05971159286408415
10990 0.06555137465782808
10991 0.057270207974012236
10992 0.04726322232293799
10993 0.059436963547152444
10994 0.050168301570468275
10995 0.05961540004187194
10996 0.05150057163700082
10997 0.047968553915037786
10998 0.059479704018022286
10999 0.04873252949033679
11000 0.055768916067004286
11001 0.05249686225636729
11002 0.05890461722805865
11003 0.05293709367516833
11004 0.062381778599392354
11005 0.05984884464838944
11006 0.06528478604825994
11007 0.07998950610268427
11008 0.06708513727653408
11009 0.05928540075744821
11010 0.07160611818824177
11011 0.0546994992413666
11012 0.052515135496009155
11013 0.06040080208829516
11014 0.053742488880903355
11015 0.06773842420103784
11016 0.048232036006070254
11017 0.05023724430118719
11018 0.04441786372876318
11019 0.04517235088398616
11020 0.048290772298181156
11021 0.03687542509677882
11022 0.03673307210277873
11023 0.045610109554636236
11024 0.05483250435184861
11025 0.04920147027511765
11026 0.04984493145043133
11027 0.04802911785525687
11028 0.053085388190643394
11029 0.04814082255052372
11030 0.05413266839058855
11031 0.045942132845078275
11032 0.048928710441844284
11033 0.06332515081871627
11034 0.06495865967152517
11035 0.06889165516994614
11036 0.06535302934703849
11037 0.0603258030356863
11038 0.0626027518632264
11039 0.05873456630678682
11040 0.061026218668560894
11041 0.05849139215000691
11042 0.06294351726939092
11043 0.06262999944012454
11044 0.06195892425102329
11045 0.06451115097242387
11046 0.05453542699758017
11047 0.047503258405822514
11048 0.0511116520973239
11049 0.05098065676304177
11050 0.05374532241572049
11051 0.05656991764276299
11052 0.04499102474602082
11053 0.050499484754805556
11054 0.050466062406555844
11055 0.04872818784869288
11056 0.05534373280740915
11057 0.04355381319028815
11058 0.05413072293738455
11059 0.05400320750353752
11060 0.052369129856383215
11061 0.052427473393179956
11062 0.047461692322923216
11063 0.05866976476850522
11064 0.04226967255756492
11065 0.04452647763830792
11066 0.04193073591623613
11067 0.049758362820631945
11068 0.04949977497416474
11069 0.055035558465554066
11070 0.06580975684345525
11071 0.05322425988071508
11072 0.05527118314488098
11073 0.05175729871635589
11074 0.057478762748721615
