1  0.546887  
2  0.32026  
3  0.594963  
4  0.464836  
5  0.367701  
6  0.278956  
7  0.429741  
8  0.163958  
9  0.172332  
10  0.300104  
11  0.48234  
12  0.469664  
13  0.313066  
14  0.399912  
15  0.575306  
16  0.33411  
17  0.319342  
18  0.354943  
19  0.376218  
20  0.659895  
21  0.322313  
22  0.375417  
23  0.692882  
24  0.397591  
25  0.489436  
26  0.183568  
27  0.292403  
28  0.420992  
29  0.550911  
30  0.5378  
31  0.259501  
32  0.405968  
33  0.268169  
34  0.264574  
35  0.29332  
36  0.200191  
37  0.325445  
38  0.191519  
39  0.349456  
40  0.239011  
41  0.376283  
42  0.294501  
43  0.61409  
44  0.353218  
45  1.03486  
46  0.785361  
47  0.850751  
48  0.673688  
49  0.735885  
50  0.627563  
51  0.637094  
52  0.463329  
53  0.311266  
54  0.391396  
55  0.388751  
56  0.357945  
57  0.328295  
58  0.303915  
59  0.388789  
60  0.559901  
61  0.41766  
62  0.679005  
63  0.479724  
64  0.409522  
65  0.619935  
66  0.562031  
67  0.417667  
68  0.52203  
69  0.959091  
70  0.721459  
71  0.841311  
72  0.407585  
73  0.686063  
74  0.354691  
75  0.70048  
76  0.378362  
77  0.468314  
78  0.58119  
79  0.26592  
80  0.275838  
81  0.550324  
82  0.379195  
83  0.400212  
84  0.410897  
85  0.243914  
86  0.288646  
87  0.339446  
88  0.183971  
89  0.259797  
90  0.230312  
91  0.248791  
92  0.466015  
93  0.359119  
94  0.249267  
95  0.190986  
96  0.360624  
97  0.246475  
98  0.205469  
99  0.313135  
100  0.202986  
101  0.239806  
102  0.363233  
103  0.392923  
104  0.464165  
105  0.285075  
106  0.211709  
107  0.176561  
108  0.289658  
109  0.314705  
110  0.469786  
111  0.496401  
112  0.341059  
113  0.354814  
114  0.32259  
115  0.477482  
116  0.316738  
117  0.235513  
118  0.316144  
119  0.224081  
120  0.556308  
121  0.462632  
122  0.250093  
123  0.510224  
124  0.50721  
125  0.318065  
126  0.39377  
127  0.724733  
128  0.632827  
129  0.600979  
130  0.196899  
131  0.441567  
132  0.735449  
133  0.243741  
134  0.19359  
135  0.229799  
136  0.321273  
137  0.413183  
138  0.349017  
139  0.242799  
140  0.499965  
141  0.372585  
142  0.44081  
143  0.383496  
144  1.23814  
145  1.29657  
146  0.657511  
147  0.872288  
148  0.664837  
149  0.816939  
150  0.673314  
151  0.250955  
152  0.443873  
153  0.530842  
154  0.42856  
155  0.511912  
156  0.312806  
157  0.520433  
158  0.528582  
159  0.42897  
160  0.382003  
161  0.4966  
162  0.393985  
163  0.690291  
164  0.533474  
165  0.326952  
166  0.504293  
167  0.42079  
168  0.722281  
169  0.803716  
170  0.729685  
171  0.843612  
172  0.730118  
173  0.704834  
174  0.602572  
175  0.718491  
176  0.320941  
177  0.293059  
178  0.270715  
179  0.21114  
180  0.173878  
181  0.243425  
182  0.30154  
183  0.188618  
184  0.260595  
185  0.406473  
186  0.383581  
187  0.15893  
188  0.184816  
189  0.20828  
190  0.417829  
191  0.21391  
192  0.440269  
193  0.334261  
194  0.268661  
195  0.346532  
196  0.273708  
197  0.150573  
198  0.346007  
199  0.238466  
200  0.464128  
201  0.21117  
202  0.280764  
203  0.591706  
204  0.796658  
205  0.367888  
206  0.234944  
207  0.29594  
208  0.350992  
209  0.423688  
210  0.363835  
211  0.698841  
212  0.621365  
213  0.278164  
214  0.231468  
215  0.136322  
216  0.304805  
217  0.147757  
218  0.247901  
219  0.497204  
220  0.274825  
221  0.330034  
222  0.341542  
223  0.481169  
224  0.51133  
225  0.405524  
226  0.517506  
227  0.644337  
228  0.285642  
229  0.318795  
230  0.247399  
231  0.399486  
232  0.438  
233  0.376413  
234  0.276983  
235  0.407288  
236  0.196988  
237  0.491139  
238  0.298578  
239  0.548187  
240  0.437256  
241  0.30215  
242  0.689082  
243  0.635266  
244  0.912396  
245  0.863243  
246  0.915413  
247  0.496383  
248  0.693208  
249  0.700117  
250  0.458841  
251  0.284715  
252  0.352121  
253  0.691486  
254  0.472862  
255  0.314067  
256  0.574723  
257  0.38439  
258  0.379023  
259  0.591334  
260  0.564512  
261  0.837901  
262  0.875709  
263  0.472173  
264  0.819966  
265  0.486022  
266  0.530662  
267  0.465463  
268  0.428559  
269  0.508175  
270  0.528564  
271  0.809673  
272  0.478678  
273  0.526755  
274  0.694331  
275  0.60714  
276  0.286586  
277  0.296915  
278  0.5692  
279  0.41068  
280  0.296254  
281  0.447467  
282  0.330279  
283  0.366249  
284  0.257286  
285  0.288168  
286  0.228778  
287  0.284368  
288  0.232971  
289  0.168336  
290  0.382691  
291  0.348382  
292  0.249371  
293  0.21177  
294  0.212292  
295  0.294285  
296  0.190596  
297  0.406095  
298  0.220547  
299  0.34396  
300  0.2856  
301  0.386002  
302  0.203361  
303  0.253961  
304  0.37027  
305  0.516678  
306  0.219215  
307  0.258881  
308  0.442631  
309  0.552119  
310  0.22403  
311  0.695254  
312  0.923576  
313  0.496233  
314  0.2382  
315  0.244366  
316  0.223285  
317  0.42602  
318  0.323467  
319  0.271281  
320  0.343497  
321  0.54364  
322  0.392802  
323  0.256897  
324  0.640048  
325  0.462182  
326  0.258674  
327  0.373369  
328  0.354739  
329  0.523395  
330  0.412104  
331  0.398798  
332  0.379357  
333  0.168923  
334  0.329791  
335  0.444125  
336  0.426803  
337  0.616355  
338  0.469773  
339  0.692647  
340  0.354091  
341  0.647016  
342  0.719506  
343  0.772934  
344  1.087  
345  0.609773  
346  0.490589  
347  0.748579  
348  0.674806  
349  0.389587  
350  0.525498  
351  0.32032  
352  0.433894  
353  0.427754  
354  0.617749  
355  0.529535  
356  0.241852  
357  0.560478  
358  0.491759  
359  0.442644  
360  1.03477  
361  0.497412  
362  0.547834  
363  0.638586  
364  0.318969  
365  0.335686  
366  0.940663  
367  0.598819  
368  0.673272  
369  0.66892  
370  0.94553  
371  1.02087  
372  0.441206  
373  0.315186  
374  0.543277  
375  0.439064  
376  0.574467  
377  0.276864  
378  0.444058  
379  0.491986  
380  0.293907  
381  0.287649  
382  0.304252  
383  0.231105  
384  0.341678  
385  0.226916  
386  0.217501  
387  0.23238  
388  0.371114  
389  0.250829  
390  0.259785  
391  0.330399  
392  0.289299  
393  0.158115  
394  0.241668  
395  0.266871  
396  0.199959  
397  0.199254  
398  0.203479  
399  0.168983  
400  0.341958  
401  0.205127  
402  0.364597  
403  0.217536  
404  0.239308  
405  0.247225  
406  0.479165  
407  0.389875  
408  0.379535  
409  0.287606  
410  0.387041  
411  0.596509  
412  0.57537  
413  0.572599  
414  0.315975  
415  0.308618  
416  0.380076  
417  0.300058  
418  0.267741  
419  0.333718  
420  0.652069  
421  0.688366  
422  0.431883  
423  0.429857  
424  0.444789  
425  0.350044  
426  0.221069  
427  0.232742  
428  0.241543  
429  0.208782  
430  0.197156  
431  0.371257  
432  0.395865  
433  0.208273  
434  0.225351  
435  0.358564  
436  0.56056  
437  0.446661  
438  0.492684  
439  1.07986  
440  0.866746  
441  0.564357  
442  0.357886  
443  1.36116  
444  1.08  
445  0.840017  
446  0.676386  
447  0.936425  
448  0.859232  
449  0.494822  
450  0.37494  
451  0.691963  
452  0.568684  
453  0.506329  
454  0.672382  
455  0.393221  
456  0.490311  
457  0.687291  
458  0.63348  
459  0.501285  
460  0.715089  
461  0.616654  
462  0.673737  
463  0.500419  
464  0.417831  
465  0.493056  
466  0.29337  
467  0.929152  
468  0.378352  
469  1.02254  
470  0.563753  
471  0.600707  
472  0.46522  
473  0.706897  
474  0.469759  
475  0.481156  
476  0.48711  
477  0.473163  
478  0.538288  
479  0.342101  
480  0.374571  
481  0.26149  
482  0.237898  
483  0.236353  
484  0.294988  
485  0.2954  
486  0.172366  
487  0.225148  
488  0.25825  
489  0.281196  
490  0.296758  
491  0.47004  
492  0.32118  
493  0.215764  
494  0.237196  
495  0.196111  
496  0.206655  
497  0.326958  
498  0.300923  
499  0.347207  
500  0.266554  
501  0.46811  
502  0.292504  
503  0.371798  
504  0.360117  
505  0.380315  
506  0.365781  
507  0.463309  
508  0.410491  
509  0.338447  
510  0.350248  
511  0.46126  
512  0.516237  
513  0.590885  
514  0.686563  
515  0.406395  
516  0.293333  
517  0.20136  
518  0.223891  
519  0.36826  
520  0.273761  
521  0.459727  
522  0.56093  
523  0.539133  
524  0.814155  
525  0.675983  
526  0.61252  
527  0.603217  
528  0.169636  
529  0.327213  
530  0.337943  
531  0.35719  
532  0.167539  
533  0.234601  
534  0.220605  
535  0.272739  
536  0.327593  
537  0.629608  
538  0.803073  
539  0.655932  
540  0.704496  
541  0.740616  
542  0.821643  
543  1.19859  
544  1.08221  
545  1.49335  
546  0.87765  
547  0.629428  
548  0.676827  
549  0.789556  
550  0.424265  
551  0.820687  
552  0.591395  
553  0.951433  
554  0.474964  
555  0.406668  
556  0.438805  
557  0.535673  
558  0.630182  
559  0.683145  
560  0.396479  
561  0.439705  
562  0.887494  
563  0.714085  
564  0.301904  
565  0.406348  
566  0.337906  
567  0.50659  
568  0.669748  
569  0.985719  
570  0.706504  
571  0.90695  
572  0.481056  
573  0.493066  
574  0.439308  
575  0.570341  
576  0.448517  
577  0.638849  
578  0.635079  
579  0.538697  
580  0.583343  
581  0.333269  
582  0.247015  
583  0.308254  
584  0.237646  
585  0.161793  
586  0.200575  
587  0.314528  
588  0.218571  
589  0.264412  
590  0.370304  
591  0.675061  
592  0.437744  
593  0.218493  
594  0.317401  
595  0.176139  
596  0.106108  
597  0.203448  
598  0.224564  
599  0.166778  
600  0.211675  
601  0.229211  
602  0.241481  
603  0.317349  
604  0.322718  
605  0.395661  
606  0.794261  
607  0.527691  
608  0.433683  
609  0.337359  
610  0.318406  
611  0.273581  
612  0.801087  
613  0.46294  
614  0.692916  
615  0.414328  
616  0.266523  
617  0.16651  
618  0.240845  
619  0.531285  
620  0.321042  
621  1.03268  
622  0.401512  
623  0.599327  
624  0.834276  
625  0.40236  
626  0.403075  
627  0.445847  
628  0.49141  
629  0.506485  
630  0.469042  
631  0.409594  
632  0.237657  
633  0.182743  
634  0.329604  
635  0.251516  
636  0.47591  
637  0.48082  
638  0.597255  
639  0.877867  
640  0.668086  
641  1.08701  
642  1.06112  
643  0.909459  
644  0.81421  
645  0.988408  
646  0.765215  
647  0.844226  
648  0.7444  
649  1.01459  
650  0.561997  
651  0.573334  
652  0.605119  
653  0.900271  
654  0.490343  
655  0.537677  
656  0.436955  
657  0.588275  
658  0.404393  
659  0.41149  
660  0.412094  
661  0.246497  
662  0.345604  
663  0.698613  
664  0.401751  
665  0.268468  
666  0.507518  
667  0.275179  
668  0.46574  
669  0.550386  
670  0.3501  
671  0.464384  
672  0.48837  
673  0.62463  
674  0.490398  
675  0.664858  
676  0.654141  
677  0.882403  
678  0.495063  
679  0.296313  
680  0.32022  
681  0.22469  
682  0.180878  
683  0.339308  
684  0.237698  
685  0.2325  
686  0.383786  
687  0.224896  
688  0.320692  
689  0.409615  
690  0.18702  
691  0.50918  
692  0.449846  
693  0.834444  
694  0.194127  
695  0.234517  
696  0.24662  
697  0.173824  
698  0.143027  
699  0.160854  
700  0.252708  
701  0.286264  
702  0.327319  
703  0.385975  
704  0.488668  
705  0.750349  
706  0.49154  
707  0.603766  
708  0.3378  
709  0.223907  
710  0.305194  
711  0.435254  
712  0.362563  
713  0.55421  
714  0.824014  
715  0.536896  
716  0.57196  
717  0.521775  
718  0.573831  
719  0.352569  
720  0.497479  
721  0.533399  
722  0.495942  
723  0.575177  
724  0.781318  
725  0.84881  
726  0.615708  
727  0.460822  
728  0.613512  
729  0.766787  
730  0.399299  
731  0.565409  
732  0.282711  
733  0.223201  
734  0.390392  
735  0.286215  
736  0.501259  
737  0.676587  
738  0.649454  
739  0.782191  
740  0.890482  
741  0.80381  
742  0.775007  
743  0.642216  
744  1.16934  
745  1.24031  
746  0.820984  
747  0.918951  
748  0.583733  
749  1.58919  
750  0.55083  
751  0.898722  
752  1.01914  
753  0.870355  
754  0.587383  
755  0.982605  
756  0.603977  
757  0.442179  
758  0.425565  
759  0.409758  
760  0.477365  
761  0.237444  
762  0.260716  
763  0.49127  
764  0.304024  
765  0.953375  
766  0.417953  
767  0.355683  
768  0.714864  
769  0.532729  
770  0.814202  
771  0.332413  
772  0.343105  
773  0.538075  
774  0.556464  
775  0.471193  
776  0.896685  
777  0.898562  
778  0.664377  
779  0.6985  
780  0.298508  
781  0.318264  
782  0.162082  
783  0.206855  
784  0.260035  
785  0.261067  
786  0.304465  
787  0.417131  
788  0.272057  
789  0.234588  
790  0.308129  
791  0.243948  
792  0.590219  
793  0.661744  
794  0.290728  
795  0.145128  
796  0.171704  
797  0.203673  
798  0.279309  
799  0.397274  
800  0.416846  
801  0.495029  
802  0.44843  
803  0.390472  
804  0.601095  
805  0.958215  
806  0.723925  
807  0.626703  
808  0.410241  
809  0.348036  
810  0.477642  
811  1.09854  
812  0.409207  
813  0.467663  
814  0.386001  
815  0.523678  
816  0.522934  
817  0.338376  
818  0.445582  
819  0.676845  
820  0.676569  
821  0.435778  
822  0.485932  
823  0.770351  
824  0.941128  
825  0.901122  
826  0.54515  
827  1.02414  
828  0.557833  
829  0.717756  
830  0.538222  
831  0.22024  
832  0.218795  
833  0.332536  
834  0.418427  
835  0.434784  
836  1.30001  
837  1.57138  
838  0.890827  
839  0.801846  
840  1.09145  
841  0.573036  
842  0.661435  
843  0.488787  
844  1.01642  
845  0.998458  
846  1.4496  
847  0.581637  
848  0.683914  
849  0.624346  
850  0.648137  
851  0.807123  
852  0.915182  
853  0.609712  
854  0.798092  
855  0.720333  
856  0.724802  
857  0.934341  
858  0.773985  
859  0.476022  
860  0.584624  
861  0.380805  
862  0.380815  
863  0.429551  
864  0.538841  
865  0.571012  
866  0.758089  
867  0.52986  
868  0.552111  
869  0.707019  
870  0.575515  
871  0.409111  
872  0.469889  
873  0.549698  
874  0.880685  
875  0.674066  
876  0.505338  
877  0.756527  
878  0.908839  
879  0.514881  
880  0.293844  
881  0.573508  
882  0.165425  
883  0.190041  
884  0.383768  
885  0.183435  
886  0.192391  
887  0.191009  
888  0.246662  
889  0.344753  
890  0.276177  
891  0.282084  
892  0.312794  
893  0.251446  
894  0.229032  
895  0.201089  
896  0.185109  
897  0.241922  
898  0.305459  
899  0.402149  
900  0.70867  
901  0.36382  
902  0.572767  
903  0.747449  
904  0.572322  
905  0.923159  
906  0.663146  
907  0.629614  
908  0.530754  
909  0.464793  
910  0.473274  
911  0.499817  
912  0.364063  
913  0.470406  
914  0.553576  
915  0.532882  
916  0.350922  
917  0.527345  
918  0.329221  
919  0.245527  
920  0.544587  
921  0.44063  
922  0.423551  
923  0.590622  
924  0.605665  
925  0.790466  
926  0.851145  
927  0.829454  
928  0.5595  
929  0.470387  
930  0.570352  
931  0.506275  
932  0.475005  
933  0.338006  
934  0.461723  
935  1.04546  
936  0.644151  
937  1.94281  
938  1.15486  
939  1.25381  
940  0.917367  
941  1.06234  
942  0.52921  
943  0.840634  
944  0.793326  
945  1.31905  
946  0.980879  
947  0.687723  
948  0.988978  
949  0.781143  
950  0.904419  
951  0.987436  
952  1.03252  
953  0.949078  
954  0.788264  
955  0.779923  
956  0.863564  
957  1.03443  
958  0.636843  
959  0.401871  
960  0.354695  
961  0.498038  
962  0.397329  
963  0.434522  
964  0.697764  
965  0.933266  
966  0.816476  
967  0.482672  
968  0.954611  
969  0.531003  
970  0.521519  
971  0.274101  
972  0.780661  
973  0.739797  
974  0.834582  
975  1.00905  
976  1.08776  
977  0.377072  
978  0.895637  
979  0.336754  
980  0.284891  
981  0.427469  
982  0.227865  
983  0.432912  
984  0.19241  
985  0.239013  
986  0.387932  
987  0.348859  
988  0.323173  
989  0.394057  
990  0.357694  
991  0.333772  
992  0.368047  
993  0.362624  
994  0.261341  
995  0.206593  
996  0.221019  
997  0.267655  
998  0.306947  
999  0.190923  
1000  0.221485  
1001  0.378545  
1002  0.576276  
1003  0.744707  
1004  0.722327  
1005  0.552521  
1006  0.883015  
1007  0.703468  
1008  0.429018  
1009  1.25722  
1010  0.794492  
1011  0.667801  
1012  0.334533  
1013  0.557408  
1014  0.663134  
1015  1.05451  
1016  0.716006  
1017  1.02401  
1018  0.541103  
1019  0.651168  
1020  0.870055  
1021  0.506055  
1022  0.612976  
1023  0.380307  
1024  0.522068  
1025  0.81822  
1026  0.918033  
1027  1.17333  
1028  0.550674  
1029  0.752085  
1030  0.453715  
1031  0.470763  
1032  0.684797  
1033  0.572178  
1034  0.763971  
1035  0.415547  
1036  1.20574  
1037  1.41326  
1038  0.701681  
1039  0.799385  
1040  0.598848  
1041  0.724512  
1042  0.695751  
1043  0.918446  
1044  0.797801  
1045  1.30754  
1046  0.876617  
1047  0.932766  
1048  0.978728  
1049  1.6737  
1050  1.23277  
1051  1.36251  
1052  2.40152  
1053  1.16033  
1054  1.95498  
1055  0.935364  
1056  1.05753  
1057  1.28628  
1058  1.00388  
1059  0.654727  
1060  0.745219  
1061  0.396477  
1062  0.325496  
1063  0.427276  
1064  0.801116  
1065  0.498815  
1066  0.837893  
1067  0.41091  
1068  1.19021  
1069  0.851634  
1070  0.415423  
1071  0.443979  
1072  0.329669  
1073  0.496052  
1074  0.463407  
1075  0.5448  
1076  0.584721  
1077  0.909576  
1078  1.09534  
1079  0.547693  
1080  0.388926  
1081  0.472443  
1082  0.299444  
1083  0.301392  
1084  0.329021  
1085  0.264376  
1086  0.410147  
1087  0.527115  
1088  0.293476  
1089  0.356765  
1090  0.294104  
1091  0.389026  
1092  0.318461  
1093  0.210291  
1094  0.211968  
1095  0.267126  
1096  0.15935  
1097  0.178435  
1098  0.355661  
1099  0.210912  
1100  0.229234  
1101  0.566594  
1102  0.250682  
1103  0.708402  
1104  0.811106  
1105  1.14985  
1106  0.772046  
1107  0.654646  
1108  0.858323  
1109  0.85657  
1110  0.711038  
1111  0.979459  
1112  0.590604  
1113  0.667638  
1114  0.569626  
1115  1.16258  
1116  0.789306  
1117  0.819445  
1118  0.858514  
1119  1.1039  
1120  0.618089  
1121  0.373079  
1122  0.493371  
1123  0.417243  
1124  0.721967  
1125  0.73698  
1126  0.494253  
1127  0.813094  
1128  0.750411  
1129  0.63006  
1130  0.720868  
1131  0.563103  
1132  0.628729  
1133  0.594594  
1134  0.590542  
1135  0.860767  
1136  1.23207  
1137  1.17223  
1138  1.27955  
1139  1.03066  
1140  0.761546  
1141  1.51552  
1142  0.982774  
1143  1.05131  
1144  0.669984  
1145  1.51857  
1146  0.760069  
1147  0.898089  
1148  1.05032  
1149  1.8848  
1150  1.0938  
1151  1.20839  
1152  1.67605  
1153  1.55411  
1154  1.44189  
1155  1.47906  
1156  1.28941  
1157  0.930414  
1158  0.698305  
1159  0.684434  
1160  0.390288  
1161  0.635678  
1162  0.876383  
1163  0.878886  
1164  0.328173  
1165  0.93227  
1166  1.70815  
1167  1.36636  
1168  0.623262  
1169  0.812074  
1170  0.734648  
1171  0.365501  
1172  0.480658  
1173  0.70371  
1174  0.585032  
1175  0.578932  
1176  1.04175  
1177  0.689167  
1178  0.571074  
1179  0.301342  
1180  0.452681  
1181  0.277878  
1182  0.515311  
1183  0.419684  
1184  0.439876  
1185  0.352477  
1186  0.686094  
1187  0.483292  
1188  0.465699  
1189  0.442904  
1190  0.403523  
1191  0.270815  
1192  0.295607  
1193  0.310062  
1194  0.236096  
1195  0.493695  
1196  0.355426  
1197  0.275432  
1198  0.265949  
1199  0.317469  
1200  0.637679  
1201  0.402122  
1202  0.336152  
1203  0.462225  
1204  0.673161  
1205  1.3035  
1206  0.641995  
1207  0.819025  
1208  0.708974  
1209  0.62593  
1210  0.842022  
1211  0.631075  
1212  0.535913  
1213  0.693324  
1214  0.743998  
1215  0.854418  
1216  0.556017  
1217  0.951421  
1218  1.60124  
1219  1.45536  
1220  0.76633  
1221  0.555998  
1222  0.379205  
1223  0.744641  
1224  0.495591  
1225  0.859608  
1226  0.530237  
1227  0.547416  
1228  0.654624  
1229  0.959014  
1230  0.889219  
1231  0.780835  
1232  0.805733  
1233  0.624366  
1234  0.536661  
1235  0.547427  
1236  1.10279  
1237  1.38308  
1238  1.28588  
1239  1.48437  
1240  0.766928  
1241  0.922071  
1242  0.841363  
1243  0.824314  
1244  1.04817  
1245  0.813603  
1246  1.10901  
1247  0.687873  
1248  0.834058  
1249  1.90402  
1250  1.37645  
1251  1.30404  
1252  1.52538  
1253  2.16561  
1254  1.76484  
1255  1.16317  
1256  1.55855  
1257  1.45904  
1258  0.829406  
1259  1.03572  
1260  0.845081  
1261  0.659041  
1262  0.529732  
1263  0.312255  
1264  0.797319  
1265  0.812658  
1266  1.12834  
1267  0.920927  
1268  0.721205  
1269  0.808168  
1270  0.505037  
1271  0.914671  
1272  0.90709  
1273  0.536769  
1274  0.560559  
1275  0.479327  
1276  0.674424  
1277  0.641616  
1278  0.504828  
1279  0.352584  
1280  0.619494  
1281  0.503258  
1282  0.624813  
1283  0.425513  
1284  0.402123  
1285  0.489874  
1286  0.520103  
1287  0.707475  
1288  0.441449  
1289  0.299092  
1290  0.303329  
1291  0.422479  
1292  0.339334  
1293  0.384057  
1294  0.374679  
1295  0.292154  
1296  0.283989  
1297  0.179716  
1298  0.307426  
1299  0.549052  
1300  0.404162  
1301  0.474422  
1302  0.295827  
1303  0.407482  
1304  0.636207  
1305  0.589724  
1306  0.612841  
1307  0.691823  
1308  0.94023  
1309  0.695372  
1310  0.643287  
1311  0.869416  
1312  1.01783  
1313  1.13685  
1314  0.451347  
1315  0.678905  
1316  0.523415  
1317  1.23595  
1318  2.1537  
1319  2.5254  
1320  0.996865  
1321  0.709084  
1322  0.379258  
1323  0.401128  
1324  0.651372  
1325  0.607116  
1326  0.577061  
1327  0.714401  
1328  0.532438  
1329  0.884004  
1330  1.00214  
1331  0.735267  
1332  0.394679  
1333  0.689782  
1334  0.449566  
1335  0.52683  
1336  0.880496  
1337  1.02451  
1338  1.01036  
1339  0.947483  
1340  0.940351  
1341  1.29565  
1342  0.679013  
1343  0.628032  
1344  0.921541  
1345  0.839895  
1346  1.20103  
1347  1.50706  
1348  0.811726  
1349  0.806622  
1350  1.45947  
1351  1.03349  
1352  1.43155  
1353  1.2012  
1354  2.47001  
1355  2.03169  
1356  1.01817  
1357  1.02443  
1358  0.688368  
1359  0.654913  
1360  0.625653  
1361  0.678993  
1362  0.726456  
1363  0.701552  
1364  0.447813  
1365  0.828365  
1366  0.656282  
1367  0.631635  
1368  0.898906  
1369  0.633719  
1370  0.534853  
1371  0.874515  
1372  0.587109  
1373  0.749383  
1374  0.388746  
1375  1.25487  
1376  0.4885  
1377  0.410345  
1378  0.36227  
1379  0.347439  
1380  0.499255  
1381  0.543502  
1382  0.487812  
1383  0.60652  
1384  0.558023  
1385  0.60806  
1386  0.461036  
1387  0.694009  
1388  0.540278  
1389  0.285376  
1390  0.268576  
1391  0.218868  
1392  0.417666  
1393  0.421258  
1394  0.207388  
1395  0.480836  
1396  0.273829  
1397  0.407284  
1398  0.475512  
1399  0.49433  
1400  0.742706  
1401  0.6522  
1402  0.543652  
1403  0.427124  
1404  0.714769  
1405  0.536452  
1406  0.780294  
1407  0.495639  
1408  0.863113  
1409  1.39861  
1410  0.974313  
1411  0.539546  
1412  0.691907  
1413  0.609178  
1414  0.77286  
1415  0.913442  
1416  0.907401  
1417  1.34908  
1418  1.2637  
1419  1.71152  
1420  1.46892  
1421  1.08564  
1422  0.401357  
1423  0.732432  
1424  0.520903  
1425  1.06099  
1426  0.784745  
1427  0.435796  
1428  0.547161  
1429  0.804215  
1430  0.644387  
1431  0.669584  
1432  0.849508  
1433  0.807627  
1434  0.577136  
1435  0.612063  
1436  0.580827  
1437  1.04122  
1438  0.851538  
1439  0.985103  
1440  0.952703  
1441  0.674101  
1442  0.620968  
1443  0.589668  
1444  0.784125  
1445  1.42191  
1446  0.895528  
1447  1.10699  
1448  0.657472  
1449  1.13316  
1450  0.974197  
1451  0.547206  
1452  1.2208  
1453  0.993859  
1454  0.972615  
1455  1.31753  
1456  1.17304  
1457  1.44295  
1458  0.69362  
1459  0.745664  
1460  0.762473  
1461  0.723661  
1462  0.509566  
1463  0.931735  
1464  1.31249  
1465  1.33993  
1466  1.1887  
1467  0.740771  
1468  1.17485  
1469  0.521251  
1470  0.776839  
1471  0.814216  
1472  0.417949  
1473  0.638939  
1474  0.533513  
1475  0.791374  
1476  0.537825  
1477  0.453082  
1478  0.434826  
1479  0.307254  
1480  0.852592  
1481  0.99522  
1482  0.675797  
1483  0.589372  
1484  0.513544  
1485  0.840763  
1486  0.655745  
1487  0.39367  
1488  0.553537  
1489  0.749909  
1490  0.442104  
1491  0.555393  
1492  0.450337  
1493  0.209587  
1494  0.340131  
1495  0.377394  
1496  0.221182  
1497  0.337305  
1498  0.623197  
1499  0.653798  
1500  0.689961  
1501  0.25242  
1502  0.401721  
1503  0.593777  
1504  0.759551  
1505  0.570774  
1506  0.735773  
1507  0.738186  
1508  1.09288  
1509  1.11517  
1510  0.941113  
1511  0.363188  
1512  0.654135  
1513  0.460795  
1514  0.601462  
1515  0.977046  
1516  1.19044  
1517  1.11667  
1518  1.63106  
1519  1.54595  
1520  1.32875  
1521  1.10192  
1522  0.589448  
1523  0.675003  
1524  0.857297  
1525  0.798001  
1526  0.664913  
1527  0.64139  
1528  0.942661  
1529  0.62479  
1530  0.619943  
1531  1.16917  
1532  1.41748  
1533  0.552441  
1534  0.536663  
1535  0.607689  
1536  1.08395  
1537  1.30092  
1538  1.26009  
1539  1.03736  
1540  0.719815  
1541  0.846969  
1542  0.655267  
1543  0.560453  
1544  0.551252  
1545  1.05421  
1546  0.821225  
1547  1.09493  
1548  0.576694  
1549  0.562684  
1550  0.899442  
1551  0.764069  
1552  0.838732  
1553  1.5428  
1554  1.98325  
1555  1.42007  
1556  0.881096  
1557  1.32237  
1558  0.931662  
1559  0.958088  
1560  1.31811  
1561  1.30342  
1562  0.87934  
1563  1.15801  
1564  1.06898  
1565  0.505721  
1566  0.834687  
1567  0.660099  
1568  0.374176  
1569  0.88294  
1570  0.758492  
1571  0.724306  
1572  0.590659  
1573  0.435693  
1574  0.643267  
1575  0.839594  
1576  0.504647  
1577  0.431921  
1578  0.500705  
1579  0.261727  
1580  0.43987  
1581  0.67246  
1582  0.621051  
1583  0.556485  
1584  0.649038  
1585  0.466077  
1586  0.506724  
1587  0.609396  
1588  0.352792  
1589  0.441717  
1590  0.370011  
1591  0.440433  
1592  0.376153  
1593  0.587108  
1594  0.311991  
1595  0.325326  
1596  0.491476  
1597  0.732101  
1598  0.780275  
1599  0.746962  
1600  0.621816  
1601  0.332617  
1602  0.51923  
1603  0.282825  
1604  0.435979  
1605  0.619163  
1606  0.717375  
1607  0.626498  
1608  0.715821  
1609  1.08351  
1610  0.875746  
1611  0.40725  
1612  0.710312  
1613  0.753715  
1614  0.82196  
1615  1.28611  
1616  0.929249  
1617  1.38862  
1618  1.27677  
1619  1.06818  
1620  1.55047  
1621  1.40574  
1622  1.03627  
1623  1.10703  
1624  0.832827  
1625  1.21612  
1626  0.916974  
1627  0.791377  
1628  0.858052  
1629  0.608153  
1630  0.706932  
1631  1.29063  
1632  1.19314  
1633  0.617304  
1634  0.837531  
1635  1.11333  
1636  1.76181  
1637  0.932859  
1638  1.11077  
1639  1.18996  
1640  0.505201  
1641  0.812342  
1642  0.824988  
1643  1.07517  
1644  0.74133  
1645  1.19909  
1646  0.768578  
1647  0.80095  
1648  0.478136  
1649  0.471807  
1650  0.775796  
1651  0.532237  
1652  0.823862  
1653  1.49972  
1654  1.09623  
1655  1.26563  
1656  0.834067  
1657  1.01325  
1658  1.16941  
1659  0.910054  
1660  0.868086  
1661  1.05899  
1662  0.842057  
1663  1.12692  
1664  1.0192  
1665  0.918183  
1666  1.54095  
1667  0.629402  
1668  0.690812  
1669  0.603969  
1670  0.987833  
1671  0.406926  
1672  0.794476  
1673  0.538809  
1674  0.825227  
1675  0.502689  
1676  1.05937  
1677  0.578356  
1678  0.609727  
1679  0.737599  
1680  0.504606  
1681  0.594286  
1682  0.473957  
1683  0.598416  
1684  0.765573  
1685  0.546191  
1686  0.572011  
1687  0.641724  
1688  0.386166  
1689  0.556252  
1690  0.482467  
1691  0.373839  
1692  0.268886  
1693  0.535584  
1694  0.394528  
1695  0.34749  
1696  0.324276  
1697  0.522288  
1698  0.682605  
1699  0.821332  
1700  0.563059  
1701  0.690263  
1702  0.29539  
1703  0.454476  
1704  0.650859  
1705  0.501797  
1706  1.17544  
1707  0.351798  
1708  1.01432  
1709  0.989622  
1710  1.02647  
1711  1.07605  
1712  0.836669  
1713  0.504514  
1714  0.822019  
1715  0.608832  
1716  1.36873  
1717  1.17616  
1718  0.91181  
1719  1.69778  
1720  1.3558  
1721  1.08985  
1722  1.02811  
1723  1.77113  
1724  0.908656  
1725  0.868514  
1726  0.957892  
1727  0.604467  
1728  0.87601  
1729  1.05716  
1730  1.20402  
1731  0.891854  
1732  0.686122  
1733  0.555897  
1734  0.636055  
1735  0.942068  
1736  0.722619  
1737  1.80377  
1738  1.17778  
1739  0.812844  
1740  0.693023  
1741  0.72292  
1742  0.892349  
1743  0.981484  
1744  1.06673  
1745  0.925338  
1746  0.671627  
1747  1.11254  
1748  1.13687  
1749  0.847231  
1750  1.12927  
1751  0.947345  
1752  0.509619  
1753  1.12747  
1754  0.667177  
1755  1.0694  
1756  0.871666  
1757  1.03191  
1758  0.83848  
1759  0.841818  
1760  0.561065  
1761  1.2189  
1762  1.21965  
1763  0.550885  
1764  0.666141  
1765  0.857085  
1766  2.15294  
1767  1.142  
1768  1.6282  
1769  0.637413  
1770  0.656946  
1771  0.695381  
1772  1.22617  
1773  0.800402  
1774  0.60524  
1775  0.805567  
1776  0.578646  
1777  0.683276  
1778  0.558156  
1779  0.656558  
1780  0.775173  
1781  0.546388  
1782  0.660375  
1783  0.561245  
1784  0.718575  
1785  0.930137  
1786  0.954609  
1787  0.604628  
1788  0.48149  
1789  0.366658  
1790  0.470548  
1791  0.35066  
1792  0.43969  
1793  0.528448  
1794  0.534583  
1795  0.397546  
1796  0.722543  
1797  0.439997  
1798  0.661771  
1799  0.438008  
1800  0.287453  
1801  0.891113  
1802  0.636684  
1803  0.326403  
1804  0.353997  
1805  1.07021  
1806  1.04339  
1807  0.767334  
1808  0.89547  
1809  0.639518  
1810  0.885789  
1811  0.72789  
1812  0.500431  
1813  0.676954  
1814  0.562084  
1815  0.624486  
1816  0.773308  
1817  0.89427  
1818  1.56066  
1819  1.74034  
1820  1.85299  
1821  1.28526  
1822  1.01116  
1823  1.42021  
1824  0.848995  
1825  1.1335  
1826  1.14927  
1827  0.627512  
1828  0.572071  
1829  1.27108  
1830  1.23184  
1831  1.07769  
1832  0.711932  
1833  1.13282  
1834  0.544023  
1835  1.2018  
1836  1.4437  
1837  1.34462  
1838  0.893636  
1839  0.79546  
1840  0.913453  
1841  0.736134  
1842  0.587017  
1843  1.33419  
1844  1.21852  
1845  1.00442  
1846  1.14735  
1847  0.638165  
1848  1.39068  
1849  0.736101  
1850  1.14379  
1851  1.04187  
1852  0.981917  
1853  1.76427  
1854  1.08663  
1855  0.927552  
1856  0.689205  
1857  0.968147  
1858  1.66053  
1859  0.746785  
1860  1.10338  
1861  1.27109  
1862  0.805987  
1863  0.679355  
1864  0.873822  
1865  1.35234  
1866  1.58329  
1867  1.63588  
1868  0.767532  
1869  0.640945  
1870  0.642886  
1871  0.648305  
1872  0.570855  
1873  0.839249  
1874  0.759312  
1875  0.591803  
1876  0.540045  
1877  0.90176  
1878  0.61233  
1879  0.431079  
1880  0.435434  
1881  0.445022  
1882  1.16293  
1883  0.711709  
1884  0.81659  
1885  0.641568  
1886  0.626797  
1887  0.277347  
1888  0.409879  
1889  0.621495  
1890  0.29888  
1891  0.367099  
1892  0.405739  
1893  0.275896  
1894  0.335839  
1895  0.349707  
1896  0.658768  
1897  0.702719  
1898  0.765273  
1899  0.579928  
1900  0.784128  
1901  0.944161  
1902  0.65652  
1903  0.637676  
1904  0.400187  
1905  0.724466  
1906  0.410128  
1907  0.555552  
1908  0.724733  
1909  0.777321  
1910  0.759212  
1911  0.54923  
1912  0.403238  
1913  0.316157  
1914  0.79326  
1915  0.778168  
1916  0.621088  
1917  0.586349  
1918  0.776476  
1919  0.704974  
1920  0.570893  
1921  1.20642  
1922  0.803271  
1923  1.00101  
1924  1.15067  
1925  1.30996  
1926  0.938002  
1927  0.785917  
1928  0.432601  
1929  0.601624  
1930  0.917948  
1931  1.1476  
1932  1.94035  
1933  1.05575  
1934  0.767918  
1935  1.13659  
1936  1.93974  
1937  1.20244  
1938  1.15332  
1939  1.00083  
1940  0.598094  
1941  0.830921  
1942  0.775684  
1943  0.960154  
1944  1.11628  
1945  1.50143  
1946  0.862506  
1947  0.585072  
1948  1.00909  
1949  0.823791  
1950  1.47657  
1951  0.881056  
1952  1.05319  
1953  1.31988  
1954  1.2559  
1955  0.761979  
1956  1.00116  
1957  1.66817  
1958  0.713389  
1959  0.694746  
1960  1.24765  
1961  1.56255  
1962  0.970186  
1963  0.948026  
1964  1.54454  
1965  1.32742  
1966  1.09444  
1967  1.59452  
1968  0.943198  
1969  1.23733  
1970  0.731162  
1971  0.477955  
1972  0.698796  
1973  1.07591  
1974  1.39528  
1975  0.524755  
1976  0.987461  
1977  0.875076  
1978  0.59918  
1979  0.651107  
1980  0.597625  
1981  0.428343  
1982  0.265857  
1983  0.967782  
1984  1.31525  
1985  1.11383  
1986  0.70819  
1987  0.619016  
1988  0.426139  
1989  0.287145  
1990  0.197018  
1991  0.286611  
1992  0.299299  
1993  0.400303  
1994  0.947474  
1995  0.795172  
1996  0.814023  
1997  0.602945  
1998  0.728471  
1999  0.70858  
2000  1.39621  
2001  0.604401  
2002  0.654312  
2003  0.665955  
2004  0.667503  
2005  0.662771  
2006  0.745712  
2007  0.487663  
2008  0.807539  
2009  0.557764  
2010  0.806475  
2011  0.772682  
2012  0.912306  
2013  0.601596  
2014  0.693866  
2015  0.795139  
2016  0.850359  
2017  0.411582  
2018  0.960924  
2019  0.635087  
2020  0.936171  
2021  1.19336  
2022  0.579663  
2023  1.24173  
2024  0.731034  
2025  1.04055  
2026  0.595343  
2027  0.772705  
2028  1.23297  
2029  0.839621  
2030  0.633813  
2031  0.959381  
2032  2.05652  
2033  0.906278  
2034  1.04273  
2035  1.30613  
2036  1.58319  
2037  1.33667  
2038  1.36375  
2039  1.33234  
2040  0.961025  
2041  0.903695  
2042  0.697372  
2043  0.706781  
2044  0.65212  
2045  1.16455  
2046  0.692217  
2047  0.681347  
2048  1.13405  
2049  0.82211  
2050  1.00975  
2051  1.19926  
2052  0.914178  
2053  1.35905  
2054  0.72098  
2055  0.964599  
2056  1.17856  
2057  1.74787  
2058  1.38056  
2059  1.07157  
2060  1.0407  
2061  1.10981  
2062  0.996022  
2063  0.968635  
2064  1.2057  
2065  1.94646  
2066  1.19496  
2067  1.118  
2068  0.778629  
2069  1.24323  
2070  0.936837  
2071  0.708702  
2072  1.12164  
2073  1.00657  
2074  0.871277  
2075  0.792026  
2076  0.889196  
2077  0.87913  
2078  0.698712  
2079  0.592315  
2080  0.684498  
2081  0.491017  
2082  0.61466  
2083  0.433768  
2084  0.610236  
2085  0.563679  
2086  0.568761  
2087  0.700329  
2088  0.462022  
2089  0.597013  
2090  0.294022  
2091  0.29699  
2092  0.671879  
2093  0.478845  
2094  0.584518  
2095  0.516775  
2096  1.05267  
2097  1.12051  
2098  1.16797  
2099  1.58922  
2100  1.41957  
2101  0.659002  
2102  0.790255  
2103  0.879919  
2104  0.669484  
2105  0.592341  
2106  0.428984  
2107  0.543287  
2108  1.23813  
2109  0.898865  
2110  0.987242  
2111  1.13968  
2112  0.980074  
2113  0.784845  
2114  0.922446  
2115  0.717142  
2116  0.967038  
2117  1.06592  
2118  1.48993  
2119  1.61988  
2120  0.629871  
2121  1.25756  
2122  0.817619  
2123  1.62154  
2124  1.21389  
2125  0.7265  
2126  0.632617  
2127  1.18959  
2128  0.825938  
2129  0.804216  
2130  1.04416  
2131  1.41363  
2132  0.949216  
2133  0.808116  
2134  0.886526  
2135  0.811128  
2136  1.13112  
2137  1.01064  
2138  0.740526  
2139  1.08846  
2140  0.686686  
2141  1.64512  
2142  1.49179  
2143  1.41352  
2144  2.03419  
2145  1.43221  
2146  1.5476  
2147  1.40395  
2148  0.990812  
2149  1.51624  
2150  1.2189  
2151  0.939597  
2152  0.971899  
2153  0.720172  
2154  1.28988  
2155  2.0481  
2156  1.03697  
2157  1.09313  
2158  0.923978  
2159  1.10408  
2160  0.951476  
2161  0.643774  
2162  0.914867  
2163  1.37126  
2164  1.31652  
2165  1.61709  
2166  1.83554  
2167  0.991204  
2168  1.18732  
2169  1.31361  
2170  0.985633  
2171  1.16776  
2172  0.890469  
2173  0.786671  
2174  1.36535  
2175  0.669815  
2176  0.843785  
2177  0.909695  
2178  0.907652  
2179  0.758585  
2180  0.424964  
2181  0.660459  
2182  0.631554  
2183  0.851134  
2184  0.706537  
2185  0.554098  
2186  0.540471  
2187  0.903996  
2188  0.471859  
2189  0.596106  
2190  0.550355  
2191  0.748098  
2192  0.627902  
2193  0.599581  
2194  0.727966  
2195  1.03123  
2196  1.35682  
2197  0.951395  
2198  1.11753  
2199  1.27024  
2200  0.77548  
2201  0.678392  
2202  0.677882  
2203  0.685651  
2204  1.08255  
2205  0.586567  
2206  0.687056  
2207  0.798221  
2208  0.405525  
2209  1.14165  
2210  1.00972  
2211  0.865471  
2212  1.00999  
2213  1.30108  
2214  0.550893  
2215  1.53603  
2216  0.937165  
2217  0.842904  
2218  1.51762  
2219  1.56427  
2220  0.969121  
2221  0.57414  
2222  0.851694  
2223  1.45715  
2224  1.30693  
2225  1.20862  
2226  1.02174  
2227  1.25917  
2228  0.927858  
2229  0.801022  
2230  1.13871  
2231  0.702799  
2232  0.991729  
2233  1.14965  
2234  0.947499  
2235  0.60483  
2236  0.914088  
2237  0.923396  
2238  2.65123  
2239  1.21734  
2240  1.52796  
2241  1.36592  
2242  1.90813  
2243  0.775037  
2244  1.33962  
2245  1.74906  
2246  1.08376  
2247  1.68406  
2248  0.997519  
2249  1.34849  
2250  1.13791  
2251  0.860661  
2252  1.30889  
2253  2.11846  
2254  0.947439  
2255  1.39177  
2256  1.82234  
2257  0.762621  
2258  0.8826  
2259  0.956452  
2260  1.72866  
2261  1.40113  
2262  1.10198  
2263  0.666317  
2264  0.895751  
2265  1.19537  
2266  1.35576  
2267  1.51298  
2268  0.790437  
2269  1.10514  
2270  1.564  
2271  1.1061  
2272  0.856177  
2273  1.06532  
2274  1.23577  
2275  0.805806  
2276  1.15941  
2277  1.17727  
2278  0.296173  
2279  0.905799  
2280  0.575471  
2281  0.920977  
2282  0.935943  
2283  1.07219  
2284  0.660149  
2285  0.3862  
2286  0.746544  
2287  0.558616  
2288  0.665704  
2289  0.612213  
2290  0.490822  
2291  0.404503  
2292  0.466018  
2293  0.858504  
2294  1.12493  
2295  0.889898  
2296  1.72946  
2297  1.20549  
2298  1.85495  
2299  1.89258  
2300  0.78808  
2301  0.588352  
2302  0.525747  
2303  0.471609  
2304  0.409255  
2305  1.14784  
2306  0.552637  
2307  0.583136  
2308  0.575411  
2309  0.591111  
2310  1.17965  
2311  0.924181  
2312  0.690719  
2313  1.27943  
2314  0.827476  
2315  0.939379  
2316  1.33083  
2317  1.01056  
2318  0.844905  
2319  1.13544  
2320  1.57262  
2321  1.14927  
2322  1.08218  
2323  1.53208  
2324  1.32601  
2325  1.05896  
2326  0.960834  
2327  1.15576  
2328  0.944551  
2329  0.898527  
2330  0.782129  
2331  1.15596  
2332  0.822983  
2333  0.812193  
2334  1.18059  
2335  1.15581  
2336  1.04047  
2337  1.2905  
2338  0.808094  
2339  0.507311  
2340  1.39575  
2341  1.48829  
2342  1.61285  
2343  1.41925  
2344  1.54307  
2345  2.30743  
2346  2.49168  
2347  1.74102  
2348  1.54964  
2349  1.59467  
2350  2.14269  
2351  1.47144  
2352  2.51864  
2353  1.4669  
2354  1.08689  
2355  1.05675  
2356  0.764689  
2357  1.26923  
2358  1.4855  
2359  1.59062  
2360  1.43659  
2361  1.02649  
2362  1.4656  
2363  1.30632  
2364  0.917294  
2365  1.50173  
2366  1.93778  
2367  3.14555  
2368  0.967388  
2369  1.08558  
2370  1.12078  
2371  1.26667  
2372  1.01312  
2373  0.796676  
2374  0.788123  
2375  1.13268  
2376  0.865821  
2377  0.91587  
2378  1.24173  
2379  0.784921  
2380  0.627306  
2381  0.655351  
2382  0.973015  
2383  0.823633  
2384  0.788506  
2385  0.487585  
2386  0.509443  
2387  0.818538  
2388  0.605773  
2389  0.908208  
2390  0.9847  
2391  0.568548  
2392  0.563089  
2393  0.522538  
2394  0.766258  
2395  0.926959  
2396  1.07012  
2397  1.34449  
2398  1.61234  
2399  1.17128  
2400  0.923626  
2401  0.5768  
2402  0.4834  
2403  0.374931  
2404  0.499614  
2405  0.479128  
2406  0.948156  
2407  1.2579  
2408  0.741636  
2409  1.12408  
2410  0.749311  
2411  1.3433  
2412  0.835189  
2413  0.598809  
2414  1.19309  
2415  1.03247  
2416  1.00373  
2417  1.64731  
2418  2.293  
2419  1.92517  
2420  0.881934  
2421  1.72744  
2422  0.906838  
2423  1.14761  
2424  1.42444  
2425  1.08292  
2426  0.719014  
2427  0.728229  
2428  1.07521  
2429  0.820261  
2430  0.486398  
2431  1.38075  
2432  1.14204  
2433  0.972612  
2434  0.87603  
2435  1.80907  
2436  0.826999  
2437  1.3375  
2438  1.14617  
2439  1.06525  
2440  1.8375  
2441  1.598  
2442  1.32318  
2443  2.15159  
2444  1.84702  
2445  2.14315  
2446  1.94733  
2447  1.69015  
2448  1.45821  
2449  2.21091  
2450  2.17872  
2451  1.3954  
2452  1.48015  
2453  1.57949  
2454  2.01547  
2455  0.678298  
2456  0.964283  
2457  0.619939  
2458  0.895512  
2459  1.0759  
2460  1.15564  
2461  2.60698  
2462  0.964852  
2463  0.93494  
2464  1.15564  
2465  0.824631  
2466  1.65125  
2467  1.47832  
2468  1.43912  
2469  0.590788  
2470  1.15057  
2471  0.879382  
2472  1.55827  
2473  0.877765  
2474  0.859408  
2475  1.5376  
2476  0.887495  
2477  1.20756  
2478  0.578578  
2479  0.671749  
2480  0.874172  
2481  0.970373  
2482  0.91464  
2483  0.778296  
2484  0.548121  
2485  0.826135  
2486  0.594434  
2487  0.440187  
2488  0.854159  
2489  0.518115  
2490  0.594436  
2491  0.769511  
2492  0.371922  
2493  0.628096  
2494  0.632768  
2495  0.714512  
2496  1.03619  
2497  1.09802  
2498  1.5767  
2499  1.00479  
2500  0.892824  
2501  0.626111  
2502  0.703209  
2503  0.731376  
2504  0.636585  
2505  0.478928  
2506  0.678394  
2507  0.782993  
2508  0.750946  
2509  0.842572  
2510  1.00766  
2511  1.5639  
2512  1.04181  
2513  0.787997  
2514  1.69778  
2515  1.56113  
2516  1.52756  
2517  1.5662  
2518  0.786734  
2519  0.970384  
2520  1.03037  
2521  1.67684  
2522  0.970888  
2523  0.989709  
2524  1.49557  
2525  1.37711  
2526  0.972714  
2527  0.894476  
2528  0.472282  
2529  0.609706  
2530  0.391261  
2531  0.945002  
2532  0.785153  
2533  0.944194  
2534  0.351577  
2535  0.812226  
2536  1.37468  
2537  1.12284  
2538  1.73904  
2539  0.969366  
2540  1.20877  
2541  1.06744  
2542  1.10752  
2543  1.4741  
2544  1.42377  
2545  1.6993  
2546  1.83938  
2547  1.61768  
2548  1.64117  
2549  1.46136  
2550  1.83393  
2551  1.08893  
2552  1.18312  
2553  1.30868  
2554  0.958662  
2555  1.64637  
2556  1.46516  
2557  1.15382  
2558  0.946786  
2559  1.2528  
2560  1.07359  
2561  2.36285  
2562  1.57321  
2563  1.71466  
2564  1.03174  
2565  0.76906  
2566  1.40689  
2567  1.43464  
2568  1.31088  
2569  0.96098  
2570  1.45091  
2571  1.04756  
2572  1.29495  
2573  1.11788  
2574  1.08445  
2575  1.30837  
2576  1.11454  
2577  1.25832  
2578  1.22681  
2579  1.15963  
2580  1.38883  
2581  0.900838  
2582  1.32921  
2583  0.685605  
2584  1.08996  
2585  0.597158  
2586  0.867629  
2587  1.04797  
2588  1.09245  
2589  1.23051  
2590  0.877836  
2591  0.498155  
2592  0.603394  
2593  0.625614  
2594  0.504809  
2595  0.457951  
2596  0.762831  
2597  1.05585  
2598  1.6914  
2599  0.66953  
2600  0.782737  
2601  0.595622  
2602  0.669426  
2603  0.310443  
2604  0.606166  
2605  0.540803  
2606  0.874254  
2607  0.59979  
2608  0.966344  
2609  1.83066  
2610  0.886135  
2611  1.35491  
2612  1.40005  
2613  1.20792  
2614  1.29291  
2615  1.52948  
2616  1.00232  
2617  1.4205  
2618  1.56274  
2619  1.65341  
2620  2.02276  
2621  1.16829  
2622  0.737384  
2623  1.15203  
2624  0.827458  
2625  1.12861  
2626  1.09975  
2627  0.829191  
2628  0.978836  
2629  0.567293  
2630  0.933605  
2631  0.703654  
2632  0.865663  
2633  0.475321  
2634  1.12619  
2635  0.974981  
2636  0.53671  
2637  1.19823  
2638  1.50907  
2639  1.85285  
2640  0.931756  
2641  2.03592  
2642  1.09867  
2643  1.33827  
2644  1.33305  
2645  0.832215  
2646  2.11135  
2647  1.81687  
2648  2.44104  
2649  2.32621  
2650  1.83772  
2651  1.71163  
2652  1.48464  
2653  1.00077  
2654  1.88939  
2655  1.09403  
2656  1.72008  
2657  0.984622  
2658  1.41379  
2659  2.18297  
2660  1.39506  
2661  1.4094  
2662  1.7678  
2663  1.01922  
2664  1.07768  
2665  1.34832  
2666  1.09034  
2667  0.674545  
2668  1.29492  
2669  0.975707  
2670  1.57598  
2671  1.91421  
2672  1.33638  
2673  1.30039  
2674  1.53917  
2675  1.04299  
2676  0.6595  
2677  1.14832  
2678  1.51443  
2679  1.91131  
2680  1.12179  
2681  1.55255  
2682  1.59718  
2683  1.1194  
2684  1.06357  
2685  0.996487  
2686  0.585498  
2687  0.791326  
2688  0.768068  
2689  1.13442  
2690  1.32573  
2691  0.87697  
2692  0.874057  
2693  0.559878  
2694  0.308177  
2695  0.593817  
2696  1.07284  
2697  0.758345  
2698  1.24325  
2699  1.10134  
2700  1.02256  
2701  0.879987  
2702  0.658495  
2703  0.389247  
2704  0.882607  
2705  0.705306  
2706  0.742217  
2707  1.14714  
2708  0.75338  
2709  0.947275  
2710  0.855999  
2711  0.877203  
2712  0.952076  
2713  1.04827  
2714  1.06388  
2715  1.25608  
2716  1.14772  
2717  1.50959  
2718  1.52581  
2719  1.71972  
2720  1.12427  
2721  1.69498  
2722  0.887325  
2723  0.525387  
2724  0.806052  
2725  0.745229  
2726  1.13778  
2727  1.25338  
2728  1.38539  
2729  0.629029  
2730  0.662622  
2731  0.718603  
2732  0.881454  
2733  0.541004  
2734  0.583986  
2735  1.13236  
2736  2.1457  
2737  0.794479  
2738  0.790753  
2739  1.26343  
2740  1.86678  
2741  1.21565  
2742  1.47739  
2743  1.26849  
2744  2.14267  
2745  1.56867  
2746  2.56403  
2747  1.75698  
2748  1.88558  
2749  1.36029  
2750  1.88713  
2751  1.13402  
2752  1.95433  
2753  2.13866  
2754  1.51598  
2755  1.76754  
2756  1.40364  
2757  1.16523  
2758  1.39464  
2759  1.44916  
2760  2.39157  
2761  1.88211  
2762  1.41528  
2763  1.33902  
2764  1.93271  
2765  1.02353  
2766  0.964684  
2767  1.15595  
2768  1.09799  
2769  1.44204  
2770  2.13199  
2771  1.85548  
2772  1.92837  
2773  0.894669  
2774  1.35048  
2775  3.22922  
2776  1.26855  
2777  1.42159  
2778  2.42112  
2779  1.34261  
2780  1.38273  
2781  3.02112  
2782  2.08778  
2783  1.40413  
2784  1.2365  
2785  1.17512  
2786  0.747521  
2787  0.537413  
2788  0.78275  
2789  0.695111  
2790  1.72336  
2791  1.21914  
2792  0.605098  
2793  0.715463  
2794  0.995907  
2795  0.507116  
2796  0.458879  
2797  0.627589  
2798  0.909739  
2799  0.368593  
2800  0.915182  
2801  0.722727  
2802  0.873524  
2803  0.48239  
2804  0.456242  
2805  0.567917  
2806  0.575683  
2807  1.21788  
2808  1.26533  
2809  0.616891  
2810  0.832069  
2811  1.54151  
2812  0.9631  
2813  0.944936  
2814  1.26016  
2815  1.43603  
2816  1.38912  
2817  0.958307  
2818  2.20886  
2819  1.5055  
2820  1.06555  
2821  0.774989  
2822  0.840919  
2823  0.760166  
2824  0.854328  
2825  1.40987  
2826  1.16999  
2827  1.73617  
2828  1.37186  
2829  1.43344  
2830  0.537379  
2831  1.5889  
2832  1.07654  
2833  1.36867  
2834  1.24114  
2835  1.10106  
2836  1.4914  
2837  1.14211  
2838  0.998733  
2839  0.626341  
2840  1.47217  
2841  1.64399  
2842  1.69788  
2843  3.00894  
2844  2.3035  
2845  2.24001  
2846  1.85432  
2847  1.99281  
2848  1.6049  
2849  1.72079  
2850  2.19797  
2851  2.10967  
2852  0.820752  
2853  2.06844  
2854  1.61676  
2855  2.85769  
2856  2.562  
2857  1.47024  
2858  1.77499  
2859  2.45184  
2860  2.03486  
2861  2.14545  
2862  1.82613  
2863  3.28408  
2864  2.60956  
2865  1.53515  
2866  1.68405  
2867  2.54983  
2868  1.77635  
2869  2.11459  
2870  1.33823  
2871  1.24156  
2872  1.79385  
2873  1.93838  
2874  1.48805  
2875  1.6073  
2876  1.91051  
2877  1.48866  
2878  2.59748  
2879  2.0538  
2880  1.92976  
2881  1.86031  
2882  1.89961  
2883  2.97644  
2884  1.69263  
2885  1.24325  
2886  1.1885  
2887  0.603989  
2888  1.32775  
2889  1.24205  
2890  1.82929  
2891  1.19465  
2892  0.806914  
2893  1.51587  
2894  0.611245  
2895  0.469755  
2896  0.40627  
2897  0.756065  
2898  0.35814  
2899  0.532015  
2900  0.547469  
2901  0.315149  
2902  0.563469  
2903  0.503233  
2904  0.452114  
2905  0.925028  
2906  0.995293  
2907  1.06448  
2908  1.36319  
2909  0.602355  
2910  1.00542  
2911  1.39939  
2912  0.963113  
2913  1.53092  
2914  1.16086  
2915  0.87139  
2916  2.07498  
2917  1.20756  
2918  1.3049  
2919  0.670696  
2920  0.77773  
2921  0.830527  
2922  0.494116  
2923  2.11037  
2924  1.4213  
2925  1.18122  
2926  1.53043  
2927  0.865911  
2928  1.32717  
2929  1.98882  
2930  1.4901  
2931  1.17702  
2932  1.29647  
2933  0.866129  
2934  0.931123  
2935  1.67766  
2936  1.66472  
2937  0.695501  
2938  0.938585  
2939  1.39054  
2940  0.898026  
2941  1.16853  
2942  1.80263  
2943  2.34307  
2944  2.81404  
2945  2.40006  
2946  1.50515  
2947  1.30808  
2948  1.2589  
2949  2.43802  
2950  1.75691  
2951  0.778832  
2952  1.36049  
2953  1.6019  
2954  2.36917  
2955  1.72165  
2956  1.45681  
2957  2.28981  
2958  2.63267  
2959  2.61117  
2960  2.63387  
2961  2.04525  
2962  2.42765  
2963  2.49823  
2964  2.02372  
2965  1.93609  
2966  1.20554  
2967  2.00836  
2968  2.05439  
2969  1.54744  
2970  2.32675  
2971  2.39851  
2972  1.93452  
2973  1.61965  
2974  2.41358  
2975  1.39852  
2976  2.73749  
2977  1.91323  
2978  2.32163  
2979  2.85198  
2980  2.22277  
2981  4.22962  
2982  1.80412  
2983  1.48043  
2984  1.28737  
2985  1.28005  
2986  1.00074  
2987  1.47134  
2988  1.16137  
2989  2.05934  
2990  1.45606  
2991  1.45306  
2992  1.37736  
2993  0.578992  
2994  0.652855  
2995  0.588421  
2996  0.69719  
2997  0.626973  
2998  0.606148  
2999  0.540385  
3000  0.600932  
3001  0.465459  
3002  0.572068  
3003  0.731676  
3004  0.59316  
3005  0.916256  
3006  0.785601  
3007  0.805812  
3008  1.18204  
3009  1.03388  
3010  1.03531  
3011  1.50388  
3012  0.834701  
3013  1.12351  
3014  2.52662  
3015  0.898577  
3016  1.28645  
3017  1.21081  
3018  0.963659  
3019  0.948724  
3020  0.777781  
3021  0.633535  
3022  0.665381  
3023  0.947444  
3024  1.22663  
3025  1.42911  
3026  1.50032  
3027  1.18442  
3028  1.61735  
3029  1.15535  
3030  1.05878  
3031  1.41699  
3032  1.45097  
3033  1.52167  
3034  0.8023  
3035  1.18317  
3036  1.05882  
3037  1.44395  
3038  1.02345  
3039  0.84439  
3040  1.22915  
3041  1.35043  
3042  1.90175  
3043  1.79582  
3044  2.98601  
3045  1.1369  
3046  1.17087  
3047  2.1532  
3048  2.3651  
3049  1.79086  
3050  1.93493  
3051  1.34921  
3052  1.35025  
3053  1.15757  
3054  1.53827  
3055  2.52488  
3056  2.21029  
3057  1.65747  
3058  2.52438  
3059  1.64  
3060  1.52317  
3061  2.09665  
3062  3.28747  
3063  4.78058  
3064  3.59592  
3065  2.87206  
3066  1.9542  
3067  1.51343  
3068  2.33949  
3069  1.49302  
3070  1.94066  
3071  2.10107  
3072  3.55136  
3073  2.19641  
3074  1.48546  
3075  1.70323  
3076  2.8172  
3077  2.01375  
3078  2.07782  
3079  1.45805  
3080  1.69594  
3081  1.5672  
3082  1.46185  
3083  1.7932  
3084  1.47764  
3085  1.79872  
3086  1.60943  
3087  1.02763  
3088  1.88181  
3089  1.30196  
3090  1.97804  
3091  1.55781  
3092  0.790471  
3093  0.472945  
3094  0.726582  
3095  0.674846  
3096  1.02641  
3097  0.622048  
3098  0.691074  
3099  0.558817  
3100  0.688406  
3101  0.81149  
3102  0.666395  
3103  0.654398  
3104  0.409135  
3105  0.714495  
3106  1.00995  
3107  1.00133  
3108  0.832381  
3109  0.755993  
3110  1.24266  
3111  2.09195  
3112  1.16  
3113  1.09758  
3114  1.16358  
3115  0.793961  
3116  0.685191  
3117  1.37636  
3118  0.975053  
3119  0.820503  
3120  1.02553  
3121  0.787837  
3122  0.875515  
3123  2.04022  
3124  1.28222  
3125  2.07939  
3126  1.90229  
3127  1.7672  
3128  1.15215  
3129  1.19188  
3130  1.48304  
3131  1.58618  
3132  1.68937  
3133  1.17032  
3134  1.05952  
3135  0.969766  
3136  0.952104  
3137  0.739542  
3138  0.782359  
3139  1.43244  
3140  0.894568  
3141  1.11758  
3142  1.43235  
3143  0.843511  
3144  2.12997  
3145  1.48176  
3146  3.10783  
3147  2.11372  
3148  1.75372  
3149  2.074  
3150  1.1754  
3151  1.38773  
3152  1.43891  
3153  1.23881  
3154  1.95462  
3155  1.3944  
3156  1.32451  
3157  2.02081  
3158  1.86127  
3159  1.69637  
3160  2.20311  
3161  3.1673  
3162  4.27565  
3163  4.57276  
3164  3.32337  
3165  1.95549  
3166  4.3134  
3167  1.96513  
3168  1.61759  
3169  1.87962  
3170  2.05333  
3171  2.61809  
3172  3.6963  
3173  3.16338  
3174  1.10452  
3175  2.33376  
3176  1.6489  
3177  1.61035  
3178  2.08967  
3179  2.34792  
3180  0.754625  
3181  1.83445  
3182  1.69081  
3183  1.07845  
3184  1.30967  
3185  1.88692  
3186  1.61697  
3187  1.66458  
3188  1.19605  
3189  1.44882  
3190  1.47649  
3191  1.06947  
3192  0.983033  
3193  0.909746  
3194  0.62563  
3195  0.630718  
3196  0.529031  
3197  0.594705  
3198  0.565874  
3199  0.316659  
3200  0.427152  
3201  0.978266  
3202  0.844362  
3203  0.832089  
3204  0.614593  
3205  0.55105  
3206  1.33975  
3207  1.38558  
3208  0.658634  
3209  1.30189  
3210  1.09195  
3211  1.37151  
3212  0.738106  
3213  1.24672  
3214  1.06167  
3215  0.479622  
3216  0.820662  
3217  0.762674  
3218  0.634454  
3219  1.09561  
3220  1.07038  
3221  1.35155  
3222  1.42611  
3223  1.49703  
3224  1.18433  
3225  2.4273  
3226  1.57686  
3227  0.901472  
3228  1.06907  
3229  1.29429  
3230  1.27206  
3231  1.54777  
3232  1.95446  
3233  2.31095  
3234  1.4246  
3235  1.10693  
3236  1.32403  
3237  0.980485  
3238  0.957021  
3239  1.4614  
3240  1.16321  
3241  1.96689  
3242  1.20865  
3243  1.43707  
3244  1.97354  
3245  2.71236  
3246  1.66371  
3247  2.27326  
3248  2.96496  
3249  3.45781  
3250  1.41594  
3251  1.73478  
3252  2.78697  
3253  1.36339  
3254  2.22672  
3255  2.8727  
3256  1.66833  
3257  1.61787  
3258  1.57936  
3259  1.69734  
3260  4.63717  
3261  2.77588  
3262  3.33493  
3263  3.72344  
3264  3.34994  
3265  2.73704  
3266  2.26318  
3267  3.06114  
3268  3.71568  
3269  2.69323  
3270  2.88891  
3271  2.47272  
3272  1.88449  
3273  2.57022  
3274  1.84202  
3275  2.16156  
3276  2.21146  
3277  1.85304  
3278  2.02141  
3279  1.54621  
3280  1.85069  
3281  1.80694  
3282  0.969556  
3283  1.93532  
3284  1.646  
3285  1.04751  
3286  1.2037  
3287  1.14901  
3288  1.85846  
3289  1.06469  
3290  1.83169  
3291  0.784237  
3292  1.00389  
3293  0.454473  
3294  0.633895  
3295  0.492591  
3296  0.508338  
3297  0.41725  
3298  0.220584  
3299  0.331085  
3300  0.314829  
3301  0.760068  
3302  1.00118  
3303  1.1199  
3304  1.39645  
3305  0.774181  
3306  1.80256  
3307  1.54084  
3308  0.669736  
3309  1.46668  
3310  0.777516  
3311  1.68111  
3312  0.931559  
3313  1.88777  
3314  1.16606  
3315  1.04972  
3316  0.78487  
3317  0.805725  
3318  1.47198  
3319  1.09179  
3320  1.19103  
3321  2.36848  
3322  1.53761  
3323  1.06859  
3324  1.42307  
3325  1.22742  
3326  1.7441  
3327  2.11405  
3328  2.4081  
3329  1.77328  
3330  1.65716  
3331  1.27936  
3332  1.23678  
3333  1.75485  
3334  0.998489  
3335  0.989656  
3336  1.45473  
3337  1.33526  
3338  0.962205  
3339  0.923961  
3340  1.54025  
3341  1.47088  
3342  1.57102  
3343  1.20603  
3344  2.33048  
3345  1.96864  
3346  2.92333  
3347  2.62776  
3348  2.63005  
3349  3.45822  
3350  1.61611  
3351  1.30508  
3352  2.2678  
3353  2.18349  
3354  1.36064  
3355  2.40563  
3356  1.26604  
3357  2.05761  
3358  2.30784  
3359  2.0009  
3360  2.53503  
3361  3.46939  
3362  2.50197  
3363  5.67304  
3364  2.93844  
3365  1.36197  
3366  2.08752  
3367  2.64109  
3368  3.38464  
3369  2.97066  
3370  2.38742  
3371  2.8446  
3372  2.0128  
3373  2.66645  
3374  1.4233  
3375  2.68007  
3376  1.8788  
3377  1.27652  
3378  2.3767  
3379  1.88466  
3380  1.90946  
3381  1.69538  
3382  1.2205  
3383  1.0673  
3384  1.13916  
3385  1.15977  
3386  1.03592  
3387  2.63157  
3388  2.29663  
3389  1.35164  
3390  0.971838  
3391  1.18879  
3392  1.52387  
3393  0.459228  
3394  0.879737  
3395  0.556119  
3396  0.326625  
3397  0.185728  
3398  0.352975  
3399  0.235067  
3400  0.286091  
3401  0.665216  
3402  0.702195  
3403  0.681483  
3404  0.983453  
3405  0.547137  
3406  0.899499  
3407  0.818582  
3408  0.997748  
3409  0.684604  
3410  0.531346  
3411  1.5992  
3412  1.09815  
3413  1.47652  
3414  1.14376  
3415  1.66864  
3416  0.753172  
3417  0.655903  
3418  1.00757  
3419  0.901002  
3420  1.07589  
3421  1.66882  
3422  1.7657  
3423  1.86113  
3424  1.26002  
3425  1.63446  
3426  1.31849  
3427  1.30522  
3428  1.26119  
3429  1.88806  
3430  1.08113  
3431  1.69888  
3432  1.44685  
3433  1.44443  
3434  1.61859  
3435  0.835066  
3436  0.926093  
3437  1.40627  
3438  1.12352  
3439  1.65979  
3440  1.75976  
3441  1.38278  
3442  1.86385  
3443  1.98719  
3444  1.00094  
3445  1.27786  
3446  2.65761  
3447  1.25477  
3448  2.31303  
3449  1.91906  
3450  2.62361  
3451  2.07127  
3452  1.65424  
3453  1.71631  
3454  1.63027  
3455  1.6707  
3456  1.88463  
3457  1.44488  
3458  1.43382  
3459  1.85706  
3460  2.27114  
3461  2.38169  
3462  2.59075  
3463  5.27754  
3464  3.90586  
3465  2.58623  
3466  1.53268  
3467  4.57656  
3468  1.91666  
3469  2.73877  
3470  2.17017  
3471  2.55236  
3472  2.05953  
3473  2.42295  
3474  3.38122  
3475  1.80461  
3476  1.35735  
3477  1.74928  
3478  1.78285  
3479  1.98891  
3480  1.89494  
3481  2.56749  
3482  1.53948  
3483  2.3842  
3484  1.72252  
3485  1.40712  
3486  1.66746  
3487  1.20466  
3488  1.32834  
3489  1.24891  
3490  0.970423  
3491  1.20924  
3492  0.668383  
3493  0.395797  
3494  0.542106  
3495  0.363088  
3496  0.549876  
3497  0.387593  
3498  0.349935  
3499  0.231337  
3500  0.495838  
3501  0.622418  
3502  1.72051  
3503  1.40232  
3504  1.03764  
3505  1.01525  
3506  0.759354  
3507  1.25431  
3508  0.781256  
3509  0.806687  
3510  0.920657  
3511  1.23782  
3512  1.0637  
3513  1.0553  
3514  1.95715  
3515  1.8198  
3516  1.23603  
3517  0.949571  
3518  0.935965  
3519  2.13035  
3520  1.05088  
3521  0.839979  
3522  1.63067  
3523  1.42263  
3524  0.882658  
3525  1.53515  
3526  1.42875  
3527  1.31947  
3528  1.94203  
3529  1.30922  
3530  1.26123  
3531  1.2218  
3532  1.15252  
3533  1.12632  
3534  1.24857  
3535  0.796461  
3536  1.10337  
3537  1.79539  
3538  1.51715  
3539  1.14839  
3540  2.26417  
3541  2.05817  
3542  1.1079  
3543  1.65342  
3544  1.20686  
3545  0.997927  
3546  1.07806  
3547  1.89618  
3548  1.49084  
3549  1.44488  
3550  2.02877  
3551  1.81984  
3552  2.07628  
3553  1.14393  
3554  1.55504  
3555  2.23088  
3556  2.04765  
3557  1.3869  
3558  1.57935  
3559  1.32721  
3560  2.04818  
3561  1.62262  
3562  2.70703  
3563  2.14048  
3564  2.81597  
3565  2.28985  
3566  3.13465  
3567  3.35673  
3568  3.40663  
3569  2.06486  
3570  1.31714  
3571  1.55583  
3572  1.54349  
3573  2.21981  
3574  3.14865  
3575  1.08359  
3576  1.56027  
3577  2.89209  
3578  3.11138  
3579  1.15929  
3580  1.96277  
3581  2.69455  
3582  2.15228  
3583  1.85846  
3584  1.84483  
3585  1.05414  
3586  1.56643  
3587  1.1669  
3588  1.49247  
3589  0.902222  
3590  0.817087  
3591  0.749456  
3592  0.601114  
3593  0.594559  
3594  0.639513  
3595  0.627877  
3596  0.589136  
3597  0.424161  
3598  0.432591  
3599  0.372494  
3600  0.397137  
3601  0.799672  
3602  0.75919  
3603  0.847575  
3604  0.458599  
3605  0.861103  
3606  1.47277  
3607  1.0955  
3608  1.12394  
3609  0.731069  
3610  0.512768  
3611  0.786826  
3612  1.06363  
3613  1.37709  
3614  1.32544  
3615  1.50195  
3616  1.54972  
3617  1.16073  
3618  0.862581  
3619  1.02792  
3620  0.972619  
3621  1.7365  
3622  1.12921  
3623  1.03109  
3624  1.18537  
3625  1.84782  
3626  1.7041  
3627  1.41262  
3628  2.32971  
3629  1.16251  
3630  1.22256  
3631  1.47478  
3632  0.796584  
3633  1.52108  
3634  1.32154  
3635  1.18094  
3636  1.6021  
3637  1.50849  
3638  1.24435  
3639  1.26775  
3640  4.01024  
3641  2.99236  
3642  1.75879  
3643  2.31248  
3644  1.40047  
3645  1.63917  
3646  1.49047  
3647  1.17882  
3648  1.38485  
3649  1.24679  
3650  1.25084  
3651  1.28574  
3652  1.11198  
3653  1.55391  
3654  1.39455  
3655  2.39878  
3656  2.11568  
3657  2.75344  
3658  1.23359  
3659  2.1932  
3660  2.47924  
3661  2.96251  
3662  2.03135  
3663  2.9694  
3664  2.59643  
3665  2.25051  
3666  3.76559  
3667  3.33435  
3668  3.66805  
3669  1.87177  
3670  2.16927  
3671  0.85387  
3672  1.57137  
3673  1.28561  
3674  1.76657  
3675  1.52058  
3676  2.24894  
3677  2.3736  
3678  1.70813  
3679  1.23016  
3680  1.90555  
3681  1.34178  
3682  1.4031  
3683  1.67319  
3684  1.45089  
3685  1.7196  
3686  1.48239  
3687  1.40983  
3688  1.38776  
3689  1.21686  
3690  0.922159  
3691  0.37719  
3692  0.76827  
3693  0.887729  
3694  0.59065  
3695  0.451901  
3696  0.487919  
3697  0.427029  
3698  0.414969  
3699  0.330161  
3700  0.333129  
3701  0.477772  
3702  0.387109  
3703  0.551584  
3704  0.612548  
3705  0.533681  
3706  0.419487  
3707  1.20316  
3708  1.0645  
3709  0.791523  
3710  0.868651  
3711  0.978751  
3712  2.10597  
3713  1.18041  
3714  1.78206  
3715  0.948771  
3716  1.83643  
3717  1.38038  
3718  2.15287  
3719  1.30292  
3720  1.32844  
3721  1.22096  
3722  1.4212  
3723  2.58196  
3724  1.72068  
3725  1.59435  
3726  2.43009  
3727  2.21973  
3728  1.57348  
3729  1.9108  
3730  1.19565  
3731  0.95187  
3732  1.3945  
3733  1.98079  
3734  2.46627  
3735  1.11646  
3736  1.6546  
3737  1.33668  
3738  1.79482  
3739  1.28405  
3740  2.94993  
3741  2.01156  
3742  1.9463  
3743  2.64598  
3744  2.24462  
3745  1.64496  
3746  2.01814  
3747  1.95452  
3748  1.29418  
3749  1.12725  
3750  1.28969  
3751  0.727817  
3752  1.66019  
3753  1.28158  
3754  1.9214  
3755  1.70848  
3756  2.33028  
3757  2.55574  
3758  2.1833  
3759  2.25112  
3760  3.13386  
3761  2.13925  
3762  3.13012  
3763  1.93095  
3764  2.34815  
3765  2.09788  
3766  2.58007  
3767  1.48833  
3768  1.47847  
3769  2.80531  
3770  2.07438  
3771  1.60183  
3772  1.49601  
3773  1.24846  
3774  1.40293  
3775  2.30728  
3776  1.07739  
3777  1.24577  
3778  2.2953  
3779  2.27623  
3780  2.03807  
3781  1.03553  
3782  1.13257  
3783  1.10974  
3784  1.04887  
3785  1.97048  
3786  1.40836  
3787  2.31997  
3788  1.34207  
3789  1.15552  
3790  1.46443  
3791  0.650248  
3792  1.07373  
3793  0.566001  
3794  0.629663  
3795  0.60681  
3796  0.973842  
3797  0.941334  
3798  0.509776  
3799  0.490816  
3800  0.327244  
3801  0.478108  
3802  0.795256  
3803  0.501358  
3804  0.555603  
3805  0.719073  
3806  0.985492  
3807  1.26047  
3808  1.30017  
3809  1.50274  
3810  1.09838  
3811  1.45408  
3812  1.42848  
3813  1.82008  
3814  2.48994  
3815  1.69241  
3816  2.44556  
3817  0.664208  
3818  1.69493  
3819  2.39493  
3820  2.14599  
3821  2.26571  
3822  1.84271  
3823  1.96725  
3824  2.61487  
3825  2.61815  
3826  2.72147  
3827  2.62581  
3828  2.07787  
3829  2.87698  
3830  1.85666  
3831  1.44268  
3832  0.890217  
3833  1.27928  
3834  1.29178  
3835  2.44727  
3836  1.40624  
3837  2.68681  
3838  1.87942  
3839  1.93987  
3840  3.1603  
3841  1.87704  
3842  2.32479  
3843  1.69794  
3844  1.14399  
3845  1.33331  
3846  0.974734  
3847  0.796415  
3848  1.11121  
3849  1.4159  
3850  2.20732  
3851  1.75915  
3852  1.14119  
3853  0.934668  
3854  1.49816  
3855  1.45574  
3856  2.37154  
3857  1.68105  
3858  2.79272  
3859  2.28211  
3860  2.54901  
3861  1.82454  
3862  1.62976  
3863  3.60787  
3864  1.87668  
3865  1.86998  
3866  2.48138  
3867  1.79167  
3868  2.7137  
3869  1.35238  
3870  1.49697  
3871  1.31532  
3872  1.37618  
3873  1.71015  
3874  1.25632  
3875  0.984074  
3876  1.97582  
3877  2.3429  
3878  1.94589  
3879  1.54141  
3880  2.69126  
3881  1.5709  
3882  0.688025  
3883  0.777358  
3884  1.56219  
3885  1.12275  
3886  1.48451  
3887  1.25518  
3888  1.10584  
3889  1.55574  
3890  0.928914  
3891  0.740996  
3892  1.06232  
3893  0.731407  
3894  0.369282  
3895  0.552436  
3896  0.557887  
3897  0.547367  
3898  0.614332  
3899  0.393438  
3900  0.61415  
3901  0.321705  
3902  0.726525  
3903  0.746192  
3904  0.593154  
3905  0.499159  
3906  0.673609  
3907  1.99127  
3908  0.830844  
3909  1.75887  
3910  1.25356  
3911  1.98951  
3912  1.2458  
3913  1.4632  
3914  1.6317  
3915  1.3496  
3916  1.29873  
3917  1.11094  
3918  1.29574  
3919  2.21058  
3920  1.32475  
3921  1.59045  
3922  2.13735  
3923  3.82445  
3924  3.78698  
3925  3.88126  
3926  3.17106  
3927  3.9783  
3928  2.07236  
3929  1.18511  
3930  1.17535  
3931  1.38709  
3932  1.36235  
3933  1.98214  
3934  1.70466  
3935  2.59046  
3936  2.14483  
3937  2.10421  
3938  2.27735  
3939  2.12486  
3940  1.88212  
3941  2.06536  
3942  1.40127  
3943  1.43353  
3944  0.792357  
3945  1.21644  
3946  0.821794  
3947  0.771168  
3948  1.23481  
3949  1.27998  
3950  1.22888  
3951  1.42496  
3952  2.02811  
3953  1.51117  
3954  1.53892  
3955  1.96624  
3956  2.54203  
3957  1.43613  
3958  2.07559  
3959  2.09451  
3960  2.74693  
3961  1.95493  
3962  2.2801  
3963  2.9851  
3964  1.87742  
3965  1.52631  
3966  1.76817  
3967  1.8917  
3968  2.13803  
3969  1.25533  
3970  1.45543  
3971  2.28839  
3972  1.52538  
3973  1.91145  
3974  1.71914  
3975  2.28281  
3976  1.92983  
3977  2.38063  
3978  1.55665  
3979  0.782707  
3980  1.00559  
3981  1.21358  
3982  0.612852  
3983  0.904123  
3984  1.00998  
3985  1.25629  
3986  1.08436  
3987  2.17899  
3988  1.43881  
3989  1.25643  
3990  1.2766  
3991  0.895234  
3992  0.867983  
3993  1.09179  
3994  0.639664  
3995  0.493579  
3996  0.679988  
3997  0.540237  
3998  0.701518  
3999  0.582192  
4000  0.496988  
4001  0.679944  
4002  0.512225  
4003  0.471799  
4004  1.02687  
4005  0.725527  
4006  0.695019  
4007  0.772388  
4008  1.67965  
4009  1.71142  
4010  2.50087  
4011  2.55205  
4012  1.35733  
4013  1.65486  
4014  1.53939  
4015  1.36065  
4016  1.78672  
4017  1.75245  
4018  2.49472  
4019  1.17896  
4020  1.06625  
4021  1.22747  
4022  2.89629  
4023  3.36973  
4024  3.6849  
4025  3.33397  
4026  2.68949  
4027  2.29655  
4028  2.69381  
4029  2.74647  
4030  1.63761  
4031  1.57955  
4032  1.04639  
4033  1.42818  
4034  2.07301  
4035  1.76963  
4036  2.03942  
4037  4.39632  
4038  2.71558  
4039  1.15709  
4040  1.73601  
4041  2.25358  
4042  1.60623  
4043  1.4528  
4044  1.01274  
4045  0.946015  
4046  0.843721  
4047  0.923054  
4048  1.02728  
4049  1.05682  
4050  1.3742  
4051  1.39261  
4052  1.32653  
4053  1.0761  
4054  1.91035  
4055  1.83175  
4056  1.33346  
4057  2.35894  
4058  1.98027  
4059  2.1946  
4060  2.90185  
4061  2.4426  
4062  3.68139  
4063  2.12319  
4064  2.02974  
4065  2.28967  
4066  2.80159  
4067  1.81278  
4068  1.53896  
4069  1.59897  
4070  1.83262  
4071  1.97477  
4072  1.71171  
4073  2.40819  
4074  2.06496  
4075  3.09757  
4076  2.00103  
4077  1.53108  
4078  1.59246  
4079  0.984541  
4080  1.33504  
4081  1.08665  
4082  0.908387  
4083  0.732726  
4084  0.767202  
4085  1.11796  
4086  1.63514  
4087  1.4637  
4088  0.984766  
4089  0.990352  
4090  0.566142  
4091  0.863376  
4092  0.617596  
4093  0.524048  
4094  0.978962  
4095  0.700765  
4096  0.694572  
4097  0.408666  
4098  0.343742  
4099  0.481555  
4100  0.718066  
4101  0.365648  
4102  0.728974  
4103  0.36948  
4104  0.67643  
4105  0.621415  
4106  0.818019  
4107  0.970511  
4108  1.28301  
4109  1.50943  
4110  1.35968  
4111  2.17114  
4112  1.98884  
4113  2.16729  
4114  1.78566  
4115  2.30641  
4116  2.24676  
4117  1.03379  
4118  1.93844  
4119  1.25494  
4120  1.43369  
4121  1.24667  
4122  1.67357  
4123  2.30103  
4124  2.77705  
4125  3.35775  
4126  1.81518  
4127  2.45203  
4128  3.47624  
4129  1.54769  
4130  2.03915  
4131  1.69225  
4132  1.3639  
4133  1.7508  
4134  2.01608  
4135  2.80234  
4136  3.24312  
4137  1.76365  
4138  2.26595  
4139  2.23255  
4140  1.55784  
4141  1.15934  
4142  1.36405  
4143  2.05983  
4144  0.924328  
4145  0.948383  
4146  0.849423  
4147  0.889511  
4148  1.27885  
4149  1.03492  
4150  2.25585  
4151  1.71901  
4152  1.2474  
4153  1.63096  
4154  1.58483  
4155  1.30022  
4156  1.47616  
4157  3.11604  
4158  3.61268  
4159  3.15316  
4160  4.25253  
4161  1.85695  
4162  4.00305  
4163  2.05715  
4164  2.92649  
4165  2.5538  
4166  1.47897  
4167  1.96621  
4168  1.64736  
4169  1.18097  
4170  1.06044  
4171  2.85222  
4172  1.90284  
4173  2.51664  
4174  3.05472  
4175  2.42289  
4176  2.76172  
4177  2.00573  
4178  0.842456  
4179  1.24886  
4180  0.797056  
4181  1.60771  
4182  1.11086  
4183  0.490139  
4184  0.556706  
4185  0.929676  
4186  0.822378  
4187  1.28432  
4188  1.48678  
4189  0.86746  
4190  0.75807  
4191  1.09604  
4192  0.853602  
4193  0.720399  
4194  0.542685  
4195  0.957529  
4196  0.782044  
4197  0.861703  
4198  0.456954  
4199  0.380086  
4200  0.644997  
4201  0.424481  
4202  0.677552  
4203  0.739663  
4204  0.623245  
4205  1.01051  
4206  0.533735  
4207  0.852547  
4208  0.754516  
4209  1.28955  
4210  1.54205  
4211  2.07997  
4212  1.60129  
4213  2.11155  
4214  3.50709  
4215  1.88437  
4216  2.21618  
4217  2.34542  
4218  1.75168  
4219  1.67844  
4220  1.48803  
4221  1.70285  
4222  1.56487  
4223  2.47446  
4224  2.52579  
4225  2.50359  
4226  3.03563  
4227  1.4662  
4228  2.27147  
4229  2.97611  
4230  1.78495  
4231  2.3125  
4232  1.64347  
4233  2.1932  
4234  1.65296  
4235  1.69425  
4236  2.18898  
4237  1.95335  
4238  2.1241  
4239  2.24532  
4240  2.98933  
4241  2.34508  
4242  1.75831  
4243  1.51909  
4244  1.5891  
4245  2.21114  
4246  0.821357  
4247  0.822189  
4248  1.05539  
4249  1.1836  
4250  2.59322  
4251  1.62073  
4252  2.11924  
4253  3.16301  
4254  2.27184  
4255  2.64696  
4256  3.1697  
4257  3.05091  
4258  3.65314  
4259  2.46535  
4260  3.3233  
4261  2.42194  
4262  3.08793  
4263  2.12959  
4264  1.94644  
4265  2.79364  
4266  1.689  
4267  2.87216  
4268  1.98864  
4269  1.77091  
4270  2.57606  
4271  2.51761  
4272  5.3602  
4273  3.40887  
4274  2.43116  
4275  1.43765  
4276  1.95082  
4277  1.59931  
4278  1.3829  
4279  0.86945  
4280  1.66223  
4281  1.46956  
4282  0.663634  
4283  0.700108  
4284  0.908764  
4285  1.02431  
4286  0.718624  
4287  0.982457  
4288  1.31572  
4289  0.905047  
4290  0.853802  
4291  1.58034  
4292  0.562043  
4293  0.727056  
4294  0.723964  
4295  0.94015  
4296  1.04759  
4297  1.16214  
4298  0.6407  
4299  0.521602  
4300  0.573094  
4301  0.790065  
4302  0.615598  
4303  0.313181  
4304  0.478453  
4305  0.565764  
4306  0.90192  
4307  0.542084  
4308  0.642771  
4309  0.928441  
4310  1.06301  
4311  1.76526  
4312  1.49722  
4313  1.95388  
4314  1.65769  
4315  2.14087  
4316  2.09125  
4317  1.51355  
4318  2.73999  
4319  2.67429  
4320  0.834802  
4321  1.02275  
4322  1.13575  
4323  1.0282  
4324  2.2682  
4325  2.17198  
4326  1.81288  
4327  1.91476  
4328  3.23963  
4329  2.79302  
4330  2.25839  
4331  1.8476  
4332  1.24712  
4333  1.50569  
4334  1.6037  
4335  1.18741  
4336  3.1976  
4337  1.6068  
4338  2.11869  
4339  1.95722  
4340  1.80208  
4341  2.59945  
4342  1.63825  
4343  1.87628  
4344  1.7699  
4345  1.42085  
4346  0.859963  
4347  1.39659  
4348  1.67901  
4349  1.28392  
4350  1.80392  
4351  1.35146  
4352  2.07402  
4353  2.29824  
4354  1.57602  
4355  1.73024  
4356  2.96782  
4357  3.51133  
4358  2.9268  
4359  2.55895  
4360  6.93106  
4361  4.07803  
4362  2.47988  
4363  2.82084  
4364  2.7231  
4365  1.59098  
4366  1.88874  
4367  3.3975  
4368  1.32552  
4369  2.42777  
4370  1.6306  
4371  2.332  
4372  2.5296  
4373  3.3877  
4374  2.22531  
4375  1.33967  
4376  1.72392  
4377  1.33779  
4378  1.35671  
4379  1.28848  
4380  0.906618  
4381  0.640744  
4382  0.543131  
4383  1.28995  
4384  1.13702  
4385  0.627533  
4386  0.51234  
4387  0.93406  
4388  1.20933  
4389  0.998602  
4390  1.85678  
4391  0.754299  
4392  0.781954  
4393  1.12794  
4394  1.0999  
4395  0.780013  
4396  0.978349  
4397  0.726215  
4398  0.64577  
4399  0.797548  
4400  0.61151  
4401  0.402169  
4402  0.803321  
4403  0.567583  
4404  0.788113  
4405  0.5765  
4406  0.998411  
4407  1.05373  
4408  1.21753  
4409  1.10213  
4410  0.791138  
4411  1.24426  
4412  1.32155  
4413  1.73374  
4414  1.12907  
4415  1.67908  
4416  1.73882  
4417  1.45835  
4418  1.99872  
4419  1.87196  
4420  2.20385  
4421  0.994753  
4422  1.32666  
4423  1.49565  
4424  1.73227  
4425  1.38445  
4426  2.36537  
4427  2.0777  
4428  4.60921  
4429  5.81962  
4430  3.32905  
4431  2.26841  
4432  2.94522  
4433  2.50739  
4434  1.75341  
4435  1.67334  
4436  2.20068  
4437  1.90111  
4438  2.95269  
4439  2.05176  
4440  1.30629  
4441  2.37534  
4442  1.85138  
4443  2.38019  
4444  1.68101  
4445  1.33867  
4446  1.20372  
4447  1.73905  
4448  1.98813  
4449  2.04957  
4450  1.69092  
4451  2.31004  
4452  1.65462  
4453  2.40859  
4454  2.54363  
4455  3.21457  
4456  3.49844  
4457  2.60638  
4458  4.332  
4459  2.5936  
4460  2.28506  
4461  5.2328  
4462  1.79352  
4463  2.76957  
4464  3.66527  
4465  3.1162  
4466  2.56472  
4467  2.06937  
4468  2.18454  
4469  2.12589  
4470  2.64389  
4471  1.68263  
4472  2.65549  
4473  2.77883  
4474  1.70058  
4475  1.80851  
4476  1.25248  
4477  1.84258  
4478  1.09044  
4479  0.807157  
4480  0.996686  
4481  0.857031  
4482  0.835321  
4483  1.13848  
4484  0.889177  
4485  0.691889  
4486  0.960838  
4487  0.88779  
4488  1.15159  
4489  1.63187  
4490  0.987115  
4491  1.00665  
4492  1.24634  
4493  0.599036  
4494  1.00546  
4495  0.7928  
4496  1.07145  
4497  1.25887  
4498  0.586969  
4499  0.656011  
4500  0.26282  
4501  0.288652  
4502  0.7494  
4503  1.34778  
4504  1.6903  
4505  0.76885  
4506  0.788784  
4507  0.847299  
4508  1.46553  
4509  1.26395  
4510  1.19881  
4511  1.37852  
4512  1.88311  
4513  1.33155  
4514  1.11688  
4515  0.888444  
4516  1.57586  
4517  1.26126  
4518  1.06305  
4519  1.28149  
4520  0.895023  
4521  1.25271  
4522  1.89983  
4523  1.44699  
4524  1.99838  
4525  1.88659  
4526  1.63497  
4527  2.50095  
4528  4.12735  
4529  4.66861  
4530  2.90909  
4531  3.77516  
4532  1.41716  
4533  1.62087  
4534  1.96728  
4535  1.69866  
4536  1.71826  
4537  1.4256  
4538  2.1877  
4539  1.45201  
4540  1.90593  
4541  1.56123  
4542  1.90608  
4543  1.46596  
4544  2.22354  
4545  2.54849  
4546  1.51847  
4547  1.55522  
4548  1.19623  
4549  2.3366  
4550  3.29263  
4551  2.24708  
4552  4.15408  
4553  2.42667  
4554  2.42704  
4555  3.31016  
4556  3.10383  
4557  2.36987  
4558  2.30182  
4559  3.5112  
4560  1.9821  
4561  2.60451  
4562  2.19686  
4563  2.91716  
4564  2.37904  
4565  2.1999  
4566  1.64336  
4567  1.99348  
4568  3.33844  
4569  1.38898  
4570  1.97622  
4571  2.17708  
4572  2.75471  
4573  1.68576  
4574  2.22347  
4575  2.04076  
4576  1.23508  
4577  1.26851  
4578  1.1772  
4579  0.95167  
4580  0.944056  
4581  0.793529  
4582  0.87294  
4583  0.968532  
4584  0.756647  
4585  0.71077  
4586  0.757691  
4587  1.32606  
4588  1.14723  
4589  1.40606  
4590  1.27302  
4591  1.31418  
4592  1.27912  
4593  1.59488  
4594  0.957988  
4595  0.628864  
4596  0.84178  
4597  0.770529  
4598  0.622187  
4599  0.426798  
4600  0.408497  
4601  0.353105  
4602  0.459669  
4603  0.633573  
4604  1.05285  
4605  0.868158  
4606  0.854927  
4607  1.13827  
4608  1.24708  
4609  2.63308  
4610  1.03741  
4611  1.2806  
4612  0.88529  
4613  1.31973  
4614  1.24974  
4615  1.04478  
4616  0.900863  
4617  0.670916  
4618  0.806988  
4619  0.927048  
4620  1.41509  
4621  1.74622  
4622  2.27141  
4623  1.58178  
4624  1.57114  
4625  1.81341  
4626  2.40052  
4627  3.85054  
4628  2.89918  
4629  3.23965  
4630  2.56477  
4631  2.46622  
4632  2.2588  
4633  1.66971  
4634  2.19187  
4635  1.74967  
4636  1.66703  
4637  1.58309  
4638  0.95055  
4639  2.99916  
4640  1.6659  
4641  2.08121  
4642  2.67956  
4643  1.81593  
4644  2.09873  
4645  1.8371  
4646  1.48471  
4647  2.40748  
4648  1.49525  
4649  1.82127  
4650  2.15723  
4651  1.94009  
4652  2.83211  
4653  3.29216  
4654  2.29689  
4655  2.92904  
4656  2.90022  
4657  3.16053  
4658  3.55161  
4659  2.47635  
4660  1.65712  
4661  1.88403  
4662  1.95679  
4663  2.01268  
4664  2.84965  
4665  2.10341  
4666  1.72695  
4667  1.69123  
4668  1.26301  
4669  1.74237  
4670  2.09744  
4671  2.19039  
4672  2.0562  
4673  1.96235  
4674  1.62924  
4675  1.33419  
4676  1.02128  
4677  1.19811  
4678  0.866704  
4679  1.03677  
4680  1.05735  
4681  0.816912  
4682  0.761528  
4683  1.1222  
4684  0.969683  
4685  1.18756  
4686  1.03182  
4687  1.35455  
4688  1.08696  
4689  0.872306  
4690  1.04299  
4691  1.77293  
4692  0.938256  
4693  0.900696  
4694  1.05087  
4695  0.519128  
4696  0.645828  
4697  0.815293  
4698  0.405364  
4699  0.371172  
4700  0.521699  
4701  0.894337  
4702  0.929597  
4703  0.699258  
4704  1.16037  
4705  0.760813  
4706  0.538228  
4707  0.87428  
4708  1.27504  
4709  1.38465  
4710  1.14796  
4711  1.64606  
4712  1.40278  
4713  0.863503  
4714  1.23624  
4715  0.86091  
4716  1.4451  
4717  0.604124  
4718  1.30038  
4719  1.2396  
4720  1.43426  
4721  1.93676  
4722  1.34594  
4723  1.0909  
4724  1.45684  
4725  1.41381  
4726  3.14016  
4727  2.7893  
4728  4.84618  
4729  4.15458  
4730  3.22357  
4731  2.4661  
4732  3.22715  
4733  2.24722  
4734  1.95613  
4735  1.30481  
4736  1.53129  
4737  1.64185  
4738  2.23669  
4739  1.3738  
4740  1.17961  
4741  2.01971  
4742  2.1627  
4743  1.76749  
4744  1.32087  
4745  1.52187  
4746  1.54785  
4747  1.43399  
4748  3.4937  
4749  1.88837  
4750  1.82469  
4751  1.41283  
4752  2.26143  
4753  2.22514  
4754  1.67942  
4755  3.09399  
4756  3.75626  
4757  4.11616  
4758  2.33563  
4759  2.68483  
4760  2.22846  
4761  2.57339  
4762  3.36226  
4763  2.37518  
4764  2.22865  
4765  1.60727  
4766  2.40198  
4767  2.51091  
4768  2.11168  
4769  2.56713  
4770  3.9916  
4771  2.16331  
4772  3.37104  
4773  1.66666  
4774  1.43142  
4775  0.868785  
4776  1.35723  
4777  1.04105  
4778  0.868627  
4779  0.890459  
4780  0.755024  
4781  1.20523  
4782  0.936042  
4783  0.836223  
4784  0.792623  
4785  1.09329  
4786  0.583973  
4787  1.18518  
4788  0.935359  
4789  2.19173  
4790  0.723864  
4791  1.0067  
4792  0.782557  
4793  1.09439  
4794  0.740435  
4795  0.715229  
4796  0.812841  
4797  0.541675  
4798  1.03365  
4799  0.552701  
4800  0.431523  
4801  0.865381  
4802  0.623162  
4803  0.520756  
4804  0.812499  
4805  0.541905  
4806  0.788425  
4807  0.990172  
4808  0.920913  
4809  0.724378  
4810  1.07079  
4811  1.49114  
4812  1.01959  
4813  1.57823  
4814  1.03397  
4815  1.01039  
4816  0.668003  
4817  1.22806  
4818  1.37339  
4819  1.08964  
4820  1.02531  
4821  1.56572  
4822  1.59014  
4823  2.39371  
4824  1.25829  
4825  1.1307  
4826  1.53303  
4827  2.88361  
4828  4.3374  
4829  4.40716  
4830  3.86242  
4831  2.83903  
4832  2.63045  
4833  3.14764  
4834  2.56504  
4835  2.14355  
4836  1.41951  
4837  2.13029  
4838  1.59697  
4839  1.21985  
4840  1.92346  
4841  2.08578  
4842  2.02747  
4843  1.91104  
4844  1.39639  
4845  1.64444  
4846  1.8966  
4847  2.46142  
4848  1.19985  
4849  3.07068  
4850  1.81771  
4851  2.66487  
4852  1.29632  
4853  2.36143  
4854  2.29104  
4855  3.6409  
4856  2.89078  
4857  2.34737  
4858  3.71972  
4859  2.24037  
4860  2.01182  
4861  3.62975  
4862  1.63674  
4863  1.96628  
4864  1.70418  
4865  1.46228  
4866  1.65459  
4867  1.71719  
4868  2.76083  
4869  1.95582  
4870  3.23484  
4871  8.04078  
4872  3.23106  
4873  1.76996  
4874  1.67346  
4875  1.52252  
4876  0.921449  
4877  0.990066  
4878  0.772136  
4879  0.917614  
4880  0.665207  
4881  1.00471  
4882  0.818333  
4883  1.31013  
4884  0.820556  
4885  0.879464  
4886  0.694195  
4887  1.12421  
4888  0.56135  
4889  1.20199  
4890  1.13493  
4891  0.968053  
4892  1.28537  
4893  0.898678  
4894  0.758213  
4895  1.07716  
4896  1.78065  
4897  0.542923  
4898  0.371466  
4899  0.466794  
4900  0.437289  
4901  0.484577  
4902  0.415462  
4903  0.775255  
4904  0.874083  
4905  0.991387  
4906  0.665209  
4907  0.586343  
4908  0.695377  
4909  0.64991  
4910  1.42407  
4911  0.666582  
4912  0.98244  
4913  1.6735  
4914  1.73011  
4915  1.07575  
4916  0.770815  
4917  0.860135  
4918  1.14756  
4919  1.51835  
4920  1.29476  
4921  1.17971  
4922  1.31923  
4923  1.46333  
4924  1.43762  
4925  2.35692  
4926  2.61273  
4927  1.73504  
4928  4.69689  
4929  2.13562  
4930  2.70151  
4931  3.83394  
4932  2.28516  
4933  3.11844  
4934  3.66115  
4935  1.92471  
4936  2.20524  
4937  3.31574  
4938  2.64441  
4939  3.31163  
4940  2.02125  
4941  2.83581  
4942  2.08219  
4943  1.66755  
4944  2.12226  
4945  2.38532  
4946  1.52738  
4947  1.25641  
4948  1.56064  
4949  1.61876  
4950  2.11727  
4951  2.38217  
4952  1.21649  
4953  2.45726  
4954  3.70148  
4955  3.09965  
4956  2.4576  
4957  3.078  
4958  2.31409  
4959  4.61212  
4960  2.83431  
4961  2.92406  
4962  2.84454  
4963  2.49515  
4964  2.29841  
4965  2.41457  
4966  1.14501  
4967  2.16897  
4968  1.37221  
4969  3.03151  
4970  1.83203  
4971  2.10457  
4972  2.10728  
4973  2.34234  
4974  1.07867  
4975  1.13586  
4976  1.29081  
4977  0.891897  
4978  1.51105  
4979  1.15357  
4980  1.33641  
4981  1.16958  
4982  1.02529  
4983  1.28562  
4984  0.817248  
4985  0.451075  
4986  0.446822  
4987  0.55191  
4988  1.10463  
4989  1.28246  
4990  1.1171  
4991  0.649896  
4992  0.874244  
4993  0.640978  
4994  1.02712  
4995  1.15844  
4996  0.898879  
4997  0.682193  
4998  0.969565  
4999  0.458167  
5000  0.525678  
5001  0.274309  
5002  0.2972  
5003  0.73536  
5004  0.832516  
5005  0.632284  
5006  1.12028  
5007  0.455931  
5008  0.748023  
5009  1.39863  
5010  1.13359  
5011  1.12504  
5012  1.00892  
5013  1.07595  
5014  1.64305  
5015  1.12513  
5016  2.15787  
5017  1.26009  
5018  1.80277  
5019  0.870391  
5020  1.82155  
5021  1.35607  
5022  2.36521  
5023  2.40332  
5024  2.49438  
5025  3.84955  
5026  2.1536  
5027  2.90675  
5028  3.65534  
5029  2.6567  
5030  2.0146  
5031  2.51275  
5032  5.16397  
5033  3.90564  
5034  2.89744  
5035  2.65222  
5036  2.85556  
5037  2.8595  
5038  3.18966  
5039  2.45214  
5040  2.65435  
5041  3.32205  
5042  2.66128  
5043  1.88067  
5044  2.4653  
5045  1.92621  
5046  3.16257  
5047  2.34314  
5048  1.76467  
5049  2.21558  
5050  2.32718  
5051  2.02491  
5052  1.94285  
5053  2.27891  
5054  2.62234  
5055  2.97279  
5056  2.58769  
5057  1.77904  
5058  2.25103  
5059  2.36013  
5060  2.80301  
5061  2.1203  
5062  3.14395  
5063  2.19968  
5064  1.95418  
5065  1.90639  
5066  1.32043  
5067  1.98424  
5068  1.39531  
5069  2.49398  
5070  2.64211  
5071  2.35543  
5072  2.33496  
5073  1.70701  
5074  1.53972  
5075  1.72194  
5076  1.00717  
5077  1.21205  
5078  0.882695  
5079  1.68508  
5080  0.674826  
5081  0.83341  
5082  1.48768  
5083  0.745292  
5084  0.761807  
5085  0.740412  
5086  0.452443  
5087  0.932396  
5088  0.86054  
5089  0.799667  
5090  1.155  
5091  0.988925  
5092  0.944019  
5093  0.822578  
5094  1.30472  
5095  0.660706  
5096  0.634197  
5097  0.496122  
5098  0.549802  
5099  0.737729  
5100  0.662689  
5101  0.440487  
5102  0.720019  
5103  0.844068  
5104  1.08357  
5105  1.11022  
5106  0.904925  
5107  0.99121  
5108  0.822403  
5109  0.977494  
5110  1.13909  
5111  0.717729  
5112  0.771156  
5113  0.992803  
5114  2.5484  
5115  1.10415  
5116  1.4352  
5117  1.3736  
5118  1.22055  
5119  0.873294  
5120  1.20596  
5121  1.97606  
5122  2.63531  
5123  2.3026  
5124  2.44835  
5125  2.55569  
5126  3.29965  
5127  3.16928  
5128  3.34702  
5129  2.89413  
5130  2.21782  
5131  3.11851  
5132  2.55692  
5133  3.22334  
5134  3.33064  
5135  4.01906  
5136  3.35418  
5137  3.42904  
5138  2.70127  
5139  2.95768  
5140  2.15014  
5141  3.19984  
5142  2.85775  
5143  3.16565  
5144  2.76182  
5145  2.49294  
5146  2.37653  
5147  1.91093  
5148  1.3339  
5149  1.65153  
5150  1.72154  
5151  2.01035  
5152  2.33464  
5153  2.26431  
5154  3.07218  
5155  1.98259  
5156  1.82742  
5157  1.82698  
5158  1.67024  
5159  2.13766  
5160  2.14398  
5161  2.4993  
5162  3.14209  
5163  2.07505  
5164  1.94724  
5165  1.86525  
5166  1.51971  
5167  2.02771  
5168  2.18577  
5169  1.16205  
5170  1.71048  
5171  1.36483  
5172  1.25224  
5173  1.51964  
5174  1.51212  
5175  1.86852  
5176  1.29209  
5177  0.750289  
5178  1.13349  
5179  0.964211  
5180  0.940793  
5181  0.914426  
5182  0.989529  
5183  0.943541  
5184  0.98509  
5185  1.52691  
5186  0.561442  
5187  0.713459  
5188  0.900539  
5189  0.935816  
5190  0.706694  
5191  0.991294  
5192  0.942381  
5193  0.84803  
5194  1.20736  
5195  0.866256  
5196  1.00544  
5197  0.433232  
5198  0.37743  
5199  0.746803  
5200  0.539344  
5201  0.539357  
5202  0.639439  
5203  0.637925  
5204  0.873291  
5205  1.4226  
5206  0.942677  
5207  1.04264  
5208  0.898026  
5209  1.08336  
5210  0.754576  
5211  0.754448  
5212  1.2423  
5213  0.686518  
5214  1.78605  
5215  1.4215  
5216  0.740866  
5217  0.943016  
5218  1.02448  
5219  1.03644  
5220  1.40688  
5221  1.40766  
5222  2.42494  
5223  2.66515  
5224  2.76825  
5225  3.53514  
5226  2.22247  
5227  2.77849  
5228  2.17466  
5229  2.60392  
5230  5.56586  
5231  3.94752  
5232  4.91725  
5233  3.32989  
5234  3.56739  
5235  4.27011  
5236  3.11494  
5237  3.51592  
5238  3.14797  
5239  2.60316  
5240  2.22481  
5241  2.92903  
5242  2.07899  
5243  2.09205  
5244  2.85248  
5245  2.05904  
5246  2.51777  
5247  1.78597  
5248  1.57681  
5249  2.19037  
5250  1.01612  
5251  1.64291  
5252  2.15842  
5253  2.32183  
5254  1.94934  
5255  1.74479  
5256  1.54445  
5257  0.86572  
5258  1.4461  
5259  3.92749  
5260  2.20335  
5261  3.04194  
5262  2.11665  
5263  2.63311  
5264  2.73285  
5265  1.34176  
5266  1.95422  
5267  2.07622  
5268  1.13784  
5269  1.45834  
5270  1.43242  
5271  1.94646  
5272  1.82212  
5273  1.84971  
5274  1.88797  
5275  2.46594  
5276  2.36381  
5277  1.46356  
5278  1.72855  
5279  1.5196  
5280  1.55534  
5281  1.0986  
5282  1.26468  
5283  1.36383  
5284  0.730852  
5285  0.753565  
5286  0.990102  
5287  0.855169  
5288  1.035  
5289  1.10004  
5290  1.06081  
5291  0.872359  
5292  0.856116  
5293  0.842863  
5294  1.19598  
5295  0.610706  
5296  1.05396  
5297  0.503471  
5298  0.291886  
5299  0.443859  
5300  0.497346  
5301  0.767325  
5302  0.952782  
5303  0.986985  
5304  0.820006  
5305  0.614848  
5306  0.812142  
5307  0.897626  
5308  0.42057  
5309  0.826281  
5310  0.720089  
5311  0.702186  
5312  0.774096  
5313  0.940199  
5314  2.03365  
5315  1.55788  
5316  1.71542  
5317  0.882932  
5318  1.09589  
5319  1.43638  
5320  1.61421  
5321  1.86102  
5322  2.1381  
5323  3.41049  
5324  3.23709  
5325  2.8789  
5326  1.75403  
5327  3.43993  
5328  2.71406  
5329  3.32758  
5330  4.75002  
5331  4.65657  
5332  3.87734  
5333  2.8605  
5334  5.26831  
5335  3.64364  
5336  4.32999  
5337  3.23859  
5338  2.44736  
5339  2.79327  
5340  2.04589  
5341  3.8931  
5342  3.12684  
5343  3.69668  
5344  4.46427  
5345  2.86337  
5346  3.9635  
5347  1.81224  
5348  1.62577  
5349  1.72133  
5350  2.21182  
5351  1.30415  
5352  2.07613  
5353  2.00819  
5354  1.80486  
5355  1.83851  
5356  1.50006  
5357  0.879524  
5358  1.94238  
5359  2.56062  
5360  1.33736  
5361  1.74124  
5362  2.8204  
5363  2.89929  
5364  1.52879  
5365  1.63896  
5366  1.43748  
5367  1.46922  
5368  1.49793  
5369  1.08672  
5370  1.1558  
5371  2.22566  
5372  2.70461  
5373  1.4066  
5374  1.88497  
5375  2.61961  
5376  2.66958  
5377  1.72015  
5378  1.19001  
5379  1.69206  
5380  2.49711  
5381  1.45175  
5382  0.856513  
5383  0.729684  
5384  1.51273  
5385  0.890337  
5386  1.00327  
5387  1.03025  
5388  1.09349  
5389  0.966239  
5390  0.703878  
5391  0.929023  
5392  0.597755  
5393  0.960455  
5394  1.13844  
5395  0.837732  
5396  0.577687  
5397  0.491772  
5398  0.502369  
5399  0.330588  
5400  0.60331  
5401  0.871847  
5402  1.222  
5403  1.66656  
5404  1.35584  
5405  0.636033  
5406  1.04669  
5407  0.43705  
5408  0.728039  
5409  0.666004  
5410  1.21023  
5411  0.631655  
5412  0.450023  
5413  1.3734  
5414  1.65053  
5415  1.02164  
5416  1.07607  
5417  1.99077  
5418  0.947356  
5419  0.956018  
5420  1.64629  
5421  1.99073  
5422  1.92205  
5423  2.13128  
5424  2.65373  
5425  1.59886  
5426  1.91329  
5427  1.58611  
5428  2.17912  
5429  2.71877  
5430  4.62694  
5431  3.55268  
5432  2.42764  
5433  2.35507  
5434  4.06426  
5435  2.76926  
5436  3.45896  
5437  3.04737  
5438  3.79689  
5439  2.12864  
5440  4.63261  
5441  2.88855  
5442  1.4572  
5443  2.90658  
5444  4.48623  
5445  2.70036  
5446  2.84956  
5447  2.42874  
5448  2.12951  
5449  4.92398  
5450  0.978339  
5451  1.76687  
5452  1.73424  
5453  1.98881  
5454  2.5775  
5455  2.62404  
5456  2.16886  
5457  0.999378  
5458  1.83872  
5459  2.08194  
5460  1.88941  
5461  1.74696  
5462  2.59232  
5463  1.78929  
5464  2.05331  
5465  2.59305  
5466  2.10896  
5467  1.73804  
5468  1.73622  
5469  1.69139  
5470  2.42407  
5471  1.29702  
5472  1.94621  
5473  1.5926  
5474  2.59577  
5475  3.03605  
5476  2.53256  
5477  2.01707  
5478  1.54713  
5479  1.99767  
5480  0.867278  
5481  1.41818  
5482  0.952444  
5483  1.91396  
5484  1.46988  
5485  1.3887  
5486  1.13057  
5487  1.0447  
5488  1.26885  
5489  1.06551  
5490  1.10318  
5491  0.885334  
5492  0.730696  
5493  1.2161  
5494  0.901342  
5495  0.577761  
5496  0.349707  
5497  0.281302  
5498  0.570617  
5499  0.417944  
5500  0.740569  
5501  1.06063  
5502  0.666946  
5503  0.713858  
5504  0.988554  
5505  0.716781  
5506  1.41016  
5507  0.778955  
5508  0.613265  
5509  0.529756  
5510  0.382368  
5511  0.556568  
5512  0.683088  
5513  0.913013  
5514  1.90466  
5515  1.28055  
5516  1.15282  
5517  1.51253  
5518  1.93261  
5519  1.4926  
5520  2.28168  
5521  2.14542  
5522  2.19556  
5523  3.66216  
5524  1.68009  
5525  2.20498  
5526  1.88882  
5527  1.54922  
5528  3.33264  
5529  4.07914  
5530  2.69583  
5531  4.58233  
5532  3.24511  
5533  2.58051  
5534  4.82407  
5535  1.58781  
5536  1.80207  
5537  3.4238  
5538  1.66965  
5539  2.24923  
5540  4.20472  
5541  3.80403  
5542  2.12233  
5543  3.08509  
5544  2.45936  
5545  4.02093  
5546  3.38793  
5547  2.00247  
5548  2.08365  
5549  2.96883  
5550  2.06978  
5551  2.95746  
5552  1.62098  
5553  5.2197  
5554  2.79645  
5555  2.07701  
5556  1.90006  
5557  2.71779  
5558  1.54849  
5559  1.9103  
5560  3.08041  
5561  3.28881  
5562  3.73673  
5563  1.35672  
5564  1.5339  
5565  2.58488  
5566  2.18415  
5567  1.77575  
5568  1.20253  
5569  1.87612  
5570  2.13713  
5571  1.31093  
5572  2.14485  
5573  1.04077  
5574  1.53911  
5575  1.87463  
5576  4.43151  
5577  1.51431  
5578  1.09661  
5579  1.63742  
5580  0.942469  
5581  1.7895  
5582  1.64755  
5583  1.33776  
5584  1.08747  
5585  0.92825  
5586  1.08827  
5587  1.04871  
5588  0.638448  
5589  0.959755  
5590  1.03194  
5591  0.905184  
5592  0.646058  
5593  0.806203  
5594  1.21219  
5595  0.543084  
5596  0.455332  
5597  0.348568  
5598  0.312764  
5599  0.427645  
5600  0.561873  
5601  0.399099  
5602  0.564547  
5603  1.26151  
5604  0.936349  
5605  0.796328  
5606  0.746559  
5607  0.874279  
5608  0.438185  
5609  0.611333  
5610  0.466128  
5611  0.550309  
5612  0.757851  
5613  1.20393  
5614  1.16722  
5615  1.83585  
5616  1.58997  
5617  1.28627  
5618  1.5945  
5619  1.22702  
5620  1.13113  
5621  1.54371  
5622  2.43162  
5623  2.85694  
5624  1.79073  
5625  1.79633  
5626  2.65618  
5627  3.31503  
5628  3.4096  
5629  3.70309  
5630  2.7556  
5631  3.55161  
5632  2.45584  
5633  3.81726  
5634  3.66165  
5635  3.61596  
5636  2.73582  
5637  2.6016  
5638  2.42786  
5639  2.56572  
5640  1.89155  
5641  2.37076  
5642  3.15141  
5643  6.2323  
5644  3.93816  
5645  3.32514  
5646  3.78029  
5647  2.37627  
5648  2.06167  
5649  2.56508  
5650  1.42666  
5651  3.52579  
5652  3.85585  
5653  2.30867  
5654  2.07219  
5655  2.41124  
5656  2.92002  
5657  2.6808  
5658  2.05354  
5659  1.82969  
5660  1.9445  
5661  4.0641  
5662  2.73276  
5663  2.39441  
5664  1.6404  
5665  1.43559  
5666  1.37847  
5667  1.24111  
5668  0.869674  
5669  1.34073  
5670  1.90665  
5671  2.25063  
5672  2.68804  
5673  1.49428  
5674  2.04908  
5675  2.12626  
5676  2.63262  
5677  2.28602  
5678  1.23987  
5679  1.00393  
5680  1.07111  
5681  1.17731  
5682  1.2726  
5683  1.64901  
5684  1.42476  
5685  0.864697  
5686  0.937678  
5687  0.978697  
5688  1.41572  
5689  0.896628  
5690  0.893641  
5691  1.17971  
5692  0.690864  
5693  0.624543  
5694  0.529992  
5695  0.654493  
5696  0.396586  
5697  0.428837  
5698  0.429223  
5699  0.431606  
5700  0.679567  
5701  0.699056  
5702  1.54255  
5703  0.688575  
5704  1.51344  
5705  0.759932  
5706  1.05083  
5707  0.560799  
5708  0.478789  
5709  0.683234  
5710  0.654099  
5711  0.905321  
5712  1.48649  
5713  0.68086  
5714  2.68815  
5715  1.0869  
5716  1.71146  
5717  1.58027  
5718  1.82725  
5719  1.65556  
5720  1.5279  
5721  1.25352  
5722  1.60455  
5723  2.23568  
5724  2.36677  
5725  1.75423  
5726  1.79026  
5727  2.02608  
5728  2.41421  
5729  2.21188  
5730  3.1704  
5731  3.47415  
5732  2.65921  
5733  4.01529  
5734  3.04317  
5735  1.94468  
5736  4.44343  
5737  2.97585  
5738  2.36334  
5739  2.61862  
5740  2.39201  
5741  4.39494  
5742  1.5689  
5743  3.77602  
5744  3.86922  
5745  3.34735  
5746  3.05692  
5747  1.90571  
5748  2.05517  
5749  2.74538  
5750  2.14242  
5751  2.77032  
5752  2.1082  
5753  1.6949  
5754  2.71364  
5755  2.23181  
5756  2.0563  
5757  3.61856  
5758  1.91395  
5759  2.46627  
5760  2.00748  
5761  2.18558  
5762  3.37036  
5763  1.76967  
5764  1.46696  
5765  1.41946  
5766  1.63646  
5767  0.983924  
5768  1.55205  
5769  1.58798  
5770  1.47038  
5771  2.31313  
5772  2.56282  
5773  2.41453  
5774  1.97679  
5775  2.05111  
5776  1.93905  
5777  2.09397  
5778  0.810065  
5779  1.12652  
5780  1.47873  
5781  0.848894  
5782  0.974089  
5783  1.43313  
5784  1.31469  
5785  1.5782  
5786  1.541  
5787  0.895522  
5788  1.09207  
5789  0.847089  
5790  1.02639  
5791  0.975614  
5792  0.625274  
5793  0.542636  
5794  0.930791  
5795  0.460955  
5796  0.384344  
5797  0.418534  
5798  0.355475  
5799  0.655521  
5800  0.502268  
5801  0.725923  
5802  1.06859  
5803  1.08067  
5804  0.556181  
5805  0.795837  
5806  0.490245  
5807  0.70579  
5808  0.339995  
5809  0.634179  
5810  0.557418  
5811  1.09469  
5812  1.24864  
5813  1.51029  
5814  2.15735  
5815  1.9769  
5816  1.88827  
5817  2.12441  
5818  1.06523  
5819  1.24851  
5820  1.64525  
5821  1.88807  
5822  2.83741  
5823  2.56898  
5824  1.70694  
5825  2.37673  
5826  1.3814  
5827  1.70271  
5828  1.82634  
5829  1.38876  
5830  2.99246  
5831  5.10552  
5832  3.03863  
5833  3.55569  
5834  1.96397  
5835  2.13891  
5836  2.36072  
5837  2.89173  
5838  2.14497  
5839  2.70163  
5840  4.39035  
5841  2.65899  
5842  1.91103  
5843  2.55968  
5844  3.28946  
5845  2.42465  
5846  1.51188  
5847  1.96416  
5848  1.40102  
5849  4.00804  
5850  3.00442  
5851  2.3512  
5852  3.18593  
5853  1.9252  
5854  2.11256  
5855  1.49386  
5856  2.57892  
5857  3.37931  
5858  2.77601  
5859  3.26752  
5860  1.8825  
5861  2.13284  
5862  1.7712  
5863  2.12049  
5864  1.53892  
5865  1.28245  
5866  1.55471  
5867  1.6673  
5868  1.03814  
5869  2.35955  
5870  2.39986  
5871  1.88318  
5872  1.57494  
5873  2.18231  
5874  2.12885  
5875  2.02665  
5876  2.32661  
5877  1.71389  
5878  1.14531  
5879  1.58542  
5880  1.05239  
5881  0.987943  
5882  0.765975  
5883  0.708433  
5884  0.895217  
5885  1.40934  
5886  1.60179  
5887  0.727887  
5888  0.852944  
5889  1.07348  
5890  0.764779  
5891  0.678408  
5892  0.795109  
5893  0.517114  
5894  0.463651  
5895  0.699377  
5896  0.534434  
5897  0.355724  
5898  0.343673  
5899  0.25391  
5900  0.430912  
5901  0.564171  
5902  0.901892  
5903  1.06797  
5904  0.649345  
5905  0.508551  
5906  0.660093  
5907  0.401429  
5908  0.648976  
5909  0.403306  
5910  0.871841  
5911  0.801337  
5912  1.33242  
5913  1.63671  
5914  1.00003  
5915  1.28937  
5916  1.63709  
5917  1.51792  
5918  0.804653  
5919  1.4385  
5920  2.54892  
5921  2.22784  
5922  1.67519  
5923  2.50747  
5924  2.79453  
5925  3.02215  
5926  2.96171  
5927  2.45626  
5928  1.95606  
5929  2.19183  
5930  2.03753  
5931  2.45414  
5932  2.96186  
5933  1.68515  
5934  2.22526  
5935  2.70311  
5936  1.44926  
5937  1.69389  
5938  2.40163  
5939  2.39398  
5940  1.63767  
5941  2.22658  
5942  2.63393  
5943  2.59323  
5944  3.38362  
5945  3.25496  
5946  2.15144  
5947  2.83698  
5948  2.40334  
5949  4.94378  
5950  2.63015  
5951  4.44278  
5952  1.97403  
5953  1.41232  
5954  2.16356  
5955  3.02812  
5956  1.62359  
5957  2.72972  
5958  3.11292  
5959  2.13209  
5960  1.77808  
5961  1.34249  
5962  1.06708  
5963  1.49458  
5964  1.16192  
5965  1.61798  
5966  1.38235  
5967  1.06144  
5968  1.24216  
5969  1.76478  
5970  2.46387  
5971  2.21746  
5972  1.39257  
5973  1.28616  
5974  1.47523  
5975  1.56545  
5976  1.93616  
5977  1.62126  
5978  2.45461  
5979  0.976371  
5980  1.34121  
5981  1.64365  
5982  1.55882  
5983  1.01758  
5984  0.590714  
5985  0.929265  
5986  1.12163  
5987  1.3017  
5988  0.589547  
5989  0.874414  
5990  0.690327  
5991  1.09571  
5992  0.745802  
5993  0.694047  
5994  0.498653  
5995  0.358181  
5996  0.579524  
5997  0.320046  
5998  0.520792  
5999  0.470258  
6000  0.463051  
6001  0.868643  
6002  1.25248  
6003  1.23178  
6004  0.91355  
6005  0.766249  
6006  0.670084  
6007  0.661296  
6008  0.592066  
6009  0.500462  
6010  0.483887  
6011  0.898755  
6012  0.857214  
6013  1.3179  
6014  1.0107  
6015  1.89657  
6016  1.07398  
6017  1.15435  
6018  0.935391  
6019  1.09388  
6020  2.1842  
6021  1.58978  
6022  1.99863  
6023  1.70806  
6024  3.04532  
6025  2.31083  
6026  1.81172  
6027  2.88969  
6028  2.80495  
6029  2.13783  
6030  1.64183  
6031  2.57089  
6032  3.30809  
6033  2.90301  
6034  2.69862  
6035  1.84881  
6036  1.31604  
6037  1.44238  
6038  2.36411  
6039  2.25285  
6040  2.08755  
6041  2.52125  
6042  2.91934  
6043  1.78948  
6044  1.87848  
6045  2.40153  
6046  2.36515  
6047  2.42262  
6048  3.47378  
6049  2.54028  
6050  4.30171  
6051  2.21235  
6052  2.14948  
6053  1.63651  
6054  2.60544  
6055  2.09723  
6056  1.32187  
6057  2.10262  
6058  2.67691  
6059  1.20845  
6060  1.65981  
6061  1.82471  
6062  1.81411  
6063  1.16147  
6064  0.664296  
6065  0.918765  
6066  1.24303  
6067  1.34523  
6068  1.38327  
6069  2.18407  
6070  1.972  
6071  2.24239  
6072  1.51398  
6073  0.97961  
6074  1.33535  
6075  1.30008  
6076  1.5751  
6077  2.22645  
6078  2.51861  
6079  1.76191  
6080  1.11414  
6081  2.15367  
6082  1.85183  
6083  0.613217  
6084  0.556672  
6085  0.520316  
6086  0.840808  
6087  1.05155  
6088  0.70376  
6089  0.637257  
6090  0.627871  
6091  0.811324  
6092  0.425345  
6093  0.43221  
6094  0.54472  
6095  0.454439  
6096  0.870528  
6097  0.588935  
6098  0.906721  
6099  0.286276  
6100  0.248938  
6101  0.780712  
6102  1.04806  
6103  1.13435  
6104  1.3699  
6105  1.19835  
6106  0.481236  
6107  0.617774  
6108  0.739695  
6109  0.297408  
6110  0.416558  
6111  0.546109  
6112  0.947196  
6113  2.0676  
6114  1.14482  
6115  2.20304  
6116  2.06949  
6117  1.33347  
6118  1.43358  
6119  1.32816  
6120  1.45902  
6121  1.83486  
6122  2.98113  
6123  3.18554  
6124  3.27439  
6125  2.34625  
6126  3.32315  
6127  2.54676  
6128  1.24558  
6129  1.83932  
6130  2.73308  
6131  1.76191  
6132  2.31998  
6133  2.0904  
6134  2.38105  
6135  3.48363  
6136  2.6094  
6137  1.72374  
6138  2.33603  
6139  2.32158  
6140  1.49144  
6141  2.36101  
6142  1.07676  
6143  1.50854  
6144  1.89978  
6145  2.71681  
6146  2.66424  
6147  2.86284  
6148  2.41472  
6149  2.04543  
6150  3.23056  
6151  2.63619  
6152  2.5822  
6153  2.56403  
6154  2.43124  
6155  1.67492  
6156  2.30388  
6157  3.59989  
6158  1.68407  
6159  2.05936  
6160  1.7245  
6161  0.90587  
6162  1.60708  
6163  1.3544  
6164  1.0524  
6165  0.7916  
6166  1.47669  
6167  0.815029  
6168  0.654716  
6169  0.986099  
6170  1.71898  
6171  1.95045  
6172  1.76137  
6173  1.17629  
6174  1.17724  
6175  1.1263  
6176  1.60374  
6177  2.368  
6178  2.52383  
6179  1.32831  
6180  1.69233  
6181  0.945811  
6182  0.766053  
6183  0.586561  
6184  0.775312  
6185  0.62584  
6186  0.627206  
6187  0.788785  
6188  0.667859  
6189  0.493634  
6190  0.283667  
6191  0.536258  
6192  0.609401  
6193  0.679166  
6194  0.663403  
6195  0.715997  
6196  0.638948  
6197  0.795698  
6198  0.351621  
6199  0.378673  
6200  0.432389  
6201  0.513346  
6202  0.768852  
6203  0.703223  
6204  0.865923  
6205  1.31453  
6206  0.756316  
6207  1.15272  
6208  0.60029  
6209  0.392261  
6210  0.430749  
6211  0.749426  
6212  1.08473  
6213  0.691383  
6214  1.18015  
6215  1.52875  
6216  1.76789  
6217  0.808291  
6218  1.23285  
6219  1.37155  
6220  1.19141  
6221  1.3464  
6222  1.4459  
6223  2.53341  
6224  1.84832  
6225  2.15604  
6226  4.998  
6227  2.3863  
6228  4.75763  
6229  2.02948  
6230  1.95169  
6231  2.09139  
6232  4.23764  
6233  2.72548  
6234  2.05407  
6235  1.90463  
6236  2.18715  
6237  1.94017  
6238  2.10742  
6239  1.54079  
6240  1.4399  
6241  1.22361  
6242  1.15628  
6243  1.50259  
6244  2.51562  
6245  2.36458  
6246  2.92309  
6247  2.47469  
6248  2.1113  
6249  2.57481  
6250  3.73633  
6251  3.56669  
6252  3.31152  
6253  2.10054  
6254  2.54067  
6255  2.21374  
6256  2.22735  
6257  0.930099  
6258  0.937688  
6259  1.28771  
6260  1.64431  
6261  1.34497  
6262  1.32514  
6263  1.25013  
6264  0.907392  
6265  0.676761  
6266  1.89409  
6267  0.964448  
6268  1.26704  
6269  1.11663  
6270  0.797912  
6271  1.40575  
6272  0.912568  
6273  1.26051  
6274  2.42537  
6275  1.23603  
6276  1.24781  
6277  2.44076  
6278  1.62651  
6279  2.45206  
6280  2.24936  
6281  0.898273  
6282  1.12335  
6283  1.18349  
6284  0.632091  
6285  0.983266  
6286  1.12816  
6287  0.796024  
6288  0.580747  
6289  0.701482  
6290  0.39542  
6291  0.477589  
6292  0.53742  
6293  0.70972  
6294  0.792887  
6295  0.584039  
6296  0.658221  
6297  0.392313  
6298  0.22006  
6299  0.280156  
6300  0.179281  
6301  1.01987  
6302  0.964436  
6303  0.650004  
6304  0.644482  
6305  0.963468  
6306  1.15066  
6307  1.41493  
6308  1.33118  
6309  0.45643  
6310  0.592549  
6311  0.802194  
6312  0.71241  
6313  1.49963  
6314  1.57791  
6315  1.00519  
6316  1.06739  
6317  0.762633  
6318  0.807354  
6319  1.28448  
6320  1.32587  
6321  1.69756  
6322  3.46161  
6323  1.64288  
6324  3.62173  
6325  2.40659  
6326  2.07616  
6327  4.86252  
6328  2.26558  
6329  2.40472  
6330  1.90873  
6331  1.62613  
6332  1.43944  
6333  3.48108  
6334  1.69118  
6335  2.36942  
6336  1.49694  
6337  2.60221  
6338  0.995275  
6339  1.20561  
6340  1.7397  
6341  1.86479  
6342  1.34381  
6343  1.28662  
6344  1.82358  
6345  2.27771  
6346  2.08851  
6347  2.66708  
6348  2.53302  
6349  3.55528  
6350  4.17182  
6351  2.23914  
6352  2.40046  
6353  3.05132  
6354  1.73608  
6355  2.62942  
6356  1.5979  
6357  1.97898  
6358  1.51147  
6359  2.14497  
6360  1.25777  
6361  1.23624  
6362  2.14028  
6363  0.972869  
6364  1.09367  
6365  0.97681  
6366  1.14018  
6367  1.19877  
6368  1.05015  
6369  1.33082  
6370  1.0136  
6371  1.06308  
6372  1.01227  
6373  1.22559  
6374  1.71347  
6375  1.7413  
6376  1.14286  
6377  1.02998  
6378  1.72236  
6379  2.58796  
6380  1.51232  
6381  1.14402  
6382  1.37587  
6383  1.01383  
6384  0.731948  
6385  0.459609  
6386  1.03737  
6387  0.678489  
6388  0.85633  
6389  0.489833  
6390  0.482488  
6391  0.589321  
6392  0.450136  
6393  0.672947  
6394  0.488552  
6395  0.60859  
6396  0.677804  
6397  0.413606  
6398  0.549927  
6399  0.207969  
6400  0.211566  
6401  0.808486  
6402  0.982458  
6403  0.719179  
6404  1.17293  
6405  0.918924  
6406  0.648083  
6407  0.786271  
6408  1.54753  
6409  0.864548  
6410  0.917412  
6411  0.824087  
6412  0.964482  
6413  0.689246  
6414  1.43665  
6415  0.93545  
6416  1.53365  
6417  0.884975  
6418  0.903149  
6419  1.03259  
6420  0.785663  
6421  1.47392  
6422  1.52658  
6423  1.16956  
6424  2.05843  
6425  4.1268  
6426  3.53217  
6427  3.2077  
6428  4.95987  
6429  2.20857  
6430  1.97521  
6431  3.55945  
6432  3.35456  
6433  2.64773  
6434  3.12042  
6435  1.46008  
6436  1.64031  
6437  1.23895  
6438  1.58571  
6439  1.47781  
6440  0.920851  
6441  0.99937  
6442  2.27201  
6443  1.92562  
6444  0.933024  
6445  1.50908  
6446  1.55246  
6447  2.61336  
6448  2.27833  
6449  3.40035  
6450  2.52399  
6451  1.35788  
6452  2.06831  
6453  2.21883  
6454  2.59684  
6455  1.75373  
6456  2.14849  
6457  1.8901  
6458  0.864736  
6459  0.918982  
6460  1.00767  
6461  0.911944  
6462  0.970859  
6463  0.758438  
6464  1.03437  
6465  1.23891  
6466  1.13693  
6467  1.0189  
6468  0.999323  
6469  0.818156  
6470  1.46132  
6471  0.906706  
6472  1.57658  
6473  1.04622  
6474  1.85581  
6475  2.29016  
6476  2.85188  
6477  1.48174  
6478  2.3767  
6479  1.47427  
6480  1.17938  
6481  1.40875  
6482  1.0422  
6483  1.29148  
6484  0.804904  
6485  0.969992  
6486  0.754711  
6487  0.964404  
6488  0.993906  
6489  0.716001  
6490  0.485635  
6491  0.553055  
6492  0.630589  
6493  0.669539  
6494  0.474081  
6495  0.351727  
6496  0.528039  
6497  0.290618  
6498  0.321802  
6499  0.131453  
6500  0.243185  
6501  0.5478  
6502  0.648718  
6503  0.63372  
6504  0.741749  
6505  0.662451  
6506  1.42697  
6507  1.65266  
6508  0.983794  
6509  1.45608  
6510  0.8451  
6511  0.718158  
6512  1.00429  
6513  0.820904  
6514  2.07834  
6515  1.15166  
6516  1.22028  
6517  0.84875  
6518  0.72835  
6519  0.941133  
6520  1.41469  
6521  1.26798  
6522  1.12565  
6523  1.35469  
6524  0.754731  
6525  1.34479  
6526  2.9193  
6527  4.61274  
6528  3.11775  
6529  4.79254  
6530  3.32056  
6531  2.46016  
6532  2.65587  
6533  2.78058  
6534  1.32604  
6535  2.11498  
6536  1.49137  
6537  1.44462  
6538  1.03918  
6539  1.25524  
6540  1.35135  
6541  1.59728  
6542  1.38022  
6543  1.11056  
6544  1.96567  
6545  1.08768  
6546  1.57691  
6547  1.64709  
6548  2.52358  
6549  3.74008  
6550  2.95555  
6551  1.07968  
6552  3.32752  
6553  1.73899  
6554  1.89115  
6555  2.13138  
6556  2.38197  
6557  2.59055  
6558  1.70766  
6559  1.35045  
6560  0.824804  
6561  0.71846  
6562  1.10212  
6563  0.850911  
6564  1.7298  
6565  0.873961  
6566  1.52479  
6567  1.68813  
6568  1.48712  
6569  1.03392  
6570  1.30006  
6571  0.853546  
6572  1.05543  
6573  0.863429  
6574  1.12131  
6575  0.992232  
6576  1.46581  
6577  2.6481  
6578  2.30498  
6579  1.5363  
6580  1.54524  
6581  1.01437  
6582  1.14117  
6583  0.811067  
6584  2.04907  
6585  1.99792  
6586  0.820315  
6587  0.834552  
6588  0.624309  
6589  0.954969  
6590  0.486339  
6591  0.695756  
6592  0.743385  
6593  0.686154  
6594  0.412832  
6595  0.461176  
6596  0.799256  
6597  0.706695  
6598  0.736998  
6599  0.237092  
6600  0.181003  
6601  0.344988  
6602  0.504964  
6603  0.505648  
6604  0.586294  
6605  0.46614  
6606  1.12543  
6607  1.23153  
6608  1.61477  
6609  1.44231  
6610  0.7752  
6611  1.25752  
6612  1.07023  
6613  1.15824  
6614  1.14719  
6615  0.961329  
6616  0.879132  
6617  0.732096  
6618  0.675323  
6619  1.49796  
6620  0.808186  
6621  1.48715  
6622  1.49972  
6623  1.35069  
6624  1.66783  
6625  1.97269  
6626  2.77228  
6627  3.6479  
6628  3.34431  
6629  2.8085  
6630  3.29572  
6631  2.48705  
6632  2.07508  
6633  1.37593  
6634  1.26714  
6635  2.13564  
6636  1.21214  
6637  1.04817  
6638  1.58184  
6639  2.01271  
6640  1.36199  
6641  1.26862  
6642  1.39682  
6643  0.799296  
6644  1.61451  
6645  1.42199  
6646  1.42139  
6647  1.7618  
6648  2.34773  
6649  1.94972  
6650  1.57411  
6651  1.97699  
6652  0.853547  
6653  1.87722  
6654  1.14867  
6655  1.41626  
6656  1.48743  
6657  1.84719  
6658  1.35304  
6659  1.44453  
6660  0.975565  
6661  1.14974  
6662  1.14824  
6663  1.21837  
6664  1.83577  
6665  1.46326  
6666  1.26831  
6667  1.03165  
6668  1.45107  
6669  1.14988  
6670  1.59729  
6671  1.03009  
6672  1.43095  
6673  1.30448  
6674  1.67987  
6675  2.06696  
6676  1.82544  
6677  1.42232  
6678  1.75266  
6679  1.36083  
6680  1.22041  
6681  1.03336  
6682  0.885941  
6683  1.01931  
6684  0.863223  
6685  0.809162  
6686  0.650972  
6687  0.705996  
6688  0.637831  
6689  0.998081  
6690  1.10147  
6691  0.59597  
6692  0.656447  
6693  0.628605  
6694  0.753731  
6695  0.464684  
6696  0.681145  
6697  0.510976  
6698  0.35398  
6699  0.348805  
6700  0.254066  
6701  0.408541  
6702  0.301717  
6703  0.42475  
6704  0.40599  
6705  0.595149  
6706  1.11651  
6707  1.09719  
6708  1.29892  
6709  1.21487  
6710  1.55153  
6711  1.27128  
6712  0.688617  
6713  1.42313  
6714  0.832592  
6715  0.940358  
6716  0.724623  
6717  0.659687  
6718  1.14364  
6719  0.898028  
6720  1.0544  
6721  1.74476  
6722  1.24304  
6723  2.04488  
6724  1.38643  
6725  2.01252  
6726  2.53824  
6727  1.93794  
6728  2.87241  
6729  2.88305  
6730  2.97615  
6731  1.85502  
6732  1.72893  
6733  1.86455  
6734  1.8973  
6735  1.38299  
6736  1.18071  
6737  1.17481  
6738  2.71442  
6739  1.48811  
6740  1.98994  
6741  2.34148  
6742  1.9673  
6743  1.21086  
6744  0.88126  
6745  1.49947  
6746  0.862634  
6747  1.70146  
6748  1.43396  
6749  1.09197  
6750  2.20227  
6751  1.22022  
6752  1.62868  
6753  0.877758  
6754  1.36108  
6755  1.16819  
6756  1.50168  
6757  1.36895  
6758  1.33967  
6759  1.42399  
6760  1.17751  
6761  1.21674  
6762  0.988301  
6763  0.984347  
6764  1.82215  
6765  2.12342  
6766  1.85105  
6767  1.07045  
6768  1.22474  
6769  1.02714  
6770  2.40651  
6771  1.22316  
6772  1.2212  
6773  1.28375  
6774  2.21597  
6775  2.03125  
6776  1.77179  
6777  1.20272  
6778  1.41251  
6779  0.630287  
6780  0.838181  
6781  0.838088  
6782  1.22939  
6783  0.602716  
6784  0.868558  
6785  1.17997  
6786  0.80944  
6787  0.686069  
6788  0.644502  
6789  1.33595  
6790  0.917264  
6791  0.847454  
6792  0.637631  
6793  0.476631  
6794  0.336721  
6795  0.296308  
6796  0.297323  
6797  0.317877  
6798  0.392355  
6799  0.326675  
6800  0.30916  
6801  0.880051  
6802  0.534829  
6803  0.679651  
6804  0.456665  
6805  1.11338  
6806  0.914249  
6807  0.883356  
6808  0.741006  
6809  2.29384  
6810  2.89049  
6811  1.7273  
6812  0.447842  
6813  0.952325  
6814  1.27632  
6815  0.646875  
6816  1.18866  
6817  0.854759  
6818  0.649325  
6819  0.450173  
6820  0.653308  
6821  1.34703  
6822  1.29241  
6823  1.85136  
6824  1.74738  
6825  1.14195  
6826  1.76941  
6827  1.62034  
6828  3.01756  
6829  3.00437  
6830  2.12217  
6831  1.41098  
6832  1.48152  
6833  1.95353  
6834  1.14185  
6835  1.49976  
6836  1.67689  
6837  1.71905  
6838  1.76109  
6839  3.86708  
6840  1.36766  
6841  1.72078  
6842  1.08102  
6843  2.11234  
6844  1.34346  
6845  0.687365  
6846  0.91835  
6847  0.583595  
6848  1.2868  
6849  1.5043  
6850  1.346  
6851  1.50149  
6852  1.52149  
6853  1.28976  
6854  1.22723  
6855  0.938638  
6856  1.43256  
6857  0.930256  
6858  1.95272  
6859  1.49658  
6860  1.53296  
6861  1.66323  
6862  1.67076  
6863  1.90543  
6864  1.97113  
6865  1.96055  
6866  1.61947  
6867  1.64001  
6868  0.709138  
6869  2.32413  
6870  1.27936  
6871  1.23181  
6872  1.44221  
6873  1.51801  
6874  1.73832  
6875  1.21439  
6876  1.76438  
6877  1.3829  
6878  0.747812  
6879  0.784821  
6880  0.599744  
6881  0.803601  
6882  0.718336  
6883  0.759757  
6884  0.790244  
6885  0.783482  
6886  0.750892  
6887  0.922794  
6888  0.57751  
6889  0.814638  
6890  1.00047  
6891  1.04712  
6892  0.505317  
6893  0.636927  
6894  0.480538  
6895  0.195519  
6896  0.315315  
6897  0.24263  
6898  0.350122  
6899  0.283958  
6900  0.445705  
6901  0.47621  
6902  0.841222  
6903  0.594121  
6904  0.467353  
6905  0.805734  
6906  0.725472  
6907  1.358  
6908  1.92252  
6909  2.20973  
6910  2.0051  
6911  0.89713  
6912  1.34763  
6913  1.82334  
6914  0.875662  
6915  0.583776  
6916  0.680836  
6917  1.01087  
6918  0.520846  
6919  0.848559  
6920  0.789922  
6921  0.624008  
6922  0.998063  
6923  1.41888  
6924  1.60969  
6925  2.05309  
6926  1.90157  
6927  1.82045  
6928  1.76527  
6929  2.6288  
6930  2.54867  
6931  2.03946  
6932  1.18864  
6933  1.72862  
6934  0.637306  
6935  1.17614  
6936  1.65559  
6937  1.4856  
6938  1.0655  
6939  0.997987  
6940  1.70947  
6941  1.7261  
6942  0.923975  
6943  0.864106  
6944  0.945445  
6945  0.506766  
6946  1.16922  
6947  1.24724  
6948  0.963466  
6949  1.13449  
6950  1.24067  
6951  1.23789  
6952  1.1331  
6953  1.23545  
6954  1.21265  
6955  1.06263  
6956  0.81322  
6957  1.74393  
6958  0.785298  
6959  0.978853  
6960  1.14668  
6961  0.751283  
6962  1.39454  
6963  2.28838  
6964  1.51398  
6965  2.00726  
6966  1.42043  
6967  1.94421  
6968  0.946756  
6969  0.969186  
6970  1.47752  
6971  2.46284  
6972  1.47244  
6973  0.992938  
6974  1.40595  
6975  1.55199  
6976  1.41061  
6977  1.03731  
6978  1.01024  
6979  0.673397  
6980  0.505625  
6981  1.25934  
6982  0.632055  
6983  0.6539  
6984  0.782099  
6985  0.51746  
6986  1.37177  
6987  0.770609  
6988  0.63574  
6989  0.538524  
6990  1.01637  
6991  0.776338  
6992  0.723689  
6993  0.66601  
6994  0.548798  
6995  0.221633  
6996  0.321095  
6997  0.453502  
6998  0.503871  
6999  0.380799  
7000  0.367646  
7001  0.808766  
7002  0.571889  
7003  0.449638  
7004  0.664933  
7005  0.806142  
7006  0.912304  
7007  0.86346  
7008  1.54933  
7009  1.342  
7010  1.08754  
7011  0.851568  
7012  1.00242  
7013  1.05128  
7014  0.878452  
7015  1.55287  
7016  0.712996  
7017  0.889068  
7018  0.465491  
7019  0.496459  
7020  0.575404  
7021  1.01629  
7022  0.979495  
7023  1.31934  
7024  1.92189  
7025  1.78486  
7026  1.27293  
7027  1.2547  
7028  1.80945  
7029  1.80516  
7030  2.4525  
7031  1.67366  
7032  1.24668  
7033  0.99509  
7034  1.16238  
7035  1.38101  
7036  2.01073  
7037  2.34568  
7038  1.99807  
7039  1.79526  
7040  1.74221  
7041  1.48906  
7042  0.904308  
7043  0.874346  
7044  1.32116  
7045  0.65213  
7046  0.825243  
7047  0.824434  
7048  1.12252  
7049  0.994386  
7050  0.891357  
7051  0.695608  
7052  1.50383  
7053  0.6991  
7054  1.06764  
7055  0.766988  
7056  0.968759  
7057  1.11417  
7058  0.515688  
7059  1.03182  
7060  0.820709  
7061  1.46143  
7062  1.53614  
7063  1.68724  
7064  1.19923  
7065  1.25668  
7066  1.5298  
7067  1.70716  
7068  1.19597  
7069  0.936626  
7070  1.62119  
7071  1.85829  
7072  1.22704  
7073  1.33256  
7074  1.1644  
7075  0.695937  
7076  1.40747  
7077  1.58708  
7078  1.04703  
7079  0.985377  
7080  0.407555  
7081  0.63906  
7082  0.905294  
7083  0.836614  
7084  1.23379  
7085  0.636898  
7086  0.464239  
7087  1.22439  
7088  0.881923  
7089  0.669042  
7090  1.43779  
7091  0.674895  
7092  0.85088  
7093  0.777284  
7094  0.413644  
7095  0.482117  
7096  0.222908  
7097  0.444725  
7098  0.680986  
7099  0.640372  
7100  0.744593  
7101  0.813804  
7102  0.676713  
7103  0.63074  
7104  0.556236  
7105  1.21559  
7106  0.863132  
7107  1.67878  
7108  1.75476  
7109  1.82162  
7110  1.23529  
7111  0.993457  
7112  0.709873  
7113  0.977053  
7114  0.895488  
7115  1.48913  
7116  1.01238  
7117  0.502372  
7118  0.810852  
7119  1.02943  
7120  1.05049  
7121  0.717232  
7122  1.1348  
7123  1.34402  
7124  1.35809  
7125  1.21684  
7126  1.07196  
7127  1.3941  
7128  2.40585  
7129  1.94732  
7130  1.4988  
7131  1.24642  
7132  1.12948  
7133  1.47697  
7134  1.12367  
7135  1.73726  
7136  0.981636  
7137  1.88884  
7138  1.9056  
7139  1.16181  
7140  1.5576  
7141  1.1048  
7142  0.712032  
7143  1.2856  
7144  1.18525  
7145  1.10206  
7146  0.465192  
7147  0.57696  
7148  0.804862  
7149  0.39168  
7150  0.4964  
7151  1.09567  
7152  1.31018  
7153  0.762026  
7154  1.25556  
7155  0.867868  
7156  1.21902  
7157  0.985646  
7158  0.906357  
7159  0.632352  
7160  1.05504  
7161  0.875313  
7162  1.52974  
7163  0.825802  
7164  1.33539  
7165  1.18815  
7166  1.56108  
7167  1.50851  
7168  1.69142  
7169  1.26776  
7170  1.05173  
7171  1.42583  
7172  0.916699  
7173  1.30266  
7174  1.96051  
7175  1.69666  
7176  1.72869  
7177  1.4515  
7178  1.51467  
7179  0.887323  
7180  1.11622  
7181  0.845765  
7182  1.19222  
7183  0.847036  
7184  0.918498  
7185  0.731793  
7186  0.760376  
7187  0.80987  
7188  1.44632  
7189  0.887459  
7190  0.79209  
7191  0.642812  
7192  0.467971  
7193  0.757873  
7194  0.635842  
7195  0.93603  
7196  0.276089  
7197  0.342339  
7198  0.301168  
7199  0.778413  
7200  0.5689  
7201  1.20386  
7202  0.8319  
7203  0.491683  
7204  1.06307  
7205  0.775041  
7206  0.70002  
7207  0.532062  
7208  0.893857  
7209  1.38687  
7210  1.26861  
7211  1.02676  
7212  1.44399  
7213  0.884193  
7214  1.68934  
7215  1.62035  
7216  0.712603  
7217  0.632936  
7218  1.18044  
7219  0.658227  
7220  1.30076  
7221  0.869714  
7222  1.17754  
7223  1.60897  
7224  3.03552  
7225  2.21683  
7226  0.881389  
7227  1.50511  
7228  1.33203  
7229  2.02379  
7230  1.76307  
7231  1.43366  
7232  1.53743  
7233  1.66775  
7234  1.40099  
7235  1.04957  
7236  1.802  
7237  1.42811  
7238  1.43555  
7239  0.906574  
7240  1.25054  
7241  0.90335  
7242  0.759056  
7243  0.922508  
7244  0.839203  
7245  0.625018  
7246  0.538211  
7247  0.747281  
7248  0.649278  
7249  0.80612  
7250  0.741248  
7251  0.990584  
7252  0.850045  
7253  1.47803  
7254  0.880844  
7255  1.04281  
7256  1.28057  
7257  0.690456  
7258  0.826608  
7259  0.712704  
7260  0.89284  
7261  1.0439  
7262  0.98901  
7263  1.26541  
7264  0.816068  
7265  0.65271  
7266  2.00254  
7267  2.38625  
7268  1.35196  
7269  1.39655  
7270  2.30008  
7271  1.17718  
7272  0.841263  
7273  1.27108  
7274  0.860977  
7275  1.97568  
7276  1.52835  
7277  1.0622  
7278  0.891738  
7279  0.991235  
7280  0.776527  
7281  0.654636  
7282  0.658453  
7283  1.04702  
7284  1.17835  
7285  0.821349  
7286  0.421716  
7287  0.918141  
7288  0.528167  
7289  0.819366  
7290  1.129  
7291  0.985267  
7292  0.368258  
7293  0.415947  
7294  0.819994  
7295  0.349844  
7296  0.52092  
7297  0.620874  
7298  0.254215  
7299  0.575247  
7300  0.41491  
7301  0.777301  
7302  0.772939  
7303  0.72958  
7304  0.544313  
7305  0.851162  
7306  0.513344  
7307  0.727881  
7308  0.86769  
7309  0.823504  
7310  0.689356  
7311  0.757044  
7312  0.841244  
7313  1.03508  
7314  1.11537  
7315  1.25517  
7316  1.309  
7317  0.6934  
7318  1.77787  
7319  0.924483  
7320  0.797218  
7321  1.18588  
7322  1.64768  
7323  1.57153  
7324  1.55494  
7325  2.36198  
7326  1.45316  
7327  1.35436  
7328  1.51357  
7329  2.22403  
7330  2.23288  
7331  1.5887  
7332  1.27895  
7333  1.10747  
7334  1.11549  
7335  1.75858  
7336  1.36229  
7337  1.65301  
7338  1.03717  
7339  1.04433  
7340  0.963276  
7341  1.24999  
7342  0.944062  
7343  1.71502  
7344  0.906544  
7345  1.24602  
7346  0.922454  
7347  0.703975  
7348  0.564309  
7349  1.01068  
7350  0.689252  
7351  1.41303  
7352  1.45404  
7353  0.910572  
7354  1.36  
7355  1.27533  
7356  1.2003  
7357  1.03309  
7358  0.979691  
7359  0.553333  
7360  0.842141  
7361  0.922849  
7362  1.78598  
7363  0.676105  
7364  0.969373  
7365  0.671106  
7366  1.48997  
7367  1.35986  
7368  1.56725  
7369  3.024  
7370  1.2239  
7371  1.12083  
7372  0.909773  
7373  1.57301  
7374  1.11046  
7375  1.18478  
7376  1.28231  
7377  1.79993  
7378  0.860337  
7379  0.882764  
7380  0.993807  
7381  0.767378  
7382  0.992518  
7383  1.01377  
7384  0.578486  
7385  0.614961  
7386  0.882684  
7387  0.734086  
7388  0.882599  
7389  1.07226  
7390  0.7504  
7391  0.716043  
7392  0.912059  
7393  0.411193  
7394  0.320009  
7395  0.383768  
7396  0.529799  
7397  0.492221  
7398  0.4056  
7399  0.401442  
7400  0.276565  
7401  0.832437  
7402  0.696393  
7403  0.691788  
7404  0.45205  
7405  1.05405  
7406  0.626465  
7407  0.819788  
7408  0.696493  
7409  0.868355  
7410  0.681565  
7411  0.566043  
7412  0.743981  
7413  0.984224  
7414  1.40047  
7415  1.30303  
7416  0.941943  
7417  1.50051  
7418  0.884718  
7419  0.874365  
7420  1.42816  
7421  0.986997  
7422  2.52231  
7423  1.99896  
7424  2.80598  
7425  2.61622  
7426  1.92151  
7427  1.92445  
7428  1.62947  
7429  1.88856  
7430  1.72841  
7431  1.47857  
7432  2.05881  
7433  0.879091  
7434  1.31452  
7435  1.1565  
7436  2.14363  
7437  1.43552  
7438  0.824163  
7439  1.17999  
7440  0.579037  
7441  0.894812  
7442  1.26159  
7443  1.29107  
7444  0.800866  
7445  0.898922  
7446  0.769204  
7447  0.733567  
7448  0.613596  
7449  0.606077  
7450  0.692991  
7451  1.00369  
7452  0.765874  
7453  1.11594  
7454  1.02689  
7455  0.778307  
7456  1.02478  
7457  1.64302  
7458  1.28472  
7459  0.743025  
7460  0.9945  
7461  1.28596  
7462  1.01361  
7463  0.632192  
7464  0.9122  
7465  1.37339  
7466  0.632587  
7467  0.924335  
7468  1.06596  
7469  0.982594  
7470  1.92929  
7471  1.27129  
7472  1.0304  
7473  0.922261  
7474  0.63026  
7475  1.18065  
7476  0.887329  
7477  1.39348  
7478  1.11666  
7479  0.732173  
7480  0.626214  
7481  0.874117  
7482  0.980675  
7483  0.793802  
7484  0.568976  
7485  1.11674  
7486  0.54539  
7487  0.451162  
7488  0.682502  
7489  0.523176  
7490  0.882061  
7491  0.651061  
7492  0.379111  
7493  0.550962  
7494  0.367527  
7495  0.454593  
7496  0.303457  
7497  0.366136  
7498  0.366573  
7499  0.596233  
7500  0.674393  
7501  0.918835  
7502  0.612114  
7503  0.506598  
7504  0.705374  
7505  0.913341  
7506  0.579423  
7507  0.814153  
7508  1.49082  
7509  0.620477  
7510  0.859356  
7511  0.720271  
7512  1.00765  
7513  1.6757  
7514  1.84429  
7515  0.979005  
7516  2.22206  
7517  1.81321  
7518  1.35165  
7519  1.61762  
7520  1.324  
7521  1.30783  
7522  1.598  
7523  1.32548  
7524  2.3531  
7525  2.41265  
7526  1.99934  
7527  1.54747  
7528  1.44555  
7529  1.39836  
7530  1.46655  
7531  1.94393  
7532  1.19846  
7533  0.773602  
7534  1.02133  
7535  1.20024  
7536  1.81088  
7537  1.41513  
7538  0.805227  
7539  0.830913  
7540  0.88195  
7541  1.08338  
7542  1.33863  
7543  0.719066  
7544  0.8335  
7545  0.724389  
7546  0.748854  
7547  0.843598  
7548  0.952218  
7549  0.472201  
7550  0.536387  
7551  1.04107  
7552  0.756387  
7553  0.857916  
7554  1.00572  
7555  0.798641  
7556  1.33627  
7557  0.999777  
7558  1.0848  
7559  1.01032  
7560  0.799382  
7561  1.48676  
7562  0.889205  
7563  0.692774  
7564  1.13807  
7565  0.897306  
7566  1.11621  
7567  1.30961  
7568  0.613297  
7569  0.918851  
7570  1.60331  
7571  0.802039  
7572  1.4979  
7573  0.906239  
7574  0.951572  
7575  0.844898  
7576  0.586643  
7577  1.2054  
7578  0.590741  
7579  0.801645  
7580  0.310095  
7581  0.950482  
7582  1.0921  
7583  0.577955  
7584  0.37988  
7585  0.894092  
7586  0.776524  
7587  0.5853  
7588  0.955094  
7589  0.4706  
7590  0.447377  
7591  0.447388  
7592  0.634669  
7593  0.397701  
7594  0.404995  
7595  0.338909  
7596  0.288297  
7597  0.419835  
7598  0.442511  
7599  0.741864  
7600  0.671607  
7601  0.659527  
7602  0.542949  
7603  0.5212  
7604  0.730884  
7605  0.525755  
7606  0.431553  
7607  1.10678  
7608  0.794146  
7609  0.732764  
7610  1.00722  
7611  0.609947  
7612  0.493844  
7613  0.989269  
7614  1.57314  
7615  2.24832  
7616  1.96027  
7617  1.647  
7618  1.90055  
7619  0.965057  
7620  1.29646  
7621  1.853  
7622  2.02527  
7623  1.95932  
7624  1.85765  
7625  1.41572  
7626  2.00139  
7627  1.84786  
7628  1.64186  
7629  0.889963  
7630  1.46003  
7631  1.19942  
7632  1.0527  
7633  0.942534  
7634  2.34031  
7635  1.59842  
7636  1.82367  
7637  1.46146  
7638  0.91193  
7639  0.943248  
7640  1.16453  
7641  0.604644  
7642  1.41612  
7643  0.745908  
7644  1.31096  
7645  0.569249  
7646  0.708338  
7647  0.611216  
7648  1.49715  
7649  1.14072  
7650  0.68621  
7651  0.991084  
7652  0.677644  
7653  1.13223  
7654  1.7706  
7655  1.28591  
7656  0.678951  
7657  1.00065  
7658  0.941864  
7659  0.811968  
7660  1.04027  
7661  0.905328  
7662  0.704037  
7663  0.674886  
7664  1.06228  
7665  0.617566  
7666  1.13605  
7667  0.823443  
7668  0.901486  
7669  1.15103  
7670  0.827057  
7671  0.84354  
7672  0.804754  
7673  0.693052  
7674  0.863014  
7675  0.946337  
7676  0.690446  
7677  0.773988  
7678  0.48404  
7679  0.612625  
7680  0.472128  
7681  0.483413  
7682  0.687209  
7683  0.617049  
7684  0.609997  
7685  0.557266  
7686  0.385812  
7687  0.716262  
7688  0.648127  
7689  0.762637  
7690  0.836296  
7691  0.441197  
7692  0.560496  
7693  0.438133  
7694  0.446636  
7695  0.355234  
7696  0.330332  
7697  0.617097  
7698  1.05213  
7699  0.406678  
7700  0.625194  
7701  0.688472  
7702  0.452816  
7703  0.529675  
7704  0.736637  
7705  0.523476  
7706  0.943822  
7707  0.619782  
7708  1.15811  
7709  0.891672  
7710  0.749083  
7711  0.563655  
7712  0.595977  
7713  0.816708  
7714  1.70497  
7715  2.53319  
7716  1.18746  
7717  2.06646  
7718  1.65964  
7719  2.00466  
7720  1.06534  
7721  1.96422  
7722  1.81993  
7723  1.55887  
7724  3.9526  
7725  2.5733  
7726  2.25286  
7727  1.3305  
7728  1.57902  
7729  0.846592  
7730  1.44708  
7731  1.63341  
7732  1.16032  
7733  0.837806  
7734  1.32381  
7735  3.41868  
7736  1.91013  
7737  1.70217  
7738  0.920984  
7739  1.09594  
7740  0.98596  
7741  0.877103  
7742  1.19873  
7743  0.859429  
7744  0.644719  
7745  1.13323  
7746  1.1034  
7747  0.690638  
7748  1.09036  
7749  1.45103  
7750  1.01009  
7751  1.05865  
7752  0.757208  
7753  0.874437  
7754  1.31248  
7755  1.04546  
7756  0.538607  
7757  0.711771  
7758  0.526918  
7759  0.466673  
7760  1.01385  
7761  0.729544  
7762  0.585754  
7763  0.607593  
7764  0.912814  
7765  1.19703  
7766  1.02223  
7767  0.799325  
7768  0.850156  
7769  0.573112  
7770  1.12349  
7771  0.935397  
7772  1.00493  
7773  0.60055  
7774  0.753777  
7775  0.740306  
7776  0.321655  
7777  0.472044  
7778  0.567955  
7779  0.681911  
7780  0.421095  
7781  0.668294  
7782  0.559544  
7783  0.834471  
7784  0.559289  
7785  0.645917  
7786  0.72829  
7787  0.605482  
7788  0.662673  
7789  0.501951  
7790  0.571594  
7791  0.418705  
7792  0.577932  
7793  0.601823  
7794  0.641328  
7795  0.470754  
7796  0.326974  
7797  0.237094  
7798  0.40744  
7799  0.280338  
7800  0.52663  
7801  0.659675  
7802  0.693397  
7803  0.733372  
7804  0.643601  
7805  0.692926  
7806  0.751759  
7807  0.885052  
7808  0.723658  
7809  1.10543  
7810  0.643568  
7811  0.54515  
7812  0.660072  
7813  0.763072  
7814  1.85703  
7815  3.17548  
7816  1.60579  
7817  2.86197  
7818  1.45619  
7819  2.20775  
7820  1.57117  
7821  1.27997  
7822  1.43009  
7823  2.02643  
7824  1.50295  
7825  1.76787  
7826  1.82515  
7827  1.72568  
7828  0.780334  
7829  1.0889  
7830  1.5474  
7831  0.766345  
7832  1.08163  
7833  1.19284  
7834  1.26487  
7835  1.29655  
7836  1.83226  
7837  2.13611  
7838  1.35684  
7839  1.1713  
7840  0.744857  
7841  1.70877  
7842  0.985718  
7843  0.720553  
7844  0.634821  
7845  0.672509  
7846  1.07567  
7847  1.2782  
7848  0.906993  
7849  1.13334  
7850  1.02199  
7851  0.724177  
7852  1.07353  
7853  0.561879  
7854  1.1351  
7855  1.37863  
7856  1.11843  
7857  1.23383  
7858  0.556781  
7859  0.868275  
7860  1.1838  
7861  0.538037  
7862  0.959019  
7863  0.676657  
7864  0.810485  
7865  0.788665  
7866  0.933712  
7867  0.690484  
7868  0.576062  
7869  0.466819  
7870  0.907416  
7871  0.603272  
7872  0.692396  
7873  0.58607  
7874  0.716577  
7875  0.499847  
7876  0.237961  
7877  0.491259  
7878  0.606626  
7879  0.606597  
7880  0.683788  
7881  0.515804  
7882  0.815406  
7883  0.591146  
7884  0.418489  
7885  0.477806  
7886  0.307202  
7887  0.515082  
7888  0.904495  
7889  0.594355  
7890  0.386619  
7891  0.671787  
7892  0.439656  
7893  0.403532  
7894  0.250022  
7895  0.508988  
7896  0.340053  
7897  0.436715  
7898  0.403517  
7899  0.50466  
7900  0.43593  
7901  0.589205  
7902  0.407476  
7903  0.571248  
7904  1.29545  
7905  0.707797  
7906  0.601396  
7907  1.00489  
7908  0.837566  
7909  1.17616  
7910  1.18892  
7911  1.08385  
7912  1.07394  
7913  1.61814  
7914  1.38321  
7915  1.44403  
7916  2.16434  
7917  2.02067  
7918  1.75117  
7919  2.41744  
7920  1.64326  
7921  1.70235  
7922  1.44235  
7923  2.35683  
7924  1.14659  
7925  2.49411  
7926  2.41786  
7927  1.55271  
7928  1.77129  
7929  1.81094  
7930  0.92855  
7931  1.75822  
7932  0.780252  
7933  1.37273  
7934  0.841521  
7935  0.949489  
7936  1.13692  
7937  1.00385  
7938  1.29165  
7939  0.974388  
7940  0.924501  
7941  0.679571  
7942  0.990794  
7943  0.704552  
7944  1.18399  
7945  0.874383  
7946  1.18627  
7947  1.38928  
7948  1.18202  
7949  1.01253  
7950  0.877043  
7951  0.998749  
7952  0.751913  
7953  0.768083  
7954  0.985485  
7955  0.705156  
7956  1.0437  
7957  1.11267  
7958  0.865908  
7959  0.335152  
7960  0.897842  
7961  0.541496  
7962  0.718701  
7963  0.662505  
7964  0.862753  
7965  1.03991  
7966  0.981173  
7967  0.936001  
7968  0.521554  
7969  0.704384  
7970  1.04974  
7971  0.647617  
7972  0.453894  
7973  0.766885  
7974  0.635043  
7975  0.35172  
7976  0.319471  
7977  0.278215  
7978  0.329879  
7979  1.04354  
7980  0.759456  
7981  0.855082  
7982  0.633665  
7983  0.895392  
7984  0.875188  
7985  0.435593  
7986  0.548255  
7987  0.583957  
7988  0.709609  
7989  0.528799  
7990  0.415543  
7991  0.323327  
7992  0.268032  
7993  0.413945  
7994  0.401015  
7995  0.433888  
7996  0.371062  
7997  0.296733  
7998  0.29149  
7999  0.362366  
8000  0.353055  
8001  1.1894  
8002  0.636635  
8003  1.04291  
8004  0.600818  
8005  0.684501  
8006  0.414749  
8007  0.938251  
8008  1.27675  
8009  1.81368  
8010  0.98662  
8011  1.09742  
8012  0.534646  
8013  1.25444  
8014  1.38397  
8015  1.12868  
8016  1.92742  
8017  2.17188  
8018  2.05841  
8019  3.34048  
8020  1.54558  
8021  1.72365  
8022  1.26408  
8023  1.5596  
8024  1.11594  
8025  2.0746  
8026  3.39408  
8027  2.6605  
8028  2.1753  
8029  1.74315  
8030  1.59202  
8031  1.38109  
8032  1.21968  
8033  1.56692  
8034  0.785361  
8035  1.22773  
8036  0.948663  
8037  1.12275  
8038  1.05134  
8039  0.954496  
8040  0.33548  
8041  0.743164  
8042  0.584941  
8043  0.504884  
8044  0.9184  
8045  0.591538  
8046  0.831471  
8047  1.36209  
8048  1.32528  
8049  0.578258  
8050  1.34758  
8051  0.690807  
8052  0.63744  
8053  0.457568  
8054  0.669845  
8055  1.02463  
8056  0.937862  
8057  0.698871  
8058  0.421432  
8059  1.05565  
8060  0.489547  
8061  1.13672  
8062  0.803854  
8063  0.619684  
8064  0.573736  
8065  0.659084  
8066  0.982571  
8067  0.69352  
8068  0.740935  
8069  0.959015  
8070  0.503379  
8071  0.451994  
8072  0.44308  
8073  0.54238  
8074  0.387972  
8075  0.39645  
8076  0.345726  
8077  0.363268  
8078  0.775133  
8079  0.613794  
8080  1.00717  
8081  0.834533  
8082  0.619221  
8083  1.20829  
8084  0.541078  
8085  0.581024  
8086  0.710737  
8087  0.250898  
8088  0.646249  
8089  0.618953  
8090  0.653941  
8091  0.538478  
8092  0.193949  
8093  0.570345  
8094  0.313782  
8095  0.332431  
8096  0.241341  
8097  0.627153  
8098  0.314034  
8099  0.615163  
8100  0.541177  
8101  0.495087  
8102  0.523986  
8103  0.505437  
8104  1.12513  
8105  1.49196  
8106  0.661081  
8107  0.606099  
8108  1.12734  
8109  0.682224  
8110  1.01898  
8111  0.802218  
8112  1.4082  
8113  1.19223  
8114  1.34732  
8115  1.84853  
8116  1.25001  
8117  1.43918  
8118  1.57419  
8119  2.51028  
8120  1.70387  
8121  1.22447  
8122  1.40855  
8123  0.773481  
8124  1.3273  
8125  1.17079  
8126  2.94381  
8127  1.45929  
8128  2.14231  
8129  1.57552  
8130  2.11147  
8131  1.72347  
8132  1.4781  
8133  1.41127  
8134  1.36346  
8135  0.956111  
8136  0.935098  
8137  0.976692  
8138  0.767756  
8139  0.864921  
8140  0.635971  
8141  0.704387  
8142  0.96838  
8143  0.723688  
8144  0.618573  
8145  0.858557  
8146  0.825921  
8147  1.08464  
8148  0.771963  
8149  1.10784  
8150  1.01745  
8151  0.725915  
8152  0.428008  
8153  0.559226  
8154  1.10008  
8155  0.899232  
8156  0.555375  
8157  0.509003  
8158  0.68477  
8159  0.90333  
8160  0.498331  
8161  0.710303  
8162  1.06553  
8163  0.636241  
8164  0.572931  
8165  0.786769  
8166  0.649751  
8167  0.775963  
8168  0.539589  
8169  0.468435  
8170  0.380112  
8171  0.576104  
8172  0.473724  
8173  0.453689  
8174  0.677544  
8175  0.474178  
8176  0.304077  
8177  0.555488  
8178  0.334891  
8179  0.977664  
8180  0.526883  
8181  0.556154  
8182  0.763647  
8183  0.389382  
8184  0.537942  
8185  0.371713  
8186  0.815863  
8187  0.36982  
8188  0.976515  
8189  0.513067  
8190  0.456162  
8191  0.506157  
8192  0.410037  
8193  0.307123  
8194  0.522915  
8195  0.390534  
8196  0.499168  
8197  0.367581  
8198  0.437902  
8199  0.425038  
8200  0.362862  
8201  1.14858  
8202  0.549389  
8203  0.5392  
8204  0.597958  
8205  0.571925  
8206  0.490313  
8207  0.757499  
8208  1.00146  
8209  0.867274  
8210  0.948838  
8211  1.23426  
8212  0.982536  
8213  1.40167  
8214  1.83175  
8215  1.96925  
8216  1.82916  
8217  1.28593  
8218  0.68231  
8219  1.39128  
8220  1.16387  
8221  1.41707  
8222  0.800001  
8223  1.23034  
8224  1.46732  
8225  1.45102  
8226  1.87795  
8227  2.13236  
8228  1.7634  
8229  0.978103  
8230  1.15304  
8231  2.18683  
8232  0.921926  
8233  1.46764  
8234  0.75257  
8235  0.859171  
8236  1.80027  
8237  0.605565  
8238  1.13165  
8239  1.2266  
8240  0.576435  
8241  0.520235  
8242  0.558979  
8243  0.79832  
8244  0.76194  
8245  0.769011  
8246  0.866503  
8247  0.782944  
8248  0.690898  
8249  1.07307  
8250  0.689328  
8251  0.839854  
8252  0.672977  
8253  0.424945  
8254  0.464776  
8255  0.6867  
8256  0.627399  
8257  0.520319  
8258  0.464556  
8259  0.661027  
8260  0.833202  
8261  0.478284  
8262  0.422928  
8263  0.871194  
8264  0.771191  
8265  0.395124  
8266  0.474007  
8267  0.527783  
8268  0.776104  
8269  0.594585  
8270  0.391834  
8271  0.386875  
8272  0.404572  
8273  0.43457  
8274  0.420303  
8275  0.413436  
8276  0.545694  
8277  0.548203  
8278  0.52787  
8279  0.788109  
8280  0.441979  
8281  0.509422  
8282  0.385684  
8283  0.40362  
8284  0.622561  
8285  0.458653  
8286  0.457977  
8287  0.525268  
8288  0.647356  
8289  0.472094  
8290  0.455639  
8291  0.478164  
8292  0.469146  
8293  0.302633  
8294  0.437506  
8295  0.467822  
8296  0.520675  
8297  0.339816  
8298  0.328007  
8299  0.42118  
8300  0.547356  
8301  0.482829  
8302  0.743133  
8303  0.861924  
8304  0.575757  
8305  0.497907  
8306  0.572626  
8307  0.590045  
8308  0.672561  
8309  0.756946  
8310  0.984839  
8311  0.862382  
8312  0.787043  
8313  0.942347  
8314  1.2815  
8315  0.891765  
8316  1.63615  
8317  2.07008  
8318  0.905093  
8319  1.41993  
8320  1.93067  
8321  1.16902  
8322  0.93132  
8323  1.23178  
8324  1.09632  
8325  1.72527  
8326  2.10255  
8327  1.53055  
8328  1.50226  
8329  1.46473  
8330  1.33026  
8331  1.54541  
8332  1.33863  
8333  0.792974  
8334  0.670384  
8335  0.96801  
8336  1.19295  
8337  1.26885  
8338  1.39623  
8339  0.804561  
8340  1.16869  
8341  0.516396  
8342  1.02404  
8343  0.610132  
8344  0.50946  
8345  0.810401  
8346  0.772131  
8347  1.22789  
8348  0.760583  
8349  0.771562  
8350  0.533356  
8351  0.497285  
8352  0.82341  
8353  1.13745  
8354  0.680903  
8355  0.453137  
8356  0.610526  
8357  0.818588  
8358  0.445041  
8359  0.33742  
8360  0.586363  
8361  0.634824  
8362  0.654994  
8363  0.562218  
8364  0.306921  
8365  0.519791  
8366  0.582314  
8367  0.516605  
8368  0.677324  
8369  0.863987  
8370  0.404631  
8371  0.34566  
8372  0.255394  
8373  0.225377  
8374  0.52169  
8375  0.384926  
8376  0.393728  
8377  0.320673  
8378  0.371101  
8379  0.622919  
8380  0.74492  
8381  0.416816  
8382  0.355741  
8383  0.419646  
8384  0.658772  
8385  0.6044  
8386  0.354581  
8387  0.437793  
8388  0.449114  
8389  0.887951  
8390  0.525321  
8391  0.641856  
8392  1.0862  
8393  0.910305  
8394  0.458999  
8395  0.358338  
8396  0.367016  
8397  0.32859  
8398  0.270779  
8399  0.249802  
8400  0.282813  
8401  0.703557  
8402  0.608599  
8403  0.500392  
8404  0.903471  
8405  0.503619  
8406  0.734288  
8407  0.966431  
8408  0.648165  
8409  0.991647  
8410  0.771763  
8411  1.04934  
8412  1.08055  
8413  1.14414  
8414  1.06856  
8415  1.21032  
8416  1.41026  
8417  1.56288  
8418  1.32205  
8419  1.0292  
8420  1.95689  
8421  2.08432  
8422  0.806732  
8423  0.918275  
8424  1.5508  
8425  1.77137  
8426  1.82042  
8427  1.51606  
8428  1.49229  
8429  1.81632  
8430  1.23312  
8431  0.625586  
8432  1.03709  
8433  0.576499  
8434  0.807451  
8435  0.988199  
8436  1.1196  
8437  0.671333  
8438  0.331976  
8439  0.740587  
8440  0.697513  
8441  0.522513  
8442  0.429986  
8443  0.836785  
8444  0.629607  
8445  0.674363  
8446  0.573916  
8447  0.659404  
8448  0.527776  
8449  0.59147  
8450  0.642443  
8451  0.87848  
8452  1.05208  
8453  0.777431  
8454  0.946449  
8455  0.65159  
8456  0.645355  
8457  0.695498  
8458  0.51552  
8459  0.29798  
8460  0.411116  
8461  0.481357  
8462  0.730035  
8463  1.01974  
8464  0.461535  
8465  0.872734  
8466  0.562476  
8467  0.713117  
8468  0.525914  
8469  0.412373  
8470  0.385851  
8471  0.35396  
8472  0.437321  
8473  0.360906  
8474  0.492255  
8475  0.47506  
8476  0.301434  
8477  0.450992  
8478  0.552073  
8479  0.389648  
8480  0.65203  
8481  0.509536  
8482  0.594388  
8483  0.437317  
8484  0.587498  
8485  0.313403  
8486  0.335522  
8487  0.674394  
8488  0.641167  
8489  0.546495  
8490  0.610904  
8491  0.481641  
8492  0.459419  
8493  0.45298  
8494  0.396739  
8495  0.828351  
8496  0.359413  
8497  0.519877  
8498  0.387923  
8499  0.315208  
8500  0.332747  
8501  0.536227  
8502  0.629536  
8503  0.865819  
8504  0.538086  
8505  0.529918  
8506  0.719983  
8507  0.926498  
8508  0.554969  
8509  0.812234  
8510  0.853546  
8511  1.08017  
8512  1.10982  
8513  1.319  
8514  0.850862  
8515  1.38199  
8516  0.753612  
8517  1.80107  
8518  0.811086  
8519  1.46714  
8520  0.764442  
8521  0.815165  
8522  0.908022  
8523  1.23274  
8524  1.44793  
8525  1.03415  
8526  1.39268  
8527  1.76962  
8528  2.0181  
8529  1.03421  
8530  1.24264  
8531  1.02901  
8532  0.760858  
8533  0.48332  
8534  0.45358  
8535  0.340297  
8536  0.621211  
8537  0.413354  
8538  0.443919  
8539  0.93305  
8540  0.698065  
8541  0.456478  
8542  0.659322  
8543  0.823717  
8544  0.555176  
8545  0.506896  
8546  0.334795  
8547  0.574464  
8548  0.781412  
8549  0.563771  
8550  0.638135  
8551  1.21142  
8552  0.744593  
8553  0.330218  
8554  0.895826  
8555  1.09796  
8556  0.880255  
8557  0.538176  
8558  0.438589  
8559  0.47791  
8560  0.40748  
8561  0.595199  
8562  1.00484  
8563  0.434778  
8564  0.430385  
8565  0.435651  
8566  0.433519  
8567  0.482482  
8568  0.58793  
8569  0.303476  
8570  0.579979  
8571  0.660028  
8572  0.437567  
8573  0.340212  
8574  0.330236  
8575  0.578763  
8576  0.339196  
8577  0.506841  
8578  0.394311  
8579  0.464362  
8580  0.447778  
8581  0.814744  
8582  0.300504  
8583  0.351994  
8584  0.515338  
8585  0.701335  
8586  0.786023  
8587  0.838747  
8588  0.865441  
8589  0.452671  
8590  0.541102  
8591  0.38251  
8592  0.598045  
8593  0.421344  
8594  0.40489  
8595  1.04138  
8596  0.593038  
8597  0.513228  
8598  0.205758  
8599  0.341719  
8600  0.185976  
8601  0.771491  
8602  0.502041  
8603  0.641798  
8604  0.420213  
8605  0.491707  
8606  0.872714  
8607  0.833223  
8608  0.756978  
8609  0.722747  
8610  0.707691  
8611  0.839405  
8612  1.12869  
8613  0.55622  
8614  0.860294  
8615  0.938639  
8616  0.582104  
8617  1.24835  
8618  0.827106  
8619  1.07938  
8620  0.87531  
8621  1.19437  
8622  0.9982  
8623  0.833903  
8624  1.32435  
8625  1.31111  
8626  0.81103  
8627  1.34298  
8628  0.765938  
8629  1.12908  
8630  0.884302  
8631  1.25329  
8632  0.716879  
8633  0.655406  
8634  0.584424  
8635  0.395553  
8636  0.485267  
8637  0.524026  
8638  0.952869  
8639  0.497445  
8640  0.621921  
8641  0.606535  
8642  1.03515  
8643  0.517354  
8644  0.518384  
8645  1.20488  
8646  0.92429  
8647  1.0637  
8648  0.698529  
8649  0.746432  
8650  0.847288  
8651  0.708024  
8652  0.647641  
8653  0.394872  
8654  0.503501  
8655  1.33349  
8656  0.663955  
8657  0.841466  
8658  0.511281  
8659  0.536373  
8660  0.539071  
8661  0.481408  
8662  0.348177  
8663  0.357335  
8664  0.699329  
8665  0.449497  
8666  0.4186  
8667  0.3906  
8668  0.445029  
8669  0.656798  
8670  0.478579  
8671  0.439918  
8672  0.35591  
8673  0.32763  
8674  0.350407  
8675  0.535327  
8676  0.383188  
8677  0.273064  
8678  0.315125  
8679  0.617374  
8680  0.552982  
8681  0.621343  
8682  0.366998  
8683  0.674538  
8684  0.796301  
8685  0.605231  
8686  0.640948  
8687  0.655186  
8688  0.753741  
8689  0.579031  
8690  0.623002  
8691  0.472384  
8692  0.702533  
8693  0.632777  
8694  0.698762  
8695  0.438818  
8696  0.580037  
8697  0.363997  
8698  0.33521  
8699  0.29433  
8700  0.33683  
8701  0.937245  
8702  0.579996  
8703  0.548659  
8704  0.53837  
8705  0.64968  
8706  0.457468  
8707  0.731972  
8708  0.605437  
8709  0.742581  
8710  0.733218  
8711  0.700635  
8712  1.03861  
8713  0.598936  
8714  0.508765  
8715  0.895211  
8716  0.508169  
8717  0.775492  
8718  0.880203  
8719  0.798097  
8720  0.864768  
8721  0.815953  
8722  1.1505  
8723  0.855409  
8724  0.820113  
8725  1.71522  
8726  0.947729  
8727  0.952704  
8728  0.878243  
8729  0.654333  
8730  0.685352  
8731  1.14436  
8732  0.736458  
8733  0.500149  
8734  0.541763  
8735  0.492503  
8736  0.265157  
8737  0.662082  
8738  1.10665  
8739  0.52319  
8740  0.571478  
8741  1.27596  
8742  0.72805  
8743  1.13833  
8744  0.647837  
8745  0.61279  
8746  0.304224  
8747  0.493213  
8748  0.593838  
8749  0.363724  
8750  0.415882  
8751  0.575439  
8752  0.275674  
8753  0.566538  
8754  0.638308  
8755  0.394546  
8756  0.579286  
8757  0.667625  
8758  0.798494  
8759  0.676544  
8760  0.476641  
8761  0.45281  
8762  0.960986  
8763  0.282413  
8764  0.532091  
8765  0.518386  
8766  0.281621  
8767  0.194436  
8768  0.285975  
8769  0.375013  
8770  0.407964  
8771  0.566427  
8772  0.343765  
8773  0.463604  
8774  0.601852  
8775  0.532952  
8776  0.41199  
8777  0.314703  
8778  0.39822  
8779  0.474098  
8780  0.500355  
8781  0.645214  
8782  0.444371  
8783  0.291806  
8784  0.355468  
8785  0.749632  
8786  0.636613  
8787  0.934626  
8788  0.857153  
8789  0.655394  
8790  0.781945  
8791  0.502292  
8792  0.658706  
8793  0.395197  
8794  0.711025  
8795  0.45454  
8796  0.428894  
8797  0.502181  
8798  0.270317  
8799  0.374945  
8800  0.310492  
8801  0.722116  
8802  0.61178  
8803  0.611953  
8804  0.652957  
8805  0.620495  
8806  0.267686  
8807  0.472188  
8808  0.443572  
8809  0.506095  
8810  0.523669  
8811  0.434619  
8812  1.02658  
8813  0.485007  
8814  0.84944  
8815  0.478862  
8816  0.49892  
8817  0.744622  
8818  0.524105  
8819  0.576279  
8820  0.778278  
8821  0.611817  
8822  0.717933  
8823  0.85456  
8824  0.700465  
8825  1.33359  
8826  1.16474  
8827  0.973744  
8828  1.16765  
8829  0.438761  
8830  0.727583  
8831  1.27811  
8832  0.546435  
8833  0.550059  
8834  0.308928  
8835  0.32467  
8836  0.459427  
8837  0.669409  
8838  0.475109  
8839  0.485774  
8840  0.440677  
8841  0.392222  
8842  0.635909  
8843  0.588008  
8844  0.617289  
8845  0.937938  
8846  0.394189  
8847  0.282209  
8848  0.353577  
8849  0.521637  
8850  0.480705  
8851  0.64402  
8852  0.707583  
8853  0.749345  
8854  0.536448  
8855  0.448948  
8856  0.674747  
8857  0.472198  
8858  0.506837  
8859  0.754766  
8860  0.538396  
8861  0.294863  
8862  0.413111  
8863  0.565801  
8864  0.637341  
8865  0.574627  
8866  0.428181  
8867  0.456461  
8868  0.423772  
8869  0.226556  
8870  0.356524  
8871  0.401492  
8872  0.370652  
8873  0.589308  
8874  0.523445  
8875  0.572845  
8876  0.323166  
8877  0.415931  
8878  0.342954  
8879  0.424738  
8880  0.666945  
8881  0.463087  
8882  0.271435  
8883  0.634688  
8884  0.407155  
8885  0.362242  
8886  0.698468  
8887  1.34052  
8888  0.828419  
8889  0.704662  
8890  0.971711  
8891  0.347932  
8892  0.906508  
8893  0.700366  
8894  1.52062  
8895  0.39442  
8896  0.624526  
8897  0.440593  
8898  0.377411  
8899  0.497994  
8900  0.322687  
8901  0.420098  
8902  0.73969  
8903  0.730713  
8904  0.490506  
8905  0.42289  
8906  0.419163  
8907  0.484372  
8908  0.420185  
8909  0.649231  
8910  0.546769  
8911  0.447617  
8912  0.484379  
8913  0.72681  
8914  0.405184  
8915  0.383412  
8916  0.671546  
8917  1.12773  
8918  0.669933  
8919  0.940306  
8920  1.29146  
8921  0.971586  
8922  0.485712  
8923  1.16768  
8924  0.585371  
8925  0.918041  
8926  1.02494  
8927  1.02688  
8928  0.889497  
8929  1.09201  
8930  0.656133  
8931  0.904744  
8932  0.548932  
8933  0.700003  
8934  0.436237  
8935  0.456427  
8936  0.547224  
8937  0.404913  
8938  0.267609  
8939  0.433424  
8940  0.43326  
8941  0.432737  
8942  0.220247  
8943  0.745626  
8944  0.674686  
8945  0.380778  
8946  0.432862  
8947  0.449747  
8948  0.590401  
8949  0.563126  
8950  0.361323  
8951  0.710204  
8952  0.804542  
8953  0.661224  
8954  0.485462  
8955  0.637323  
8956  0.966445  
8957  0.791899  
8958  0.612899  
8959  0.488443  
8960  0.742393  
8961  0.637097  
8962  0.768963  
8963  0.866868  
8964  0.574225  
8965  0.374061  
8966  0.185733  
8967  0.248612  
8968  0.277633  
8969  0.326616  
8970  0.371089  
8971  0.308426  
8972  0.453188  
8973  0.556284  
8974  0.645142  
8975  0.873926  
8976  0.376309  
8977  0.481004  
8978  0.665146  
8979  0.587986  
8980  0.547424  
8981  0.413198  
8982  0.813693  
8983  0.464233  
8984  0.410407  
8985  0.303019  
8986  0.658692  
8987  0.847878  
8988  0.456919  
8989  0.506882  
8990  0.390501  
8991  0.504329  
8992  0.463231  
8993  0.602871  
8994  0.563153  
8995  0.64113  
8996  0.456599  
8997  0.502353  
8998  0.402533  
8999  0.60603  
9000  0.328921  
9001  0.347504  
9002  0.453964  
9003  0.468255  
9004  0.326416  
9005  0.814292  
9006  0.396948  
9007  0.662331  
9008  0.274392  
9009  0.516333  
9010  0.461921  
9011  0.574298  
9012  0.468767  
9013  0.705119  
9014  0.42252  
9015  0.50348  
9016  1.01605  
9017  0.788591  
9018  0.528668  
9019  1.14208  
9020  1.16859  
9021  0.926011  
9022  0.940101  
9023  1.07886  
9024  0.555845  
9025  0.796474  
9026  0.761865  
9027  1.40569  
9028  1.11061  
9029  0.762048  
9030  1.02177  
9031  1.09495  
9032  1.40686  
9033  0.604941  
9034  0.331543  
9035  0.493554  
9036  0.436437  
9037  0.220385  
9038  0.487567  
9039  0.342503  
9040  0.505198  
9041  0.586941  
9042  0.736762  
9043  0.285938  
9044  0.371721  
9045  0.414331  
9046  0.586576  
9047  0.500463  
9048  0.594936  
9049  0.330887  
9050  0.287331  
9051  0.47571  
9052  0.452936  
9053  0.452233  
9054  0.73663  
9055  0.638164  
9056  1.04093  
9057  0.49337  
9058  0.982377  
9059  0.574875  
9060  0.553643  
9061  0.531946  
9062  0.535663  
9063  0.585586  
9064  0.234178  
9065  0.480432  
9066  0.326887  
9067  0.203829  
9068  0.225929  
9069  0.284863  
9070  0.330284  
9071  0.53651  
9072  0.231341  
9073  0.210896  
9074  0.165354  
9075  0.390803  
9076  0.347548  
9077  0.233633  
9078  0.610466  
9079  0.744009  
9080  0.400522  
9081  0.60111  
9082  0.373495  
9083  0.654369  
9084  0.601245  
9085  0.385522  
9086  0.529757  
9087  0.583894  
9088  0.392026  
9089  0.41465  
9090  0.321593  
9091  0.494772  
9092  0.656107  
9093  0.547044  
9094  0.593596  
9095  0.284811  
9096  0.596977  
9097  0.308942  
9098  0.376657  
9099  0.346904  
9100  0.422189  
9101  0.517534  
9102  0.398661  
9103  0.667866  
9104  0.391628  
9105  0.471274  
9106  0.753649  
9107  0.462786  
9108  0.670808  
9109  0.379883  
9110  0.505947  
9111  0.469044  
9112  0.52722  
9113  0.926842  
9114  1.07421  
9115  0.367994  
9116  0.510939  
9117  0.52671  
9118  0.739221  
9119  0.802984  
9120  1.43597  
9121  1.08874  
9122  0.820006  
9123  1.40136  
9124  0.818772  
9125  0.833363  
9126  0.972509  
9127  0.656022  
9128  0.561549  
9129  0.649857  
9130  1.02246  
9131  1.17342  
9132  0.742705  
9133  0.391864  
9134  0.428907  
9135  0.60816  
9136  0.568377  
9137  0.601223  
9138  0.372352  
9139  0.31434  
9140  0.361143  
9141  0.351534  
9142  0.406771  
9143  0.315571  
9144  0.464577  
9145  0.65569  
9146  0.53233  
9147  0.532883  
9148  0.502433  
9149  0.394003  
9150  0.613856  
9151  0.471195  
9152  0.298158  
9153  0.246741  
9154  0.617541  
9155  0.426344  
9156  0.370475  
9157  0.38608  
9158  0.422073  
9159  0.315536  
9160  0.393508  
9161  0.642031  
9162  0.327016  
9163  0.637802  
9164  0.60159  
9165  0.35683  
9166  0.64014  
9167  0.249403  
9168  0.236304  
9169  0.448911  
9170  0.305888  
9171  0.212907  
9172  0.29951  
9173  0.286157  
9174  0.259501  
9175  0.208334  
9176  0.586726  
9177  0.405819  
9178  0.345161  
9179  0.472474  
9180  0.654842  
9181  1.00141  
9182  1.24545  
9183  0.698148  
9184  0.652525  
9185  0.512352  
9186  0.665851  
9187  0.709485  
9188  0.449432  
9189  0.408324  
9190  0.287321  
9191  0.511513  
9192  0.468675  
9193  0.533616  
9194  0.433449  
9195  0.573622  
9196  0.512022  
9197  0.569749  
9198  0.494805  
9199  0.520753  
9200  0.48231  
9201  0.634114  
9202  0.581198  
9203  0.325039  
9204  0.375861  
9205  0.701028  
9206  0.513881  
9207  0.542393  
9208  0.523076  
9209  0.821266  
9210  0.343654  
9211  0.356168  
9212  0.575314  
9213  0.45815  
9214  0.835865  
9215  0.509263  
9216  0.479077  
9217  0.523911  
9218  0.811248  
9219  1.01693  
9220  1.21816  
9221  1.82283  
9222  1.29799  
9223  1.34607  
9224  1.08963  
9225  0.847056  
9226  1.96899  
9227  0.686798  
9228  0.587276  
9229  0.479614  
9230  0.550056  
9231  0.760227  
9232  0.531873  
9233  0.373202  
9234  0.7048  
9235  0.570199  
9236  0.384473  
9237  0.363777  
9238  0.59563  
9239  0.388491  
9240  0.470848  
9241  0.63075  
9242  0.411918  
9243  0.509067  
9244  0.573237  
9245  0.430443  
9246  0.27677  
9247  0.436168  
9248  0.369788  
9249  0.375352  
9250  0.420788  
9251  0.45006  
9252  0.455882  
9253  0.475399  
9254  0.351253  
9255  0.426393  
9256  0.356262  
9257  0.367473  
9258  0.456018  
9259  0.351414  
9260  0.439272  
9261  0.393227  
9262  0.275676  
9263  0.332899  
9264  0.455413  
9265  0.489371  
9266  0.340168  
9267  0.329842  
9268  0.352704  
9269  0.361248  
9270  0.519743  
9271  0.205372  
9272  0.249602  
9273  0.31238  
9274  0.199614  
9275  0.231435  
9276  0.349909  
9277  0.353101  
9278  0.350851  
9279  0.495056  
9280  0.318928  
9281  0.295214  
9282  0.66871  
9283  0.433416  
9284  0.506977  
9285  0.505912  
9286  0.425123  
9287  0.546202  
9288  0.398134  
9289  0.557028  
9290  0.361344  
9291  0.411631  
9292  0.371754  
9293  0.426729  
9294  0.211897  
9295  0.346269  
9296  0.606619  
9297  0.564376  
9298  0.390052  
9299  0.668342  
9300  0.438346  
9301  0.699211  
9302  0.587344  
9303  0.667182  
9304  0.741519  
9305  0.426368  
9306  0.495583  
9307  0.820776  
9308  0.9536  
9309  0.598145  
9310  0.384361  
9311  0.466877  
9312  0.565666  
9313  0.824568  
9314  0.643654  
9315  0.367662  
9316  0.670566  
9317  0.906902  
9318  0.834536  
9319  1.59125  
9320  1.0347  
9321  1.56072  
9322  0.825798  
9323  1.10352  
9324  0.742804  
9325  1.41753  
9326  1.39776  
9327  1.06935  
9328  1.01802  
9329  1.05571  
9330  0.606117  
9331  0.448511  
9332  0.432173  
9333  0.600658  
9334  0.591673  
9335  1.02451  
9336  0.611665  
9337  0.530227  
9338  0.688628  
9339  0.469836  
9340  0.6598  
9341  0.442387  
9342  0.431746  
9343  0.435713  
9344  0.481187  
9345  0.729201  
9346  0.704389  
9347  0.345975  
9348  0.63925  
9349  0.272209  
9350  0.446556  
9351  0.273777  
9352  0.435392  
9353  0.443217  
9354  0.312675  
9355  0.458  
9356  0.542607  
9357  0.431052  
9358  0.341464  
9359  0.272631  
9360  0.410902  
9361  0.299366  
9362  0.334156  
9363  0.277973  
9364  0.220751  
9365  0.342154  
9366  0.430951  
9367  0.474895  
9368  0.368855  
9369  0.372772  
9370  0.349227  
9371  0.285789  
9372  0.299167  
9373  0.323508  
9374  0.324518  
9375  0.466832  
9376  0.343632  
9377  0.151559  
9378  0.349664  
9379  0.299383  
9380  0.636456  
9381  0.296695  
9382  0.629197  
9383  0.536891  
9384  0.404538  
9385  0.46935  
9386  0.815103  
9387  0.392584  
9388  0.64784  
9389  0.587765  
9390  0.437176  
9391  0.274655  
9392  0.582152  
9393  0.471582  
9394  0.401848  
9395  0.596405  
9396  0.386353  
9397  0.486937  
9398  0.683505  
9399  0.245103  
9400  0.212366  
9401  0.726887  
9402  0.521517  
9403  0.389231  
9404  0.379109  
9405  0.427322  
9406  0.509526  
9407  0.637315  
9408  0.581254  
9409  0.528197  
9410  0.554224  
9411  0.797337  
9412  0.908546  
9413  0.255908  
9414  0.425314  
9415  0.233945  
9416  0.397493  
9417  0.750877  
9418  1.33489  
9419  1.63529  
9420  1.34612  
9421  2.84183  
9422  1.27914  
9423  0.884122  
9424  1.16414  
9425  1.30714  
9426  0.705807  
9427  0.605746  
9428  0.522131  
9429  0.762996  
9430  0.704102  
9431  0.955116  
9432  0.904068  
9433  0.551347  
9434  0.631241  
9435  0.593431  
9436  0.540256  
9437  0.754031  
9438  0.395298  
9439  0.581792  
9440  0.543959  
9441  0.306998  
9442  0.537941  
9443  1.06665  
9444  0.615983  
9445  0.886855  
9446  0.823606  
9447  0.856932  
9448  0.284167  
9449  0.375348  
9450  0.45243  
9451  0.454385  
9452  0.465306  
9453  0.325768  
9454  0.351767  
9455  0.341072  
9456  0.46392  
9457  0.31293  
9458  0.234448  
9459  0.249798  
9460  0.377827  
9461  0.467479  
9462  0.350129  
9463  0.215576  
9464  0.367504  
9465  0.427194  
9466  0.332409  
9467  0.449258  
9468  0.466201  
9469  0.279689  
9470  0.466855  
9471  0.416604  
9472  0.389494  
9473  0.289182  
9474  0.519003  
9475  0.250718  
9476  0.237283  
9477  0.234869  
9478  0.421786  
9479  0.268042  
9480  0.60415  
9481  0.455068  
9482  0.28796  
9483  0.466231  
9484  0.882758  
9485  0.975665  
9486  0.403958  
9487  0.443114  
9488  0.566795  
9489  0.617687  
9490  0.500593  
9491  0.628819  
9492  0.455651  
9493  0.796777  
9494  0.389866  
9495  0.449062  
9496  0.521668  
9497  0.434725  
9498  0.432357  
9499  0.319813  
9500  0.334259  
9501  0.663298  
9502  0.555831  
9503  0.66874  
9504  0.457808  
9505  0.353668  
9506  0.348824  
9507  0.472697  
9508  0.51729  
9509  0.633625  
9510  0.41813  
9511  0.645553  
9512  0.656291  
9513  0.342268  
9514  0.473964  
9515  0.407188  
9516  0.671018  
9517  0.599798  
9518  0.832314  
9519  0.977968  
9520  2.02474  
9521  1.28776  
9522  1.07295  
9523  1.47284  
9524  0.653295  
9525  0.922545  
9526  0.848228  
9527  1.13359  
9528  0.868787  
9529  0.769361  
9530  0.472582  
9531  1.0633  
9532  0.526384  
9533  0.562214  
9534  1.04844  
9535  0.564484  
9536  0.38225  
9537  0.769508  
9538  0.551863  
9539  0.670022  
9540  0.463232  
9541  0.535702  
9542  0.270089  
9543  0.558205  
9544  0.290106  
9545  0.463027  
9546  0.539165  
9547  0.576677  
9548  0.31518  
9549  0.260575  
9550  0.224087  
9551  0.555532  
9552  0.414704  
9553  0.303537  
9554  0.483993  
9555  0.311748  
9556  0.317282  
9557  0.458024  
9558  0.348211  
9559  0.176098  
9560  0.28513  
9561  0.372973  
9562  0.254453  
9563  0.662246  
9564  0.35185  
9565  0.404936  
9566  0.273928  
9567  0.52141  
9568  0.793949  
9569  0.473373  
9570  0.270219  
9571  0.265913  
9572  0.328075  
9573  0.18932  
9574  0.36657  
9575  0.315328  
9576  0.569006  
9577  0.32184  
9578  0.460363  
9579  0.334071  
9580  0.505993  
9581  0.4396  
9582  0.493243  
9583  0.509639  
9584  0.600175  
9585  0.581446  
9586  0.455582  
9587  0.585357  
9588  0.315277  
9589  0.626245  
9590  0.510131  
9591  0.664764  
9592  0.421143  
9593  0.376921  
9594  0.442875  
9595  0.576798  
9596  0.355652  
9597  0.308286  
9598  0.615887  
9599  0.253498  
9600  0.221429  
9601  0.639132  
9602  0.304486  
9603  0.677083  
9604  0.864767  
9605  0.279262  
9606  0.432785  
9607  0.461948  
9608  0.400596  
9609  0.561008  
9610  0.551335  
9611  0.590826  
9612  0.440704  
9613  0.559022  
9614  0.359907  
9615  0.766462  
9616  0.410485  
9617  0.883177  
9618  1.02094  
9619  1.31646  
9620  0.956736  
9621  1.34134  
9622  1.50849  
9623  1.34992  
9624  0.910172  
9625  0.577131  
9626  0.490901  
9627  0.952888  
9628  1.39585  
9629  0.958436  
9630  0.608022  
9631  0.571635  
9632  0.583524  
9633  0.874487  
9634  0.8345  
9635  1.04402  
9636  0.322981  
9637  0.46867  
9638  0.696059  
9639  0.620864  
9640  0.456615  
9641  0.414126  
9642  0.522188  
9643  0.368901  
9644  0.355858  
9645  0.447016  
9646  0.590076  
9647  0.439113  
9648  0.43762  
9649  0.337409  
9650  0.474376  
9651  0.697506  
9652  0.385513  
9653  0.393599  
9654  0.531353  
9655  0.361382  
9656  0.336281  
9657  0.604465  
9658  0.375684  
9659  0.350349  
9660  0.304931  
9661  0.502787  
9662  0.538695  
9663  0.352008  
9664  0.461112  
9665  0.345553  
9666  0.383514  
9667  0.503184  
9668  0.301497  
9669  0.425055  
9670  0.221914  
9671  0.219579  
9672  0.29702  
9673  0.287215  
9674  0.327086  
9675  0.219277  
9676  0.306244  
9677  0.406256  
9678  0.217064  
9679  0.370971  
9680  0.431459  
9681  0.292979  
9682  0.354269  
9683  0.521817  
9684  0.572113  
9685  0.438556  
9686  0.475307  
9687  1.03473  
9688  0.543391  
9689  0.61377  
9690  0.37694  
9691  0.733451  
9692  0.55662  
9693  0.326761  
9694  0.482644  
9695  0.57212  
9696  0.396531  
9697  0.539997  
9698  0.364688  
9699  0.319683  
9700  0.342186  
9701  0.739665  
9702  0.492395  
9703  0.378716  
9704  0.639368  
9705  0.447812  
9706  0.552927  
9707  0.479385  
9708  0.498248  
9709  0.561086  
9710  0.758828  
9711  0.489954  
9712  0.445815  
9713  0.564744  
9714  0.623348  
9715  0.645463  
9716  0.667647  
9717  0.810264  
9718  0.878701  
9719  0.892088  
9720  1.39431  
9721  1.9389  
9722  0.798456  
9723  1.07058  
9724  1.10994  
9725  0.642859  
9726  0.97565  
9727  0.85938  
9728  0.817153  
9729  0.683666  
9730  0.324655  
9731  0.345148  
9732  0.519912  
9733  0.345589  
9734  0.479611  
9735  0.398071  
9736  0.345913  
9737  0.517223  
9738  0.802207  
9739  1.18333  
9740  0.572945  
9741  0.473432  
9742  0.461943  
9743  0.260885  
9744  0.266715  
9745  0.283711  
9746  0.453665  
9747  0.387843  
9748  0.657041  
9749  0.341581  
9750  0.397211  
9751  0.450483  
9752  0.579466  
9753  0.381363  
9754  0.581487  
9755  0.330751  
9756  0.930765  
9757  0.660811  
9758  0.503121  
9759  0.362255  
9760  0.301032  
9761  0.29553  
9762  0.45095  
9763  0.330229  
9764  0.21407  
9765  0.479375  
9766  0.574958  
9767  0.423246  
9768  0.446649  
9769  0.312218  
9770  0.193903  
9771  0.27162  
9772  0.212585  
9773  0.245887  
9774  0.226241  
9775  0.348902  
9776  0.241742  
9777  0.319896  
9778  0.247462  
9779  0.303419  
9780  0.488643  
9781  0.439607  
9782  0.355796  
9783  0.199161  
9784  0.365589  
9785  0.394676  
9786  0.307523  
9787  0.555314  
9788  0.428698  
9789  0.627176  
9790  0.715096  
9791  0.850463  
9792  0.60618  
9793  0.215644  
9794  0.53732  
9795  0.215229  
9796  0.37263  
9797  0.459455  
9798  0.655991  
9799  0.22183  
9800  0.291383  
9801  0.591159  
9802  0.450402  
9803  0.582107  
9804  0.847304  
9805  1.03473  
9806  0.310345  
9807  0.295119  
9808  0.315413  
9809  0.584371  
9810  0.573338  
9811  0.889714  
9812  0.616302  
9813  0.543886  
9814  0.602542  
9815  0.756427  
9816  0.675122  
9817  1.1649  
9818  0.599301  
9819  1.8784  
9820  1.60299  
9821  1.76928  
9822  1.26812  
9823  1.08553  
9824  0.858868  
9825  0.534332  
9826  0.399216  
9827  0.857955  
9828  0.825751  
9829  0.393436  
9830  0.322318  
9831  0.32757  
9832  0.364927  
9833  0.286479  
9834  0.688849  
9835  0.482362  
9836  0.581378  
9837  0.380896  
9838  0.444775  
9839  0.77069  
9840  0.566868  
9841  0.595173  
9842  0.636881  
9843  0.491526  
9844  0.224223  
9845  0.268873  
9846  0.415685  
9847  0.384645  
9848  0.595869  
9849  0.293383  
9850  0.612732  
9851  0.308598  
9852  0.357308  
9853  0.636607  
9854  0.409281  
9855  0.359241  
9856  0.39118  
9857  0.736133  
9858  0.471276  
9859  0.539712  
9860  0.12806  
9861  0.346707  
9862  0.30358  
9863  0.31611  
9864  0.433001  
9865  0.269243  
9866  0.240661  
9867  0.3468  
9868  0.340829  
9869  0.299654  
9870  0.268336  
9871  0.265262  
9872  0.327233  
9873  0.427206  
9874  0.143413  
9875  0.340141  
9876  0.43199  
9877  0.318965  
9878  0.381876  
9879  0.479516  
9880  0.323793  
9881  0.331338  
9882  0.508494  
9883  0.289144  
9884  0.477492  
9885  0.407054  
9886  0.322649  
9887  0.589948  
9888  0.678796  
9889  0.654146  
9890  0.368431  
9891  0.480649  
9892  0.348432  
9893  0.32048  
9894  0.302563  
9895  0.273375  
9896  0.309311  
9897  0.343557  
9898  0.453458  
9899  0.221504  
9900  0.159022  
9901  0.636292  
9902  0.508957  
9903  0.416244  
9904  0.500111  
9905  0.463261  
9906  0.372065  
9907  0.371706  
9908  0.245598  
9909  0.55094  
9910  0.339586  
9911  0.630836  
9912  1.00247  
9913  1.04291  
9914  0.746346  
9915  1.22265  
9916  0.51634  
9917  0.612733  
9918  0.968772  
9919  0.93587  
9920  0.997835  
9921  0.741871  
9922  1.56933  
9923  0.635934  
9924  1.47969  
9925  0.677756  
9926  0.676372  
9927  0.578047  
9928  0.869641  
9929  0.377373  
9930  0.218325  
9931  0.28259  
9932  0.42478  
9933  0.540845  
9934  0.525787  
9935  0.519972  
9936  0.444789  
9937  0.406861  
9938  0.595849  
9939  2.11997  
9940  0.82762  
9941  0.336993  
9942  0.439397  
9943  0.238134  
9944  0.327413  
9945  0.206672  
9946  0.356167  
9947  0.275604  
9948  0.242456  
9949  0.292718  
9950  0.437434  
9951  0.729406  
9952  0.712839  
9953  0.791874  
9954  0.420401  
9955  0.393025  
9956  0.355368  
9957  0.471323  
9958  0.463992  
9959  0.350462  
9960  0.19786  
9961  0.257847  
9962  0.327373  
9963  0.484799  
9964  0.36963  
9965  0.218684  
9966  0.394372  
9967  0.287621  
9968  0.199063  
9969  0.14624  
9970  0.227763  
9971  0.300705  
9972  0.330475  
9973  0.38898  
9974  0.175671  
9975  0.504451  
9976  0.386557  
9977  0.546398  
9978  0.3316  
9979  0.489772  
9980  0.567023  
9981  0.49236  
9982  0.521842  
9983  0.712625  
9984  0.601762  
9985  0.605034  
9986  0.407132  
9987  0.424815  
9988  0.805539  
9989  0.647317  
9990  0.354471  
9991  0.187062  
9992  0.347094  
9993  0.273615  
9994  0.278833  
9995  0.19992  
9996  0.316655  
9997  0.394262  
9998  0.363826  
9999  0.305073  
10000  0.330659  
