1  -43.836  -55.6009  
2  -43.836  -54.4889  
3  -43.836  -53.3769  
4  -43.836  -52.2648  
5  -43.836  -51.1528  
6  -43.836  -50.0408  
7  -43.836  -48.9288  
8  -43.836  -47.8168  
9  -43.836  -46.7047  
10  -43.836  -45.5927  
11  -43.836  -44.4807  
12  -43.836  -43.3687  
13  -43.836  -42.2567  
14  -43.836  -41.1447  
15  -43.836  -40.0326  
16  -43.836  -38.9206  
17  -43.836  -37.8086  
18  -43.836  -36.6966  
19  -43.836  -35.5846  
20  -43.836  -34.4726  
21  -43.836  -33.3605  
22  -43.836  -32.2485  
23  -43.836  -31.1365  
24  -43.836  -30.0245  
25  -43.836  -28.9125  
26  -43.836  -27.8004  
27  -43.836  -26.6884  
28  -43.836  -25.5764  
29  -43.836  -24.4644  
30  -43.836  -23.3524  
31  -43.836  -22.2404  
32  -43.836  -21.1283  
33  -43.836  -20.0163  
34  -43.836  -18.9043  
35  -43.836  -17.7923  
36  -43.836  -16.6803  
37  -43.836  -15.5682  
38  -43.836  -14.4562  
39  -43.836  -13.3442  
40  -43.836  -12.2322  
41  -43.836  -11.1202  
42  -43.836  -10.0082  
43  -43.836  -8.89614  
44  -43.836  -7.78412  
45  -43.836  -6.67211  
46  -43.836  -5.56009  
47  -43.836  -4.44807  
48  -43.836  -3.33605  
49  -43.836  -2.22404  
50  -43.836  -1.11202  
51  -43.836  0  
52  -43.836  1.11202  
53  -43.836  2.22404  
54  -43.836  3.33605  
55  -43.836  4.44807  
56  -43.836  5.56009  
57  -43.836  6.67211  
58  -43.836  7.78412  
59  -43.836  8.89614  
60  -43.836  10.0082  
61  -43.836  11.1202  
62  -43.836  12.2322  
63  -43.836  13.3442  
64  -43.836  14.4562  
65  -43.836  15.5682  
66  -43.836  16.6803  
67  -43.836  17.7923  
68  -43.836  18.9043  
69  -43.836  20.0163  
70  -43.836  21.1283  
71  -43.836  22.2404  
72  -43.836  23.3524  
73  -43.836  24.4644  
74  -43.836  25.5764  
75  -43.836  26.6884  
76  -43.836  27.8004  
77  -43.836  28.9125  
78  -43.836  30.0245  
79  -43.836  31.1365  
80  -43.836  32.2485  
81  -43.836  33.3605  
82  -43.836  34.4726  
83  -43.836  35.5846  
84  -43.836  36.6966  
85  -43.836  37.8086  
86  -43.836  38.9206  
87  -43.836  40.0326  
88  -43.836  41.1447  
89  -43.836  42.2567  
90  -43.836  43.3687  
91  -43.836  44.4807  
92  -43.836  45.5927  
93  -43.836  46.7047  
94  -43.836  47.8168  
95  -43.836  48.9288  
96  -43.836  50.0408  
97  -43.836  51.1528  
98  -43.836  52.2648  
99  -43.836  53.3769  
100  -43.836  54.4889  
101  -42.9593  -55.6009  
102  -42.9593  -54.4889  
103  -42.9593  -53.3769  
104  -42.9593  -52.2648  
105  -42.9593  -51.1528  
106  -42.9593  -50.0408  
107  -42.9593  -48.9288  
108  -42.9593  -47.8168  
109  -42.9593  -46.7047  
110  -42.9593  -45.5927  
111  -42.9593  -44.4807  
112  -42.9593  -43.3687  
113  -42.9593  -42.2567  
114  -42.9593  -41.1447  
115  -42.9593  -40.0326  
116  -42.9593  -38.9206  
117  -42.9593  -37.8086  
118  -42.9593  -36.6966  
119  -42.9593  -35.5846  
120  -42.9593  -34.4726  
121  -42.9593  -33.3605  
122  -42.9593  -32.2485  
123  -42.9593  -31.1365  
124  -42.9593  -30.0245  
125  -42.9593  -28.9125  
126  -42.9593  -27.8004  
127  -42.9593  -26.6884  
128  -42.9593  -25.5764  
129  -42.9593  -24.4644  
130  -42.9593  -23.3524  
131  -42.9593  -22.2404  
132  -42.9593  -21.1283  
133  -42.9593  -20.0163  
134  -42.9593  -18.9043  
135  -42.9593  -17.7923  
136  -42.9593  -16.6803  
137  -42.9593  -15.5682  
138  -42.9593  -14.4562  
139  -42.9593  -13.3442  
140  -42.9593  -12.2322  
141  -42.9593  -11.1202  
142  -42.9593  -10.0082  
143  -42.9593  -8.89614  
144  -42.9593  -7.78412  
145  -42.9593  -6.67211  
146  -42.9593  -5.56009  
147  -42.9593  -4.44807  
148  -42.9593  -3.33605  
149  -42.9593  -2.22404  
150  -42.9593  -1.11202  
151  -42.9593  0  
152  -42.9593  1.11202  
153  -42.9593  2.22404  
154  -42.9593  3.33605  
155  -42.9593  4.44807  
156  -42.9593  5.56009  
157  -42.9593  6.67211  
158  -42.9593  7.78412  
159  -42.9593  8.89614  
160  -42.9593  10.0082  
161  -42.9593  11.1202  
162  -42.9593  12.2322  
163  -42.9593  13.3442  
164  -42.9593  14.4562  
165  -42.9593  15.5682  
166  -42.9593  16.6803  
167  -42.9593  17.7923  
168  -42.9593  18.9043  
169  -42.9593  20.0163  
170  -42.9593  21.1283  
171  -42.9593  22.2404  
172  -42.9593  23.3524  
173  -42.9593  24.4644  
174  -42.9593  25.5764  
175  -42.9593  26.6884  
176  -42.9593  27.8004  
177  -42.9593  28.9125  
178  -42.9593  30.0245  
179  -42.9593  31.1365  
180  -42.9593  32.2485  
181  -42.9593  33.3605  
182  -42.9593  34.4726  
183  -42.9593  35.5846  
184  -42.9593  36.6966  
185  -42.9593  37.8086  
186  -42.9593  38.9206  
187  -42.9593  40.0326  
188  -42.9593  41.1447  
189  -42.9593  42.2567  
190  -42.9593  43.3687  
191  -42.9593  44.4807  
192  -42.9593  45.5927  
193  -42.9593  46.7047  
194  -42.9593  47.8168  
195  -42.9593  48.9288  
196  -42.9593  50.0408  
197  -42.9593  51.1528  
198  -42.9593  52.2648  
199  -42.9593  53.3769  
200  -42.9593  54.4889  
201  -42.0826  -55.6009  
202  -42.0826  -54.4889  
203  -42.0826  -53.3769  
204  -42.0826  -52.2648  
205  -42.0826  -51.1528  
206  -42.0826  -50.0408  
207  -42.0826  -48.9288  
208  -42.0826  -47.8168  
209  -42.0826  -46.7047  
210  -42.0826  -45.5927  
211  -42.0826  -44.4807  
212  -42.0826  -43.3687  
213  -42.0826  -42.2567  
214  -42.0826  -41.1447  
215  -42.0826  -40.0326  
216  -42.0826  -38.9206  
217  -42.0826  -37.8086  
218  -42.0826  -36.6966  
219  -42.0826  -35.5846  
220  -42.0826  -34.4726  
221  -42.0826  -33.3605  
222  -42.0826  -32.2485  
223  -42.0826  -31.1365  
224  -42.0826  -30.0245  
225  -42.0826  -28.9125  
226  -42.0826  -27.8004  
227  -42.0826  -26.6884  
228  -42.0826  -25.5764  
229  -42.0826  -24.4644  
230  -42.0826  -23.3524  
231  -42.0826  -22.2404  
232  -42.0826  -21.1283  
233  -42.0826  -20.0163  
234  -42.0826  -18.9043  
235  -42.0826  -17.7923  
236  -42.0826  -16.6803  
237  -42.0826  -15.5682  
238  -42.0826  -14.4562  
239  -42.0826  -13.3442  
240  -42.0826  -12.2322  
241  -42.0826  -11.1202  
242  -42.0826  -10.0082  
243  -42.0826  -8.89614  
244  -42.0826  -7.78412  
245  -42.0826  -6.67211  
246  -42.0826  -5.56009  
247  -42.0826  -4.44807  
248  -42.0826  -3.33605  
249  -42.0826  -2.22404  
250  -42.0826  -1.11202  
251  -42.0826  0  
252  -42.0826  1.11202  
253  -42.0826  2.22404  
254  -42.0826  3.33605  
255  -42.0826  4.44807  
256  -42.0826  5.56009  
257  -42.0826  6.67211  
258  -42.0826  7.78412  
259  -42.0826  8.89614  
260  -42.0826  10.0082  
261  -42.0826  11.1202  
262  -42.0826  12.2322  
263  -42.0826  13.3442  
264  -42.0826  14.4562  
265  -42.0826  15.5682  
266  -42.0826  16.6803  
267  -42.0826  17.7923  
268  -42.0826  18.9043  
269  -42.0826  20.0163  
270  -42.0826  21.1283  
271  -42.0826  22.2404  
272  -42.0826  23.3524  
273  -42.0826  24.4644  
274  -42.0826  25.5764  
275  -42.0826  26.6884  
276  -42.0826  27.8004  
277  -42.0826  28.9125  
278  -42.0826  30.0245  
279  -42.0826  31.1365  
280  -42.0826  32.2485  
281  -42.0826  33.3605  
282  -42.0826  34.4726  
283  -42.0826  35.5846  
284  -42.0826  36.6966  
285  -42.0826  37.8086  
286  -42.0826  38.9206  
287  -42.0826  40.0326  
288  -42.0826  41.1447  
289  -42.0826  42.2567  
290  -42.0826  43.3687  
291  -42.0826  44.4807  
292  -42.0826  45.5927  
293  -42.0826  46.7047  
294  -42.0826  47.8168  
295  -42.0826  48.9288  
296  -42.0826  50.0408  
297  -42.0826  51.1528  
298  -42.0826  52.2648  
299  -42.0826  53.3769  
300  -42.0826  54.4889  
301  -41.2058  -55.6009  
302  -41.2058  -54.4889  
303  -41.2058  -53.3769  
304  -41.2058  -52.2648  
305  -41.2058  -51.1528  
306  -41.2058  -50.0408  
307  -41.2058  -48.9288  
308  -41.2058  -47.8168  
309  -41.2058  -46.7047  
310  -41.2058  -45.5927  
311  -41.2058  -44.4807  
312  -41.2058  -43.3687  
313  -41.2058  -42.2567  
314  -41.2058  -41.1447  
315  -41.2058  -40.0326  
316  -41.2058  -38.9206  
317  -41.2058  -37.8086  
318  -41.2058  -36.6966  
319  -41.2058  -35.5846  
320  -41.2058  -34.4726  
321  -41.2058  -33.3605  
322  -41.2058  -32.2485  
323  -41.2058  -31.1365  
324  -41.2058  -30.0245  
325  -41.2058  -28.9125  
326  -41.2058  -27.8004  
327  -41.2058  -26.6884  
328  -41.2058  -25.5764  
329  -41.2058  -24.4644  
330  -41.2058  -23.3524  
331  -41.2058  -22.2404  
332  -41.2058  -21.1283  
333  -41.2058  -20.0163  
334  -41.2058  -18.9043  
335  -41.2058  -17.7923  
336  -41.2058  -16.6803  
337  -41.2058  -15.5682  
338  -41.2058  -14.4562  
339  -41.2058  -13.3442  
340  -41.2058  -12.2322  
341  -41.2058  -11.1202  
342  -41.2058  -10.0082  
343  -41.2058  -8.89614  
344  -41.2058  -7.78412  
345  -41.2058  -6.67211  
346  -41.2058  -5.56009  
347  -41.2058  -4.44807  
348  -41.2058  -3.33605  
349  -41.2058  -2.22404  
350  -41.2058  -1.11202  
351  -41.2058  0  
352  -41.2058  1.11202  
353  -41.2058  2.22404  
354  -41.2058  3.33605  
355  -41.2058  4.44807  
356  -41.2058  5.56009  
357  -41.2058  6.67211  
358  -41.2058  7.78412  
359  -41.2058  8.89614  
360  -41.2058  10.0082  
361  -41.2058  11.1202  
362  -41.2058  12.2322  
363  -41.2058  13.3442  
364  -41.2058  14.4562  
365  -41.2058  15.5682  
366  -41.2058  16.6803  
367  -41.2058  17.7923  
368  -41.2058  18.9043  
369  -41.2058  20.0163  
370  -41.2058  21.1283  
371  -41.2058  22.2404  
372  -41.2058  23.3524  
373  -41.2058  24.4644  
374  -41.2058  25.5764  
375  -41.2058  26.6884  
376  -41.2058  27.8004  
377  -41.2058  28.9125  
378  -41.2058  30.0245  
379  -41.2058  31.1365  
380  -41.2058  32.2485  
381  -41.2058  33.3605  
382  -41.2058  34.4726  
383  -41.2058  35.5846  
384  -41.2058  36.6966  
385  -41.2058  37.8086  
386  -41.2058  38.9206  
387  -41.2058  40.0326  
388  -41.2058  41.1447  
389  -41.2058  42.2567  
390  -41.2058  43.3687  
391  -41.2058  44.4807  
392  -41.2058  45.5927  
393  -41.2058  46.7047  
394  -41.2058  47.8168  
395  -41.2058  48.9288  
396  -41.2058  50.0408  
397  -41.2058  51.1528  
398  -41.2058  52.2648  
399  -41.2058  53.3769  
400  -41.2058  54.4889  
401  -40.3291  -55.6009  
402  -40.3291  -54.4889  
403  -40.3291  -53.3769  
404  -40.3291  -52.2648  
405  -40.3291  -51.1528  
406  -40.3291  -50.0408  
407  -40.3291  -48.9288  
408  -40.3291  -47.8168  
409  -40.3291  -46.7047  
410  -40.3291  -45.5927  
411  -40.3291  -44.4807  
412  -40.3291  -43.3687  
413  -40.3291  -42.2567  
414  -40.3291  -41.1447  
415  -40.3291  -40.0326  
416  -40.3291  -38.9206  
417  -40.3291  -37.8086  
418  -40.3291  -36.6966  
419  -40.3291  -35.5846  
420  -40.3291  -34.4726  
421  -40.3291  -33.3605  
422  -40.3291  -32.2485  
423  -40.3291  -31.1365  
424  -40.3291  -30.0245  
425  -40.3291  -28.9125  
426  -40.3291  -27.8004  
427  -40.3291  -26.6884  
428  -40.3291  -25.5764  
429  -40.3291  -24.4644  
430  -40.3291  -23.3524  
431  -40.3291  -22.2404  
432  -40.3291  -21.1283  
433  -40.3291  -20.0163  
434  -40.3291  -18.9043  
435  -40.3291  -17.7923  
436  -40.3291  -16.6803  
437  -40.3291  -15.5682  
438  -40.3291  -14.4562  
439  -40.3291  -13.3442  
440  -40.3291  -12.2322  
441  -40.3291  -11.1202  
442  -40.3291  -10.0082  
443  -40.3291  -8.89614  
444  -40.3291  -7.78412  
445  -40.3291  -6.67211  
446  -40.3291  -5.56009  
447  -40.3291  -4.44807  
448  -40.3291  -3.33605  
449  -40.3291  -2.22404  
450  -40.3291  -1.11202  
451  -40.3291  0  
452  -40.3291  1.11202  
453  -40.3291  2.22404  
454  -40.3291  3.33605  
455  -40.3291  4.44807  
456  -40.3291  5.56009  
457  -40.3291  6.67211  
458  -40.3291  7.78412  
459  -40.3291  8.89614  
460  -40.3291  10.0082  
461  -40.3291  11.1202  
462  -40.3291  12.2322  
463  -40.3291  13.3442  
464  -40.3291  14.4562  
465  -40.3291  15.5682  
466  -40.3291  16.6803  
467  -40.3291  17.7923  
468  -40.3291  18.9043  
469  -40.3291  20.0163  
470  -40.3291  21.1283  
471  -40.3291  22.2404  
472  -40.3291  23.3524  
473  -40.3291  24.4644  
474  -40.3291  25.5764  
475  -40.3291  26.6884  
476  -40.3291  27.8004  
477  -40.3291  28.9125  
478  -40.3291  30.0245  
479  -40.3291  31.1365  
480  -40.3291  32.2485  
481  -40.3291  33.3605  
482  -40.3291  34.4726  
483  -40.3291  35.5846  
484  -40.3291  36.6966  
485  -40.3291  37.8086  
486  -40.3291  38.9206  
487  -40.3291  40.0326  
488  -40.3291  41.1447  
489  -40.3291  42.2567  
490  -40.3291  43.3687  
491  -40.3291  44.4807  
492  -40.3291  45.5927  
493  -40.3291  46.7047  
494  -40.3291  47.8168  
495  -40.3291  48.9288  
496  -40.3291  50.0408  
497  -40.3291  51.1528  
498  -40.3291  52.2648  
499  -40.3291  53.3769  
500  -40.3291  54.4889  
501  -39.4524  -55.6009  
502  -39.4524  -54.4889  
503  -39.4524  -53.3769  
504  -39.4524  -52.2648  
505  -39.4524  -51.1528  
506  -39.4524  -50.0408  
507  -39.4524  -48.9288  
508  -39.4524  -47.8168  
509  -39.4524  -46.7047  
510  -39.4524  -45.5927  
511  -39.4524  -44.4807  
512  -39.4524  -43.3687  
513  -39.4524  -42.2567  
514  -39.4524  -41.1447  
515  -39.4524  -40.0326  
516  -39.4524  -38.9206  
517  -39.4524  -37.8086  
518  -39.4524  -36.6966  
519  -39.4524  -35.5846  
520  -39.4524  -34.4726  
521  -39.4524  -33.3605  
522  -39.4524  -32.2485  
523  -39.4524  -31.1365  
524  -39.4524  -30.0245  
525  -39.4524  -28.9125  
526  -39.4524  -27.8004  
527  -39.4524  -26.6884  
528  -39.4524  -25.5764  
529  -39.4524  -24.4644  
530  -39.4524  -23.3524  
531  -39.4524  -22.2404  
532  -39.4524  -21.1283  
533  -39.4524  -20.0163  
534  -39.4524  -18.9043  
535  -39.4524  -17.7923  
536  -39.4524  -16.6803  
537  -39.4524  -15.5682  
538  -39.4524  -14.4562  
539  -39.4524  -13.3442  
540  -39.4524  -12.2322  
541  -39.4524  -11.1202  
542  -39.4524  -10.0082  
543  -39.4524  -8.89614  
544  -39.4524  -7.78412  
545  -39.4524  -6.67211  
546  -39.4524  -5.56009  
547  -39.4524  -4.44807  
548  -39.4524  -3.33605  
549  -39.4524  -2.22404  
550  -39.4524  -1.11202  
551  -39.4524  0  
552  -39.4524  1.11202  
553  -39.4524  2.22404  
554  -39.4524  3.33605  
555  -39.4524  4.44807  
556  -39.4524  5.56009  
557  -39.4524  6.67211  
558  -39.4524  7.78412  
559  -39.4524  8.89614  
560  -39.4524  10.0082  
561  -39.4524  11.1202  
562  -39.4524  12.2322  
563  -39.4524  13.3442  
564  -39.4524  14.4562  
565  -39.4524  15.5682  
566  -39.4524  16.6803  
567  -39.4524  17.7923  
568  -39.4524  18.9043  
569  -39.4524  20.0163  
570  -39.4524  21.1283  
571  -39.4524  22.2404  
572  -39.4524  23.3524  
573  -39.4524  24.4644  
574  -39.4524  25.5764  
575  -39.4524  26.6884  
576  -39.4524  27.8004  
577  -39.4524  28.9125  
578  -39.4524  30.0245  
579  -39.4524  31.1365  
580  -39.4524  32.2485  
581  -39.4524  33.3605  
582  -39.4524  34.4726  
583  -39.4524  35.5846  
584  -39.4524  36.6966  
585  -39.4524  37.8086  
586  -39.4524  38.9206  
587  -39.4524  40.0326  
588  -39.4524  41.1447  
589  -39.4524  42.2567  
590  -39.4524  43.3687  
591  -39.4524  44.4807  
592  -39.4524  45.5927  
593  -39.4524  46.7047  
594  -39.4524  47.8168  
595  -39.4524  48.9288  
596  -39.4524  50.0408  
597  -39.4524  51.1528  
598  -39.4524  52.2648  
599  -39.4524  53.3769  
600  -39.4524  54.4889  
601  -38.5757  -55.6009  
602  -38.5757  -54.4889  
603  -38.5757  -53.3769  
604  -38.5757  -52.2648  
605  -38.5757  -51.1528  
606  -38.5757  -50.0408  
607  -38.5757  -48.9288  
608  -38.5757  -47.8168  
609  -38.5757  -46.7047  
610  -38.5757  -45.5927  
611  -38.5757  -44.4807  
612  -38.5757  -43.3687  
613  -38.5757  -42.2567  
614  -38.5757  -41.1447  
615  -38.5757  -40.0326  
616  -38.5757  -38.9206  
617  -38.5757  -37.8086  
618  -38.5757  -36.6966  
619  -38.5757  -35.5846  
620  -38.5757  -34.4726  
621  -38.5757  -33.3605  
622  -38.5757  -32.2485  
623  -38.5757  -31.1365  
624  -38.5757  -30.0245  
625  -38.5757  -28.9125  
626  -38.5757  -27.8004  
627  -38.5757  -26.6884  
628  -38.5757  -25.5764  
629  -38.5757  -24.4644  
630  -38.5757  -23.3524  
631  -38.5757  -22.2404  
632  -38.5757  -21.1283  
633  -38.5757  -20.0163  
634  -38.5757  -18.9043  
635  -38.5757  -17.7923  
636  -38.5757  -16.6803  
637  -38.5757  -15.5682  
638  -38.5757  -14.4562  
639  -38.5757  -13.3442  
640  -38.5757  -12.2322  
641  -38.5757  -11.1202  
642  -38.5757  -10.0082  
643  -38.5757  -8.89614  
644  -38.5757  -7.78412  
645  -38.5757  -6.67211  
646  -38.5757  -5.56009  
647  -38.5757  -4.44807  
648  -38.5757  -3.33605  
649  -38.5757  -2.22404  
650  -38.5757  -1.11202  
651  -38.5757  0  
652  -38.5757  1.11202  
653  -38.5757  2.22404  
654  -38.5757  3.33605  
655  -38.5757  4.44807  
656  -38.5757  5.56009  
657  -38.5757  6.67211  
658  -38.5757  7.78412  
659  -38.5757  8.89614  
660  -38.5757  10.0082  
661  -38.5757  11.1202  
662  -38.5757  12.2322  
663  -38.5757  13.3442  
664  -38.5757  14.4562  
665  -38.5757  15.5682  
666  -38.5757  16.6803  
667  -38.5757  17.7923  
668  -38.5757  18.9043  
669  -38.5757  20.0163  
670  -38.5757  21.1283  
671  -38.5757  22.2404  
672  -38.5757  23.3524  
673  -38.5757  24.4644  
674  -38.5757  25.5764  
675  -38.5757  26.6884  
676  -38.5757  27.8004  
677  -38.5757  28.9125  
678  -38.5757  30.0245  
679  -38.5757  31.1365  
680  -38.5757  32.2485  
681  -38.5757  33.3605  
682  -38.5757  34.4726  
683  -38.5757  35.5846  
684  -38.5757  36.6966  
685  -38.5757  37.8086  
686  -38.5757  38.9206  
687  -38.5757  40.0326  
688  -38.5757  41.1447  
689  -38.5757  42.2567  
690  -38.5757  43.3687  
691  -38.5757  44.4807  
692  -38.5757  45.5927  
693  -38.5757  46.7047  
694  -38.5757  47.8168  
695  -38.5757  48.9288  
696  -38.5757  50.0408  
697  -38.5757  51.1528  
698  -38.5757  52.2648  
699  -38.5757  53.3769  
700  -38.5757  54.4889  
701  -37.699  -55.6009  
702  -37.699  -54.4889  
703  -37.699  -53.3769  
704  -37.699  -52.2648  
705  -37.699  -51.1528  
706  -37.699  -50.0408  
707  -37.699  -48.9288  
708  -37.699  -47.8168  
709  -37.699  -46.7047  
710  -37.699  -45.5927  
711  -37.699  -44.4807  
712  -37.699  -43.3687  
713  -37.699  -42.2567  
714  -37.699  -41.1447  
715  -37.699  -40.0326  
716  -37.699  -38.9206  
717  -37.699  -37.8086  
718  -37.699  -36.6966  
719  -37.699  -35.5846  
720  -37.699  -34.4726  
721  -37.699  -33.3605  
722  -37.699  -32.2485  
723  -37.699  -31.1365  
724  -37.699  -30.0245  
725  -37.699  -28.9125  
726  -37.699  -27.8004  
727  -37.699  -26.6884  
728  -37.699  -25.5764  
729  -37.699  -24.4644  
730  -37.699  -23.3524  
731  -37.699  -22.2404  
732  -37.699  -21.1283  
733  -37.699  -20.0163  
734  -37.699  -18.9043  
735  -37.699  -17.7923  
736  -37.699  -16.6803  
737  -37.699  -15.5682  
738  -37.699  -14.4562  
739  -37.699  -13.3442  
740  -37.699  -12.2322  
741  -37.699  -11.1202  
742  -37.699  -10.0082  
743  -37.699  -8.89614  
744  -37.699  -7.78412  
745  -37.699  -6.67211  
746  -37.699  -5.56009  
747  -37.699  -4.44807  
748  -37.699  -3.33605  
749  -37.699  -2.22404  
750  -37.699  -1.11202  
751  -37.699  0  
752  -37.699  1.11202  
753  -37.699  2.22404  
754  -37.699  3.33605  
755  -37.699  4.44807  
756  -37.699  5.56009  
757  -37.699  6.67211  
758  -37.699  7.78412  
759  -37.699  8.89614  
760  -37.699  10.0082  
761  -37.699  11.1202  
762  -37.699  12.2322  
763  -37.699  13.3442  
764  -37.699  14.4562  
765  -37.699  15.5682  
766  -37.699  16.6803  
767  -37.699  17.7923  
768  -37.699  18.9043  
769  -37.699  20.0163  
770  -37.699  21.1283  
771  -37.699  22.2404  
772  -37.699  23.3524  
773  -37.699  24.4644  
774  -37.699  25.5764  
775  -37.699  26.6884  
776  -37.699  27.8004  
777  -37.699  28.9125  
778  -37.699  30.0245  
779  -37.699  31.1365  
780  -37.699  32.2485  
781  -37.699  33.3605  
782  -37.699  34.4726  
783  -37.699  35.5846  
784  -37.699  36.6966  
785  -37.699  37.8086  
786  -37.699  38.9206  
787  -37.699  40.0326  
788  -37.699  41.1447  
789  -37.699  42.2567  
790  -37.699  43.3687  
791  -37.699  44.4807  
792  -37.699  45.5927  
793  -37.699  46.7047  
794  -37.699  47.8168  
795  -37.699  48.9288  
796  -37.699  50.0408  
797  -37.699  51.1528  
798  -37.699  52.2648  
799  -37.699  53.3769  
800  -37.699  54.4889  
801  -36.8222  -55.6009  
802  -36.8222  -54.4889  
803  -36.8222  -53.3769  
804  -36.8222  -52.2648  
805  -36.8222  -51.1528  
806  -36.8222  -50.0408  
807  -36.8222  -48.9288  
808  -36.8222  -47.8168  
809  -36.8222  -46.7047  
810  -36.8222  -45.5927  
811  -36.8222  -44.4807  
812  -36.8222  -43.3687  
813  -36.8222  -42.2567  
814  -36.8222  -41.1447  
815  -36.8222  -40.0326  
816  -36.8222  -38.9206  
817  -36.8222  -37.8086  
818  -36.8222  -36.6966  
819  -36.8222  -35.5846  
820  -36.8222  -34.4726  
821  -36.8222  -33.3605  
822  -36.8222  -32.2485  
823  -36.8222  -31.1365  
824  -36.8222  -30.0245  
825  -36.8222  -28.9125  
826  -36.8222  -27.8004  
827  -36.8222  -26.6884  
828  -36.8222  -25.5764  
829  -36.8222  -24.4644  
830  -36.8222  -23.3524  
831  -36.8222  -22.2404  
832  -36.8222  -21.1283  
833  -36.8222  -20.0163  
834  -36.8222  -18.9043  
835  -36.8222  -17.7923  
836  -36.8222  -16.6803  
837  -36.8222  -15.5682  
838  -36.8222  -14.4562  
839  -36.8222  -13.3442  
840  -36.8222  -12.2322  
841  -36.8222  -11.1202  
842  -36.8222  -10.0082  
843  -36.8222  -8.89614  
844  -36.8222  -7.78412  
845  -36.8222  -6.67211  
846  -36.8222  -5.56009  
847  -36.8222  -4.44807  
848  -36.8222  -3.33605  
849  -36.8222  -2.22404  
850  -36.8222  -1.11202  
851  -36.8222  0  
852  -36.8222  1.11202  
853  -36.8222  2.22404  
854  -36.8222  3.33605  
855  -36.8222  4.44807  
856  -36.8222  5.56009  
857  -36.8222  6.67211  
858  -36.8222  7.78412  
859  -36.8222  8.89614  
860  -36.8222  10.0082  
861  -36.8222  11.1202  
862  -36.8222  12.2322  
863  -36.8222  13.3442  
864  -36.8222  14.4562  
865  -36.8222  15.5682  
866  -36.8222  16.6803  
867  -36.8222  17.7923  
868  -36.8222  18.9043  
869  -36.8222  20.0163  
870  -36.8222  21.1283  
871  -36.8222  22.2404  
872  -36.8222  23.3524  
873  -36.8222  24.4644  
874  -36.8222  25.5764  
875  -36.8222  26.6884  
876  -36.8222  27.8004  
877  -36.8222  28.9125  
878  -36.8222  30.0245  
879  -36.8222  31.1365  
880  -36.8222  32.2485  
881  -36.8222  33.3605  
882  -36.8222  34.4726  
883  -36.8222  35.5846  
884  -36.8222  36.6966  
885  -36.8222  37.8086  
886  -36.8222  38.9206  
887  -36.8222  40.0326  
888  -36.8222  41.1447  
889  -36.8222  42.2567  
890  -36.8222  43.3687  
891  -36.8222  44.4807  
892  -36.8222  45.5927  
893  -36.8222  46.7047  
894  -36.8222  47.8168  
895  -36.8222  48.9288  
896  -36.8222  50.0408  
897  -36.8222  51.1528  
898  -36.8222  52.2648  
899  -36.8222  53.3769  
900  -36.8222  54.4889  
901  -35.9455  -55.6009  
902  -35.9455  -54.4889  
903  -35.9455  -53.3769  
904  -35.9455  -52.2648  
905  -35.9455  -51.1528  
906  -35.9455  -50.0408  
907  -35.9455  -48.9288  
908  -35.9455  -47.8168  
909  -35.9455  -46.7047  
910  -35.9455  -45.5927  
911  -35.9455  -44.4807  
912  -35.9455  -43.3687  
913  -35.9455  -42.2567  
914  -35.9455  -41.1447  
915  -35.9455  -40.0326  
916  -35.9455  -38.9206  
917  -35.9455  -37.8086  
918  -35.9455  -36.6966  
919  -35.9455  -35.5846  
920  -35.9455  -34.4726  
921  -35.9455  -33.3605  
922  -35.9455  -32.2485  
923  -35.9455  -31.1365  
924  -35.9455  -30.0245  
925  -35.9455  -28.9125  
926  -35.9455  -27.8004  
927  -35.9455  -26.6884  
928  -35.9455  -25.5764  
929  -35.9455  -24.4644  
930  -35.9455  -23.3524  
931  -35.9455  -22.2404  
932  -35.9455  -21.1283  
933  -35.9455  -20.0163  
934  -35.9455  -18.9043  
935  -35.9455  -17.7923  
936  -35.9455  -16.6803  
937  -35.9455  -15.5682  
938  -35.9455  -14.4562  
939  -35.9455  -13.3442  
940  -35.9455  -12.2322  
941  -35.9455  -11.1202  
942  -35.9455  -10.0082  
943  -35.9455  -8.89614  
944  -35.9455  -7.78412  
945  -35.9455  -6.67211  
946  -35.9455  -5.56009  
947  -35.9455  -4.44807  
948  -35.9455  -3.33605  
949  -35.9455  -2.22404  
950  -35.9455  -1.11202  
951  -35.9455  0  
952  -35.9455  1.11202  
953  -35.9455  2.22404  
954  -35.9455  3.33605  
955  -35.9455  4.44807  
956  -35.9455  5.56009  
957  -35.9455  6.67211  
958  -35.9455  7.78412  
959  -35.9455  8.89614  
960  -35.9455  10.0082  
961  -35.9455  11.1202  
962  -35.9455  12.2322  
963  -35.9455  13.3442  
964  -35.9455  14.4562  
965  -35.9455  15.5682  
966  -35.9455  16.6803  
967  -35.9455  17.7923  
968  -35.9455  18.9043  
969  -35.9455  20.0163  
970  -35.9455  21.1283  
971  -35.9455  22.2404  
972  -35.9455  23.3524  
973  -35.9455  24.4644  
974  -35.9455  25.5764  
975  -35.9455  26.6884  
976  -35.9455  27.8004  
977  -35.9455  28.9125  
978  -35.9455  30.0245  
979  -35.9455  31.1365  
980  -35.9455  32.2485  
981  -35.9455  33.3605  
982  -35.9455  34.4726  
983  -35.9455  35.5846  
984  -35.9455  36.6966  
985  -35.9455  37.8086  
986  -35.9455  38.9206  
987  -35.9455  40.0326  
988  -35.9455  41.1447  
989  -35.9455  42.2567  
990  -35.9455  43.3687  
991  -35.9455  44.4807  
992  -35.9455  45.5927  
993  -35.9455  46.7047  
994  -35.9455  47.8168  
995  -35.9455  48.9288  
996  -35.9455  50.0408  
997  -35.9455  51.1528  
998  -35.9455  52.2648  
999  -35.9455  53.3769  
1000  -35.9455  54.4889  
1001  -35.0688  -55.6009  
1002  -35.0688  -54.4889  
1003  -35.0688  -53.3769  
1004  -35.0688  -52.2648  
1005  -35.0688  -51.1528  
1006  -35.0688  -50.0408  
1007  -35.0688  -48.9288  
1008  -35.0688  -47.8168  
1009  -35.0688  -46.7047  
1010  -35.0688  -45.5927  
1011  -35.0688  -44.4807  
1012  -35.0688  -43.3687  
1013  -35.0688  -42.2567  
1014  -35.0688  -41.1447  
1015  -35.0688  -40.0326  
1016  -35.0688  -38.9206  
1017  -35.0688  -37.8086  
1018  -35.0688  -36.6966  
1019  -35.0688  -35.5846  
1020  -35.0688  -34.4726  
1021  -35.0688  -33.3605  
1022  -35.0688  -32.2485  
1023  -35.0688  -31.1365  
1024  -35.0688  -30.0245  
1025  -35.0688  -28.9125  
1026  -35.0688  -27.8004  
1027  -35.0688  -26.6884  
1028  -35.0688  -25.5764  
1029  -35.0688  -24.4644  
1030  -35.0688  -23.3524  
1031  -35.0688  -22.2404  
1032  -35.0688  -21.1283  
1033  -35.0688  -20.0163  
1034  -35.0688  -18.9043  
1035  -35.0688  -17.7923  
1036  -35.0688  -16.6803  
1037  -35.0688  -15.5682  
1038  -35.0688  -14.4562  
1039  -35.0688  -13.3442  
1040  -35.0688  -12.2322  
1041  -35.0688  -11.1202  
1042  -35.0688  -10.0082  
1043  -35.0688  -8.89614  
1044  -35.0688  -7.78412  
1045  -35.0688  -6.67211  
1046  -35.0688  -5.56009  
1047  -35.0688  -4.44807  
1048  -35.0688  -3.33605  
1049  -35.0688  -2.22404  
1050  -35.0688  -1.11202  
1051  -35.0688  0  
1052  -35.0688  1.11202  
1053  -35.0688  2.22404  
1054  -35.0688  3.33605  
1055  -35.0688  4.44807  
1056  -35.0688  5.56009  
1057  -35.0688  6.67211  
1058  -35.0688  7.78412  
1059  -35.0688  8.89614  
1060  -35.0688  10.0082  
1061  -35.0688  11.1202  
1062  -35.0688  12.2322  
1063  -35.0688  13.3442  
1064  -35.0688  14.4562  
1065  -35.0688  15.5682  
1066  -35.0688  16.6803  
1067  -35.0688  17.7923  
1068  -35.0688  18.9043  
1069  -35.0688  20.0163  
1070  -35.0688  21.1283  
1071  -35.0688  22.2404  
1072  -35.0688  23.3524  
1073  -35.0688  24.4644  
1074  -35.0688  25.5764  
1075  -35.0688  26.6884  
1076  -35.0688  27.8004  
1077  -35.0688  28.9125  
1078  -35.0688  30.0245  
1079  -35.0688  31.1365  
1080  -35.0688  32.2485  
1081  -35.0688  33.3605  
1082  -35.0688  34.4726  
1083  -35.0688  35.5846  
1084  -35.0688  36.6966  
1085  -35.0688  37.8086  
1086  -35.0688  38.9206  
1087  -35.0688  40.0326  
1088  -35.0688  41.1447  
1089  -35.0688  42.2567  
1090  -35.0688  43.3687  
1091  -35.0688  44.4807  
1092  -35.0688  45.5927  
1093  -35.0688  46.7047  
1094  -35.0688  47.8168  
1095  -35.0688  48.9288  
1096  -35.0688  50.0408  
1097  -35.0688  51.1528  
1098  -35.0688  52.2648  
1099  -35.0688  53.3769  
1100  -35.0688  54.4889  
1101  -34.1921  -55.6009  
1102  -34.1921  -54.4889  
1103  -34.1921  -53.3769  
1104  -34.1921  -52.2648  
1105  -34.1921  -51.1528  
1106  -34.1921  -50.0408  
1107  -34.1921  -48.9288  
1108  -34.1921  -47.8168  
1109  -34.1921  -46.7047  
1110  -34.1921  -45.5927  
1111  -34.1921  -44.4807  
1112  -34.1921  -43.3687  
1113  -34.1921  -42.2567  
1114  -34.1921  -41.1447  
1115  -34.1921  -40.0326  
1116  -34.1921  -38.9206  
1117  -34.1921  -37.8086  
1118  -34.1921  -36.6966  
1119  -34.1921  -35.5846  
1120  -34.1921  -34.4726  
1121  -34.1921  -33.3605  
1122  -34.1921  -32.2485  
1123  -34.1921  -31.1365  
1124  -34.1921  -30.0245  
1125  -34.1921  -28.9125  
1126  -34.1921  -27.8004  
1127  -34.1921  -26.6884  
1128  -34.1921  -25.5764  
1129  -34.1921  -24.4644  
1130  -34.1921  -23.3524  
1131  -34.1921  -22.2404  
1132  -34.1921  -21.1283  
1133  -34.1921  -20.0163  
1134  -34.1921  -18.9043  
1135  -34.1921  -17.7923  
1136  -34.1921  -16.6803  
1137  -34.1921  -15.5682  
1138  -34.1921  -14.4562  
1139  -34.1921  -13.3442  
1140  -34.1921  -12.2322  
1141  -34.1921  -11.1202  
1142  -34.1921  -10.0082  
1143  -34.1921  -8.89614  
1144  -34.1921  -7.78412  
1145  -34.1921  -6.67211  
1146  -34.1921  -5.56009  
1147  -34.1921  -4.44807  
1148  -34.1921  -3.33605  
1149  -34.1921  -2.22404  
1150  -34.1921  -1.11202  
1151  -34.1921  0  
1152  -34.1921  1.11202  
1153  -34.1921  2.22404  
1154  -34.1921  3.33605  
1155  -34.1921  4.44807  
1156  -34.1921  5.56009  
1157  -34.1921  6.67211  
1158  -34.1921  7.78412  
1159  -34.1921  8.89614  
1160  -34.1921  10.0082  
1161  -34.1921  11.1202  
1162  -34.1921  12.2322  
1163  -34.1921  13.3442  
1164  -34.1921  14.4562  
1165  -34.1921  15.5682  
1166  -34.1921  16.6803  
1167  -34.1921  17.7923  
1168  -34.1921  18.9043  
1169  -34.1921  20.0163  
1170  -34.1921  21.1283  
1171  -34.1921  22.2404  
1172  -34.1921  23.3524  
1173  -34.1921  24.4644  
1174  -34.1921  25.5764  
1175  -34.1921  26.6884  
1176  -34.1921  27.8004  
1177  -34.1921  28.9125  
1178  -34.1921  30.0245  
1179  -34.1921  31.1365  
1180  -34.1921  32.2485  
1181  -34.1921  33.3605  
1182  -34.1921  34.4726  
1183  -34.1921  35.5846  
1184  -34.1921  36.6966  
1185  -34.1921  37.8086  
1186  -34.1921  38.9206  
1187  -34.1921  40.0326  
1188  -34.1921  41.1447  
1189  -34.1921  42.2567  
1190  -34.1921  43.3687  
1191  -34.1921  44.4807  
1192  -34.1921  45.5927  
1193  -34.1921  46.7047  
1194  -34.1921  47.8168  
1195  -34.1921  48.9288  
1196  -34.1921  50.0408  
1197  -34.1921  51.1528  
1198  -34.1921  52.2648  
1199  -34.1921  53.3769  
1200  -34.1921  54.4889  
1201  -33.3154  -55.6009  
1202  -33.3154  -54.4889  
1203  -33.3154  -53.3769  
1204  -33.3154  -52.2648  
1205  -33.3154  -51.1528  
1206  -33.3154  -50.0408  
1207  -33.3154  -48.9288  
1208  -33.3154  -47.8168  
1209  -33.3154  -46.7047  
1210  -33.3154  -45.5927  
1211  -33.3154  -44.4807  
1212  -33.3154  -43.3687  
1213  -33.3154  -42.2567  
1214  -33.3154  -41.1447  
1215  -33.3154  -40.0326  
1216  -33.3154  -38.9206  
1217  -33.3154  -37.8086  
1218  -33.3154  -36.6966  
1219  -33.3154  -35.5846  
1220  -33.3154  -34.4726  
1221  -33.3154  -33.3605  
1222  -33.3154  -32.2485  
1223  -33.3154  -31.1365  
1224  -33.3154  -30.0245  
1225  -33.3154  -28.9125  
1226  -33.3154  -27.8004  
1227  -33.3154  -26.6884  
1228  -33.3154  -25.5764  
1229  -33.3154  -24.4644  
1230  -33.3154  -23.3524  
1231  -33.3154  -22.2404  
1232  -33.3154  -21.1283  
1233  -33.3154  -20.0163  
1234  -33.3154  -18.9043  
1235  -33.3154  -17.7923  
1236  -33.3154  -16.6803  
1237  -33.3154  -15.5682  
1238  -33.3154  -14.4562  
1239  -33.3154  -13.3442  
1240  -33.3154  -12.2322  
1241  -33.3154  -11.1202  
1242  -33.3154  -10.0082  
1243  -33.3154  -8.89614  
1244  -33.3154  -7.78412  
1245  -33.3154  -6.67211  
1246  -33.3154  -5.56009  
1247  -33.3154  -4.44807  
1248  -33.3154  -3.33605  
1249  -33.3154  -2.22404  
1250  -33.3154  -1.11202  
1251  -33.3154  0  
1252  -33.3154  1.11202  
1253  -33.3154  2.22404  
1254  -33.3154  3.33605  
1255  -33.3154  4.44807  
1256  -33.3154  5.56009  
1257  -33.3154  6.67211  
1258  -33.3154  7.78412  
1259  -33.3154  8.89614  
1260  -33.3154  10.0082  
1261  -33.3154  11.1202  
1262  -33.3154  12.2322  
1263  -33.3154  13.3442  
1264  -33.3154  14.4562  
1265  -33.3154  15.5682  
1266  -33.3154  16.6803  
1267  -33.3154  17.7923  
1268  -33.3154  18.9043  
1269  -33.3154  20.0163  
1270  -33.3154  21.1283  
1271  -33.3154  22.2404  
1272  -33.3154  23.3524  
1273  -33.3154  24.4644  
1274  -33.3154  25.5764  
1275  -33.3154  26.6884  
1276  -33.3154  27.8004  
1277  -33.3154  28.9125  
1278  -33.3154  30.0245  
1279  -33.3154  31.1365  
1280  -33.3154  32.2485  
1281  -33.3154  33.3605  
1282  -33.3154  34.4726  
1283  -33.3154  35.5846  
1284  -33.3154  36.6966  
1285  -33.3154  37.8086  
1286  -33.3154  38.9206  
1287  -33.3154  40.0326  
1288  -33.3154  41.1447  
1289  -33.3154  42.2567  
1290  -33.3154  43.3687  
1291  -33.3154  44.4807  
1292  -33.3154  45.5927  
1293  -33.3154  46.7047  
1294  -33.3154  47.8168  
1295  -33.3154  48.9288  
1296  -33.3154  50.0408  
1297  -33.3154  51.1528  
1298  -33.3154  52.2648  
1299  -33.3154  53.3769  
1300  -33.3154  54.4889  
1301  -32.4386  -55.6009  
1302  -32.4386  -54.4889  
1303  -32.4386  -53.3769  
1304  -32.4386  -52.2648  
1305  -32.4386  -51.1528  
1306  -32.4386  -50.0408  
1307  -32.4386  -48.9288  
1308  -32.4386  -47.8168  
1309  -32.4386  -46.7047  
1310  -32.4386  -45.5927  
1311  -32.4386  -44.4807  
1312  -32.4386  -43.3687  
1313  -32.4386  -42.2567  
1314  -32.4386  -41.1447  
1315  -32.4386  -40.0326  
1316  -32.4386  -38.9206  
1317  -32.4386  -37.8086  
1318  -32.4386  -36.6966  
1319  -32.4386  -35.5846  
1320  -32.4386  -34.4726  
1321  -32.4386  -33.3605  
1322  -32.4386  -32.2485  
1323  -32.4386  -31.1365  
1324  -32.4386  -30.0245  
1325  -32.4386  -28.9125  
1326  -32.4386  -27.8004  
1327  -32.4386  -26.6884  
1328  -32.4386  -25.5764  
1329  -32.4386  -24.4644  
1330  -32.4386  -23.3524  
1331  -32.4386  -22.2404  
1332  -32.4386  -21.1283  
1333  -32.4386  -20.0163  
1334  -32.4386  -18.9043  
1335  -32.4386  -17.7923  
1336  -32.4386  -16.6803  
1337  -32.4386  -15.5682  
1338  -32.4386  -14.4562  
1339  -32.4386  -13.3442  
1340  -32.4386  -12.2322  
1341  -32.4386  -11.1202  
1342  -32.4386  -10.0082  
1343  -32.4386  -8.89614  
1344  -32.4386  -7.78412  
1345  -32.4386  -6.67211  
1346  -32.4386  -5.56009  
1347  -32.4386  -4.44807  
1348  -32.4386  -3.33605  
1349  -32.4386  -2.22404  
1350  -32.4386  -1.11202  
1351  -32.4386  0  
1352  -32.4386  1.11202  
1353  -32.4386  2.22404  
1354  -32.4386  3.33605  
1355  -32.4386  4.44807  
1356  -32.4386  5.56009  
1357  -32.4386  6.67211  
1358  -32.4386  7.78412  
1359  -32.4386  8.89614  
1360  -32.4386  10.0082  
1361  -32.4386  11.1202  
1362  -32.4386  12.2322  
1363  -32.4386  13.3442  
1364  -32.4386  14.4562  
1365  -32.4386  15.5682  
1366  -32.4386  16.6803  
1367  -32.4386  17.7923  
1368  -32.4386  18.9043  
1369  -32.4386  20.0163  
1370  -32.4386  21.1283  
1371  -32.4386  22.2404  
1372  -32.4386  23.3524  
1373  -32.4386  24.4644  
1374  -32.4386  25.5764  
1375  -32.4386  26.6884  
1376  -32.4386  27.8004  
1377  -32.4386  28.9125  
1378  -32.4386  30.0245  
1379  -32.4386  31.1365  
1380  -32.4386  32.2485  
1381  -32.4386  33.3605  
1382  -32.4386  34.4726  
1383  -32.4386  35.5846  
1384  -32.4386  36.6966  
1385  -32.4386  37.8086  
1386  -32.4386  38.9206  
1387  -32.4386  40.0326  
1388  -32.4386  41.1447  
1389  -32.4386  42.2567  
1390  -32.4386  43.3687  
1391  -32.4386  44.4807  
1392  -32.4386  45.5927  
1393  -32.4386  46.7047  
1394  -32.4386  47.8168  
1395  -32.4386  48.9288  
1396  -32.4386  50.0408  
1397  -32.4386  51.1528  
1398  -32.4386  52.2648  
1399  -32.4386  53.3769  
1400  -32.4386  54.4889  
1401  -31.5619  -55.6009  
1402  -31.5619  -54.4889  
1403  -31.5619  -53.3769  
1404  -31.5619  -52.2648  
1405  -31.5619  -51.1528  
1406  -31.5619  -50.0408  
1407  -31.5619  -48.9288  
1408  -31.5619  -47.8168  
1409  -31.5619  -46.7047  
1410  -31.5619  -45.5927  
1411  -31.5619  -44.4807  
1412  -31.5619  -43.3687  
1413  -31.5619  -42.2567  
1414  -31.5619  -41.1447  
1415  -31.5619  -40.0326  
1416  -31.5619  -38.9206  
1417  -31.5619  -37.8086  
1418  -31.5619  -36.6966  
1419  -31.5619  -35.5846  
1420  -31.5619  -34.4726  
1421  -31.5619  -33.3605  
1422  -31.5619  -32.2485  
1423  -31.5619  -31.1365  
1424  -31.5619  -30.0245  
1425  -31.5619  -28.9125  
1426  -31.5619  -27.8004  
1427  -31.5619  -26.6884  
1428  -31.5619  -25.5764  
1429  -31.5619  -24.4644  
1430  -31.5619  -23.3524  
1431  -31.5619  -22.2404  
1432  -31.5619  -21.1283  
1433  -31.5619  -20.0163  
1434  -31.5619  -18.9043  
1435  -31.5619  -17.7923  
1436  -31.5619  -16.6803  
1437  -31.5619  -15.5682  
1438  -31.5619  -14.4562  
1439  -31.5619  -13.3442  
1440  -31.5619  -12.2322  
1441  -31.5619  -11.1202  
1442  -31.5619  -10.0082  
1443  -31.5619  -8.89614  
1444  -31.5619  -7.78412  
1445  -31.5619  -6.67211  
1446  -31.5619  -5.56009  
1447  -31.5619  -4.44807  
1448  -31.5619  -3.33605  
1449  -31.5619  -2.22404  
1450  -31.5619  -1.11202  
1451  -31.5619  0  
1452  -31.5619  1.11202  
1453  -31.5619  2.22404  
1454  -31.5619  3.33605  
1455  -31.5619  4.44807  
1456  -31.5619  5.56009  
1457  -31.5619  6.67211  
1458  -31.5619  7.78412  
1459  -31.5619  8.89614  
1460  -31.5619  10.0082  
1461  -31.5619  11.1202  
1462  -31.5619  12.2322  
1463  -31.5619  13.3442  
1464  -31.5619  14.4562  
1465  -31.5619  15.5682  
1466  -31.5619  16.6803  
1467  -31.5619  17.7923  
1468  -31.5619  18.9043  
1469  -31.5619  20.0163  
1470  -31.5619  21.1283  
1471  -31.5619  22.2404  
1472  -31.5619  23.3524  
1473  -31.5619  24.4644  
1474  -31.5619  25.5764  
1475  -31.5619  26.6884  
1476  -31.5619  27.8004  
1477  -31.5619  28.9125  
1478  -31.5619  30.0245  
1479  -31.5619  31.1365  
1480  -31.5619  32.2485  
1481  -31.5619  33.3605  
1482  -31.5619  34.4726  
1483  -31.5619  35.5846  
1484  -31.5619  36.6966  
1485  -31.5619  37.8086  
1486  -31.5619  38.9206  
1487  -31.5619  40.0326  
1488  -31.5619  41.1447  
1489  -31.5619  42.2567  
1490  -31.5619  43.3687  
1491  -31.5619  44.4807  
1492  -31.5619  45.5927  
1493  -31.5619  46.7047  
1494  -31.5619  47.8168  
1495  -31.5619  48.9288  
1496  -31.5619  50.0408  
1497  -31.5619  51.1528  
1498  -31.5619  52.2648  
1499  -31.5619  53.3769  
1500  -31.5619  54.4889  
1501  -30.6852  -55.6009  
1502  -30.6852  -54.4889  
1503  -30.6852  -53.3769  
1504  -30.6852  -52.2648  
1505  -30.6852  -51.1528  
1506  -30.6852  -50.0408  
1507  -30.6852  -48.9288  
1508  -30.6852  -47.8168  
1509  -30.6852  -46.7047  
1510  -30.6852  -45.5927  
1511  -30.6852  -44.4807  
1512  -30.6852  -43.3687  
1513  -30.6852  -42.2567  
1514  -30.6852  -41.1447  
1515  -30.6852  -40.0326  
1516  -30.6852  -38.9206  
1517  -30.6852  -37.8086  
1518  -30.6852  -36.6966  
1519  -30.6852  -35.5846  
1520  -30.6852  -34.4726  
1521  -30.6852  -33.3605  
1522  -30.6852  -32.2485  
1523  -30.6852  -31.1365  
1524  -30.6852  -30.0245  
1525  -30.6852  -28.9125  
1526  -30.6852  -27.8004  
1527  -30.6852  -26.6884  
1528  -30.6852  -25.5764  
1529  -30.6852  -24.4644  
1530  -30.6852  -23.3524  
1531  -30.6852  -22.2404  
1532  -30.6852  -21.1283  
1533  -30.6852  -20.0163  
1534  -30.6852  -18.9043  
1535  -30.6852  -17.7923  
1536  -30.6852  -16.6803  
1537  -30.6852  -15.5682  
1538  -30.6852  -14.4562  
1539  -30.6852  -13.3442  
1540  -30.6852  -12.2322  
1541  -30.6852  -11.1202  
1542  -30.6852  -10.0082  
1543  -30.6852  -8.89614  
1544  -30.6852  -7.78412  
1545  -30.6852  -6.67211  
1546  -30.6852  -5.56009  
1547  -30.6852  -4.44807  
1548  -30.6852  -3.33605  
1549  -30.6852  -2.22404  
1550  -30.6852  -1.11202  
1551  -30.6852  0  
1552  -30.6852  1.11202  
1553  -30.6852  2.22404  
1554  -30.6852  3.33605  
1555  -30.6852  4.44807  
1556  -30.6852  5.56009  
1557  -30.6852  6.67211  
1558  -30.6852  7.78412  
1559  -30.6852  8.89614  
1560  -30.6852  10.0082  
1561  -30.6852  11.1202  
1562  -30.6852  12.2322  
1563  -30.6852  13.3442  
1564  -30.6852  14.4562  
1565  -30.6852  15.5682  
1566  -30.6852  16.6803  
1567  -30.6852  17.7923  
1568  -30.6852  18.9043  
1569  -30.6852  20.0163  
1570  -30.6852  21.1283  
1571  -30.6852  22.2404  
1572  -30.6852  23.3524  
1573  -30.6852  24.4644  
1574  -30.6852  25.5764  
1575  -30.6852  26.6884  
1576  -30.6852  27.8004  
1577  -30.6852  28.9125  
1578  -30.6852  30.0245  
1579  -30.6852  31.1365  
1580  -30.6852  32.2485  
1581  -30.6852  33.3605  
1582  -30.6852  34.4726  
1583  -30.6852  35.5846  
1584  -30.6852  36.6966  
1585  -30.6852  37.8086  
1586  -30.6852  38.9206  
1587  -30.6852  40.0326  
1588  -30.6852  41.1447  
1589  -30.6852  42.2567  
1590  -30.6852  43.3687  
1591  -30.6852  44.4807  
1592  -30.6852  45.5927  
1593  -30.6852  46.7047  
1594  -30.6852  47.8168  
1595  -30.6852  48.9288  
1596  -30.6852  50.0408  
1597  -30.6852  51.1528  
1598  -30.6852  52.2648  
1599  -30.6852  53.3769  
1600  -30.6852  54.4889  
1601  -29.8085  -55.6009  
1602  -29.8085  -54.4889  
1603  -29.8085  -53.3769  
1604  -29.8085  -52.2648  
1605  -29.8085  -51.1528  
1606  -29.8085  -50.0408  
1607  -29.8085  -48.9288  
1608  -29.8085  -47.8168  
1609  -29.8085  -46.7047  
1610  -29.8085  -45.5927  
1611  -29.8085  -44.4807  
1612  -29.8085  -43.3687  
1613  -29.8085  -42.2567  
1614  -29.8085  -41.1447  
1615  -29.8085  -40.0326  
1616  -29.8085  -38.9206  
1617  -29.8085  -37.8086  
1618  -29.8085  -36.6966  
1619  -29.8085  -35.5846  
1620  -29.8085  -34.4726  
1621  -29.8085  -33.3605  
1622  -29.8085  -32.2485  
1623  -29.8085  -31.1365  
1624  -29.8085  -30.0245  
1625  -29.8085  -28.9125  
1626  -29.8085  -27.8004  
1627  -29.8085  -26.6884  
1628  -29.8085  -25.5764  
1629  -29.8085  -24.4644  
1630  -29.8085  -23.3524  
1631  -29.8085  -22.2404  
1632  -29.8085  -21.1283  
1633  -29.8085  -20.0163  
1634  -29.8085  -18.9043  
1635  -29.8085  -17.7923  
1636  -29.8085  -16.6803  
1637  -29.8085  -15.5682  
1638  -29.8085  -14.4562  
1639  -29.8085  -13.3442  
1640  -29.8085  -12.2322  
1641  -29.8085  -11.1202  
1642  -29.8085  -10.0082  
1643  -29.8085  -8.89614  
1644  -29.8085  -7.78412  
1645  -29.8085  -6.67211  
1646  -29.8085  -5.56009  
1647  -29.8085  -4.44807  
1648  -29.8085  -3.33605  
1649  -29.8085  -2.22404  
1650  -29.8085  -1.11202  
1651  -29.8085  0  
1652  -29.8085  1.11202  
1653  -29.8085  2.22404  
1654  -29.8085  3.33605  
1655  -29.8085  4.44807  
1656  -29.8085  5.56009  
1657  -29.8085  6.67211  
1658  -29.8085  7.78412  
1659  -29.8085  8.89614  
1660  -29.8085  10.0082  
1661  -29.8085  11.1202  
1662  -29.8085  12.2322  
1663  -29.8085  13.3442  
1664  -29.8085  14.4562  
1665  -29.8085  15.5682  
1666  -29.8085  16.6803  
1667  -29.8085  17.7923  
1668  -29.8085  18.9043  
1669  -29.8085  20.0163  
1670  -29.8085  21.1283  
1671  -29.8085  22.2404  
1672  -29.8085  23.3524  
1673  -29.8085  24.4644  
1674  -29.8085  25.5764  
1675  -29.8085  26.6884  
1676  -29.8085  27.8004  
1677  -29.8085  28.9125  
1678  -29.8085  30.0245  
1679  -29.8085  31.1365  
1680  -29.8085  32.2485  
1681  -29.8085  33.3605  
1682  -29.8085  34.4726  
1683  -29.8085  35.5846  
1684  -29.8085  36.6966  
1685  -29.8085  37.8086  
1686  -29.8085  38.9206  
1687  -29.8085  40.0326  
1688  -29.8085  41.1447  
1689  -29.8085  42.2567  
1690  -29.8085  43.3687  
1691  -29.8085  44.4807  
1692  -29.8085  45.5927  
1693  -29.8085  46.7047  
1694  -29.8085  47.8168  
1695  -29.8085  48.9288  
1696  -29.8085  50.0408  
1697  -29.8085  51.1528  
1698  -29.8085  52.2648  
1699  -29.8085  53.3769  
1700  -29.8085  54.4889  
1701  -28.9318  -55.6009  
1702  -28.9318  -54.4889  
1703  -28.9318  -53.3769  
1704  -28.9318  -52.2648  
1705  -28.9318  -51.1528  
1706  -28.9318  -50.0408  
1707  -28.9318  -48.9288  
1708  -28.9318  -47.8168  
1709  -28.9318  -46.7047  
1710  -28.9318  -45.5927  
1711  -28.9318  -44.4807  
1712  -28.9318  -43.3687  
1713  -28.9318  -42.2567  
1714  -28.9318  -41.1447  
1715  -28.9318  -40.0326  
1716  -28.9318  -38.9206  
1717  -28.9318  -37.8086  
1718  -28.9318  -36.6966  
1719  -28.9318  -35.5846  
1720  -28.9318  -34.4726  
1721  -28.9318  -33.3605  
1722  -28.9318  -32.2485  
1723  -28.9318  -31.1365  
1724  -28.9318  -30.0245  
1725  -28.9318  -28.9125  
1726  -28.9318  -27.8004  
1727  -28.9318  -26.6884  
1728  -28.9318  -25.5764  
1729  -28.9318  -24.4644  
1730  -28.9318  -23.3524  
1731  -28.9318  -22.2404  
1732  -28.9318  -21.1283  
1733  -28.9318  -20.0163  
1734  -28.9318  -18.9043  
1735  -28.9318  -17.7923  
1736  -28.9318  -16.6803  
1737  -28.9318  -15.5682  
1738  -28.9318  -14.4562  
1739  -28.9318  -13.3442  
1740  -28.9318  -12.2322  
1741  -28.9318  -11.1202  
1742  -28.9318  -10.0082  
1743  -28.9318  -8.89614  
1744  -28.9318  -7.78412  
1745  -28.9318  -6.67211  
1746  -28.9318  -5.56009  
1747  -28.9318  -4.44807  
1748  -28.9318  -3.33605  
1749  -28.9318  -2.22404  
1750  -28.9318  -1.11202  
1751  -28.9318  0  
1752  -28.9318  1.11202  
1753  -28.9318  2.22404  
1754  -28.9318  3.33605  
1755  -28.9318  4.44807  
1756  -28.9318  5.56009  
1757  -28.9318  6.67211  
1758  -28.9318  7.78412  
1759  -28.9318  8.89614  
1760  -28.9318  10.0082  
1761  -28.9318  11.1202  
1762  -28.9318  12.2322  
1763  -28.9318  13.3442  
1764  -28.9318  14.4562  
1765  -28.9318  15.5682  
1766  -28.9318  16.6803  
1767  -28.9318  17.7923  
1768  -28.9318  18.9043  
1769  -28.9318  20.0163  
1770  -28.9318  21.1283  
1771  -28.9318  22.2404  
1772  -28.9318  23.3524  
1773  -28.9318  24.4644  
1774  -28.9318  25.5764  
1775  -28.9318  26.6884  
1776  -28.9318  27.8004  
1777  -28.9318  28.9125  
1778  -28.9318  30.0245  
1779  -28.9318  31.1365  
1780  -28.9318  32.2485  
1781  -28.9318  33.3605  
1782  -28.9318  34.4726  
1783  -28.9318  35.5846  
1784  -28.9318  36.6966  
1785  -28.9318  37.8086  
1786  -28.9318  38.9206  
1787  -28.9318  40.0326  
1788  -28.9318  41.1447  
1789  -28.9318  42.2567  
1790  -28.9318  43.3687  
1791  -28.9318  44.4807  
1792  -28.9318  45.5927  
1793  -28.9318  46.7047  
1794  -28.9318  47.8168  
1795  -28.9318  48.9288  
1796  -28.9318  50.0408  
1797  -28.9318  51.1528  
1798  -28.9318  52.2648  
1799  -28.9318  53.3769  
1800  -28.9318  54.4889  
1801  -28.055  -55.6009  
1802  -28.055  -54.4889  
1803  -28.055  -53.3769  
1804  -28.055  -52.2648  
1805  -28.055  -51.1528  
1806  -28.055  -50.0408  
1807  -28.055  -48.9288  
1808  -28.055  -47.8168  
1809  -28.055  -46.7047  
1810  -28.055  -45.5927  
1811  -28.055  -44.4807  
1812  -28.055  -43.3687  
1813  -28.055  -42.2567  
1814  -28.055  -41.1447  
1815  -28.055  -40.0326  
1816  -28.055  -38.9206  
1817  -28.055  -37.8086  
1818  -28.055  -36.6966  
1819  -28.055  -35.5846  
1820  -28.055  -34.4726  
1821  -28.055  -33.3605  
1822  -28.055  -32.2485  
1823  -28.055  -31.1365  
1824  -28.055  -30.0245  
1825  -28.055  -28.9125  
1826  -28.055  -27.8004  
1827  -28.055  -26.6884  
1828  -28.055  -25.5764  
1829  -28.055  -24.4644  
1830  -28.055  -23.3524  
1831  -28.055  -22.2404  
1832  -28.055  -21.1283  
1833  -28.055  -20.0163  
1834  -28.055  -18.9043  
1835  -28.055  -17.7923  
1836  -28.055  -16.6803  
1837  -28.055  -15.5682  
1838  -28.055  -14.4562  
1839  -28.055  -13.3442  
1840  -28.055  -12.2322  
1841  -28.055  -11.1202  
1842  -28.055  -10.0082  
1843  -28.055  -8.89614  
1844  -28.055  -7.78412  
1845  -28.055  -6.67211  
1846  -28.055  -5.56009  
1847  -28.055  -4.44807  
1848  -28.055  -3.33605  
1849  -28.055  -2.22404  
1850  -28.055  -1.11202  
1851  -28.055  0  
1852  -28.055  1.11202  
1853  -28.055  2.22404  
1854  -28.055  3.33605  
1855  -28.055  4.44807  
1856  -28.055  5.56009  
1857  -28.055  6.67211  
1858  -28.055  7.78412  
1859  -28.055  8.89614  
1860  -28.055  10.0082  
1861  -28.055  11.1202  
1862  -28.055  12.2322  
1863  -28.055  13.3442  
1864  -28.055  14.4562  
1865  -28.055  15.5682  
1866  -28.055  16.6803  
1867  -28.055  17.7923  
1868  -28.055  18.9043  
1869  -28.055  20.0163  
1870  -28.055  21.1283  
1871  -28.055  22.2404  
1872  -28.055  23.3524  
1873  -28.055  24.4644  
1874  -28.055  25.5764  
1875  -28.055  26.6884  
1876  -28.055  27.8004  
1877  -28.055  28.9125  
1878  -28.055  30.0245  
1879  -28.055  31.1365  
1880  -28.055  32.2485  
1881  -28.055  33.3605  
1882  -28.055  34.4726  
1883  -28.055  35.5846  
1884  -28.055  36.6966  
1885  -28.055  37.8086  
1886  -28.055  38.9206  
1887  -28.055  40.0326  
1888  -28.055  41.1447  
1889  -28.055  42.2567  
1890  -28.055  43.3687  
1891  -28.055  44.4807  
1892  -28.055  45.5927  
1893  -28.055  46.7047  
1894  -28.055  47.8168  
1895  -28.055  48.9288  
1896  -28.055  50.0408  
1897  -28.055  51.1528  
1898  -28.055  52.2648  
1899  -28.055  53.3769  
1900  -28.055  54.4889  
1901  -27.1783  -55.6009  
1902  -27.1783  -54.4889  
1903  -27.1783  -53.3769  
1904  -27.1783  -52.2648  
1905  -27.1783  -51.1528  
1906  -27.1783  -50.0408  
1907  -27.1783  -48.9288  
1908  -27.1783  -47.8168  
1909  -27.1783  -46.7047  
1910  -27.1783  -45.5927  
1911  -27.1783  -44.4807  
1912  -27.1783  -43.3687  
1913  -27.1783  -42.2567  
1914  -27.1783  -41.1447  
1915  -27.1783  -40.0326  
1916  -27.1783  -38.9206  
1917  -27.1783  -37.8086  
1918  -27.1783  -36.6966  
1919  -27.1783  -35.5846  
1920  -27.1783  -34.4726  
1921  -27.1783  -33.3605  
1922  -27.1783  -32.2485  
1923  -27.1783  -31.1365  
1924  -27.1783  -30.0245  
1925  -27.1783  -28.9125  
1926  -27.1783  -27.8004  
1927  -27.1783  -26.6884  
1928  -27.1783  -25.5764  
1929  -27.1783  -24.4644  
1930  -27.1783  -23.3524  
1931  -27.1783  -22.2404  
1932  -27.1783  -21.1283  
1933  -27.1783  -20.0163  
1934  -27.1783  -18.9043  
1935  -27.1783  -17.7923  
1936  -27.1783  -16.6803  
1937  -27.1783  -15.5682  
1938  -27.1783  -14.4562  
1939  -27.1783  -13.3442  
1940  -27.1783  -12.2322  
1941  -27.1783  -11.1202  
1942  -27.1783  -10.0082  
1943  -27.1783  -8.89614  
1944  -27.1783  -7.78412  
1945  -27.1783  -6.67211  
1946  -27.1783  -5.56009  
1947  -27.1783  -4.44807  
1948  -27.1783  -3.33605  
1949  -27.1783  -2.22404  
1950  -27.1783  -1.11202  
1951  -27.1783  0  
1952  -27.1783  1.11202  
1953  -27.1783  2.22404  
1954  -27.1783  3.33605  
1955  -27.1783  4.44807  
1956  -27.1783  5.56009  
1957  -27.1783  6.67211  
1958  -27.1783  7.78412  
1959  -27.1783  8.89614  
1960  -27.1783  10.0082  
1961  -27.1783  11.1202  
1962  -27.1783  12.2322  
1963  -27.1783  13.3442  
1964  -27.1783  14.4562  
1965  -27.1783  15.5682  
1966  -27.1783  16.6803  
1967  -27.1783  17.7923  
1968  -27.1783  18.9043  
1969  -27.1783  20.0163  
1970  -27.1783  21.1283  
1971  -27.1783  22.2404  
1972  -27.1783  23.3524  
1973  -27.1783  24.4644  
1974  -27.1783  25.5764  
1975  -27.1783  26.6884  
1976  -27.1783  27.8004  
1977  -27.1783  28.9125  
1978  -27.1783  30.0245  
1979  -27.1783  31.1365  
1980  -27.1783  32.2485  
1981  -27.1783  33.3605  
1982  -27.1783  34.4726  
1983  -27.1783  35.5846  
1984  -27.1783  36.6966  
1985  -27.1783  37.8086  
1986  -27.1783  38.9206  
1987  -27.1783  40.0326  
1988  -27.1783  41.1447  
1989  -27.1783  42.2567  
1990  -27.1783  43.3687  
1991  -27.1783  44.4807  
1992  -27.1783  45.5927  
1993  -27.1783  46.7047  
1994  -27.1783  47.8168  
1995  -27.1783  48.9288  
1996  -27.1783  50.0408  
1997  -27.1783  51.1528  
1998  -27.1783  52.2648  
1999  -27.1783  53.3769  
2000  -27.1783  54.4889  
2001  -26.3016  -55.6009  
2002  -26.3016  -54.4889  
2003  -26.3016  -53.3769  
2004  -26.3016  -52.2648  
2005  -26.3016  -51.1528  
2006  -26.3016  -50.0408  
2007  -26.3016  -48.9288  
2008  -26.3016  -47.8168  
2009  -26.3016  -46.7047  
2010  -26.3016  -45.5927  
2011  -26.3016  -44.4807  
2012  -26.3016  -43.3687  
2013  -26.3016  -42.2567  
2014  -26.3016  -41.1447  
2015  -26.3016  -40.0326  
2016  -26.3016  -38.9206  
2017  -26.3016  -37.8086  
2018  -26.3016  -36.6966  
2019  -26.3016  -35.5846  
2020  -26.3016  -34.4726  
2021  -26.3016  -33.3605  
2022  -26.3016  -32.2485  
2023  -26.3016  -31.1365  
2024  -26.3016  -30.0245  
2025  -26.3016  -28.9125  
2026  -26.3016  -27.8004  
2027  -26.3016  -26.6884  
2028  -26.3016  -25.5764  
2029  -26.3016  -24.4644  
2030  -26.3016  -23.3524  
2031  -26.3016  -22.2404  
2032  -26.3016  -21.1283  
2033  -26.3016  -20.0163  
2034  -26.3016  -18.9043  
2035  -26.3016  -17.7923  
2036  -26.3016  -16.6803  
2037  -26.3016  -15.5682  
2038  -26.3016  -14.4562  
2039  -26.3016  -13.3442  
2040  -26.3016  -12.2322  
2041  -26.3016  -11.1202  
2042  -26.3016  -10.0082  
2043  -26.3016  -8.89614  
2044  -26.3016  -7.78412  
2045  -26.3016  -6.67211  
2046  -26.3016  -5.56009  
2047  -26.3016  -4.44807  
2048  -26.3016  -3.33605  
2049  -26.3016  -2.22404  
2050  -26.3016  -1.11202  
2051  -26.3016  0  
2052  -26.3016  1.11202  
2053  -26.3016  2.22404  
2054  -26.3016  3.33605  
2055  -26.3016  4.44807  
2056  -26.3016  5.56009  
2057  -26.3016  6.67211  
2058  -26.3016  7.78412  
2059  -26.3016  8.89614  
2060  -26.3016  10.0082  
2061  -26.3016  11.1202  
2062  -26.3016  12.2322  
2063  -26.3016  13.3442  
2064  -26.3016  14.4562  
2065  -26.3016  15.5682  
2066  -26.3016  16.6803  
2067  -26.3016  17.7923  
2068  -26.3016  18.9043  
2069  -26.3016  20.0163  
2070  -26.3016  21.1283  
2071  -26.3016  22.2404  
2072  -26.3016  23.3524  
2073  -26.3016  24.4644  
2074  -26.3016  25.5764  
2075  -26.3016  26.6884  
2076  -26.3016  27.8004  
2077  -26.3016  28.9125  
2078  -26.3016  30.0245  
2079  -26.3016  31.1365  
2080  -26.3016  32.2485  
2081  -26.3016  33.3605  
2082  -26.3016  34.4726  
2083  -26.3016  35.5846  
2084  -26.3016  36.6966  
2085  -26.3016  37.8086  
2086  -26.3016  38.9206  
2087  -26.3016  40.0326  
2088  -26.3016  41.1447  
2089  -26.3016  42.2567  
2090  -26.3016  43.3687  
2091  -26.3016  44.4807  
2092  -26.3016  45.5927  
2093  -26.3016  46.7047  
2094  -26.3016  47.8168  
2095  -26.3016  48.9288  
2096  -26.3016  50.0408  
2097  -26.3016  51.1528  
2098  -26.3016  52.2648  
2099  -26.3016  53.3769  
2100  -26.3016  54.4889  
2101  -25.4249  -55.6009  
2102  -25.4249  -54.4889  
2103  -25.4249  -53.3769  
2104  -25.4249  -52.2648  
2105  -25.4249  -51.1528  
2106  -25.4249  -50.0408  
2107  -25.4249  -48.9288  
2108  -25.4249  -47.8168  
2109  -25.4249  -46.7047  
2110  -25.4249  -45.5927  
2111  -25.4249  -44.4807  
2112  -25.4249  -43.3687  
2113  -25.4249  -42.2567  
2114  -25.4249  -41.1447  
2115  -25.4249  -40.0326  
2116  -25.4249  -38.9206  
2117  -25.4249  -37.8086  
2118  -25.4249  -36.6966  
2119  -25.4249  -35.5846  
2120  -25.4249  -34.4726  
2121  -25.4249  -33.3605  
2122  -25.4249  -32.2485  
2123  -25.4249  -31.1365  
2124  -25.4249  -30.0245  
2125  -25.4249  -28.9125  
2126  -25.4249  -27.8004  
2127  -25.4249  -26.6884  
2128  -25.4249  -25.5764  
2129  -25.4249  -24.4644  
2130  -25.4249  -23.3524  
2131  -25.4249  -22.2404  
2132  -25.4249  -21.1283  
2133  -25.4249  -20.0163  
2134  -25.4249  -18.9043  
2135  -25.4249  -17.7923  
2136  -25.4249  -16.6803  
2137  -25.4249  -15.5682  
2138  -25.4249  -14.4562  
2139  -25.4249  -13.3442  
2140  -25.4249  -12.2322  
2141  -25.4249  -11.1202  
2142  -25.4249  -10.0082  
2143  -25.4249  -8.89614  
2144  -25.4249  -7.78412  
2145  -25.4249  -6.67211  
2146  -25.4249  -5.56009  
2147  -25.4249  -4.44807  
2148  -25.4249  -3.33605  
2149  -25.4249  -2.22404  
2150  -25.4249  -1.11202  
2151  -25.4249  0  
2152  -25.4249  1.11202  
2153  -25.4249  2.22404  
2154  -25.4249  3.33605  
2155  -25.4249  4.44807  
2156  -25.4249  5.56009  
2157  -25.4249  6.67211  
2158  -25.4249  7.78412  
2159  -25.4249  8.89614  
2160  -25.4249  10.0082  
2161  -25.4249  11.1202  
2162  -25.4249  12.2322  
2163  -25.4249  13.3442  
2164  -25.4249  14.4562  
2165  -25.4249  15.5682  
2166  -25.4249  16.6803  
2167  -25.4249  17.7923  
2168  -25.4249  18.9043  
2169  -25.4249  20.0163  
2170  -25.4249  21.1283  
2171  -25.4249  22.2404  
2172  -25.4249  23.3524  
2173  -25.4249  24.4644  
2174  -25.4249  25.5764  
2175  -25.4249  26.6884  
2176  -25.4249  27.8004  
2177  -25.4249  28.9125  
2178  -25.4249  30.0245  
2179  -25.4249  31.1365  
2180  -25.4249  32.2485  
2181  -25.4249  33.3605  
2182  -25.4249  34.4726  
2183  -25.4249  35.5846  
2184  -25.4249  36.6966  
2185  -25.4249  37.8086  
2186  -25.4249  38.9206  
2187  -25.4249  40.0326  
2188  -25.4249  41.1447  
2189  -25.4249  42.2567  
2190  -25.4249  43.3687  
2191  -25.4249  44.4807  
2192  -25.4249  45.5927  
2193  -25.4249  46.7047  
2194  -25.4249  47.8168  
2195  -25.4249  48.9288  
2196  -25.4249  50.0408  
2197  -25.4249  51.1528  
2198  -25.4249  52.2648  
2199  -25.4249  53.3769  
2200  -25.4249  54.4889  
2201  -24.5482  -55.6009  
2202  -24.5482  -54.4889  
2203  -24.5482  -53.3769  
2204  -24.5482  -52.2648  
2205  -24.5482  -51.1528  
2206  -24.5482  -50.0408  
2207  -24.5482  -48.9288  
2208  -24.5482  -47.8168  
2209  -24.5482  -46.7047  
2210  -24.5482  -45.5927  
2211  -24.5482  -44.4807  
2212  -24.5482  -43.3687  
2213  -24.5482  -42.2567  
2214  -24.5482  -41.1447  
2215  -24.5482  -40.0326  
2216  -24.5482  -38.9206  
2217  -24.5482  -37.8086  
2218  -24.5482  -36.6966  
2219  -24.5482  -35.5846  
2220  -24.5482  -34.4726  
2221  -24.5482  -33.3605  
2222  -24.5482  -32.2485  
2223  -24.5482  -31.1365  
2224  -24.5482  -30.0245  
2225  -24.5482  -28.9125  
2226  -24.5482  -27.8004  
2227  -24.5482  -26.6884  
2228  -24.5482  -25.5764  
2229  -24.5482  -24.4644  
2230  -24.5482  -23.3524  
2231  -24.5482  -22.2404  
2232  -24.5482  -21.1283  
2233  -24.5482  -20.0163  
2234  -24.5482  -18.9043  
2235  -24.5482  -17.7923  
2236  -24.5482  -16.6803  
2237  -24.5482  -15.5682  
2238  -24.5482  -14.4562  
2239  -24.5482  -13.3442  
2240  -24.5482  -12.2322  
2241  -24.5482  -11.1202  
2242  -24.5482  -10.0082  
2243  -24.5482  -8.89614  
2244  -24.5482  -7.78412  
2245  -24.5482  -6.67211  
2246  -24.5482  -5.56009  
2247  -24.5482  -4.44807  
2248  -24.5482  -3.33605  
2249  -24.5482  -2.22404  
2250  -24.5482  -1.11202  
2251  -24.5482  0  
2252  -24.5482  1.11202  
2253  -24.5482  2.22404  
2254  -24.5482  3.33605  
2255  -24.5482  4.44807  
2256  -24.5482  5.56009  
2257  -24.5482  6.67211  
2258  -24.5482  7.78412  
2259  -24.5482  8.89614  
2260  -24.5482  10.0082  
2261  -24.5482  11.1202  
2262  -24.5482  12.2322  
2263  -24.5482  13.3442  
2264  -24.5482  14.4562  
2265  -24.5482  15.5682  
2266  -24.5482  16.6803  
2267  -24.5482  17.7923  
2268  -24.5482  18.9043  
2269  -24.5482  20.0163  
2270  -24.5482  21.1283  
2271  -24.5482  22.2404  
2272  -24.5482  23.3524  
2273  -24.5482  24.4644  
2274  -24.5482  25.5764  
2275  -24.5482  26.6884  
2276  -24.5482  27.8004  
2277  -24.5482  28.9125  
2278  -24.5482  30.0245  
2279  -24.5482  31.1365  
2280  -24.5482  32.2485  
2281  -24.5482  33.3605  
2282  -24.5482  34.4726  
2283  -24.5482  35.5846  
2284  -24.5482  36.6966  
2285  -24.5482  37.8086  
2286  -24.5482  38.9206  
2287  -24.5482  40.0326  
2288  -24.5482  41.1447  
2289  -24.5482  42.2567  
2290  -24.5482  43.3687  
2291  -24.5482  44.4807  
2292  -24.5482  45.5927  
2293  -24.5482  46.7047  
2294  -24.5482  47.8168  
2295  -24.5482  48.9288  
2296  -24.5482  50.0408  
2297  -24.5482  51.1528  
2298  -24.5482  52.2648  
2299  -24.5482  53.3769  
2300  -24.5482  54.4889  
2301  -23.6714  -55.6009  
2302  -23.6714  -54.4889  
2303  -23.6714  -53.3769  
2304  -23.6714  -52.2648  
2305  -23.6714  -51.1528  
2306  -23.6714  -50.0408  
2307  -23.6714  -48.9288  
2308  -23.6714  -47.8168  
2309  -23.6714  -46.7047  
2310  -23.6714  -45.5927  
2311  -23.6714  -44.4807  
2312  -23.6714  -43.3687  
2313  -23.6714  -42.2567  
2314  -23.6714  -41.1447  
2315  -23.6714  -40.0326  
2316  -23.6714  -38.9206  
2317  -23.6714  -37.8086  
2318  -23.6714  -36.6966  
2319  -23.6714  -35.5846  
2320  -23.6714  -34.4726  
2321  -23.6714  -33.3605  
2322  -23.6714  -32.2485  
2323  -23.6714  -31.1365  
2324  -23.6714  -30.0245  
2325  -23.6714  -28.9125  
2326  -23.6714  -27.8004  
2327  -23.6714  -26.6884  
2328  -23.6714  -25.5764  
2329  -23.6714  -24.4644  
2330  -23.6714  -23.3524  
2331  -23.6714  -22.2404  
2332  -23.6714  -21.1283  
2333  -23.6714  -20.0163  
2334  -23.6714  -18.9043  
2335  -23.6714  -17.7923  
2336  -23.6714  -16.6803  
2337  -23.6714  -15.5682  
2338  -23.6714  -14.4562  
2339  -23.6714  -13.3442  
2340  -23.6714  -12.2322  
2341  -23.6714  -11.1202  
2342  -23.6714  -10.0082  
2343  -23.6714  -8.89614  
2344  -23.6714  -7.78412  
2345  -23.6714  -6.67211  
2346  -23.6714  -5.56009  
2347  -23.6714  -4.44807  
2348  -23.6714  -3.33605  
2349  -23.6714  -2.22404  
2350  -23.6714  -1.11202  
2351  -23.6714  0  
2352  -23.6714  1.11202  
2353  -23.6714  2.22404  
2354  -23.6714  3.33605  
2355  -23.6714  4.44807  
2356  -23.6714  5.56009  
2357  -23.6714  6.67211  
2358  -23.6714  7.78412  
2359  -23.6714  8.89614  
2360  -23.6714  10.0082  
2361  -23.6714  11.1202  
2362  -23.6714  12.2322  
2363  -23.6714  13.3442  
2364  -23.6714  14.4562  
2365  -23.6714  15.5682  
2366  -23.6714  16.6803  
2367  -23.6714  17.7923  
2368  -23.6714  18.9043  
2369  -23.6714  20.0163  
2370  -23.6714  21.1283  
2371  -23.6714  22.2404  
2372  -23.6714  23.3524  
2373  -23.6714  24.4644  
2374  -23.6714  25.5764  
2375  -23.6714  26.6884  
2376  -23.6714  27.8004  
2377  -23.6714  28.9125  
2378  -23.6714  30.0245  
2379  -23.6714  31.1365  
2380  -23.6714  32.2485  
2381  -23.6714  33.3605  
2382  -23.6714  34.4726  
2383  -23.6714  35.5846  
2384  -23.6714  36.6966  
2385  -23.6714  37.8086  
2386  -23.6714  38.9206  
2387  -23.6714  40.0326  
2388  -23.6714  41.1447  
2389  -23.6714  42.2567  
2390  -23.6714  43.3687  
2391  -23.6714  44.4807  
2392  -23.6714  45.5927  
2393  -23.6714  46.7047  
2394  -23.6714  47.8168  
2395  -23.6714  48.9288  
2396  -23.6714  50.0408  
2397  -23.6714  51.1528  
2398  -23.6714  52.2648  
2399  -23.6714  53.3769  
2400  -23.6714  54.4889  
2401  -22.7947  -55.6009  
2402  -22.7947  -54.4889  
2403  -22.7947  -53.3769  
2404  -22.7947  -52.2648  
2405  -22.7947  -51.1528  
2406  -22.7947  -50.0408  
2407  -22.7947  -48.9288  
2408  -22.7947  -47.8168  
2409  -22.7947  -46.7047  
2410  -22.7947  -45.5927  
2411  -22.7947  -44.4807  
2412  -22.7947  -43.3687  
2413  -22.7947  -42.2567  
2414  -22.7947  -41.1447  
2415  -22.7947  -40.0326  
2416  -22.7947  -38.9206  
2417  -22.7947  -37.8086  
2418  -22.7947  -36.6966  
2419  -22.7947  -35.5846  
2420  -22.7947  -34.4726  
2421  -22.7947  -33.3605  
2422  -22.7947  -32.2485  
2423  -22.7947  -31.1365  
2424  -22.7947  -30.0245  
2425  -22.7947  -28.9125  
2426  -22.7947  -27.8004  
2427  -22.7947  -26.6884  
2428  -22.7947  -25.5764  
2429  -22.7947  -24.4644  
2430  -22.7947  -23.3524  
2431  -22.7947  -22.2404  
2432  -22.7947  -21.1283  
2433  -22.7947  -20.0163  
2434  -22.7947  -18.9043  
2435  -22.7947  -17.7923  
2436  -22.7947  -16.6803  
2437  -22.7947  -15.5682  
2438  -22.7947  -14.4562  
2439  -22.7947  -13.3442  
2440  -22.7947  -12.2322  
2441  -22.7947  -11.1202  
2442  -22.7947  -10.0082  
2443  -22.7947  -8.89614  
2444  -22.7947  -7.78412  
2445  -22.7947  -6.67211  
2446  -22.7947  -5.56009  
2447  -22.7947  -4.44807  
2448  -22.7947  -3.33605  
2449  -22.7947  -2.22404  
2450  -22.7947  -1.11202  
2451  -22.7947  0  
2452  -22.7947  1.11202  
2453  -22.7947  2.22404  
2454  -22.7947  3.33605  
2455  -22.7947  4.44807  
2456  -22.7947  5.56009  
2457  -22.7947  6.67211  
2458  -22.7947  7.78412  
2459  -22.7947  8.89614  
2460  -22.7947  10.0082  
2461  -22.7947  11.1202  
2462  -22.7947  12.2322  
2463  -22.7947  13.3442  
2464  -22.7947  14.4562  
2465  -22.7947  15.5682  
2466  -22.7947  16.6803  
2467  -22.7947  17.7923  
2468  -22.7947  18.9043  
2469  -22.7947  20.0163  
2470  -22.7947  21.1283  
2471  -22.7947  22.2404  
2472  -22.7947  23.3524  
2473  -22.7947  24.4644  
2474  -22.7947  25.5764  
2475  -22.7947  26.6884  
2476  -22.7947  27.8004  
2477  -22.7947  28.9125  
2478  -22.7947  30.0245  
2479  -22.7947  31.1365  
2480  -22.7947  32.2485  
2481  -22.7947  33.3605  
2482  -22.7947  34.4726  
2483  -22.7947  35.5846  
2484  -22.7947  36.6966  
2485  -22.7947  37.8086  
2486  -22.7947  38.9206  
2487  -22.7947  40.0326  
2488  -22.7947  41.1447  
2489  -22.7947  42.2567  
2490  -22.7947  43.3687  
2491  -22.7947  44.4807  
2492  -22.7947  45.5927  
2493  -22.7947  46.7047  
2494  -22.7947  47.8168  
2495  -22.7947  48.9288  
2496  -22.7947  50.0408  
2497  -22.7947  51.1528  
2498  -22.7947  52.2648  
2499  -22.7947  53.3769  
2500  -22.7947  54.4889  
2501  -21.918  -55.6009  
2502  -21.918  -54.4889  
2503  -21.918  -53.3769  
2504  -21.918  -52.2648  
2505  -21.918  -51.1528  
2506  -21.918  -50.0408  
2507  -21.918  -48.9288  
2508  -21.918  -47.8168  
2509  -21.918  -46.7047  
2510  -21.918  -45.5927  
2511  -21.918  -44.4807  
2512  -21.918  -43.3687  
2513  -21.918  -42.2567  
2514  -21.918  -41.1447  
2515  -21.918  -40.0326  
2516  -21.918  -38.9206  
2517  -21.918  -37.8086  
2518  -21.918  -36.6966  
2519  -21.918  -35.5846  
2520  -21.918  -34.4726  
2521  -21.918  -33.3605  
2522  -21.918  -32.2485  
2523  -21.918  -31.1365  
2524  -21.918  -30.0245  
2525  -21.918  -28.9125  
2526  -21.918  -27.8004  
2527  -21.918  -26.6884  
2528  -21.918  -25.5764  
2529  -21.918  -24.4644  
2530  -21.918  -23.3524  
2531  -21.918  -22.2404  
2532  -21.918  -21.1283  
2533  -21.918  -20.0163  
2534  -21.918  -18.9043  
2535  -21.918  -17.7923  
2536  -21.918  -16.6803  
2537  -21.918  -15.5682  
2538  -21.918  -14.4562  
2539  -21.918  -13.3442  
2540  -21.918  -12.2322  
2541  -21.918  -11.1202  
2542  -21.918  -10.0082  
2543  -21.918  -8.89614  
2544  -21.918  -7.78412  
2545  -21.918  -6.67211  
2546  -21.918  -5.56009  
2547  -21.918  -4.44807  
2548  -21.918  -3.33605  
2549  -21.918  -2.22404  
2550  -21.918  -1.11202  
2551  -21.918  0  
2552  -21.918  1.11202  
2553  -21.918  2.22404  
2554  -21.918  3.33605  
2555  -21.918  4.44807  
2556  -21.918  5.56009  
2557  -21.918  6.67211  
2558  -21.918  7.78412  
2559  -21.918  8.89614  
2560  -21.918  10.0082  
2561  -21.918  11.1202  
2562  -21.918  12.2322  
2563  -21.918  13.3442  
2564  -21.918  14.4562  
2565  -21.918  15.5682  
2566  -21.918  16.6803  
2567  -21.918  17.7923  
2568  -21.918  18.9043  
2569  -21.918  20.0163  
2570  -21.918  21.1283  
2571  -21.918  22.2404  
2572  -21.918  23.3524  
2573  -21.918  24.4644  
2574  -21.918  25.5764  
2575  -21.918  26.6884  
2576  -21.918  27.8004  
2577  -21.918  28.9125  
2578  -21.918  30.0245  
2579  -21.918  31.1365  
2580  -21.918  32.2485  
2581  -21.918  33.3605  
2582  -21.918  34.4726  
2583  -21.918  35.5846  
2584  -21.918  36.6966  
2585  -21.918  37.8086  
2586  -21.918  38.9206  
2587  -21.918  40.0326  
2588  -21.918  41.1447  
2589  -21.918  42.2567  
2590  -21.918  43.3687  
2591  -21.918  44.4807  
2592  -21.918  45.5927  
2593  -21.918  46.7047  
2594  -21.918  47.8168  
2595  -21.918  48.9288  
2596  -21.918  50.0408  
2597  -21.918  51.1528  
2598  -21.918  52.2648  
2599  -21.918  53.3769  
2600  -21.918  54.4889  
2601  -21.0413  -55.6009  
2602  -21.0413  -54.4889  
2603  -21.0413  -53.3769  
2604  -21.0413  -52.2648  
2605  -21.0413  -51.1528  
2606  -21.0413  -50.0408  
2607  -21.0413  -48.9288  
2608  -21.0413  -47.8168  
2609  -21.0413  -46.7047  
2610  -21.0413  -45.5927  
2611  -21.0413  -44.4807  
2612  -21.0413  -43.3687  
2613  -21.0413  -42.2567  
2614  -21.0413  -41.1447  
2615  -21.0413  -40.0326  
2616  -21.0413  -38.9206  
2617  -21.0413  -37.8086  
2618  -21.0413  -36.6966  
2619  -21.0413  -35.5846  
2620  -21.0413  -34.4726  
2621  -21.0413  -33.3605  
2622  -21.0413  -32.2485  
2623  -21.0413  -31.1365  
2624  -21.0413  -30.0245  
2625  -21.0413  -28.9125  
2626  -21.0413  -27.8004  
2627  -21.0413  -26.6884  
2628  -21.0413  -25.5764  
2629  -21.0413  -24.4644  
2630  -21.0413  -23.3524  
2631  -21.0413  -22.2404  
2632  -21.0413  -21.1283  
2633  -21.0413  -20.0163  
2634  -21.0413  -18.9043  
2635  -21.0413  -17.7923  
2636  -21.0413  -16.6803  
2637  -21.0413  -15.5682  
2638  -21.0413  -14.4562  
2639  -21.0413  -13.3442  
2640  -21.0413  -12.2322  
2641  -21.0413  -11.1202  
2642  -21.0413  -10.0082  
2643  -21.0413  -8.89614  
2644  -21.0413  -7.78412  
2645  -21.0413  -6.67211  
2646  -21.0413  -5.56009  
2647  -21.0413  -4.44807  
2648  -21.0413  -3.33605  
2649  -21.0413  -2.22404  
2650  -21.0413  -1.11202  
2651  -21.0413  0  
2652  -21.0413  1.11202  
2653  -21.0413  2.22404  
2654  -21.0413  3.33605  
2655  -21.0413  4.44807  
2656  -21.0413  5.56009  
2657  -21.0413  6.67211  
2658  -21.0413  7.78412  
2659  -21.0413  8.89614  
2660  -21.0413  10.0082  
2661  -21.0413  11.1202  
2662  -21.0413  12.2322  
2663  -21.0413  13.3442  
2664  -21.0413  14.4562  
2665  -21.0413  15.5682  
2666  -21.0413  16.6803  
2667  -21.0413  17.7923  
2668  -21.0413  18.9043  
2669  -21.0413  20.0163  
2670  -21.0413  21.1283  
2671  -21.0413  22.2404  
2672  -21.0413  23.3524  
2673  -21.0413  24.4644  
2674  -21.0413  25.5764  
2675  -21.0413  26.6884  
2676  -21.0413  27.8004  
2677  -21.0413  28.9125  
2678  -21.0413  30.0245  
2679  -21.0413  31.1365  
2680  -21.0413  32.2485  
2681  -21.0413  33.3605  
2682  -21.0413  34.4726  
2683  -21.0413  35.5846  
2684  -21.0413  36.6966  
2685  -21.0413  37.8086  
2686  -21.0413  38.9206  
2687  -21.0413  40.0326  
2688  -21.0413  41.1447  
2689  -21.0413  42.2567  
2690  -21.0413  43.3687  
2691  -21.0413  44.4807  
2692  -21.0413  45.5927  
2693  -21.0413  46.7047  
2694  -21.0413  47.8168  
2695  -21.0413  48.9288  
2696  -21.0413  50.0408  
2697  -21.0413  51.1528  
2698  -21.0413  52.2648  
2699  -21.0413  53.3769  
2700  -21.0413  54.4889  
2701  -20.1646  -55.6009  
2702  -20.1646  -54.4889  
2703  -20.1646  -53.3769  
2704  -20.1646  -52.2648  
2705  -20.1646  -51.1528  
2706  -20.1646  -50.0408  
2707  -20.1646  -48.9288  
2708  -20.1646  -47.8168  
2709  -20.1646  -46.7047  
2710  -20.1646  -45.5927  
2711  -20.1646  -44.4807  
2712  -20.1646  -43.3687  
2713  -20.1646  -42.2567  
2714  -20.1646  -41.1447  
2715  -20.1646  -40.0326  
2716  -20.1646  -38.9206  
2717  -20.1646  -37.8086  
2718  -20.1646  -36.6966  
2719  -20.1646  -35.5846  
2720  -20.1646  -34.4726  
2721  -20.1646  -33.3605  
2722  -20.1646  -32.2485  
2723  -20.1646  -31.1365  
2724  -20.1646  -30.0245  
2725  -20.1646  -28.9125  
2726  -20.1646  -27.8004  
2727  -20.1646  -26.6884  
2728  -20.1646  -25.5764  
2729  -20.1646  -24.4644  
2730  -20.1646  -23.3524  
2731  -20.1646  -22.2404  
2732  -20.1646  -21.1283  
2733  -20.1646  -20.0163  
2734  -20.1646  -18.9043  
2735  -20.1646  -17.7923  
2736  -20.1646  -16.6803  
2737  -20.1646  -15.5682  
2738  -20.1646  -14.4562  
2739  -20.1646  -13.3442  
2740  -20.1646  -12.2322  
2741  -20.1646  -11.1202  
2742  -20.1646  -10.0082  
2743  -20.1646  -8.89614  
2744  -20.1646  -7.78412  
2745  -20.1646  -6.67211  
2746  -20.1646  -5.56009  
2747  -20.1646  -4.44807  
2748  -20.1646  -3.33605  
2749  -20.1646  -2.22404  
2750  -20.1646  -1.11202  
2751  -20.1646  0  
2752  -20.1646  1.11202  
2753  -20.1646  2.22404  
2754  -20.1646  3.33605  
2755  -20.1646  4.44807  
2756  -20.1646  5.56009  
2757  -20.1646  6.67211  
2758  -20.1646  7.78412  
2759  -20.1646  8.89614  
2760  -20.1646  10.0082  
2761  -20.1646  11.1202  
2762  -20.1646  12.2322  
2763  -20.1646  13.3442  
2764  -20.1646  14.4562  
2765  -20.1646  15.5682  
2766  -20.1646  16.6803  
2767  -20.1646  17.7923  
2768  -20.1646  18.9043  
2769  -20.1646  20.0163  
2770  -20.1646  21.1283  
2771  -20.1646  22.2404  
2772  -20.1646  23.3524  
2773  -20.1646  24.4644  
2774  -20.1646  25.5764  
2775  -20.1646  26.6884  
2776  -20.1646  27.8004  
2777  -20.1646  28.9125  
2778  -20.1646  30.0245  
2779  -20.1646  31.1365  
2780  -20.1646  32.2485  
2781  -20.1646  33.3605  
2782  -20.1646  34.4726  
2783  -20.1646  35.5846  
2784  -20.1646  36.6966  
2785  -20.1646  37.8086  
2786  -20.1646  38.9206  
2787  -20.1646  40.0326  
2788  -20.1646  41.1447  
2789  -20.1646  42.2567  
2790  -20.1646  43.3687  
2791  -20.1646  44.4807  
2792  -20.1646  45.5927  
2793  -20.1646  46.7047  
2794  -20.1646  47.8168  
2795  -20.1646  48.9288  
2796  -20.1646  50.0408  
2797  -20.1646  51.1528  
2798  -20.1646  52.2648  
2799  -20.1646  53.3769  
2800  -20.1646  54.4889  
2801  -19.2878  -55.6009  
2802  -19.2878  -54.4889  
2803  -19.2878  -53.3769  
2804  -19.2878  -52.2648  
2805  -19.2878  -51.1528  
2806  -19.2878  -50.0408  
2807  -19.2878  -48.9288  
2808  -19.2878  -47.8168  
2809  -19.2878  -46.7047  
2810  -19.2878  -45.5927  
2811  -19.2878  -44.4807  
2812  -19.2878  -43.3687  
2813  -19.2878  -42.2567  
2814  -19.2878  -41.1447  
2815  -19.2878  -40.0326  
2816  -19.2878  -38.9206  
2817  -19.2878  -37.8086  
2818  -19.2878  -36.6966  
2819  -19.2878  -35.5846  
2820  -19.2878  -34.4726  
2821  -19.2878  -33.3605  
2822  -19.2878  -32.2485  
2823  -19.2878  -31.1365  
2824  -19.2878  -30.0245  
2825  -19.2878  -28.9125  
2826  -19.2878  -27.8004  
2827  -19.2878  -26.6884  
2828  -19.2878  -25.5764  
2829  -19.2878  -24.4644  
2830  -19.2878  -23.3524  
2831  -19.2878  -22.2404  
2832  -19.2878  -21.1283  
2833  -19.2878  -20.0163  
2834  -19.2878  -18.9043  
2835  -19.2878  -17.7923  
2836  -19.2878  -16.6803  
2837  -19.2878  -15.5682  
2838  -19.2878  -14.4562  
2839  -19.2878  -13.3442  
2840  -19.2878  -12.2322  
2841  -19.2878  -11.1202  
2842  -19.2878  -10.0082  
2843  -19.2878  -8.89614  
2844  -19.2878  -7.78412  
2845  -19.2878  -6.67211  
2846  -19.2878  -5.56009  
2847  -19.2878  -4.44807  
2848  -19.2878  -3.33605  
2849  -19.2878  -2.22404  
2850  -19.2878  -1.11202  
2851  -19.2878  0  
2852  -19.2878  1.11202  
2853  -19.2878  2.22404  
2854  -19.2878  3.33605  
2855  -19.2878  4.44807  
2856  -19.2878  5.56009  
2857  -19.2878  6.67211  
2858  -19.2878  7.78412  
2859  -19.2878  8.89614  
2860  -19.2878  10.0082  
2861  -19.2878  11.1202  
2862  -19.2878  12.2322  
2863  -19.2878  13.3442  
2864  -19.2878  14.4562  
2865  -19.2878  15.5682  
2866  -19.2878  16.6803  
2867  -19.2878  17.7923  
2868  -19.2878  18.9043  
2869  -19.2878  20.0163  
2870  -19.2878  21.1283  
2871  -19.2878  22.2404  
2872  -19.2878  23.3524  
2873  -19.2878  24.4644  
2874  -19.2878  25.5764  
2875  -19.2878  26.6884  
2876  -19.2878  27.8004  
2877  -19.2878  28.9125  
2878  -19.2878  30.0245  
2879  -19.2878  31.1365  
2880  -19.2878  32.2485  
2881  -19.2878  33.3605  
2882  -19.2878  34.4726  
2883  -19.2878  35.5846  
2884  -19.2878  36.6966  
2885  -19.2878  37.8086  
2886  -19.2878  38.9206  
2887  -19.2878  40.0326  
2888  -19.2878  41.1447  
2889  -19.2878  42.2567  
2890  -19.2878  43.3687  
2891  -19.2878  44.4807  
2892  -19.2878  45.5927  
2893  -19.2878  46.7047  
2894  -19.2878  47.8168  
2895  -19.2878  48.9288  
2896  -19.2878  50.0408  
2897  -19.2878  51.1528  
2898  -19.2878  52.2648  
2899  -19.2878  53.3769  
2900  -19.2878  54.4889  
2901  -18.4111  -55.6009  
2902  -18.4111  -54.4889  
2903  -18.4111  -53.3769  
2904  -18.4111  -52.2648  
2905  -18.4111  -51.1528  
2906  -18.4111  -50.0408  
2907  -18.4111  -48.9288  
2908  -18.4111  -47.8168  
2909  -18.4111  -46.7047  
2910  -18.4111  -45.5927  
2911  -18.4111  -44.4807  
2912  -18.4111  -43.3687  
2913  -18.4111  -42.2567  
2914  -18.4111  -41.1447  
2915  -18.4111  -40.0326  
2916  -18.4111  -38.9206  
2917  -18.4111  -37.8086  
2918  -18.4111  -36.6966  
2919  -18.4111  -35.5846  
2920  -18.4111  -34.4726  
2921  -18.4111  -33.3605  
2922  -18.4111  -32.2485  
2923  -18.4111  -31.1365  
2924  -18.4111  -30.0245  
2925  -18.4111  -28.9125  
2926  -18.4111  -27.8004  
2927  -18.4111  -26.6884  
2928  -18.4111  -25.5764  
2929  -18.4111  -24.4644  
2930  -18.4111  -23.3524  
2931  -18.4111  -22.2404  
2932  -18.4111  -21.1283  
2933  -18.4111  -20.0163  
2934  -18.4111  -18.9043  
2935  -18.4111  -17.7923  
2936  -18.4111  -16.6803  
2937  -18.4111  -15.5682  
2938  -18.4111  -14.4562  
2939  -18.4111  -13.3442  
2940  -18.4111  -12.2322  
2941  -18.4111  -11.1202  
2942  -18.4111  -10.0082  
2943  -18.4111  -8.89614  
2944  -18.4111  -7.78412  
2945  -18.4111  -6.67211  
2946  -18.4111  -5.56009  
2947  -18.4111  -4.44807  
2948  -18.4111  -3.33605  
2949  -18.4111  -2.22404  
2950  -18.4111  -1.11202  
2951  -18.4111  0  
2952  -18.4111  1.11202  
2953  -18.4111  2.22404  
2954  -18.4111  3.33605  
2955  -18.4111  4.44807  
2956  -18.4111  5.56009  
2957  -18.4111  6.67211  
2958  -18.4111  7.78412  
2959  -18.4111  8.89614  
2960  -18.4111  10.0082  
2961  -18.4111  11.1202  
2962  -18.4111  12.2322  
2963  -18.4111  13.3442  
2964  -18.4111  14.4562  
2965  -18.4111  15.5682  
2966  -18.4111  16.6803  
2967  -18.4111  17.7923  
2968  -18.4111  18.9043  
2969  -18.4111  20.0163  
2970  -18.4111  21.1283  
2971  -18.4111  22.2404  
2972  -18.4111  23.3524  
2973  -18.4111  24.4644  
2974  -18.4111  25.5764  
2975  -18.4111  26.6884  
2976  -18.4111  27.8004  
2977  -18.4111  28.9125  
2978  -18.4111  30.0245  
2979  -18.4111  31.1365  
2980  -18.4111  32.2485  
2981  -18.4111  33.3605  
2982  -18.4111  34.4726  
2983  -18.4111  35.5846  
2984  -18.4111  36.6966  
2985  -18.4111  37.8086  
2986  -18.4111  38.9206  
2987  -18.4111  40.0326  
2988  -18.4111  41.1447  
2989  -18.4111  42.2567  
2990  -18.4111  43.3687  
2991  -18.4111  44.4807  
2992  -18.4111  45.5927  
2993  -18.4111  46.7047  
2994  -18.4111  47.8168  
2995  -18.4111  48.9288  
2996  -18.4111  50.0408  
2997  -18.4111  51.1528  
2998  -18.4111  52.2648  
2999  -18.4111  53.3769  
3000  -18.4111  54.4889  
3001  -17.5344  -55.6009  
3002  -17.5344  -54.4889  
3003  -17.5344  -53.3769  
3004  -17.5344  -52.2648  
3005  -17.5344  -51.1528  
3006  -17.5344  -50.0408  
3007  -17.5344  -48.9288  
3008  -17.5344  -47.8168  
3009  -17.5344  -46.7047  
3010  -17.5344  -45.5927  
3011  -17.5344  -44.4807  
3012  -17.5344  -43.3687  
3013  -17.5344  -42.2567  
3014  -17.5344  -41.1447  
3015  -17.5344  -40.0326  
3016  -17.5344  -38.9206  
3017  -17.5344  -37.8086  
3018  -17.5344  -36.6966  
3019  -17.5344  -35.5846  
3020  -17.5344  -34.4726  
3021  -17.5344  -33.3605  
3022  -17.5344  -32.2485  
3023  -17.5344  -31.1365  
3024  -17.5344  -30.0245  
3025  -17.5344  -28.9125  
3026  -17.5344  -27.8004  
3027  -17.5344  -26.6884  
3028  -17.5344  -25.5764  
3029  -17.5344  -24.4644  
3030  -17.5344  -23.3524  
3031  -17.5344  -22.2404  
3032  -17.5344  -21.1283  
3033  -17.5344  -20.0163  
3034  -17.5344  -18.9043  
3035  -17.5344  -17.7923  
3036  -17.5344  -16.6803  
3037  -17.5344  -15.5682  
3038  -17.5344  -14.4562  
3039  -17.5344  -13.3442  
3040  -17.5344  -12.2322  
3041  -17.5344  -11.1202  
3042  -17.5344  -10.0082  
3043  -17.5344  -8.89614  
3044  -17.5344  -7.78412  
3045  -17.5344  -6.67211  
3046  -17.5344  -5.56009  
3047  -17.5344  -4.44807  
3048  -17.5344  -3.33605  
3049  -17.5344  -2.22404  
3050  -17.5344  -1.11202  
3051  -17.5344  0  
3052  -17.5344  1.11202  
3053  -17.5344  2.22404  
3054  -17.5344  3.33605  
3055  -17.5344  4.44807  
3056  -17.5344  5.56009  
3057  -17.5344  6.67211  
3058  -17.5344  7.78412  
3059  -17.5344  8.89614  
3060  -17.5344  10.0082  
3061  -17.5344  11.1202  
3062  -17.5344  12.2322  
3063  -17.5344  13.3442  
3064  -17.5344  14.4562  
3065  -17.5344  15.5682  
3066  -17.5344  16.6803  
3067  -17.5344  17.7923  
3068  -17.5344  18.9043  
3069  -17.5344  20.0163  
3070  -17.5344  21.1283  
3071  -17.5344  22.2404  
3072  -17.5344  23.3524  
3073  -17.5344  24.4644  
3074  -17.5344  25.5764  
3075  -17.5344  26.6884  
3076  -17.5344  27.8004  
3077  -17.5344  28.9125  
3078  -17.5344  30.0245  
3079  -17.5344  31.1365  
3080  -17.5344  32.2485  
3081  -17.5344  33.3605  
3082  -17.5344  34.4726  
3083  -17.5344  35.5846  
3084  -17.5344  36.6966  
3085  -17.5344  37.8086  
3086  -17.5344  38.9206  
3087  -17.5344  40.0326  
3088  -17.5344  41.1447  
3089  -17.5344  42.2567  
3090  -17.5344  43.3687  
3091  -17.5344  44.4807  
3092  -17.5344  45.5927  
3093  -17.5344  46.7047  
3094  -17.5344  47.8168  
3095  -17.5344  48.9288  
3096  -17.5344  50.0408  
3097  -17.5344  51.1528  
3098  -17.5344  52.2648  
3099  -17.5344  53.3769  
3100  -17.5344  54.4889  
3101  -16.6577  -55.6009  
3102  -16.6577  -54.4889  
3103  -16.6577  -53.3769  
3104  -16.6577  -52.2648  
3105  -16.6577  -51.1528  
3106  -16.6577  -50.0408  
3107  -16.6577  -48.9288  
3108  -16.6577  -47.8168  
3109  -16.6577  -46.7047  
3110  -16.6577  -45.5927  
3111  -16.6577  -44.4807  
3112  -16.6577  -43.3687  
3113  -16.6577  -42.2567  
3114  -16.6577  -41.1447  
3115  -16.6577  -40.0326  
3116  -16.6577  -38.9206  
3117  -16.6577  -37.8086  
3118  -16.6577  -36.6966  
3119  -16.6577  -35.5846  
3120  -16.6577  -34.4726  
3121  -16.6577  -33.3605  
3122  -16.6577  -32.2485  
3123  -16.6577  -31.1365  
3124  -16.6577  -30.0245  
3125  -16.6577  -28.9125  
3126  -16.6577  -27.8004  
3127  -16.6577  -26.6884  
3128  -16.6577  -25.5764  
3129  -16.6577  -24.4644  
3130  -16.6577  -23.3524  
3131  -16.6577  -22.2404  
3132  -16.6577  -21.1283  
3133  -16.6577  -20.0163  
3134  -16.6577  -18.9043  
3135  -16.6577  -17.7923  
3136  -16.6577  -16.6803  
3137  -16.6577  -15.5682  
3138  -16.6577  -14.4562  
3139  -16.6577  -13.3442  
3140  -16.6577  -12.2322  
3141  -16.6577  -11.1202  
3142  -16.6577  -10.0082  
3143  -16.6577  -8.89614  
3144  -16.6577  -7.78412  
3145  -16.6577  -6.67211  
3146  -16.6577  -5.56009  
3147  -16.6577  -4.44807  
3148  -16.6577  -3.33605  
3149  -16.6577  -2.22404  
3150  -16.6577  -1.11202  
3151  -16.6577  0  
3152  -16.6577  1.11202  
3153  -16.6577  2.22404  
3154  -16.6577  3.33605  
3155  -16.6577  4.44807  
3156  -16.6577  5.56009  
3157  -16.6577  6.67211  
3158  -16.6577  7.78412  
3159  -16.6577  8.89614  
3160  -16.6577  10.0082  
3161  -16.6577  11.1202  
3162  -16.6577  12.2322  
3163  -16.6577  13.3442  
3164  -16.6577  14.4562  
3165  -16.6577  15.5682  
3166  -16.6577  16.6803  
3167  -16.6577  17.7923  
3168  -16.6577  18.9043  
3169  -16.6577  20.0163  
3170  -16.6577  21.1283  
3171  -16.6577  22.2404  
3172  -16.6577  23.3524  
3173  -16.6577  24.4644  
3174  -16.6577  25.5764  
3175  -16.6577  26.6884  
3176  -16.6577  27.8004  
3177  -16.6577  28.9125  
3178  -16.6577  30.0245  
3179  -16.6577  31.1365  
3180  -16.6577  32.2485  
3181  -16.6577  33.3605  
3182  -16.6577  34.4726  
3183  -16.6577  35.5846  
3184  -16.6577  36.6966  
3185  -16.6577  37.8086  
3186  -16.6577  38.9206  
3187  -16.6577  40.0326  
3188  -16.6577  41.1447  
3189  -16.6577  42.2567  
3190  -16.6577  43.3687  
3191  -16.6577  44.4807  
3192  -16.6577  45.5927  
3193  -16.6577  46.7047  
3194  -16.6577  47.8168  
3195  -16.6577  48.9288  
3196  -16.6577  50.0408  
3197  -16.6577  51.1528  
3198  -16.6577  52.2648  
3199  -16.6577  53.3769  
3200  -16.6577  54.4889  
3201  -15.781  -55.6009  
3202  -15.781  -54.4889  
3203  -15.781  -53.3769  
3204  -15.781  -52.2648  
3205  -15.781  -51.1528  
3206  -15.781  -50.0408  
3207  -15.781  -48.9288  
3208  -15.781  -47.8168  
3209  -15.781  -46.7047  
3210  -15.781  -45.5927  
3211  -15.781  -44.4807  
3212  -15.781  -43.3687  
3213  -15.781  -42.2567  
3214  -15.781  -41.1447  
3215  -15.781  -40.0326  
3216  -15.781  -38.9206  
3217  -15.781  -37.8086  
3218  -15.781  -36.6966  
3219  -15.781  -35.5846  
3220  -15.781  -34.4726  
3221  -15.781  -33.3605  
3222  -15.781  -32.2485  
3223  -15.781  -31.1365  
3224  -15.781  -30.0245  
3225  -15.781  -28.9125  
3226  -15.781  -27.8004  
3227  -15.781  -26.6884  
3228  -15.781  -25.5764  
3229  -15.781  -24.4644  
3230  -15.781  -23.3524  
3231  -15.781  -22.2404  
3232  -15.781  -21.1283  
3233  -15.781  -20.0163  
3234  -15.781  -18.9043  
3235  -15.781  -17.7923  
3236  -15.781  -16.6803  
3237  -15.781  -15.5682  
3238  -15.781  -14.4562  
3239  -15.781  -13.3442  
3240  -15.781  -12.2322  
3241  -15.781  -11.1202  
3242  -15.781  -10.0082  
3243  -15.781  -8.89614  
3244  -15.781  -7.78412  
3245  -15.781  -6.67211  
3246  -15.781  -5.56009  
3247  -15.781  -4.44807  
3248  -15.781  -3.33605  
3249  -15.781  -2.22404  
3250  -15.781  -1.11202  
3251  -15.781  0  
3252  -15.781  1.11202  
3253  -15.781  2.22404  
3254  -15.781  3.33605  
3255  -15.781  4.44807  
3256  -15.781  5.56009  
3257  -15.781  6.67211  
3258  -15.781  7.78412  
3259  -15.781  8.89614  
3260  -15.781  10.0082  
3261  -15.781  11.1202  
3262  -15.781  12.2322  
3263  -15.781  13.3442  
3264  -15.781  14.4562  
3265  -15.781  15.5682  
3266  -15.781  16.6803  
3267  -15.781  17.7923  
3268  -15.781  18.9043  
3269  -15.781  20.0163  
3270  -15.781  21.1283  
3271  -15.781  22.2404  
3272  -15.781  23.3524  
3273  -15.781  24.4644  
3274  -15.781  25.5764  
3275  -15.781  26.6884  
3276  -15.781  27.8004  
3277  -15.781  28.9125  
3278  -15.781  30.0245  
3279  -15.781  31.1365  
3280  -15.781  32.2485  
3281  -15.781  33.3605  
3282  -15.781  34.4726  
3283  -15.781  35.5846  
3284  -15.781  36.6966  
3285  -15.781  37.8086  
3286  -15.781  38.9206  
3287  -15.781  40.0326  
3288  -15.781  41.1447  
3289  -15.781  42.2567  
3290  -15.781  43.3687  
3291  -15.781  44.4807  
3292  -15.781  45.5927  
3293  -15.781  46.7047  
3294  -15.781  47.8168  
3295  -15.781  48.9288  
3296  -15.781  50.0408  
3297  -15.781  51.1528  
3298  -15.781  52.2648  
3299  -15.781  53.3769  
3300  -15.781  54.4889  
3301  -14.9042  -55.6009  
3302  -14.9042  -54.4889  
3303  -14.9042  -53.3769  
3304  -14.9042  -52.2648  
3305  -14.9042  -51.1528  
3306  -14.9042  -50.0408  
3307  -14.9042  -48.9288  
3308  -14.9042  -47.8168  
3309  -14.9042  -46.7047  
3310  -14.9042  -45.5927  
3311  -14.9042  -44.4807  
3312  -14.9042  -43.3687  
3313  -14.9042  -42.2567  
3314  -14.9042  -41.1447  
3315  -14.9042  -40.0326  
3316  -14.9042  -38.9206  
3317  -14.9042  -37.8086  
3318  -14.9042  -36.6966  
3319  -14.9042  -35.5846  
3320  -14.9042  -34.4726  
3321  -14.9042  -33.3605  
3322  -14.9042  -32.2485  
3323  -14.9042  -31.1365  
3324  -14.9042  -30.0245  
3325  -14.9042  -28.9125  
3326  -14.9042  -27.8004  
3327  -14.9042  -26.6884  
3328  -14.9042  -25.5764  
3329  -14.9042  -24.4644  
3330  -14.9042  -23.3524  
3331  -14.9042  -22.2404  
3332  -14.9042  -21.1283  
3333  -14.9042  -20.0163  
3334  -14.9042  -18.9043  
3335  -14.9042  -17.7923  
3336  -14.9042  -16.6803  
3337  -14.9042  -15.5682  
3338  -14.9042  -14.4562  
3339  -14.9042  -13.3442  
3340  -14.9042  -12.2322  
3341  -14.9042  -11.1202  
3342  -14.9042  -10.0082  
3343  -14.9042  -8.89614  
3344  -14.9042  -7.78412  
3345  -14.9042  -6.67211  
3346  -14.9042  -5.56009  
3347  -14.9042  -4.44807  
3348  -14.9042  -3.33605  
3349  -14.9042  -2.22404  
3350  -14.9042  -1.11202  
3351  -14.9042  0  
3352  -14.9042  1.11202  
3353  -14.9042  2.22404  
3354  -14.9042  3.33605  
3355  -14.9042  4.44807  
3356  -14.9042  5.56009  
3357  -14.9042  6.67211  
3358  -14.9042  7.78412  
3359  -14.9042  8.89614  
3360  -14.9042  10.0082  
3361  -14.9042  11.1202  
3362  -14.9042  12.2322  
3363  -14.9042  13.3442  
3364  -14.9042  14.4562  
3365  -14.9042  15.5682  
3366  -14.9042  16.6803  
3367  -14.9042  17.7923  
3368  -14.9042  18.9043  
3369  -14.9042  20.0163  
3370  -14.9042  21.1283  
3371  -14.9042  22.2404  
3372  -14.9042  23.3524  
3373  -14.9042  24.4644  
3374  -14.9042  25.5764  
3375  -14.9042  26.6884  
3376  -14.9042  27.8004  
3377  -14.9042  28.9125  
3378  -14.9042  30.0245  
3379  -14.9042  31.1365  
3380  -14.9042  32.2485  
3381  -14.9042  33.3605  
3382  -14.9042  34.4726  
3383  -14.9042  35.5846  
3384  -14.9042  36.6966  
3385  -14.9042  37.8086  
3386  -14.9042  38.9206  
3387  -14.9042  40.0326  
3388  -14.9042  41.1447  
3389  -14.9042  42.2567  
3390  -14.9042  43.3687  
3391  -14.9042  44.4807  
3392  -14.9042  45.5927  
3393  -14.9042  46.7047  
3394  -14.9042  47.8168  
3395  -14.9042  48.9288  
3396  -14.9042  50.0408  
3397  -14.9042  51.1528  
3398  -14.9042  52.2648  
3399  -14.9042  53.3769  
3400  -14.9042  54.4889  
3401  -14.0275  -55.6009  
3402  -14.0275  -54.4889  
3403  -14.0275  -53.3769  
3404  -14.0275  -52.2648  
3405  -14.0275  -51.1528  
3406  -14.0275  -50.0408  
3407  -14.0275  -48.9288  
3408  -14.0275  -47.8168  
3409  -14.0275  -46.7047  
3410  -14.0275  -45.5927  
3411  -14.0275  -44.4807  
3412  -14.0275  -43.3687  
3413  -14.0275  -42.2567  
3414  -14.0275  -41.1447  
3415  -14.0275  -40.0326  
3416  -14.0275  -38.9206  
3417  -14.0275  -37.8086  
3418  -14.0275  -36.6966  
3419  -14.0275  -35.5846  
3420  -14.0275  -34.4726  
3421  -14.0275  -33.3605  
3422  -14.0275  -32.2485  
3423  -14.0275  -31.1365  
3424  -14.0275  -30.0245  
3425  -14.0275  -28.9125  
3426  -14.0275  -27.8004  
3427  -14.0275  -26.6884  
3428  -14.0275  -25.5764  
3429  -14.0275  -24.4644  
3430  -14.0275  -23.3524  
3431  -14.0275  -22.2404  
3432  -14.0275  -21.1283  
3433  -14.0275  -20.0163  
3434  -14.0275  -18.9043  
3435  -14.0275  -17.7923  
3436  -14.0275  -16.6803  
3437  -14.0275  -15.5682  
3438  -14.0275  -14.4562  
3439  -14.0275  -13.3442  
3440  -14.0275  -12.2322  
3441  -14.0275  -11.1202  
3442  -14.0275  -10.0082  
3443  -14.0275  -8.89614  
3444  -14.0275  -7.78412  
3445  -14.0275  -6.67211  
3446  -14.0275  -5.56009  
3447  -14.0275  -4.44807  
3448  -14.0275  -3.33605  
3449  -14.0275  -2.22404  
3450  -14.0275  -1.11202  
3451  -14.0275  0  
3452  -14.0275  1.11202  
3453  -14.0275  2.22404  
3454  -14.0275  3.33605  
3455  -14.0275  4.44807  
3456  -14.0275  5.56009  
3457  -14.0275  6.67211  
3458  -14.0275  7.78412  
3459  -14.0275  8.89614  
3460  -14.0275  10.0082  
3461  -14.0275  11.1202  
3462  -14.0275  12.2322  
3463  -14.0275  13.3442  
3464  -14.0275  14.4562  
3465  -14.0275  15.5682  
3466  -14.0275  16.6803  
3467  -14.0275  17.7923  
3468  -14.0275  18.9043  
3469  -14.0275  20.0163  
3470  -14.0275  21.1283  
3471  -14.0275  22.2404  
3472  -14.0275  23.3524  
3473  -14.0275  24.4644  
3474  -14.0275  25.5764  
3475  -14.0275  26.6884  
3476  -14.0275  27.8004  
3477  -14.0275  28.9125  
3478  -14.0275  30.0245  
3479  -14.0275  31.1365  
3480  -14.0275  32.2485  
3481  -14.0275  33.3605  
3482  -14.0275  34.4726  
3483  -14.0275  35.5846  
3484  -14.0275  36.6966  
3485  -14.0275  37.8086  
3486  -14.0275  38.9206  
3487  -14.0275  40.0326  
3488  -14.0275  41.1447  
3489  -14.0275  42.2567  
3490  -14.0275  43.3687  
3491  -14.0275  44.4807  
3492  -14.0275  45.5927  
3493  -14.0275  46.7047  
3494  -14.0275  47.8168  
3495  -14.0275  48.9288  
3496  -14.0275  50.0408  
3497  -14.0275  51.1528  
3498  -14.0275  52.2648  
3499  -14.0275  53.3769  
3500  -14.0275  54.4889  
3501  -13.1508  -55.6009  
3502  -13.1508  -54.4889  
3503  -13.1508  -53.3769  
3504  -13.1508  -52.2648  
3505  -13.1508  -51.1528  
3506  -13.1508  -50.0408  
3507  -13.1508  -48.9288  
3508  -13.1508  -47.8168  
3509  -13.1508  -46.7047  
3510  -13.1508  -45.5927  
3511  -13.1508  -44.4807  
3512  -13.1508  -43.3687  
3513  -13.1508  -42.2567  
3514  -13.1508  -41.1447  
3515  -13.1508  -40.0326  
3516  -13.1508  -38.9206  
3517  -13.1508  -37.8086  
3518  -13.1508  -36.6966  
3519  -13.1508  -35.5846  
3520  -13.1508  -34.4726  
3521  -13.1508  -33.3605  
3522  -13.1508  -32.2485  
3523  -13.1508  -31.1365  
3524  -13.1508  -30.0245  
3525  -13.1508  -28.9125  
3526  -13.1508  -27.8004  
3527  -13.1508  -26.6884  
3528  -13.1508  -25.5764  
3529  -13.1508  -24.4644  
3530  -13.1508  -23.3524  
3531  -13.1508  -22.2404  
3532  -13.1508  -21.1283  
3533  -13.1508  -20.0163  
3534  -13.1508  -18.9043  
3535  -13.1508  -17.7923  
3536  -13.1508  -16.6803  
3537  -13.1508  -15.5682  
3538  -13.1508  -14.4562  
3539  -13.1508  -13.3442  
3540  -13.1508  -12.2322  
3541  -13.1508  -11.1202  
3542  -13.1508  -10.0082  
3543  -13.1508  -8.89614  
3544  -13.1508  -7.78412  
3545  -13.1508  -6.67211  
3546  -13.1508  -5.56009  
3547  -13.1508  -4.44807  
3548  -13.1508  -3.33605  
3549  -13.1508  -2.22404  
3550  -13.1508  -1.11202  
3551  -13.1508  0  
3552  -13.1508  1.11202  
3553  -13.1508  2.22404  
3554  -13.1508  3.33605  
3555  -13.1508  4.44807  
3556  -13.1508  5.56009  
3557  -13.1508  6.67211  
3558  -13.1508  7.78412  
3559  -13.1508  8.89614  
3560  -13.1508  10.0082  
3561  -13.1508  11.1202  
3562  -13.1508  12.2322  
3563  -13.1508  13.3442  
3564  -13.1508  14.4562  
3565  -13.1508  15.5682  
3566  -13.1508  16.6803  
3567  -13.1508  17.7923  
3568  -13.1508  18.9043  
3569  -13.1508  20.0163  
3570  -13.1508  21.1283  
3571  -13.1508  22.2404  
3572  -13.1508  23.3524  
3573  -13.1508  24.4644  
3574  -13.1508  25.5764  
3575  -13.1508  26.6884  
3576  -13.1508  27.8004  
3577  -13.1508  28.9125  
3578  -13.1508  30.0245  
3579  -13.1508  31.1365  
3580  -13.1508  32.2485  
3581  -13.1508  33.3605  
3582  -13.1508  34.4726  
3583  -13.1508  35.5846  
3584  -13.1508  36.6966  
3585  -13.1508  37.8086  
3586  -13.1508  38.9206  
3587  -13.1508  40.0326  
3588  -13.1508  41.1447  
3589  -13.1508  42.2567  
3590  -13.1508  43.3687  
3591  -13.1508  44.4807  
3592  -13.1508  45.5927  
3593  -13.1508  46.7047  
3594  -13.1508  47.8168  
3595  -13.1508  48.9288  
3596  -13.1508  50.0408  
3597  -13.1508  51.1528  
3598  -13.1508  52.2648  
3599  -13.1508  53.3769  
3600  -13.1508  54.4889  
3601  -12.2741  -55.6009  
3602  -12.2741  -54.4889  
3603  -12.2741  -53.3769  
3604  -12.2741  -52.2648  
3605  -12.2741  -51.1528  
3606  -12.2741  -50.0408  
3607  -12.2741  -48.9288  
3608  -12.2741  -47.8168  
3609  -12.2741  -46.7047  
3610  -12.2741  -45.5927  
3611  -12.2741  -44.4807  
3612  -12.2741  -43.3687  
3613  -12.2741  -42.2567  
3614  -12.2741  -41.1447  
3615  -12.2741  -40.0326  
3616  -12.2741  -38.9206  
3617  -12.2741  -37.8086  
3618  -12.2741  -36.6966  
3619  -12.2741  -35.5846  
3620  -12.2741  -34.4726  
3621  -12.2741  -33.3605  
3622  -12.2741  -32.2485  
3623  -12.2741  -31.1365  
3624  -12.2741  -30.0245  
3625  -12.2741  -28.9125  
3626  -12.2741  -27.8004  
3627  -12.2741  -26.6884  
3628  -12.2741  -25.5764  
3629  -12.2741  -24.4644  
3630  -12.2741  -23.3524  
3631  -12.2741  -22.2404  
3632  -12.2741  -21.1283  
3633  -12.2741  -20.0163  
3634  -12.2741  -18.9043  
3635  -12.2741  -17.7923  
3636  -12.2741  -16.6803  
3637  -12.2741  -15.5682  
3638  -12.2741  -14.4562  
3639  -12.2741  -13.3442  
3640  -12.2741  -12.2322  
3641  -12.2741  -11.1202  
3642  -12.2741  -10.0082  
3643  -12.2741  -8.89614  
3644  -12.2741  -7.78412  
3645  -12.2741  -6.67211  
3646  -12.2741  -5.56009  
3647  -12.2741  -4.44807  
3648  -12.2741  -3.33605  
3649  -12.2741  -2.22404  
3650  -12.2741  -1.11202  
3651  -12.2741  0  
3652  -12.2741  1.11202  
3653  -12.2741  2.22404  
3654  -12.2741  3.33605  
3655  -12.2741  4.44807  
3656  -12.2741  5.56009  
3657  -12.2741  6.67211  
3658  -12.2741  7.78412  
3659  -12.2741  8.89614  
3660  -12.2741  10.0082  
3661  -12.2741  11.1202  
3662  -12.2741  12.2322  
3663  -12.2741  13.3442  
3664  -12.2741  14.4562  
3665  -12.2741  15.5682  
3666  -12.2741  16.6803  
3667  -12.2741  17.7923  
3668  -12.2741  18.9043  
3669  -12.2741  20.0163  
3670  -12.2741  21.1283  
3671  -12.2741  22.2404  
3672  -12.2741  23.3524  
3673  -12.2741  24.4644  
3674  -12.2741  25.5764  
3675  -12.2741  26.6884  
3676  -12.2741  27.8004  
3677  -12.2741  28.9125  
3678  -12.2741  30.0245  
3679  -12.2741  31.1365  
3680  -12.2741  32.2485  
3681  -12.2741  33.3605  
3682  -12.2741  34.4726  
3683  -12.2741  35.5846  
3684  -12.2741  36.6966  
3685  -12.2741  37.8086  
3686  -12.2741  38.9206  
3687  -12.2741  40.0326  
3688  -12.2741  41.1447  
3689  -12.2741  42.2567  
3690  -12.2741  43.3687  
3691  -12.2741  44.4807  
3692  -12.2741  45.5927  
3693  -12.2741  46.7047  
3694  -12.2741  47.8168  
3695  -12.2741  48.9288  
3696  -12.2741  50.0408  
3697  -12.2741  51.1528  
3698  -12.2741  52.2648  
3699  -12.2741  53.3769  
3700  -12.2741  54.4889  
3701  -11.3974  -55.6009  
3702  -11.3974  -54.4889  
3703  -11.3974  -53.3769  
3704  -11.3974  -52.2648  
3705  -11.3974  -51.1528  
3706  -11.3974  -50.0408  
3707  -11.3974  -48.9288  
3708  -11.3974  -47.8168  
3709  -11.3974  -46.7047  
3710  -11.3974  -45.5927  
3711  -11.3974  -44.4807  
3712  -11.3974  -43.3687  
3713  -11.3974  -42.2567  
3714  -11.3974  -41.1447  
3715  -11.3974  -40.0326  
3716  -11.3974  -38.9206  
3717  -11.3974  -37.8086  
3718  -11.3974  -36.6966  
3719  -11.3974  -35.5846  
3720  -11.3974  -34.4726  
3721  -11.3974  -33.3605  
3722  -11.3974  -32.2485  
3723  -11.3974  -31.1365  
3724  -11.3974  -30.0245  
3725  -11.3974  -28.9125  
3726  -11.3974  -27.8004  
3727  -11.3974  -26.6884  
3728  -11.3974  -25.5764  
3729  -11.3974  -24.4644  
3730  -11.3974  -23.3524  
3731  -11.3974  -22.2404  
3732  -11.3974  -21.1283  
3733  -11.3974  -20.0163  
3734  -11.3974  -18.9043  
3735  -11.3974  -17.7923  
3736  -11.3974  -16.6803  
3737  -11.3974  -15.5682  
3738  -11.3974  -14.4562  
3739  -11.3974  -13.3442  
3740  -11.3974  -12.2322  
3741  -11.3974  -11.1202  
3742  -11.3974  -10.0082  
3743  -11.3974  -8.89614  
3744  -11.3974  -7.78412  
3745  -11.3974  -6.67211  
3746  -11.3974  -5.56009  
3747  -11.3974  -4.44807  
3748  -11.3974  -3.33605  
3749  -11.3974  -2.22404  
3750  -11.3974  -1.11202  
3751  -11.3974  0  
3752  -11.3974  1.11202  
3753  -11.3974  2.22404  
3754  -11.3974  3.33605  
3755  -11.3974  4.44807  
3756  -11.3974  5.56009  
3757  -11.3974  6.67211  
3758  -11.3974  7.78412  
3759  -11.3974  8.89614  
3760  -11.3974  10.0082  
3761  -11.3974  11.1202  
3762  -11.3974  12.2322  
3763  -11.3974  13.3442  
3764  -11.3974  14.4562  
3765  -11.3974  15.5682  
3766  -11.3974  16.6803  
3767  -11.3974  17.7923  
3768  -11.3974  18.9043  
3769  -11.3974  20.0163  
3770  -11.3974  21.1283  
3771  -11.3974  22.2404  
3772  -11.3974  23.3524  
3773  -11.3974  24.4644  
3774  -11.3974  25.5764  
3775  -11.3974  26.6884  
3776  -11.3974  27.8004  
3777  -11.3974  28.9125  
3778  -11.3974  30.0245  
3779  -11.3974  31.1365  
3780  -11.3974  32.2485  
3781  -11.3974  33.3605  
3782  -11.3974  34.4726  
3783  -11.3974  35.5846  
3784  -11.3974  36.6966  
3785  -11.3974  37.8086  
3786  -11.3974  38.9206  
3787  -11.3974  40.0326  
3788  -11.3974  41.1447  
3789  -11.3974  42.2567  
3790  -11.3974  43.3687  
3791  -11.3974  44.4807  
3792  -11.3974  45.5927  
3793  -11.3974  46.7047  
3794  -11.3974  47.8168  
3795  -11.3974  48.9288  
3796  -11.3974  50.0408  
3797  -11.3974  51.1528  
3798  -11.3974  52.2648  
3799  -11.3974  53.3769  
3800  -11.3974  54.4889  
3801  -10.5206  -55.6009  
3802  -10.5206  -54.4889  
3803  -10.5206  -53.3769  
3804  -10.5206  -52.2648  
3805  -10.5206  -51.1528  
3806  -10.5206  -50.0408  
3807  -10.5206  -48.9288  
3808  -10.5206  -47.8168  
3809  -10.5206  -46.7047  
3810  -10.5206  -45.5927  
3811  -10.5206  -44.4807  
3812  -10.5206  -43.3687  
3813  -10.5206  -42.2567  
3814  -10.5206  -41.1447  
3815  -10.5206  -40.0326  
3816  -10.5206  -38.9206  
3817  -10.5206  -37.8086  
3818  -10.5206  -36.6966  
3819  -10.5206  -35.5846  
3820  -10.5206  -34.4726  
3821  -10.5206  -33.3605  
3822  -10.5206  -32.2485  
3823  -10.5206  -31.1365  
3824  -10.5206  -30.0245  
3825  -10.5206  -28.9125  
3826  -10.5206  -27.8004  
3827  -10.5206  -26.6884  
3828  -10.5206  -25.5764  
3829  -10.5206  -24.4644  
3830  -10.5206  -23.3524  
3831  -10.5206  -22.2404  
3832  -10.5206  -21.1283  
3833  -10.5206  -20.0163  
3834  -10.5206  -18.9043  
3835  -10.5206  -17.7923  
3836  -10.5206  -16.6803  
3837  -10.5206  -15.5682  
3838  -10.5206  -14.4562  
3839  -10.5206  -13.3442  
3840  -10.5206  -12.2322  
3841  -10.5206  -11.1202  
3842  -10.5206  -10.0082  
3843  -10.5206  -8.89614  
3844  -10.5206  -7.78412  
3845  -10.5206  -6.67211  
3846  -10.5206  -5.56009  
3847  -10.5206  -4.44807  
3848  -10.5206  -3.33605  
3849  -10.5206  -2.22404  
3850  -10.5206  -1.11202  
3851  -10.5206  0  
3852  -10.5206  1.11202  
3853  -10.5206  2.22404  
3854  -10.5206  3.33605  
3855  -10.5206  4.44807  
3856  -10.5206  5.56009  
3857  -10.5206  6.67211  
3858  -10.5206  7.78412  
3859  -10.5206  8.89614  
3860  -10.5206  10.0082  
3861  -10.5206  11.1202  
3862  -10.5206  12.2322  
3863  -10.5206  13.3442  
3864  -10.5206  14.4562  
3865  -10.5206  15.5682  
3866  -10.5206  16.6803  
3867  -10.5206  17.7923  
3868  -10.5206  18.9043  
3869  -10.5206  20.0163  
3870  -10.5206  21.1283  
3871  -10.5206  22.2404  
3872  -10.5206  23.3524  
3873  -10.5206  24.4644  
3874  -10.5206  25.5764  
3875  -10.5206  26.6884  
3876  -10.5206  27.8004  
3877  -10.5206  28.9125  
3878  -10.5206  30.0245  
3879  -10.5206  31.1365  
3880  -10.5206  32.2485  
3881  -10.5206  33.3605  
3882  -10.5206  34.4726  
3883  -10.5206  35.5846  
3884  -10.5206  36.6966  
3885  -10.5206  37.8086  
3886  -10.5206  38.9206  
3887  -10.5206  40.0326  
3888  -10.5206  41.1447  
3889  -10.5206  42.2567  
3890  -10.5206  43.3687  
3891  -10.5206  44.4807  
3892  -10.5206  45.5927  
3893  -10.5206  46.7047  
3894  -10.5206  47.8168  
3895  -10.5206  48.9288  
3896  -10.5206  50.0408  
3897  -10.5206  51.1528  
3898  -10.5206  52.2648  
3899  -10.5206  53.3769  
3900  -10.5206  54.4889  
3901  -9.64392  -55.6009  
3902  -9.64392  -54.4889  
3903  -9.64392  -53.3769  
3904  -9.64392  -52.2648  
3905  -9.64392  -51.1528  
3906  -9.64392  -50.0408  
3907  -9.64392  -48.9288  
3908  -9.64392  -47.8168  
3909  -9.64392  -46.7047  
3910  -9.64392  -45.5927  
3911  -9.64392  -44.4807  
3912  -9.64392  -43.3687  
3913  -9.64392  -42.2567  
3914  -9.64392  -41.1447  
3915  -9.64392  -40.0326  
3916  -9.64392  -38.9206  
3917  -9.64392  -37.8086  
3918  -9.64392  -36.6966  
3919  -9.64392  -35.5846  
3920  -9.64392  -34.4726  
3921  -9.64392  -33.3605  
3922  -9.64392  -32.2485  
3923  -9.64392  -31.1365  
3924  -9.64392  -30.0245  
3925  -9.64392  -28.9125  
3926  -9.64392  -27.8004  
3927  -9.64392  -26.6884  
3928  -9.64392  -25.5764  
3929  -9.64392  -24.4644  
3930  -9.64392  -23.3524  
3931  -9.64392  -22.2404  
3932  -9.64392  -21.1283  
3933  -9.64392  -20.0163  
3934  -9.64392  -18.9043  
3935  -9.64392  -17.7923  
3936  -9.64392  -16.6803  
3937  -9.64392  -15.5682  
3938  -9.64392  -14.4562  
3939  -9.64392  -13.3442  
3940  -9.64392  -12.2322  
3941  -9.64392  -11.1202  
3942  -9.64392  -10.0082  
3943  -9.64392  -8.89614  
3944  -9.64392  -7.78412  
3945  -9.64392  -6.67211  
3946  -9.64392  -5.56009  
3947  -9.64392  -4.44807  
3948  -9.64392  -3.33605  
3949  -9.64392  -2.22404  
3950  -9.64392  -1.11202  
3951  -9.64392  0  
3952  -9.64392  1.11202  
3953  -9.64392  2.22404  
3954  -9.64392  3.33605  
3955  -9.64392  4.44807  
3956  -9.64392  5.56009  
3957  -9.64392  6.67211  
3958  -9.64392  7.78412  
3959  -9.64392  8.89614  
3960  -9.64392  10.0082  
3961  -9.64392  11.1202  
3962  -9.64392  12.2322  
3963  -9.64392  13.3442  
3964  -9.64392  14.4562  
3965  -9.64392  15.5682  
3966  -9.64392  16.6803  
3967  -9.64392  17.7923  
3968  -9.64392  18.9043  
3969  -9.64392  20.0163  
3970  -9.64392  21.1283  
3971  -9.64392  22.2404  
3972  -9.64392  23.3524  
3973  -9.64392  24.4644  
3974  -9.64392  25.5764  
3975  -9.64392  26.6884  
3976  -9.64392  27.8004  
3977  -9.64392  28.9125  
3978  -9.64392  30.0245  
3979  -9.64392  31.1365  
3980  -9.64392  32.2485  
3981  -9.64392  33.3605  
3982  -9.64392  34.4726  
3983  -9.64392  35.5846  
3984  -9.64392  36.6966  
3985  -9.64392  37.8086  
3986  -9.64392  38.9206  
3987  -9.64392  40.0326  
3988  -9.64392  41.1447  
3989  -9.64392  42.2567  
3990  -9.64392  43.3687  
3991  -9.64392  44.4807  
3992  -9.64392  45.5927  
3993  -9.64392  46.7047  
3994  -9.64392  47.8168  
3995  -9.64392  48.9288  
3996  -9.64392  50.0408  
3997  -9.64392  51.1528  
3998  -9.64392  52.2648  
3999  -9.64392  53.3769  
4000  -9.64392  54.4889  
4001  -8.7672  -55.6009  
4002  -8.7672  -54.4889  
4003  -8.7672  -53.3769  
4004  -8.7672  -52.2648  
4005  -8.7672  -51.1528  
4006  -8.7672  -50.0408  
4007  -8.7672  -48.9288  
4008  -8.7672  -47.8168  
4009  -8.7672  -46.7047  
4010  -8.7672  -45.5927  
4011  -8.7672  -44.4807  
4012  -8.7672  -43.3687  
4013  -8.7672  -42.2567  
4014  -8.7672  -41.1447  
4015  -8.7672  -40.0326  
4016  -8.7672  -38.9206  
4017  -8.7672  -37.8086  
4018  -8.7672  -36.6966  
4019  -8.7672  -35.5846  
4020  -8.7672  -34.4726  
4021  -8.7672  -33.3605  
4022  -8.7672  -32.2485  
4023  -8.7672  -31.1365  
4024  -8.7672  -30.0245  
4025  -8.7672  -28.9125  
4026  -8.7672  -27.8004  
4027  -8.7672  -26.6884  
4028  -8.7672  -25.5764  
4029  -8.7672  -24.4644  
4030  -8.7672  -23.3524  
4031  -8.7672  -22.2404  
4032  -8.7672  -21.1283  
4033  -8.7672  -20.0163  
4034  -8.7672  -18.9043  
4035  -8.7672  -17.7923  
4036  -8.7672  -16.6803  
4037  -8.7672  -15.5682  
4038  -8.7672  -14.4562  
4039  -8.7672  -13.3442  
4040  -8.7672  -12.2322  
4041  -8.7672  -11.1202  
4042  -8.7672  -10.0082  
4043  -8.7672  -8.89614  
4044  -8.7672  -7.78412  
4045  -8.7672  -6.67211  
4046  -8.7672  -5.56009  
4047  -8.7672  -4.44807  
4048  -8.7672  -3.33605  
4049  -8.7672  -2.22404  
4050  -8.7672  -1.11202  
4051  -8.7672  0  
4052  -8.7672  1.11202  
4053  -8.7672  2.22404  
4054  -8.7672  3.33605  
4055  -8.7672  4.44807  
4056  -8.7672  5.56009  
4057  -8.7672  6.67211  
4058  -8.7672  7.78412  
4059  -8.7672  8.89614  
4060  -8.7672  10.0082  
4061  -8.7672  11.1202  
4062  -8.7672  12.2322  
4063  -8.7672  13.3442  
4064  -8.7672  14.4562  
4065  -8.7672  15.5682  
4066  -8.7672  16.6803  
4067  -8.7672  17.7923  
4068  -8.7672  18.9043  
4069  -8.7672  20.0163  
4070  -8.7672  21.1283  
4071  -8.7672  22.2404  
4072  -8.7672  23.3524  
4073  -8.7672  24.4644  
4074  -8.7672  25.5764  
4075  -8.7672  26.6884  
4076  -8.7672  27.8004  
4077  -8.7672  28.9125  
4078  -8.7672  30.0245  
4079  -8.7672  31.1365  
4080  -8.7672  32.2485  
4081  -8.7672  33.3605  
4082  -8.7672  34.4726  
4083  -8.7672  35.5846  
4084  -8.7672  36.6966  
4085  -8.7672  37.8086  
4086  -8.7672  38.9206  
4087  -8.7672  40.0326  
4088  -8.7672  41.1447  
4089  -8.7672  42.2567  
4090  -8.7672  43.3687  
4091  -8.7672  44.4807  
4092  -8.7672  45.5927  
4093  -8.7672  46.7047  
4094  -8.7672  47.8168  
4095  -8.7672  48.9288  
4096  -8.7672  50.0408  
4097  -8.7672  51.1528  
4098  -8.7672  52.2648  
4099  -8.7672  53.3769  
4100  -8.7672  54.4889  
4101  -7.89048  -55.6009  
4102  -7.89048  -54.4889  
4103  -7.89048  -53.3769  
4104  -7.89048  -52.2648  
4105  -7.89048  -51.1528  
4106  -7.89048  -50.0408  
4107  -7.89048  -48.9288  
4108  -7.89048  -47.8168  
4109  -7.89048  -46.7047  
4110  -7.89048  -45.5927  
4111  -7.89048  -44.4807  
4112  -7.89048  -43.3687  
4113  -7.89048  -42.2567  
4114  -7.89048  -41.1447  
4115  -7.89048  -40.0326  
4116  -7.89048  -38.9206  
4117  -7.89048  -37.8086  
4118  -7.89048  -36.6966  
4119  -7.89048  -35.5846  
4120  -7.89048  -34.4726  
4121  -7.89048  -33.3605  
4122  -7.89048  -32.2485  
4123  -7.89048  -31.1365  
4124  -7.89048  -30.0245  
4125  -7.89048  -28.9125  
4126  -7.89048  -27.8004  
4127  -7.89048  -26.6884  
4128  -7.89048  -25.5764  
4129  -7.89048  -24.4644  
4130  -7.89048  -23.3524  
4131  -7.89048  -22.2404  
4132  -7.89048  -21.1283  
4133  -7.89048  -20.0163  
4134  -7.89048  -18.9043  
4135  -7.89048  -17.7923  
4136  -7.89048  -16.6803  
4137  -7.89048  -15.5682  
4138  -7.89048  -14.4562  
4139  -7.89048  -13.3442  
4140  -7.89048  -12.2322  
4141  -7.89048  -11.1202  
4142  -7.89048  -10.0082  
4143  -7.89048  -8.89614  
4144  -7.89048  -7.78412  
4145  -7.89048  -6.67211  
4146  -7.89048  -5.56009  
4147  -7.89048  -4.44807  
4148  -7.89048  -3.33605  
4149  -7.89048  -2.22404  
4150  -7.89048  -1.11202  
4151  -7.89048  0  
4152  -7.89048  1.11202  
4153  -7.89048  2.22404  
4154  -7.89048  3.33605  
4155  -7.89048  4.44807  
4156  -7.89048  5.56009  
4157  -7.89048  6.67211  
4158  -7.89048  7.78412  
4159  -7.89048  8.89614  
4160  -7.89048  10.0082  
4161  -7.89048  11.1202  
4162  -7.89048  12.2322  
4163  -7.89048  13.3442  
4164  -7.89048  14.4562  
4165  -7.89048  15.5682  
4166  -7.89048  16.6803  
4167  -7.89048  17.7923  
4168  -7.89048  18.9043  
4169  -7.89048  20.0163  
4170  -7.89048  21.1283  
4171  -7.89048  22.2404  
4172  -7.89048  23.3524  
4173  -7.89048  24.4644  
4174  -7.89048  25.5764  
4175  -7.89048  26.6884  
4176  -7.89048  27.8004  
4177  -7.89048  28.9125  
4178  -7.89048  30.0245  
4179  -7.89048  31.1365  
4180  -7.89048  32.2485  
4181  -7.89048  33.3605  
4182  -7.89048  34.4726  
4183  -7.89048  35.5846  
4184  -7.89048  36.6966  
4185  -7.89048  37.8086  
4186  -7.89048  38.9206  
4187  -7.89048  40.0326  
4188  -7.89048  41.1447  
4189  -7.89048  42.2567  
4190  -7.89048  43.3687  
4191  -7.89048  44.4807  
4192  -7.89048  45.5927  
4193  -7.89048  46.7047  
4194  -7.89048  47.8168  
4195  -7.89048  48.9288  
4196  -7.89048  50.0408  
4197  -7.89048  51.1528  
4198  -7.89048  52.2648  
4199  -7.89048  53.3769  
4200  -7.89048  54.4889  
4201  -7.01376  -55.6009  
4202  -7.01376  -54.4889  
4203  -7.01376  -53.3769  
4204  -7.01376  -52.2648  
4205  -7.01376  -51.1528  
4206  -7.01376  -50.0408  
4207  -7.01376  -48.9288  
4208  -7.01376  -47.8168  
4209  -7.01376  -46.7047  
4210  -7.01376  -45.5927  
4211  -7.01376  -44.4807  
4212  -7.01376  -43.3687  
4213  -7.01376  -42.2567  
4214  -7.01376  -41.1447  
4215  -7.01376  -40.0326  
4216  -7.01376  -38.9206  
4217  -7.01376  -37.8086  
4218  -7.01376  -36.6966  
4219  -7.01376  -35.5846  
4220  -7.01376  -34.4726  
4221  -7.01376  -33.3605  
4222  -7.01376  -32.2485  
4223  -7.01376  -31.1365  
4224  -7.01376  -30.0245  
4225  -7.01376  -28.9125  
4226  -7.01376  -27.8004  
4227  -7.01376  -26.6884  
4228  -7.01376  -25.5764  
4229  -7.01376  -24.4644  
4230  -7.01376  -23.3524  
4231  -7.01376  -22.2404  
4232  -7.01376  -21.1283  
4233  -7.01376  -20.0163  
4234  -7.01376  -18.9043  
4235  -7.01376  -17.7923  
4236  -7.01376  -16.6803  
4237  -7.01376  -15.5682  
4238  -7.01376  -14.4562  
4239  -7.01376  -13.3442  
4240  -7.01376  -12.2322  
4241  -7.01376  -11.1202  
4242  -7.01376  -10.0082  
4243  -7.01376  -8.89614  
4244  -7.01376  -7.78412  
4245  -7.01376  -6.67211  
4246  -7.01376  -5.56009  
4247  -7.01376  -4.44807  
4248  -7.01376  -3.33605  
4249  -7.01376  -2.22404  
4250  -7.01376  -1.11202  
4251  -7.01376  0  
4252  -7.01376  1.11202  
4253  -7.01376  2.22404  
4254  -7.01376  3.33605  
4255  -7.01376  4.44807  
4256  -7.01376  5.56009  
4257  -7.01376  6.67211  
4258  -7.01376  7.78412  
4259  -7.01376  8.89614  
4260  -7.01376  10.0082  
4261  -7.01376  11.1202  
4262  -7.01376  12.2322  
4263  -7.01376  13.3442  
4264  -7.01376  14.4562  
4265  -7.01376  15.5682  
4266  -7.01376  16.6803  
4267  -7.01376  17.7923  
4268  -7.01376  18.9043  
4269  -7.01376  20.0163  
4270  -7.01376  21.1283  
4271  -7.01376  22.2404  
4272  -7.01376  23.3524  
4273  -7.01376  24.4644  
4274  -7.01376  25.5764  
4275  -7.01376  26.6884  
4276  -7.01376  27.8004  
4277  -7.01376  28.9125  
4278  -7.01376  30.0245  
4279  -7.01376  31.1365  
4280  -7.01376  32.2485  
4281  -7.01376  33.3605  
4282  -7.01376  34.4726  
4283  -7.01376  35.5846  
4284  -7.01376  36.6966  
4285  -7.01376  37.8086  
4286  -7.01376  38.9206  
4287  -7.01376  40.0326  
4288  -7.01376  41.1447  
4289  -7.01376  42.2567  
4290  -7.01376  43.3687  
4291  -7.01376  44.4807  
4292  -7.01376  45.5927  
4293  -7.01376  46.7047  
4294  -7.01376  47.8168  
4295  -7.01376  48.9288  
4296  -7.01376  50.0408  
4297  -7.01376  51.1528  
4298  -7.01376  52.2648  
4299  -7.01376  53.3769  
4300  -7.01376  54.4889  
4301  -6.13704  -55.6009  
4302  -6.13704  -54.4889  
4303  -6.13704  -53.3769  
4304  -6.13704  -52.2648  
4305  -6.13704  -51.1528  
4306  -6.13704  -50.0408  
4307  -6.13704  -48.9288  
4308  -6.13704  -47.8168  
4309  -6.13704  -46.7047  
4310  -6.13704  -45.5927  
4311  -6.13704  -44.4807  
4312  -6.13704  -43.3687  
4313  -6.13704  -42.2567  
4314  -6.13704  -41.1447  
4315  -6.13704  -40.0326  
4316  -6.13704  -38.9206  
4317  -6.13704  -37.8086  
4318  -6.13704  -36.6966  
4319  -6.13704  -35.5846  
4320  -6.13704  -34.4726  
4321  -6.13704  -33.3605  
4322  -6.13704  -32.2485  
4323  -6.13704  -31.1365  
4324  -6.13704  -30.0245  
4325  -6.13704  -28.9125  
4326  -6.13704  -27.8004  
4327  -6.13704  -26.6884  
4328  -6.13704  -25.5764  
4329  -6.13704  -24.4644  
4330  -6.13704  -23.3524  
4331  -6.13704  -22.2404  
4332  -6.13704  -21.1283  
4333  -6.13704  -20.0163  
4334  -6.13704  -18.9043  
4335  -6.13704  -17.7923  
4336  -6.13704  -16.6803  
4337  -6.13704  -15.5682  
4338  -6.13704  -14.4562  
4339  -6.13704  -13.3442  
4340  -6.13704  -12.2322  
4341  -6.13704  -11.1202  
4342  -6.13704  -10.0082  
4343  -6.13704  -8.89614  
4344  -6.13704  -7.78412  
4345  -6.13704  -6.67211  
4346  -6.13704  -5.56009  
4347  -6.13704  -4.44807  
4348  -6.13704  -3.33605  
4349  -6.13704  -2.22404  
4350  -6.13704  -1.11202  
4351  -6.13704  0  
4352  -6.13704  1.11202  
4353  -6.13704  2.22404  
4354  -6.13704  3.33605  
4355  -6.13704  4.44807  
4356  -6.13704  5.56009  
4357  -6.13704  6.67211  
4358  -6.13704  7.78412  
4359  -6.13704  8.89614  
4360  -6.13704  10.0082  
4361  -6.13704  11.1202  
4362  -6.13704  12.2322  
4363  -6.13704  13.3442  
4364  -6.13704  14.4562  
4365  -6.13704  15.5682  
4366  -6.13704  16.6803  
4367  -6.13704  17.7923  
4368  -6.13704  18.9043  
4369  -6.13704  20.0163  
4370  -6.13704  21.1283  
4371  -6.13704  22.2404  
4372  -6.13704  23.3524  
4373  -6.13704  24.4644  
4374  -6.13704  25.5764  
4375  -6.13704  26.6884  
4376  -6.13704  27.8004  
4377  -6.13704  28.9125  
4378  -6.13704  30.0245  
4379  -6.13704  31.1365  
4380  -6.13704  32.2485  
4381  -6.13704  33.3605  
4382  -6.13704  34.4726  
4383  -6.13704  35.5846  
4384  -6.13704  36.6966  
4385  -6.13704  37.8086  
4386  -6.13704  38.9206  
4387  -6.13704  40.0326  
4388  -6.13704  41.1447  
4389  -6.13704  42.2567  
4390  -6.13704  43.3687  
4391  -6.13704  44.4807  
4392  -6.13704  45.5927  
4393  -6.13704  46.7047  
4394  -6.13704  47.8168  
4395  -6.13704  48.9288  
4396  -6.13704  50.0408  
4397  -6.13704  51.1528  
4398  -6.13704  52.2648  
4399  -6.13704  53.3769  
4400  -6.13704  54.4889  
4401  -5.26032  -55.6009  
4402  -5.26032  -54.4889  
4403  -5.26032  -53.3769  
4404  -5.26032  -52.2648  
4405  -5.26032  -51.1528  
4406  -5.26032  -50.0408  
4407  -5.26032  -48.9288  
4408  -5.26032  -47.8168  
4409  -5.26032  -46.7047  
4410  -5.26032  -45.5927  
4411  -5.26032  -44.4807  
4412  -5.26032  -43.3687  
4413  -5.26032  -42.2567  
4414  -5.26032  -41.1447  
4415  -5.26032  -40.0326  
4416  -5.26032  -38.9206  
4417  -5.26032  -37.8086  
4418  -5.26032  -36.6966  
4419  -5.26032  -35.5846  
4420  -5.26032  -34.4726  
4421  -5.26032  -33.3605  
4422  -5.26032  -32.2485  
4423  -5.26032  -31.1365  
4424  -5.26032  -30.0245  
4425  -5.26032  -28.9125  
4426  -5.26032  -27.8004  
4427  -5.26032  -26.6884  
4428  -5.26032  -25.5764  
4429  -5.26032  -24.4644  
4430  -5.26032  -23.3524  
4431  -5.26032  -22.2404  
4432  -5.26032  -21.1283  
4433  -5.26032  -20.0163  
4434  -5.26032  -18.9043  
4435  -5.26032  -17.7923  
4436  -5.26032  -16.6803  
4437  -5.26032  -15.5682  
4438  -5.26032  -14.4562  
4439  -5.26032  -13.3442  
4440  -5.26032  -12.2322  
4441  -5.26032  -11.1202  
4442  -5.26032  -10.0082  
4443  -5.26032  -8.89614  
4444  -5.26032  -7.78412  
4445  -5.26032  -6.67211  
4446  -5.26032  -5.56009  
4447  -5.26032  -4.44807  
4448  -5.26032  -3.33605  
4449  -5.26032  -2.22404  
4450  -5.26032  -1.11202  
4451  -5.26032  0  
4452  -5.26032  1.11202  
4453  -5.26032  2.22404  
4454  -5.26032  3.33605  
4455  -5.26032  4.44807  
4456  -5.26032  5.56009  
4457  -5.26032  6.67211  
4458  -5.26032  7.78412  
4459  -5.26032  8.89614  
4460  -5.26032  10.0082  
4461  -5.26032  11.1202  
4462  -5.26032  12.2322  
4463  -5.26032  13.3442  
4464  -5.26032  14.4562  
4465  -5.26032  15.5682  
4466  -5.26032  16.6803  
4467  -5.26032  17.7923  
4468  -5.26032  18.9043  
4469  -5.26032  20.0163  
4470  -5.26032  21.1283  
4471  -5.26032  22.2404  
4472  -5.26032  23.3524  
4473  -5.26032  24.4644  
4474  -5.26032  25.5764  
4475  -5.26032  26.6884  
4476  -5.26032  27.8004  
4477  -5.26032  28.9125  
4478  -5.26032  30.0245  
4479  -5.26032  31.1365  
4480  -5.26032  32.2485  
4481  -5.26032  33.3605  
4482  -5.26032  34.4726  
4483  -5.26032  35.5846  
4484  -5.26032  36.6966  
4485  -5.26032  37.8086  
4486  -5.26032  38.9206  
4487  -5.26032  40.0326  
4488  -5.26032  41.1447  
4489  -5.26032  42.2567  
4490  -5.26032  43.3687  
4491  -5.26032  44.4807  
4492  -5.26032  45.5927  
4493  -5.26032  46.7047  
4494  -5.26032  47.8168  
4495  -5.26032  48.9288  
4496  -5.26032  50.0408  
4497  -5.26032  51.1528  
4498  -5.26032  52.2648  
4499  -5.26032  53.3769  
4500  -5.26032  54.4889  
4501  -4.3836  -55.6009  
4502  -4.3836  -54.4889  
4503  -4.3836  -53.3769  
4504  -4.3836  -52.2648  
4505  -4.3836  -51.1528  
4506  -4.3836  -50.0408  
4507  -4.3836  -48.9288  
4508  -4.3836  -47.8168  
4509  -4.3836  -46.7047  
4510  -4.3836  -45.5927  
4511  -4.3836  -44.4807  
4512  -4.3836  -43.3687  
4513  -4.3836  -42.2567  
4514  -4.3836  -41.1447  
4515  -4.3836  -40.0326  
4516  -4.3836  -38.9206  
4517  -4.3836  -37.8086  
4518  -4.3836  -36.6966  
4519  -4.3836  -35.5846  
4520  -4.3836  -34.4726  
4521  -4.3836  -33.3605  
4522  -4.3836  -32.2485  
4523  -4.3836  -31.1365  
4524  -4.3836  -30.0245  
4525  -4.3836  -28.9125  
4526  -4.3836  -27.8004  
4527  -4.3836  -26.6884  
4528  -4.3836  -25.5764  
4529  -4.3836  -24.4644  
4530  -4.3836  -23.3524  
4531  -4.3836  -22.2404  
4532  -4.3836  -21.1283  
4533  -4.3836  -20.0163  
4534  -4.3836  -18.9043  
4535  -4.3836  -17.7923  
4536  -4.3836  -16.6803  
4537  -4.3836  -15.5682  
4538  -4.3836  -14.4562  
4539  -4.3836  -13.3442  
4540  -4.3836  -12.2322  
4541  -4.3836  -11.1202  
4542  -4.3836  -10.0082  
4543  -4.3836  -8.89614  
4544  -4.3836  -7.78412  
4545  -4.3836  -6.67211  
4546  -4.3836  -5.56009  
4547  -4.3836  -4.44807  
4548  -4.3836  -3.33605  
4549  -4.3836  -2.22404  
4550  -4.3836  -1.11202  
4551  -4.3836  0  
4552  -4.3836  1.11202  
4553  -4.3836  2.22404  
4554  -4.3836  3.33605  
4555  -4.3836  4.44807  
4556  -4.3836  5.56009  
4557  -4.3836  6.67211  
4558  -4.3836  7.78412  
4559  -4.3836  8.89614  
4560  -4.3836  10.0082  
4561  -4.3836  11.1202  
4562  -4.3836  12.2322  
4563  -4.3836  13.3442  
4564  -4.3836  14.4562  
4565  -4.3836  15.5682  
4566  -4.3836  16.6803  
4567  -4.3836  17.7923  
4568  -4.3836  18.9043  
4569  -4.3836  20.0163  
4570  -4.3836  21.1283  
4571  -4.3836  22.2404  
4572  -4.3836  23.3524  
4573  -4.3836  24.4644  
4574  -4.3836  25.5764  
4575  -4.3836  26.6884  
4576  -4.3836  27.8004  
4577  -4.3836  28.9125  
4578  -4.3836  30.0245  
4579  -4.3836  31.1365  
4580  -4.3836  32.2485  
4581  -4.3836  33.3605  
4582  -4.3836  34.4726  
4583  -4.3836  35.5846  
4584  -4.3836  36.6966  
4585  -4.3836  37.8086  
4586  -4.3836  38.9206  
4587  -4.3836  40.0326  
4588  -4.3836  41.1447  
4589  -4.3836  42.2567  
4590  -4.3836  43.3687  
4591  -4.3836  44.4807  
4592  -4.3836  45.5927  
4593  -4.3836  46.7047  
4594  -4.3836  47.8168  
4595  -4.3836  48.9288  
4596  -4.3836  50.0408  
4597  -4.3836  51.1528  
4598  -4.3836  52.2648  
4599  -4.3836  53.3769  
4600  -4.3836  54.4889  
4601  -3.50688  -55.6009  
4602  -3.50688  -54.4889  
4603  -3.50688  -53.3769  
4604  -3.50688  -52.2648  
4605  -3.50688  -51.1528  
4606  -3.50688  -50.0408  
4607  -3.50688  -48.9288  
4608  -3.50688  -47.8168  
4609  -3.50688  -46.7047  
4610  -3.50688  -45.5927  
4611  -3.50688  -44.4807  
4612  -3.50688  -43.3687  
4613  -3.50688  -42.2567  
4614  -3.50688  -41.1447  
4615  -3.50688  -40.0326  
4616  -3.50688  -38.9206  
4617  -3.50688  -37.8086  
4618  -3.50688  -36.6966  
4619  -3.50688  -35.5846  
4620  -3.50688  -34.4726  
4621  -3.50688  -33.3605  
4622  -3.50688  -32.2485  
4623  -3.50688  -31.1365  
4624  -3.50688  -30.0245  
4625  -3.50688  -28.9125  
4626  -3.50688  -27.8004  
4627  -3.50688  -26.6884  
4628  -3.50688  -25.5764  
4629  -3.50688  -24.4644  
4630  -3.50688  -23.3524  
4631  -3.50688  -22.2404  
4632  -3.50688  -21.1283  
4633  -3.50688  -20.0163  
4634  -3.50688  -18.9043  
4635  -3.50688  -17.7923  
4636  -3.50688  -16.6803  
4637  -3.50688  -15.5682  
4638  -3.50688  -14.4562  
4639  -3.50688  -13.3442  
4640  -3.50688  -12.2322  
4641  -3.50688  -11.1202  
4642  -3.50688  -10.0082  
4643  -3.50688  -8.89614  
4644  -3.50688  -7.78412  
4645  -3.50688  -6.67211  
4646  -3.50688  -5.56009  
4647  -3.50688  -4.44807  
4648  -3.50688  -3.33605  
4649  -3.50688  -2.22404  
4650  -3.50688  -1.11202  
4651  -3.50688  0  
4652  -3.50688  1.11202  
4653  -3.50688  2.22404  
4654  -3.50688  3.33605  
4655  -3.50688  4.44807  
4656  -3.50688  5.56009  
4657  -3.50688  6.67211  
4658  -3.50688  7.78412  
4659  -3.50688  8.89614  
4660  -3.50688  10.0082  
4661  -3.50688  11.1202  
4662  -3.50688  12.2322  
4663  -3.50688  13.3442  
4664  -3.50688  14.4562  
4665  -3.50688  15.5682  
4666  -3.50688  16.6803  
4667  -3.50688  17.7923  
4668  -3.50688  18.9043  
4669  -3.50688  20.0163  
4670  -3.50688  21.1283  
4671  -3.50688  22.2404  
4672  -3.50688  23.3524  
4673  -3.50688  24.4644  
4674  -3.50688  25.5764  
4675  -3.50688  26.6884  
4676  -3.50688  27.8004  
4677  -3.50688  28.9125  
4678  -3.50688  30.0245  
4679  -3.50688  31.1365  
4680  -3.50688  32.2485  
4681  -3.50688  33.3605  
4682  -3.50688  34.4726  
4683  -3.50688  35.5846  
4684  -3.50688  36.6966  
4685  -3.50688  37.8086  
4686  -3.50688  38.9206  
4687  -3.50688  40.0326  
4688  -3.50688  41.1447  
4689  -3.50688  42.2567  
4690  -3.50688  43.3687  
4691  -3.50688  44.4807  
4692  -3.50688  45.5927  
4693  -3.50688  46.7047  
4694  -3.50688  47.8168  
4695  -3.50688  48.9288  
4696  -3.50688  50.0408  
4697  -3.50688  51.1528  
4698  -3.50688  52.2648  
4699  -3.50688  53.3769  
4700  -3.50688  54.4889  
4701  -2.63016  -55.6009  
4702  -2.63016  -54.4889  
4703  -2.63016  -53.3769  
4704  -2.63016  -52.2648  
4705  -2.63016  -51.1528  
4706  -2.63016  -50.0408  
4707  -2.63016  -48.9288  
4708  -2.63016  -47.8168  
4709  -2.63016  -46.7047  
4710  -2.63016  -45.5927  
4711  -2.63016  -44.4807  
4712  -2.63016  -43.3687  
4713  -2.63016  -42.2567  
4714  -2.63016  -41.1447  
4715  -2.63016  -40.0326  
4716  -2.63016  -38.9206  
4717  -2.63016  -37.8086  
4718  -2.63016  -36.6966  
4719  -2.63016  -35.5846  
4720  -2.63016  -34.4726  
4721  -2.63016  -33.3605  
4722  -2.63016  -32.2485  
4723  -2.63016  -31.1365  
4724  -2.63016  -30.0245  
4725  -2.63016  -28.9125  
4726  -2.63016  -27.8004  
4727  -2.63016  -26.6884  
4728  -2.63016  -25.5764  
4729  -2.63016  -24.4644  
4730  -2.63016  -23.3524  
4731  -2.63016  -22.2404  
4732  -2.63016  -21.1283  
4733  -2.63016  -20.0163  
4734  -2.63016  -18.9043  
4735  -2.63016  -17.7923  
4736  -2.63016  -16.6803  
4737  -2.63016  -15.5682  
4738  -2.63016  -14.4562  
4739  -2.63016  -13.3442  
4740  -2.63016  -12.2322  
4741  -2.63016  -11.1202  
4742  -2.63016  -10.0082  
4743  -2.63016  -8.89614  
4744  -2.63016  -7.78412  
4745  -2.63016  -6.67211  
4746  -2.63016  -5.56009  
4747  -2.63016  -4.44807  
4748  -2.63016  -3.33605  
4749  -2.63016  -2.22404  
4750  -2.63016  -1.11202  
4751  -2.63016  0  
4752  -2.63016  1.11202  
4753  -2.63016  2.22404  
4754  -2.63016  3.33605  
4755  -2.63016  4.44807  
4756  -2.63016  5.56009  
4757  -2.63016  6.67211  
4758  -2.63016  7.78412  
4759  -2.63016  8.89614  
4760  -2.63016  10.0082  
4761  -2.63016  11.1202  
4762  -2.63016  12.2322  
4763  -2.63016  13.3442  
4764  -2.63016  14.4562  
4765  -2.63016  15.5682  
4766  -2.63016  16.6803  
4767  -2.63016  17.7923  
4768  -2.63016  18.9043  
4769  -2.63016  20.0163  
4770  -2.63016  21.1283  
4771  -2.63016  22.2404  
4772  -2.63016  23.3524  
4773  -2.63016  24.4644  
4774  -2.63016  25.5764  
4775  -2.63016  26.6884  
4776  -2.63016  27.8004  
4777  -2.63016  28.9125  
4778  -2.63016  30.0245  
4779  -2.63016  31.1365  
4780  -2.63016  32.2485  
4781  -2.63016  33.3605  
4782  -2.63016  34.4726  
4783  -2.63016  35.5846  
4784  -2.63016  36.6966  
4785  -2.63016  37.8086  
4786  -2.63016  38.9206  
4787  -2.63016  40.0326  
4788  -2.63016  41.1447  
4789  -2.63016  42.2567  
4790  -2.63016  43.3687  
4791  -2.63016  44.4807  
4792  -2.63016  45.5927  
4793  -2.63016  46.7047  
4794  -2.63016  47.8168  
4795  -2.63016  48.9288  
4796  -2.63016  50.0408  
4797  -2.63016  51.1528  
4798  -2.63016  52.2648  
4799  -2.63016  53.3769  
4800  -2.63016  54.4889  
4801  -1.75344  -55.6009  
4802  -1.75344  -54.4889  
4803  -1.75344  -53.3769  
4804  -1.75344  -52.2648  
4805  -1.75344  -51.1528  
4806  -1.75344  -50.0408  
4807  -1.75344  -48.9288  
4808  -1.75344  -47.8168  
4809  -1.75344  -46.7047  
4810  -1.75344  -45.5927  
4811  -1.75344  -44.4807  
4812  -1.75344  -43.3687  
4813  -1.75344  -42.2567  
4814  -1.75344  -41.1447  
4815  -1.75344  -40.0326  
4816  -1.75344  -38.9206  
4817  -1.75344  -37.8086  
4818  -1.75344  -36.6966  
4819  -1.75344  -35.5846  
4820  -1.75344  -34.4726  
4821  -1.75344  -33.3605  
4822  -1.75344  -32.2485  
4823  -1.75344  -31.1365  
4824  -1.75344  -30.0245  
4825  -1.75344  -28.9125  
4826  -1.75344  -27.8004  
4827  -1.75344  -26.6884  
4828  -1.75344  -25.5764  
4829  -1.75344  -24.4644  
4830  -1.75344  -23.3524  
4831  -1.75344  -22.2404  
4832  -1.75344  -21.1283  
4833  -1.75344  -20.0163  
4834  -1.75344  -18.9043  
4835  -1.75344  -17.7923  
4836  -1.75344  -16.6803  
4837  -1.75344  -15.5682  
4838  -1.75344  -14.4562  
4839  -1.75344  -13.3442  
4840  -1.75344  -12.2322  
4841  -1.75344  -11.1202  
4842  -1.75344  -10.0082  
4843  -1.75344  -8.89614  
4844  -1.75344  -7.78412  
4845  -1.75344  -6.67211  
4846  -1.75344  -5.56009  
4847  -1.75344  -4.44807  
4848  -1.75344  -3.33605  
4849  -1.75344  -2.22404  
4850  -1.75344  -1.11202  
4851  -1.75344  0  
4852  -1.75344  1.11202  
4853  -1.75344  2.22404  
4854  -1.75344  3.33605  
4855  -1.75344  4.44807  
4856  -1.75344  5.56009  
4857  -1.75344  6.67211  
4858  -1.75344  7.78412  
4859  -1.75344  8.89614  
4860  -1.75344  10.0082  
4861  -1.75344  11.1202  
4862  -1.75344  12.2322  
4863  -1.75344  13.3442  
4864  -1.75344  14.4562  
4865  -1.75344  15.5682  
4866  -1.75344  16.6803  
4867  -1.75344  17.7923  
4868  -1.75344  18.9043  
4869  -1.75344  20.0163  
4870  -1.75344  21.1283  
4871  -1.75344  22.2404  
4872  -1.75344  23.3524  
4873  -1.75344  24.4644  
4874  -1.75344  25.5764  
4875  -1.75344  26.6884  
4876  -1.75344  27.8004  
4877  -1.75344  28.9125  
4878  -1.75344  30.0245  
4879  -1.75344  31.1365  
4880  -1.75344  32.2485  
4881  -1.75344  33.3605  
4882  -1.75344  34.4726  
4883  -1.75344  35.5846  
4884  -1.75344  36.6966  
4885  -1.75344  37.8086  
4886  -1.75344  38.9206  
4887  -1.75344  40.0326  
4888  -1.75344  41.1447  
4889  -1.75344  42.2567  
4890  -1.75344  43.3687  
4891  -1.75344  44.4807  
4892  -1.75344  45.5927  
4893  -1.75344  46.7047  
4894  -1.75344  47.8168  
4895  -1.75344  48.9288  
4896  -1.75344  50.0408  
4897  -1.75344  51.1528  
4898  -1.75344  52.2648  
4899  -1.75344  53.3769  
4900  -1.75344  54.4889  
4901  -0.87672  -55.6009  
4902  -0.87672  -54.4889  
4903  -0.87672  -53.3769  
4904  -0.87672  -52.2648  
4905  -0.87672  -51.1528  
4906  -0.87672  -50.0408  
4907  -0.87672  -48.9288  
4908  -0.87672  -47.8168  
4909  -0.87672  -46.7047  
4910  -0.87672  -45.5927  
4911  -0.87672  -44.4807  
4912  -0.87672  -43.3687  
4913  -0.87672  -42.2567  
4914  -0.87672  -41.1447  
4915  -0.87672  -40.0326  
4916  -0.87672  -38.9206  
4917  -0.87672  -37.8086  
4918  -0.87672  -36.6966  
4919  -0.87672  -35.5846  
4920  -0.87672  -34.4726  
4921  -0.87672  -33.3605  
4922  -0.87672  -32.2485  
4923  -0.87672  -31.1365  
4924  -0.87672  -30.0245  
4925  -0.87672  -28.9125  
4926  -0.87672  -27.8004  
4927  -0.87672  -26.6884  
4928  -0.87672  -25.5764  
4929  -0.87672  -24.4644  
4930  -0.87672  -23.3524  
4931  -0.87672  -22.2404  
4932  -0.87672  -21.1283  
4933  -0.87672  -20.0163  
4934  -0.87672  -18.9043  
4935  -0.87672  -17.7923  
4936  -0.87672  -16.6803  
4937  -0.87672  -15.5682  
4938  -0.87672  -14.4562  
4939  -0.87672  -13.3442  
4940  -0.87672  -12.2322  
4941  -0.87672  -11.1202  
4942  -0.87672  -10.0082  
4943  -0.87672  -8.89614  
4944  -0.87672  -7.78412  
4945  -0.87672  -6.67211  
4946  -0.87672  -5.56009  
4947  -0.87672  -4.44807  
4948  -0.87672  -3.33605  
4949  -0.87672  -2.22404  
4950  -0.87672  -1.11202  
4951  -0.87672  0  
4952  -0.87672  1.11202  
4953  -0.87672  2.22404  
4954  -0.87672  3.33605  
4955  -0.87672  4.44807  
4956  -0.87672  5.56009  
4957  -0.87672  6.67211  
4958  -0.87672  7.78412  
4959  -0.87672  8.89614  
4960  -0.87672  10.0082  
4961  -0.87672  11.1202  
4962  -0.87672  12.2322  
4963  -0.87672  13.3442  
4964  -0.87672  14.4562  
4965  -0.87672  15.5682  
4966  -0.87672  16.6803  
4967  -0.87672  17.7923  
4968  -0.87672  18.9043  
4969  -0.87672  20.0163  
4970  -0.87672  21.1283  
4971  -0.87672  22.2404  
4972  -0.87672  23.3524  
4973  -0.87672  24.4644  
4974  -0.87672  25.5764  
4975  -0.87672  26.6884  
4976  -0.87672  27.8004  
4977  -0.87672  28.9125  
4978  -0.87672  30.0245  
4979  -0.87672  31.1365  
4980  -0.87672  32.2485  
4981  -0.87672  33.3605  
4982  -0.87672  34.4726  
4983  -0.87672  35.5846  
4984  -0.87672  36.6966  
4985  -0.87672  37.8086  
4986  -0.87672  38.9206  
4987  -0.87672  40.0326  
4988  -0.87672  41.1447  
4989  -0.87672  42.2567  
4990  -0.87672  43.3687  
4991  -0.87672  44.4807  
4992  -0.87672  45.5927  
4993  -0.87672  46.7047  
4994  -0.87672  47.8168  
4995  -0.87672  48.9288  
4996  -0.87672  50.0408  
4997  -0.87672  51.1528  
4998  -0.87672  52.2648  
4999  -0.87672  53.3769  
5000  -0.87672  54.4889  
5001  0  -55.6009  
5002  0  -54.4889  
5003  0  -53.3769  
5004  0  -52.2648  
5005  0  -51.1528  
5006  0  -50.0408  
5007  0  -48.9288  
5008  0  -47.8168  
5009  0  -46.7047  
5010  0  -45.5927  
5011  0  -44.4807  
5012  0  -43.3687  
5013  0  -42.2567  
5014  0  -41.1447  
5015  0  -40.0326  
5016  0  -38.9206  
5017  0  -37.8086  
5018  0  -36.6966  
5019  0  -35.5846  
5020  0  -34.4726  
5021  0  -33.3605  
5022  0  -32.2485  
5023  0  -31.1365  
5024  0  -30.0245  
5025  0  -28.9125  
5026  0  -27.8004  
5027  0  -26.6884  
5028  0  -25.5764  
5029  0  -24.4644  
5030  0  -23.3524  
5031  0  -22.2404  
5032  0  -21.1283  
5033  0  -20.0163  
5034  0  -18.9043  
5035  0  -17.7923  
5036  0  -16.6803  
5037  0  -15.5682  
5038  0  -14.4562  
5039  0  -13.3442  
5040  0  -12.2322  
5041  0  -11.1202  
5042  0  -10.0082  
5043  0  -8.89614  
5044  0  -7.78412  
5045  0  -6.67211  
5046  0  -5.56009  
5047  0  -4.44807  
5048  0  -3.33605  
5049  0  -2.22404  
5050  0  -1.11202  
5051  0  0  
5052  0  1.11202  
5053  0  2.22404  
5054  0  3.33605  
5055  0  4.44807  
5056  0  5.56009  
5057  0  6.67211  
5058  0  7.78412  
5059  0  8.89614  
5060  0  10.0082  
5061  0  11.1202  
5062  0  12.2322  
5063  0  13.3442  
5064  0  14.4562  
5065  0  15.5682  
5066  0  16.6803  
5067  0  17.7923  
5068  0  18.9043  
5069  0  20.0163  
5070  0  21.1283  
5071  0  22.2404  
5072  0  23.3524  
5073  0  24.4644  
5074  0  25.5764  
5075  0  26.6884  
5076  0  27.8004  
5077  0  28.9125  
5078  0  30.0245  
5079  0  31.1365  
5080  0  32.2485  
5081  0  33.3605  
5082  0  34.4726  
5083  0  35.5846  
5084  0  36.6966  
5085  0  37.8086  
5086  0  38.9206  
5087  0  40.0326  
5088  0  41.1447  
5089  0  42.2567  
5090  0  43.3687  
5091  0  44.4807  
5092  0  45.5927  
5093  0  46.7047  
5094  0  47.8168  
5095  0  48.9288  
5096  0  50.0408  
5097  0  51.1528  
5098  0  52.2648  
5099  0  53.3769  
5100  0  54.4889  
5101  0.87672  -55.6009  
5102  0.87672  -54.4889  
5103  0.87672  -53.3769  
5104  0.87672  -52.2648  
5105  0.87672  -51.1528  
5106  0.87672  -50.0408  
5107  0.87672  -48.9288  
5108  0.87672  -47.8168  
5109  0.87672  -46.7047  
5110  0.87672  -45.5927  
5111  0.87672  -44.4807  
5112  0.87672  -43.3687  
5113  0.87672  -42.2567  
5114  0.87672  -41.1447  
5115  0.87672  -40.0326  
5116  0.87672  -38.9206  
5117  0.87672  -37.8086  
5118  0.87672  -36.6966  
5119  0.87672  -35.5846  
5120  0.87672  -34.4726  
5121  0.87672  -33.3605  
5122  0.87672  -32.2485  
5123  0.87672  -31.1365  
5124  0.87672  -30.0245  
5125  0.87672  -28.9125  
5126  0.87672  -27.8004  
5127  0.87672  -26.6884  
5128  0.87672  -25.5764  
5129  0.87672  -24.4644  
5130  0.87672  -23.3524  
5131  0.87672  -22.2404  
5132  0.87672  -21.1283  
5133  0.87672  -20.0163  
5134  0.87672  -18.9043  
5135  0.87672  -17.7923  
5136  0.87672  -16.6803  
5137  0.87672  -15.5682  
5138  0.87672  -14.4562  
5139  0.87672  -13.3442  
5140  0.87672  -12.2322  
5141  0.87672  -11.1202  
5142  0.87672  -10.0082  
5143  0.87672  -8.89614  
5144  0.87672  -7.78412  
5145  0.87672  -6.67211  
5146  0.87672  -5.56009  
5147  0.87672  -4.44807  
5148  0.87672  -3.33605  
5149  0.87672  -2.22404  
5150  0.87672  -1.11202  
5151  0.87672  0  
5152  0.87672  1.11202  
5153  0.87672  2.22404  
5154  0.87672  3.33605  
5155  0.87672  4.44807  
5156  0.87672  5.56009  
5157  0.87672  6.67211  
5158  0.87672  7.78412  
5159  0.87672  8.89614  
5160  0.87672  10.0082  
5161  0.87672  11.1202  
5162  0.87672  12.2322  
5163  0.87672  13.3442  
5164  0.87672  14.4562  
5165  0.87672  15.5682  
5166  0.87672  16.6803  
5167  0.87672  17.7923  
5168  0.87672  18.9043  
5169  0.87672  20.0163  
5170  0.87672  21.1283  
5171  0.87672  22.2404  
5172  0.87672  23.3524  
5173  0.87672  24.4644  
5174  0.87672  25.5764  
5175  0.87672  26.6884  
5176  0.87672  27.8004  
5177  0.87672  28.9125  
5178  0.87672  30.0245  
5179  0.87672  31.1365  
5180  0.87672  32.2485  
5181  0.87672  33.3605  
5182  0.87672  34.4726  
5183  0.87672  35.5846  
5184  0.87672  36.6966  
5185  0.87672  37.8086  
5186  0.87672  38.9206  
5187  0.87672  40.0326  
5188  0.87672  41.1447  
5189  0.87672  42.2567  
5190  0.87672  43.3687  
5191  0.87672  44.4807  
5192  0.87672  45.5927  
5193  0.87672  46.7047  
5194  0.87672  47.8168  
5195  0.87672  48.9288  
5196  0.87672  50.0408  
5197  0.87672  51.1528  
5198  0.87672  52.2648  
5199  0.87672  53.3769  
5200  0.87672  54.4889  
5201  1.75344  -55.6009  
5202  1.75344  -54.4889  
5203  1.75344  -53.3769  
5204  1.75344  -52.2648  
5205  1.75344  -51.1528  
5206  1.75344  -50.0408  
5207  1.75344  -48.9288  
5208  1.75344  -47.8168  
5209  1.75344  -46.7047  
5210  1.75344  -45.5927  
5211  1.75344  -44.4807  
5212  1.75344  -43.3687  
5213  1.75344  -42.2567  
5214  1.75344  -41.1447  
5215  1.75344  -40.0326  
5216  1.75344  -38.9206  
5217  1.75344  -37.8086  
5218  1.75344  -36.6966  
5219  1.75344  -35.5846  
5220  1.75344  -34.4726  
5221  1.75344  -33.3605  
5222  1.75344  -32.2485  
5223  1.75344  -31.1365  
5224  1.75344  -30.0245  
5225  1.75344  -28.9125  
5226  1.75344  -27.8004  
5227  1.75344  -26.6884  
5228  1.75344  -25.5764  
5229  1.75344  -24.4644  
5230  1.75344  -23.3524  
5231  1.75344  -22.2404  
5232  1.75344  -21.1283  
5233  1.75344  -20.0163  
5234  1.75344  -18.9043  
5235  1.75344  -17.7923  
5236  1.75344  -16.6803  
5237  1.75344  -15.5682  
5238  1.75344  -14.4562  
5239  1.75344  -13.3442  
5240  1.75344  -12.2322  
5241  1.75344  -11.1202  
5242  1.75344  -10.0082  
5243  1.75344  -8.89614  
5244  1.75344  -7.78412  
5245  1.75344  -6.67211  
5246  1.75344  -5.56009  
5247  1.75344  -4.44807  
5248  1.75344  -3.33605  
5249  1.75344  -2.22404  
5250  1.75344  -1.11202  
5251  1.75344  0  
5252  1.75344  1.11202  
5253  1.75344  2.22404  
5254  1.75344  3.33605  
5255  1.75344  4.44807  
5256  1.75344  5.56009  
5257  1.75344  6.67211  
5258  1.75344  7.78412  
5259  1.75344  8.89614  
5260  1.75344  10.0082  
5261  1.75344  11.1202  
5262  1.75344  12.2322  
5263  1.75344  13.3442  
5264  1.75344  14.4562  
5265  1.75344  15.5682  
5266  1.75344  16.6803  
5267  1.75344  17.7923  
5268  1.75344  18.9043  
5269  1.75344  20.0163  
5270  1.75344  21.1283  
5271  1.75344  22.2404  
5272  1.75344  23.3524  
5273  1.75344  24.4644  
5274  1.75344  25.5764  
5275  1.75344  26.6884  
5276  1.75344  27.8004  
5277  1.75344  28.9125  
5278  1.75344  30.0245  
5279  1.75344  31.1365  
5280  1.75344  32.2485  
5281  1.75344  33.3605  
5282  1.75344  34.4726  
5283  1.75344  35.5846  
5284  1.75344  36.6966  
5285  1.75344  37.8086  
5286  1.75344  38.9206  
5287  1.75344  40.0326  
5288  1.75344  41.1447  
5289  1.75344  42.2567  
5290  1.75344  43.3687  
5291  1.75344  44.4807  
5292  1.75344  45.5927  
5293  1.75344  46.7047  
5294  1.75344  47.8168  
5295  1.75344  48.9288  
5296  1.75344  50.0408  
5297  1.75344  51.1528  
5298  1.75344  52.2648  
5299  1.75344  53.3769  
5300  1.75344  54.4889  
5301  2.63016  -55.6009  
5302  2.63016  -54.4889  
5303  2.63016  -53.3769  
5304  2.63016  -52.2648  
5305  2.63016  -51.1528  
5306  2.63016  -50.0408  
5307  2.63016  -48.9288  
5308  2.63016  -47.8168  
5309  2.63016  -46.7047  
5310  2.63016  -45.5927  
5311  2.63016  -44.4807  
5312  2.63016  -43.3687  
5313  2.63016  -42.2567  
5314  2.63016  -41.1447  
5315  2.63016  -40.0326  
5316  2.63016  -38.9206  
5317  2.63016  -37.8086  
5318  2.63016  -36.6966  
5319  2.63016  -35.5846  
5320  2.63016  -34.4726  
5321  2.63016  -33.3605  
5322  2.63016  -32.2485  
5323  2.63016  -31.1365  
5324  2.63016  -30.0245  
5325  2.63016  -28.9125  
5326  2.63016  -27.8004  
5327  2.63016  -26.6884  
5328  2.63016  -25.5764  
5329  2.63016  -24.4644  
5330  2.63016  -23.3524  
5331  2.63016  -22.2404  
5332  2.63016  -21.1283  
5333  2.63016  -20.0163  
5334  2.63016  -18.9043  
5335  2.63016  -17.7923  
5336  2.63016  -16.6803  
5337  2.63016  -15.5682  
5338  2.63016  -14.4562  
5339  2.63016  -13.3442  
5340  2.63016  -12.2322  
5341  2.63016  -11.1202  
5342  2.63016  -10.0082  
5343  2.63016  -8.89614  
5344  2.63016  -7.78412  
5345  2.63016  -6.67211  
5346  2.63016  -5.56009  
5347  2.63016  -4.44807  
5348  2.63016  -3.33605  
5349  2.63016  -2.22404  
5350  2.63016  -1.11202  
5351  2.63016  0  
5352  2.63016  1.11202  
5353  2.63016  2.22404  
5354  2.63016  3.33605  
5355  2.63016  4.44807  
5356  2.63016  5.56009  
5357  2.63016  6.67211  
5358  2.63016  7.78412  
5359  2.63016  8.89614  
5360  2.63016  10.0082  
5361  2.63016  11.1202  
5362  2.63016  12.2322  
5363  2.63016  13.3442  
5364  2.63016  14.4562  
5365  2.63016  15.5682  
5366  2.63016  16.6803  
5367  2.63016  17.7923  
5368  2.63016  18.9043  
5369  2.63016  20.0163  
5370  2.63016  21.1283  
5371  2.63016  22.2404  
5372  2.63016  23.3524  
5373  2.63016  24.4644  
5374  2.63016  25.5764  
5375  2.63016  26.6884  
5376  2.63016  27.8004  
5377  2.63016  28.9125  
5378  2.63016  30.0245  
5379  2.63016  31.1365  
5380  2.63016  32.2485  
5381  2.63016  33.3605  
5382  2.63016  34.4726  
5383  2.63016  35.5846  
5384  2.63016  36.6966  
5385  2.63016  37.8086  
5386  2.63016  38.9206  
5387  2.63016  40.0326  
5388  2.63016  41.1447  
5389  2.63016  42.2567  
5390  2.63016  43.3687  
5391  2.63016  44.4807  
5392  2.63016  45.5927  
5393  2.63016  46.7047  
5394  2.63016  47.8168  
5395  2.63016  48.9288  
5396  2.63016  50.0408  
5397  2.63016  51.1528  
5398  2.63016  52.2648  
5399  2.63016  53.3769  
5400  2.63016  54.4889  
5401  3.50688  -55.6009  
5402  3.50688  -54.4889  
5403  3.50688  -53.3769  
5404  3.50688  -52.2648  
5405  3.50688  -51.1528  
5406  3.50688  -50.0408  
5407  3.50688  -48.9288  
5408  3.50688  -47.8168  
5409  3.50688  -46.7047  
5410  3.50688  -45.5927  
5411  3.50688  -44.4807  
5412  3.50688  -43.3687  
5413  3.50688  -42.2567  
5414  3.50688  -41.1447  
5415  3.50688  -40.0326  
5416  3.50688  -38.9206  
5417  3.50688  -37.8086  
5418  3.50688  -36.6966  
5419  3.50688  -35.5846  
5420  3.50688  -34.4726  
5421  3.50688  -33.3605  
5422  3.50688  -32.2485  
5423  3.50688  -31.1365  
5424  3.50688  -30.0245  
5425  3.50688  -28.9125  
5426  3.50688  -27.8004  
5427  3.50688  -26.6884  
5428  3.50688  -25.5764  
5429  3.50688  -24.4644  
5430  3.50688  -23.3524  
5431  3.50688  -22.2404  
5432  3.50688  -21.1283  
5433  3.50688  -20.0163  
5434  3.50688  -18.9043  
5435  3.50688  -17.7923  
5436  3.50688  -16.6803  
5437  3.50688  -15.5682  
5438  3.50688  -14.4562  
5439  3.50688  -13.3442  
5440  3.50688  -12.2322  
5441  3.50688  -11.1202  
5442  3.50688  -10.0082  
5443  3.50688  -8.89614  
5444  3.50688  -7.78412  
5445  3.50688  -6.67211  
5446  3.50688  -5.56009  
5447  3.50688  -4.44807  
5448  3.50688  -3.33605  
5449  3.50688  -2.22404  
5450  3.50688  -1.11202  
5451  3.50688  0  
5452  3.50688  1.11202  
5453  3.50688  2.22404  
5454  3.50688  3.33605  
5455  3.50688  4.44807  
5456  3.50688  5.56009  
5457  3.50688  6.67211  
5458  3.50688  7.78412  
5459  3.50688  8.89614  
5460  3.50688  10.0082  
5461  3.50688  11.1202  
5462  3.50688  12.2322  
5463  3.50688  13.3442  
5464  3.50688  14.4562  
5465  3.50688  15.5682  
5466  3.50688  16.6803  
5467  3.50688  17.7923  
5468  3.50688  18.9043  
5469  3.50688  20.0163  
5470  3.50688  21.1283  
5471  3.50688  22.2404  
5472  3.50688  23.3524  
5473  3.50688  24.4644  
5474  3.50688  25.5764  
5475  3.50688  26.6884  
5476  3.50688  27.8004  
5477  3.50688  28.9125  
5478  3.50688  30.0245  
5479  3.50688  31.1365  
5480  3.50688  32.2485  
5481  3.50688  33.3605  
5482  3.50688  34.4726  
5483  3.50688  35.5846  
5484  3.50688  36.6966  
5485  3.50688  37.8086  
5486  3.50688  38.9206  
5487  3.50688  40.0326  
5488  3.50688  41.1447  
5489  3.50688  42.2567  
5490  3.50688  43.3687  
5491  3.50688  44.4807  
5492  3.50688  45.5927  
5493  3.50688  46.7047  
5494  3.50688  47.8168  
5495  3.50688  48.9288  
5496  3.50688  50.0408  
5497  3.50688  51.1528  
5498  3.50688  52.2648  
5499  3.50688  53.3769  
5500  3.50688  54.4889  
5501  4.3836  -55.6009  
5502  4.3836  -54.4889  
5503  4.3836  -53.3769  
5504  4.3836  -52.2648  
5505  4.3836  -51.1528  
5506  4.3836  -50.0408  
5507  4.3836  -48.9288  
5508  4.3836  -47.8168  
5509  4.3836  -46.7047  
5510  4.3836  -45.5927  
5511  4.3836  -44.4807  
5512  4.3836  -43.3687  
5513  4.3836  -42.2567  
5514  4.3836  -41.1447  
5515  4.3836  -40.0326  
5516  4.3836  -38.9206  
5517  4.3836  -37.8086  
5518  4.3836  -36.6966  
5519  4.3836  -35.5846  
5520  4.3836  -34.4726  
5521  4.3836  -33.3605  
5522  4.3836  -32.2485  
5523  4.3836  -31.1365  
5524  4.3836  -30.0245  
5525  4.3836  -28.9125  
5526  4.3836  -27.8004  
5527  4.3836  -26.6884  
5528  4.3836  -25.5764  
5529  4.3836  -24.4644  
5530  4.3836  -23.3524  
5531  4.3836  -22.2404  
5532  4.3836  -21.1283  
5533  4.3836  -20.0163  
5534  4.3836  -18.9043  
5535  4.3836  -17.7923  
5536  4.3836  -16.6803  
5537  4.3836  -15.5682  
5538  4.3836  -14.4562  
5539  4.3836  -13.3442  
5540  4.3836  -12.2322  
5541  4.3836  -11.1202  
5542  4.3836  -10.0082  
5543  4.3836  -8.89614  
5544  4.3836  -7.78412  
5545  4.3836  -6.67211  
5546  4.3836  -5.56009  
5547  4.3836  -4.44807  
5548  4.3836  -3.33605  
5549  4.3836  -2.22404  
5550  4.3836  -1.11202  
5551  4.3836  0  
5552  4.3836  1.11202  
5553  4.3836  2.22404  
5554  4.3836  3.33605  
5555  4.3836  4.44807  
5556  4.3836  5.56009  
5557  4.3836  6.67211  
5558  4.3836  7.78412  
5559  4.3836  8.89614  
5560  4.3836  10.0082  
5561  4.3836  11.1202  
5562  4.3836  12.2322  
5563  4.3836  13.3442  
5564  4.3836  14.4562  
5565  4.3836  15.5682  
5566  4.3836  16.6803  
5567  4.3836  17.7923  
5568  4.3836  18.9043  
5569  4.3836  20.0163  
5570  4.3836  21.1283  
5571  4.3836  22.2404  
5572  4.3836  23.3524  
5573  4.3836  24.4644  
5574  4.3836  25.5764  
5575  4.3836  26.6884  
5576  4.3836  27.8004  
5577  4.3836  28.9125  
5578  4.3836  30.0245  
5579  4.3836  31.1365  
5580  4.3836  32.2485  
5581  4.3836  33.3605  
5582  4.3836  34.4726  
5583  4.3836  35.5846  
5584  4.3836  36.6966  
5585  4.3836  37.8086  
5586  4.3836  38.9206  
5587  4.3836  40.0326  
5588  4.3836  41.1447  
5589  4.3836  42.2567  
5590  4.3836  43.3687  
5591  4.3836  44.4807  
5592  4.3836  45.5927  
5593  4.3836  46.7047  
5594  4.3836  47.8168  
5595  4.3836  48.9288  
5596  4.3836  50.0408  
5597  4.3836  51.1528  
5598  4.3836  52.2648  
5599  4.3836  53.3769  
5600  4.3836  54.4889  
5601  5.26032  -55.6009  
5602  5.26032  -54.4889  
5603  5.26032  -53.3769  
5604  5.26032  -52.2648  
5605  5.26032  -51.1528  
5606  5.26032  -50.0408  
5607  5.26032  -48.9288  
5608  5.26032  -47.8168  
5609  5.26032  -46.7047  
5610  5.26032  -45.5927  
5611  5.26032  -44.4807  
5612  5.26032  -43.3687  
5613  5.26032  -42.2567  
5614  5.26032  -41.1447  
5615  5.26032  -40.0326  
5616  5.26032  -38.9206  
5617  5.26032  -37.8086  
5618  5.26032  -36.6966  
5619  5.26032  -35.5846  
5620  5.26032  -34.4726  
5621  5.26032  -33.3605  
5622  5.26032  -32.2485  
5623  5.26032  -31.1365  
5624  5.26032  -30.0245  
5625  5.26032  -28.9125  
5626  5.26032  -27.8004  
5627  5.26032  -26.6884  
5628  5.26032  -25.5764  
5629  5.26032  -24.4644  
5630  5.26032  -23.3524  
5631  5.26032  -22.2404  
5632  5.26032  -21.1283  
5633  5.26032  -20.0163  
5634  5.26032  -18.9043  
5635  5.26032  -17.7923  
5636  5.26032  -16.6803  
5637  5.26032  -15.5682  
5638  5.26032  -14.4562  
5639  5.26032  -13.3442  
5640  5.26032  -12.2322  
5641  5.26032  -11.1202  
5642  5.26032  -10.0082  
5643  5.26032  -8.89614  
5644  5.26032  -7.78412  
5645  5.26032  -6.67211  
5646  5.26032  -5.56009  
5647  5.26032  -4.44807  
5648  5.26032  -3.33605  
5649  5.26032  -2.22404  
5650  5.26032  -1.11202  
5651  5.26032  0  
5652  5.26032  1.11202  
5653  5.26032  2.22404  
5654  5.26032  3.33605  
5655  5.26032  4.44807  
5656  5.26032  5.56009  
5657  5.26032  6.67211  
5658  5.26032  7.78412  
5659  5.26032  8.89614  
5660  5.26032  10.0082  
5661  5.26032  11.1202  
5662  5.26032  12.2322  
5663  5.26032  13.3442  
5664  5.26032  14.4562  
5665  5.26032  15.5682  
5666  5.26032  16.6803  
5667  5.26032  17.7923  
5668  5.26032  18.9043  
5669  5.26032  20.0163  
5670  5.26032  21.1283  
5671  5.26032  22.2404  
5672  5.26032  23.3524  
5673  5.26032  24.4644  
5674  5.26032  25.5764  
5675  5.26032  26.6884  
5676  5.26032  27.8004  
5677  5.26032  28.9125  
5678  5.26032  30.0245  
5679  5.26032  31.1365  
5680  5.26032  32.2485  
5681  5.26032  33.3605  
5682  5.26032  34.4726  
5683  5.26032  35.5846  
5684  5.26032  36.6966  
5685  5.26032  37.8086  
5686  5.26032  38.9206  
5687  5.26032  40.0326  
5688  5.26032  41.1447  
5689  5.26032  42.2567  
5690  5.26032  43.3687  
5691  5.26032  44.4807  
5692  5.26032  45.5927  
5693  5.26032  46.7047  
5694  5.26032  47.8168  
5695  5.26032  48.9288  
5696  5.26032  50.0408  
5697  5.26032  51.1528  
5698  5.26032  52.2648  
5699  5.26032  53.3769  
5700  5.26032  54.4889  
5701  6.13704  -55.6009  
5702  6.13704  -54.4889  
5703  6.13704  -53.3769  
5704  6.13704  -52.2648  
5705  6.13704  -51.1528  
5706  6.13704  -50.0408  
5707  6.13704  -48.9288  
5708  6.13704  -47.8168  
5709  6.13704  -46.7047  
5710  6.13704  -45.5927  
5711  6.13704  -44.4807  
5712  6.13704  -43.3687  
5713  6.13704  -42.2567  
5714  6.13704  -41.1447  
5715  6.13704  -40.0326  
5716  6.13704  -38.9206  
5717  6.13704  -37.8086  
5718  6.13704  -36.6966  
5719  6.13704  -35.5846  
5720  6.13704  -34.4726  
5721  6.13704  -33.3605  
5722  6.13704  -32.2485  
5723  6.13704  -31.1365  
5724  6.13704  -30.0245  
5725  6.13704  -28.9125  
5726  6.13704  -27.8004  
5727  6.13704  -26.6884  
5728  6.13704  -25.5764  
5729  6.13704  -24.4644  
5730  6.13704  -23.3524  
5731  6.13704  -22.2404  
5732  6.13704  -21.1283  
5733  6.13704  -20.0163  
5734  6.13704  -18.9043  
5735  6.13704  -17.7923  
5736  6.13704  -16.6803  
5737  6.13704  -15.5682  
5738  6.13704  -14.4562  
5739  6.13704  -13.3442  
5740  6.13704  -12.2322  
5741  6.13704  -11.1202  
5742  6.13704  -10.0082  
5743  6.13704  -8.89614  
5744  6.13704  -7.78412  
5745  6.13704  -6.67211  
5746  6.13704  -5.56009  
5747  6.13704  -4.44807  
5748  6.13704  -3.33605  
5749  6.13704  -2.22404  
5750  6.13704  -1.11202  
5751  6.13704  0  
5752  6.13704  1.11202  
5753  6.13704  2.22404  
5754  6.13704  3.33605  
5755  6.13704  4.44807  
5756  6.13704  5.56009  
5757  6.13704  6.67211  
5758  6.13704  7.78412  
5759  6.13704  8.89614  
5760  6.13704  10.0082  
5761  6.13704  11.1202  
5762  6.13704  12.2322  
5763  6.13704  13.3442  
5764  6.13704  14.4562  
5765  6.13704  15.5682  
5766  6.13704  16.6803  
5767  6.13704  17.7923  
5768  6.13704  18.9043  
5769  6.13704  20.0163  
5770  6.13704  21.1283  
5771  6.13704  22.2404  
5772  6.13704  23.3524  
5773  6.13704  24.4644  
5774  6.13704  25.5764  
5775  6.13704  26.6884  
5776  6.13704  27.8004  
5777  6.13704  28.9125  
5778  6.13704  30.0245  
5779  6.13704  31.1365  
5780  6.13704  32.2485  
5781  6.13704  33.3605  
5782  6.13704  34.4726  
5783  6.13704  35.5846  
5784  6.13704  36.6966  
5785  6.13704  37.8086  
5786  6.13704  38.9206  
5787  6.13704  40.0326  
5788  6.13704  41.1447  
5789  6.13704  42.2567  
5790  6.13704  43.3687  
5791  6.13704  44.4807  
5792  6.13704  45.5927  
5793  6.13704  46.7047  
5794  6.13704  47.8168  
5795  6.13704  48.9288  
5796  6.13704  50.0408  
5797  6.13704  51.1528  
5798  6.13704  52.2648  
5799  6.13704  53.3769  
5800  6.13704  54.4889  
5801  7.01376  -55.6009  
5802  7.01376  -54.4889  
5803  7.01376  -53.3769  
5804  7.01376  -52.2648  
5805  7.01376  -51.1528  
5806  7.01376  -50.0408  
5807  7.01376  -48.9288  
5808  7.01376  -47.8168  
5809  7.01376  -46.7047  
5810  7.01376  -45.5927  
5811  7.01376  -44.4807  
5812  7.01376  -43.3687  
5813  7.01376  -42.2567  
5814  7.01376  -41.1447  
5815  7.01376  -40.0326  
5816  7.01376  -38.9206  
5817  7.01376  -37.8086  
5818  7.01376  -36.6966  
5819  7.01376  -35.5846  
5820  7.01376  -34.4726  
5821  7.01376  -33.3605  
5822  7.01376  -32.2485  
5823  7.01376  -31.1365  
5824  7.01376  -30.0245  
5825  7.01376  -28.9125  
5826  7.01376  -27.8004  
5827  7.01376  -26.6884  
5828  7.01376  -25.5764  
5829  7.01376  -24.4644  
5830  7.01376  -23.3524  
5831  7.01376  -22.2404  
5832  7.01376  -21.1283  
5833  7.01376  -20.0163  
5834  7.01376  -18.9043  
5835  7.01376  -17.7923  
5836  7.01376  -16.6803  
5837  7.01376  -15.5682  
5838  7.01376  -14.4562  
5839  7.01376  -13.3442  
5840  7.01376  -12.2322  
5841  7.01376  -11.1202  
5842  7.01376  -10.0082  
5843  7.01376  -8.89614  
5844  7.01376  -7.78412  
5845  7.01376  -6.67211  
5846  7.01376  -5.56009  
5847  7.01376  -4.44807  
5848  7.01376  -3.33605  
5849  7.01376  -2.22404  
5850  7.01376  -1.11202  
5851  7.01376  0  
5852  7.01376  1.11202  
5853  7.01376  2.22404  
5854  7.01376  3.33605  
5855  7.01376  4.44807  
5856  7.01376  5.56009  
5857  7.01376  6.67211  
5858  7.01376  7.78412  
5859  7.01376  8.89614  
5860  7.01376  10.0082  
5861  7.01376  11.1202  
5862  7.01376  12.2322  
5863  7.01376  13.3442  
5864  7.01376  14.4562  
5865  7.01376  15.5682  
5866  7.01376  16.6803  
5867  7.01376  17.7923  
5868  7.01376  18.9043  
5869  7.01376  20.0163  
5870  7.01376  21.1283  
5871  7.01376  22.2404  
5872  7.01376  23.3524  
5873  7.01376  24.4644  
5874  7.01376  25.5764  
5875  7.01376  26.6884  
5876  7.01376  27.8004  
5877  7.01376  28.9125  
5878  7.01376  30.0245  
5879  7.01376  31.1365  
5880  7.01376  32.2485  
5881  7.01376  33.3605  
5882  7.01376  34.4726  
5883  7.01376  35.5846  
5884  7.01376  36.6966  
5885  7.01376  37.8086  
5886  7.01376  38.9206  
5887  7.01376  40.0326  
5888  7.01376  41.1447  
5889  7.01376  42.2567  
5890  7.01376  43.3687  
5891  7.01376  44.4807  
5892  7.01376  45.5927  
5893  7.01376  46.7047  
5894  7.01376  47.8168  
5895  7.01376  48.9288  
5896  7.01376  50.0408  
5897  7.01376  51.1528  
5898  7.01376  52.2648  
5899  7.01376  53.3769  
5900  7.01376  54.4889  
5901  7.89048  -55.6009  
5902  7.89048  -54.4889  
5903  7.89048  -53.3769  
5904  7.89048  -52.2648  
5905  7.89048  -51.1528  
5906  7.89048  -50.0408  
5907  7.89048  -48.9288  
5908  7.89048  -47.8168  
5909  7.89048  -46.7047  
5910  7.89048  -45.5927  
5911  7.89048  -44.4807  
5912  7.89048  -43.3687  
5913  7.89048  -42.2567  
5914  7.89048  -41.1447  
5915  7.89048  -40.0326  
5916  7.89048  -38.9206  
5917  7.89048  -37.8086  
5918  7.89048  -36.6966  
5919  7.89048  -35.5846  
5920  7.89048  -34.4726  
5921  7.89048  -33.3605  
5922  7.89048  -32.2485  
5923  7.89048  -31.1365  
5924  7.89048  -30.0245  
5925  7.89048  -28.9125  
5926  7.89048  -27.8004  
5927  7.89048  -26.6884  
5928  7.89048  -25.5764  
5929  7.89048  -24.4644  
5930  7.89048  -23.3524  
5931  7.89048  -22.2404  
5932  7.89048  -21.1283  
5933  7.89048  -20.0163  
5934  7.89048  -18.9043  
5935  7.89048  -17.7923  
5936  7.89048  -16.6803  
5937  7.89048  -15.5682  
5938  7.89048  -14.4562  
5939  7.89048  -13.3442  
5940  7.89048  -12.2322  
5941  7.89048  -11.1202  
5942  7.89048  -10.0082  
5943  7.89048  -8.89614  
5944  7.89048  -7.78412  
5945  7.89048  -6.67211  
5946  7.89048  -5.56009  
5947  7.89048  -4.44807  
5948  7.89048  -3.33605  
5949  7.89048  -2.22404  
5950  7.89048  -1.11202  
5951  7.89048  0  
5952  7.89048  1.11202  
5953  7.89048  2.22404  
5954  7.89048  3.33605  
5955  7.89048  4.44807  
5956  7.89048  5.56009  
5957  7.89048  6.67211  
5958  7.89048  7.78412  
5959  7.89048  8.89614  
5960  7.89048  10.0082  
5961  7.89048  11.1202  
5962  7.89048  12.2322  
5963  7.89048  13.3442  
5964  7.89048  14.4562  
5965  7.89048  15.5682  
5966  7.89048  16.6803  
5967  7.89048  17.7923  
5968  7.89048  18.9043  
5969  7.89048  20.0163  
5970  7.89048  21.1283  
5971  7.89048  22.2404  
5972  7.89048  23.3524  
5973  7.89048  24.4644  
5974  7.89048  25.5764  
5975  7.89048  26.6884  
5976  7.89048  27.8004  
5977  7.89048  28.9125  
5978  7.89048  30.0245  
5979  7.89048  31.1365  
5980  7.89048  32.2485  
5981  7.89048  33.3605  
5982  7.89048  34.4726  
5983  7.89048  35.5846  
5984  7.89048  36.6966  
5985  7.89048  37.8086  
5986  7.89048  38.9206  
5987  7.89048  40.0326  
5988  7.89048  41.1447  
5989  7.89048  42.2567  
5990  7.89048  43.3687  
5991  7.89048  44.4807  
5992  7.89048  45.5927  
5993  7.89048  46.7047  
5994  7.89048  47.8168  
5995  7.89048  48.9288  
5996  7.89048  50.0408  
5997  7.89048  51.1528  
5998  7.89048  52.2648  
5999  7.89048  53.3769  
6000  7.89048  54.4889  
6001  8.7672  -55.6009  
6002  8.7672  -54.4889  
6003  8.7672  -53.3769  
6004  8.7672  -52.2648  
6005  8.7672  -51.1528  
6006  8.7672  -50.0408  
6007  8.7672  -48.9288  
6008  8.7672  -47.8168  
6009  8.7672  -46.7047  
6010  8.7672  -45.5927  
6011  8.7672  -44.4807  
6012  8.7672  -43.3687  
6013  8.7672  -42.2567  
6014  8.7672  -41.1447  
6015  8.7672  -40.0326  
6016  8.7672  -38.9206  
6017  8.7672  -37.8086  
6018  8.7672  -36.6966  
6019  8.7672  -35.5846  
6020  8.7672  -34.4726  
6021  8.7672  -33.3605  
6022  8.7672  -32.2485  
6023  8.7672  -31.1365  
6024  8.7672  -30.0245  
6025  8.7672  -28.9125  
6026  8.7672  -27.8004  
6027  8.7672  -26.6884  
6028  8.7672  -25.5764  
6029  8.7672  -24.4644  
6030  8.7672  -23.3524  
6031  8.7672  -22.2404  
6032  8.7672  -21.1283  
6033  8.7672  -20.0163  
6034  8.7672  -18.9043  
6035  8.7672  -17.7923  
6036  8.7672  -16.6803  
6037  8.7672  -15.5682  
6038  8.7672  -14.4562  
6039  8.7672  -13.3442  
6040  8.7672  -12.2322  
6041  8.7672  -11.1202  
6042  8.7672  -10.0082  
6043  8.7672  -8.89614  
6044  8.7672  -7.78412  
6045  8.7672  -6.67211  
6046  8.7672  -5.56009  
6047  8.7672  -4.44807  
6048  8.7672  -3.33605  
6049  8.7672  -2.22404  
6050  8.7672  -1.11202  
6051  8.7672  0  
6052  8.7672  1.11202  
6053  8.7672  2.22404  
6054  8.7672  3.33605  
6055  8.7672  4.44807  
6056  8.7672  5.56009  
6057  8.7672  6.67211  
6058  8.7672  7.78412  
6059  8.7672  8.89614  
6060  8.7672  10.0082  
6061  8.7672  11.1202  
6062  8.7672  12.2322  
6063  8.7672  13.3442  
6064  8.7672  14.4562  
6065  8.7672  15.5682  
6066  8.7672  16.6803  
6067  8.7672  17.7923  
6068  8.7672  18.9043  
6069  8.7672  20.0163  
6070  8.7672  21.1283  
6071  8.7672  22.2404  
6072  8.7672  23.3524  
6073  8.7672  24.4644  
6074  8.7672  25.5764  
6075  8.7672  26.6884  
6076  8.7672  27.8004  
6077  8.7672  28.9125  
6078  8.7672  30.0245  
6079  8.7672  31.1365  
6080  8.7672  32.2485  
6081  8.7672  33.3605  
6082  8.7672  34.4726  
6083  8.7672  35.5846  
6084  8.7672  36.6966  
6085  8.7672  37.8086  
6086  8.7672  38.9206  
6087  8.7672  40.0326  
6088  8.7672  41.1447  
6089  8.7672  42.2567  
6090  8.7672  43.3687  
6091  8.7672  44.4807  
6092  8.7672  45.5927  
6093  8.7672  46.7047  
6094  8.7672  47.8168  
6095  8.7672  48.9288  
6096  8.7672  50.0408  
6097  8.7672  51.1528  
6098  8.7672  52.2648  
6099  8.7672  53.3769  
6100  8.7672  54.4889  
6101  9.64392  -55.6009  
6102  9.64392  -54.4889  
6103  9.64392  -53.3769  
6104  9.64392  -52.2648  
6105  9.64392  -51.1528  
6106  9.64392  -50.0408  
6107  9.64392  -48.9288  
6108  9.64392  -47.8168  
6109  9.64392  -46.7047  
6110  9.64392  -45.5927  
6111  9.64392  -44.4807  
6112  9.64392  -43.3687  
6113  9.64392  -42.2567  
6114  9.64392  -41.1447  
6115  9.64392  -40.0326  
6116  9.64392  -38.9206  
6117  9.64392  -37.8086  
6118  9.64392  -36.6966  
6119  9.64392  -35.5846  
6120  9.64392  -34.4726  
6121  9.64392  -33.3605  
6122  9.64392  -32.2485  
6123  9.64392  -31.1365  
6124  9.64392  -30.0245  
6125  9.64392  -28.9125  
6126  9.64392  -27.8004  
6127  9.64392  -26.6884  
6128  9.64392  -25.5764  
6129  9.64392  -24.4644  
6130  9.64392  -23.3524  
6131  9.64392  -22.2404  
6132  9.64392  -21.1283  
6133  9.64392  -20.0163  
6134  9.64392  -18.9043  
6135  9.64392  -17.7923  
6136  9.64392  -16.6803  
6137  9.64392  -15.5682  
6138  9.64392  -14.4562  
6139  9.64392  -13.3442  
6140  9.64392  -12.2322  
6141  9.64392  -11.1202  
6142  9.64392  -10.0082  
6143  9.64392  -8.89614  
6144  9.64392  -7.78412  
6145  9.64392  -6.67211  
6146  9.64392  -5.56009  
6147  9.64392  -4.44807  
6148  9.64392  -3.33605  
6149  9.64392  -2.22404  
6150  9.64392  -1.11202  
6151  9.64392  0  
6152  9.64392  1.11202  
6153  9.64392  2.22404  
6154  9.64392  3.33605  
6155  9.64392  4.44807  
6156  9.64392  5.56009  
6157  9.64392  6.67211  
6158  9.64392  7.78412  
6159  9.64392  8.89614  
6160  9.64392  10.0082  
6161  9.64392  11.1202  
6162  9.64392  12.2322  
6163  9.64392  13.3442  
6164  9.64392  14.4562  
6165  9.64392  15.5682  
6166  9.64392  16.6803  
6167  9.64392  17.7923  
6168  9.64392  18.9043  
6169  9.64392  20.0163  
6170  9.64392  21.1283  
6171  9.64392  22.2404  
6172  9.64392  23.3524  
6173  9.64392  24.4644  
6174  9.64392  25.5764  
6175  9.64392  26.6884  
6176  9.64392  27.8004  
6177  9.64392  28.9125  
6178  9.64392  30.0245  
6179  9.64392  31.1365  
6180  9.64392  32.2485  
6181  9.64392  33.3605  
6182  9.64392  34.4726  
6183  9.64392  35.5846  
6184  9.64392  36.6966  
6185  9.64392  37.8086  
6186  9.64392  38.9206  
6187  9.64392  40.0326  
6188  9.64392  41.1447  
6189  9.64392  42.2567  
6190  9.64392  43.3687  
6191  9.64392  44.4807  
6192  9.64392  45.5927  
6193  9.64392  46.7047  
6194  9.64392  47.8168  
6195  9.64392  48.9288  
6196  9.64392  50.0408  
6197  9.64392  51.1528  
6198  9.64392  52.2648  
6199  9.64392  53.3769  
6200  9.64392  54.4889  
6201  10.5206  -55.6009  
6202  10.5206  -54.4889  
6203  10.5206  -53.3769  
6204  10.5206  -52.2648  
6205  10.5206  -51.1528  
6206  10.5206  -50.0408  
6207  10.5206  -48.9288  
6208  10.5206  -47.8168  
6209  10.5206  -46.7047  
6210  10.5206  -45.5927  
6211  10.5206  -44.4807  
6212  10.5206  -43.3687  
6213  10.5206  -42.2567  
6214  10.5206  -41.1447  
6215  10.5206  -40.0326  
6216  10.5206  -38.9206  
6217  10.5206  -37.8086  
6218  10.5206  -36.6966  
6219  10.5206  -35.5846  
6220  10.5206  -34.4726  
6221  10.5206  -33.3605  
6222  10.5206  -32.2485  
6223  10.5206  -31.1365  
6224  10.5206  -30.0245  
6225  10.5206  -28.9125  
6226  10.5206  -27.8004  
6227  10.5206  -26.6884  
6228  10.5206  -25.5764  
6229  10.5206  -24.4644  
6230  10.5206  -23.3524  
6231  10.5206  -22.2404  
6232  10.5206  -21.1283  
6233  10.5206  -20.0163  
6234  10.5206  -18.9043  
6235  10.5206  -17.7923  
6236  10.5206  -16.6803  
6237  10.5206  -15.5682  
6238  10.5206  -14.4562  
6239  10.5206  -13.3442  
6240  10.5206  -12.2322  
6241  10.5206  -11.1202  
6242  10.5206  -10.0082  
6243  10.5206  -8.89614  
6244  10.5206  -7.78412  
6245  10.5206  -6.67211  
6246  10.5206  -5.56009  
6247  10.5206  -4.44807  
6248  10.5206  -3.33605  
6249  10.5206  -2.22404  
6250  10.5206  -1.11202  
6251  10.5206  0  
6252  10.5206  1.11202  
6253  10.5206  2.22404  
6254  10.5206  3.33605  
6255  10.5206  4.44807  
6256  10.5206  5.56009  
6257  10.5206  6.67211  
6258  10.5206  7.78412  
6259  10.5206  8.89614  
6260  10.5206  10.0082  
6261  10.5206  11.1202  
6262  10.5206  12.2322  
6263  10.5206  13.3442  
6264  10.5206  14.4562  
6265  10.5206  15.5682  
6266  10.5206  16.6803  
6267  10.5206  17.7923  
6268  10.5206  18.9043  
6269  10.5206  20.0163  
6270  10.5206  21.1283  
6271  10.5206  22.2404  
6272  10.5206  23.3524  
6273  10.5206  24.4644  
6274  10.5206  25.5764  
6275  10.5206  26.6884  
6276  10.5206  27.8004  
6277  10.5206  28.9125  
6278  10.5206  30.0245  
6279  10.5206  31.1365  
6280  10.5206  32.2485  
6281  10.5206  33.3605  
6282  10.5206  34.4726  
6283  10.5206  35.5846  
6284  10.5206  36.6966  
6285  10.5206  37.8086  
6286  10.5206  38.9206  
6287  10.5206  40.0326  
6288  10.5206  41.1447  
6289  10.5206  42.2567  
6290  10.5206  43.3687  
6291  10.5206  44.4807  
6292  10.5206  45.5927  
6293  10.5206  46.7047  
6294  10.5206  47.8168  
6295  10.5206  48.9288  
6296  10.5206  50.0408  
6297  10.5206  51.1528  
6298  10.5206  52.2648  
6299  10.5206  53.3769  
6300  10.5206  54.4889  
6301  11.3974  -55.6009  
6302  11.3974  -54.4889  
6303  11.3974  -53.3769  
6304  11.3974  -52.2648  
6305  11.3974  -51.1528  
6306  11.3974  -50.0408  
6307  11.3974  -48.9288  
6308  11.3974  -47.8168  
6309  11.3974  -46.7047  
6310  11.3974  -45.5927  
6311  11.3974  -44.4807  
6312  11.3974  -43.3687  
6313  11.3974  -42.2567  
6314  11.3974  -41.1447  
6315  11.3974  -40.0326  
6316  11.3974  -38.9206  
6317  11.3974  -37.8086  
6318  11.3974  -36.6966  
6319  11.3974  -35.5846  
6320  11.3974  -34.4726  
6321  11.3974  -33.3605  
6322  11.3974  -32.2485  
6323  11.3974  -31.1365  
6324  11.3974  -30.0245  
6325  11.3974  -28.9125  
6326  11.3974  -27.8004  
6327  11.3974  -26.6884  
6328  11.3974  -25.5764  
6329  11.3974  -24.4644  
6330  11.3974  -23.3524  
6331  11.3974  -22.2404  
6332  11.3974  -21.1283  
6333  11.3974  -20.0163  
6334  11.3974  -18.9043  
6335  11.3974  -17.7923  
6336  11.3974  -16.6803  
6337  11.3974  -15.5682  
6338  11.3974  -14.4562  
6339  11.3974  -13.3442  
6340  11.3974  -12.2322  
6341  11.3974  -11.1202  
6342  11.3974  -10.0082  
6343  11.3974  -8.89614  
6344  11.3974  -7.78412  
6345  11.3974  -6.67211  
6346  11.3974  -5.56009  
6347  11.3974  -4.44807  
6348  11.3974  -3.33605  
6349  11.3974  -2.22404  
6350  11.3974  -1.11202  
6351  11.3974  0  
6352  11.3974  1.11202  
6353  11.3974  2.22404  
6354  11.3974  3.33605  
6355  11.3974  4.44807  
6356  11.3974  5.56009  
6357  11.3974  6.67211  
6358  11.3974  7.78412  
6359  11.3974  8.89614  
6360  11.3974  10.0082  
6361  11.3974  11.1202  
6362  11.3974  12.2322  
6363  11.3974  13.3442  
6364  11.3974  14.4562  
6365  11.3974  15.5682  
6366  11.3974  16.6803  
6367  11.3974  17.7923  
6368  11.3974  18.9043  
6369  11.3974  20.0163  
6370  11.3974  21.1283  
6371  11.3974  22.2404  
6372  11.3974  23.3524  
6373  11.3974  24.4644  
6374  11.3974  25.5764  
6375  11.3974  26.6884  
6376  11.3974  27.8004  
6377  11.3974  28.9125  
6378  11.3974  30.0245  
6379  11.3974  31.1365  
6380  11.3974  32.2485  
6381  11.3974  33.3605  
6382  11.3974  34.4726  
6383  11.3974  35.5846  
6384  11.3974  36.6966  
6385  11.3974  37.8086  
6386  11.3974  38.9206  
6387  11.3974  40.0326  
6388  11.3974  41.1447  
6389  11.3974  42.2567  
6390  11.3974  43.3687  
6391  11.3974  44.4807  
6392  11.3974  45.5927  
6393  11.3974  46.7047  
6394  11.3974  47.8168  
6395  11.3974  48.9288  
6396  11.3974  50.0408  
6397  11.3974  51.1528  
6398  11.3974  52.2648  
6399  11.3974  53.3769  
6400  11.3974  54.4889  
6401  12.2741  -55.6009  
6402  12.2741  -54.4889  
6403  12.2741  -53.3769  
6404  12.2741  -52.2648  
6405  12.2741  -51.1528  
6406  12.2741  -50.0408  
6407  12.2741  -48.9288  
6408  12.2741  -47.8168  
6409  12.2741  -46.7047  
6410  12.2741  -45.5927  
6411  12.2741  -44.4807  
6412  12.2741  -43.3687  
6413  12.2741  -42.2567  
6414  12.2741  -41.1447  
6415  12.2741  -40.0326  
6416  12.2741  -38.9206  
6417  12.2741  -37.8086  
6418  12.2741  -36.6966  
6419  12.2741  -35.5846  
6420  12.2741  -34.4726  
6421  12.2741  -33.3605  
6422  12.2741  -32.2485  
6423  12.2741  -31.1365  
6424  12.2741  -30.0245  
6425  12.2741  -28.9125  
6426  12.2741  -27.8004  
6427  12.2741  -26.6884  
6428  12.2741  -25.5764  
6429  12.2741  -24.4644  
6430  12.2741  -23.3524  
6431  12.2741  -22.2404  
6432  12.2741  -21.1283  
6433  12.2741  -20.0163  
6434  12.2741  -18.9043  
6435  12.2741  -17.7923  
6436  12.2741  -16.6803  
6437  12.2741  -15.5682  
6438  12.2741  -14.4562  
6439  12.2741  -13.3442  
6440  12.2741  -12.2322  
6441  12.2741  -11.1202  
6442  12.2741  -10.0082  
6443  12.2741  -8.89614  
6444  12.2741  -7.78412  
6445  12.2741  -6.67211  
6446  12.2741  -5.56009  
6447  12.2741  -4.44807  
6448  12.2741  -3.33605  
6449  12.2741  -2.22404  
6450  12.2741  -1.11202  
6451  12.2741  0  
6452  12.2741  1.11202  
6453  12.2741  2.22404  
6454  12.2741  3.33605  
6455  12.2741  4.44807  
6456  12.2741  5.56009  
6457  12.2741  6.67211  
6458  12.2741  7.78412  
6459  12.2741  8.89614  
6460  12.2741  10.0082  
6461  12.2741  11.1202  
6462  12.2741  12.2322  
6463  12.2741  13.3442  
6464  12.2741  14.4562  
6465  12.2741  15.5682  
6466  12.2741  16.6803  
6467  12.2741  17.7923  
6468  12.2741  18.9043  
6469  12.2741  20.0163  
6470  12.2741  21.1283  
6471  12.2741  22.2404  
6472  12.2741  23.3524  
6473  12.2741  24.4644  
6474  12.2741  25.5764  
6475  12.2741  26.6884  
6476  12.2741  27.8004  
6477  12.2741  28.9125  
6478  12.2741  30.0245  
6479  12.2741  31.1365  
6480  12.2741  32.2485  
6481  12.2741  33.3605  
6482  12.2741  34.4726  
6483  12.2741  35.5846  
6484  12.2741  36.6966  
6485  12.2741  37.8086  
6486  12.2741  38.9206  
6487  12.2741  40.0326  
6488  12.2741  41.1447  
6489  12.2741  42.2567  
6490  12.2741  43.3687  
6491  12.2741  44.4807  
6492  12.2741  45.5927  
6493  12.2741  46.7047  
6494  12.2741  47.8168  
6495  12.2741  48.9288  
6496  12.2741  50.0408  
6497  12.2741  51.1528  
6498  12.2741  52.2648  
6499  12.2741  53.3769  
6500  12.2741  54.4889  
6501  13.1508  -55.6009  
6502  13.1508  -54.4889  
6503  13.1508  -53.3769  
6504  13.1508  -52.2648  
6505  13.1508  -51.1528  
6506  13.1508  -50.0408  
6507  13.1508  -48.9288  
6508  13.1508  -47.8168  
6509  13.1508  -46.7047  
6510  13.1508  -45.5927  
6511  13.1508  -44.4807  
6512  13.1508  -43.3687  
6513  13.1508  -42.2567  
6514  13.1508  -41.1447  
6515  13.1508  -40.0326  
6516  13.1508  -38.9206  
6517  13.1508  -37.8086  
6518  13.1508  -36.6966  
6519  13.1508  -35.5846  
6520  13.1508  -34.4726  
6521  13.1508  -33.3605  
6522  13.1508  -32.2485  
6523  13.1508  -31.1365  
6524  13.1508  -30.0245  
6525  13.1508  -28.9125  
6526  13.1508  -27.8004  
6527  13.1508  -26.6884  
6528  13.1508  -25.5764  
6529  13.1508  -24.4644  
6530  13.1508  -23.3524  
6531  13.1508  -22.2404  
6532  13.1508  -21.1283  
6533  13.1508  -20.0163  
6534  13.1508  -18.9043  
6535  13.1508  -17.7923  
6536  13.1508  -16.6803  
6537  13.1508  -15.5682  
6538  13.1508  -14.4562  
6539  13.1508  -13.3442  
6540  13.1508  -12.2322  
6541  13.1508  -11.1202  
6542  13.1508  -10.0082  
6543  13.1508  -8.89614  
6544  13.1508  -7.78412  
6545  13.1508  -6.67211  
6546  13.1508  -5.56009  
6547  13.1508  -4.44807  
6548  13.1508  -3.33605  
6549  13.1508  -2.22404  
6550  13.1508  -1.11202  
6551  13.1508  0  
6552  13.1508  1.11202  
6553  13.1508  2.22404  
6554  13.1508  3.33605  
6555  13.1508  4.44807  
6556  13.1508  5.56009  
6557  13.1508  6.67211  
6558  13.1508  7.78412  
6559  13.1508  8.89614  
6560  13.1508  10.0082  
6561  13.1508  11.1202  
6562  13.1508  12.2322  
6563  13.1508  13.3442  
6564  13.1508  14.4562  
6565  13.1508  15.5682  
6566  13.1508  16.6803  
6567  13.1508  17.7923  
6568  13.1508  18.9043  
6569  13.1508  20.0163  
6570  13.1508  21.1283  
6571  13.1508  22.2404  
6572  13.1508  23.3524  
6573  13.1508  24.4644  
6574  13.1508  25.5764  
6575  13.1508  26.6884  
6576  13.1508  27.8004  
6577  13.1508  28.9125  
6578  13.1508  30.0245  
6579  13.1508  31.1365  
6580  13.1508  32.2485  
6581  13.1508  33.3605  
6582  13.1508  34.4726  
6583  13.1508  35.5846  
6584  13.1508  36.6966  
6585  13.1508  37.8086  
6586  13.1508  38.9206  
6587  13.1508  40.0326  
6588  13.1508  41.1447  
6589  13.1508  42.2567  
6590  13.1508  43.3687  
6591  13.1508  44.4807  
6592  13.1508  45.5927  
6593  13.1508  46.7047  
6594  13.1508  47.8168  
6595  13.1508  48.9288  
6596  13.1508  50.0408  
6597  13.1508  51.1528  
6598  13.1508  52.2648  
6599  13.1508  53.3769  
6600  13.1508  54.4889  
6601  14.0275  -55.6009  
6602  14.0275  -54.4889  
6603  14.0275  -53.3769  
6604  14.0275  -52.2648  
6605  14.0275  -51.1528  
6606  14.0275  -50.0408  
6607  14.0275  -48.9288  
6608  14.0275  -47.8168  
6609  14.0275  -46.7047  
6610  14.0275  -45.5927  
6611  14.0275  -44.4807  
6612  14.0275  -43.3687  
6613  14.0275  -42.2567  
6614  14.0275  -41.1447  
6615  14.0275  -40.0326  
6616  14.0275  -38.9206  
6617  14.0275  -37.8086  
6618  14.0275  -36.6966  
6619  14.0275  -35.5846  
6620  14.0275  -34.4726  
6621  14.0275  -33.3605  
6622  14.0275  -32.2485  
6623  14.0275  -31.1365  
6624  14.0275  -30.0245  
6625  14.0275  -28.9125  
6626  14.0275  -27.8004  
6627  14.0275  -26.6884  
6628  14.0275  -25.5764  
6629  14.0275  -24.4644  
6630  14.0275  -23.3524  
6631  14.0275  -22.2404  
6632  14.0275  -21.1283  
6633  14.0275  -20.0163  
6634  14.0275  -18.9043  
6635  14.0275  -17.7923  
6636  14.0275  -16.6803  
6637  14.0275  -15.5682  
6638  14.0275  -14.4562  
6639  14.0275  -13.3442  
6640  14.0275  -12.2322  
6641  14.0275  -11.1202  
6642  14.0275  -10.0082  
6643  14.0275  -8.89614  
6644  14.0275  -7.78412  
6645  14.0275  -6.67211  
6646  14.0275  -5.56009  
6647  14.0275  -4.44807  
6648  14.0275  -3.33605  
6649  14.0275  -2.22404  
6650  14.0275  -1.11202  
6651  14.0275  0  
6652  14.0275  1.11202  
6653  14.0275  2.22404  
6654  14.0275  3.33605  
6655  14.0275  4.44807  
6656  14.0275  5.56009  
6657  14.0275  6.67211  
6658  14.0275  7.78412  
6659  14.0275  8.89614  
6660  14.0275  10.0082  
6661  14.0275  11.1202  
6662  14.0275  12.2322  
6663  14.0275  13.3442  
6664  14.0275  14.4562  
6665  14.0275  15.5682  
6666  14.0275  16.6803  
6667  14.0275  17.7923  
6668  14.0275  18.9043  
6669  14.0275  20.0163  
6670  14.0275  21.1283  
6671  14.0275  22.2404  
6672  14.0275  23.3524  
6673  14.0275  24.4644  
6674  14.0275  25.5764  
6675  14.0275  26.6884  
6676  14.0275  27.8004  
6677  14.0275  28.9125  
6678  14.0275  30.0245  
6679  14.0275  31.1365  
6680  14.0275  32.2485  
6681  14.0275  33.3605  
6682  14.0275  34.4726  
6683  14.0275  35.5846  
6684  14.0275  36.6966  
6685  14.0275  37.8086  
6686  14.0275  38.9206  
6687  14.0275  40.0326  
6688  14.0275  41.1447  
6689  14.0275  42.2567  
6690  14.0275  43.3687  
6691  14.0275  44.4807  
6692  14.0275  45.5927  
6693  14.0275  46.7047  
6694  14.0275  47.8168  
6695  14.0275  48.9288  
6696  14.0275  50.0408  
6697  14.0275  51.1528  
6698  14.0275  52.2648  
6699  14.0275  53.3769  
6700  14.0275  54.4889  
6701  14.9042  -55.6009  
6702  14.9042  -54.4889  
6703  14.9042  -53.3769  
6704  14.9042  -52.2648  
6705  14.9042  -51.1528  
6706  14.9042  -50.0408  
6707  14.9042  -48.9288  
6708  14.9042  -47.8168  
6709  14.9042  -46.7047  
6710  14.9042  -45.5927  
6711  14.9042  -44.4807  
6712  14.9042  -43.3687  
6713  14.9042  -42.2567  
6714  14.9042  -41.1447  
6715  14.9042  -40.0326  
6716  14.9042  -38.9206  
6717  14.9042  -37.8086  
6718  14.9042  -36.6966  
6719  14.9042  -35.5846  
6720  14.9042  -34.4726  
6721  14.9042  -33.3605  
6722  14.9042  -32.2485  
6723  14.9042  -31.1365  
6724  14.9042  -30.0245  
6725  14.9042  -28.9125  
6726  14.9042  -27.8004  
6727  14.9042  -26.6884  
6728  14.9042  -25.5764  
6729  14.9042  -24.4644  
6730  14.9042  -23.3524  
6731  14.9042  -22.2404  
6732  14.9042  -21.1283  
6733  14.9042  -20.0163  
6734  14.9042  -18.9043  
6735  14.9042  -17.7923  
6736  14.9042  -16.6803  
6737  14.9042  -15.5682  
6738  14.9042  -14.4562  
6739  14.9042  -13.3442  
6740  14.9042  -12.2322  
6741  14.9042  -11.1202  
6742  14.9042  -10.0082  
6743  14.9042  -8.89614  
6744  14.9042  -7.78412  
6745  14.9042  -6.67211  
6746  14.9042  -5.56009  
6747  14.9042  -4.44807  
6748  14.9042  -3.33605  
6749  14.9042  -2.22404  
6750  14.9042  -1.11202  
6751  14.9042  0  
6752  14.9042  1.11202  
6753  14.9042  2.22404  
6754  14.9042  3.33605  
6755  14.9042  4.44807  
6756  14.9042  5.56009  
6757  14.9042  6.67211  
6758  14.9042  7.78412  
6759  14.9042  8.89614  
6760  14.9042  10.0082  
6761  14.9042  11.1202  
6762  14.9042  12.2322  
6763  14.9042  13.3442  
6764  14.9042  14.4562  
6765  14.9042  15.5682  
6766  14.9042  16.6803  
6767  14.9042  17.7923  
6768  14.9042  18.9043  
6769  14.9042  20.0163  
6770  14.9042  21.1283  
6771  14.9042  22.2404  
6772  14.9042  23.3524  
6773  14.9042  24.4644  
6774  14.9042  25.5764  
6775  14.9042  26.6884  
6776  14.9042  27.8004  
6777  14.9042  28.9125  
6778  14.9042  30.0245  
6779  14.9042  31.1365  
6780  14.9042  32.2485  
6781  14.9042  33.3605  
6782  14.9042  34.4726  
6783  14.9042  35.5846  
6784  14.9042  36.6966  
6785  14.9042  37.8086  
6786  14.9042  38.9206  
6787  14.9042  40.0326  
6788  14.9042  41.1447  
6789  14.9042  42.2567  
6790  14.9042  43.3687  
6791  14.9042  44.4807  
6792  14.9042  45.5927  
6793  14.9042  46.7047  
6794  14.9042  47.8168  
6795  14.9042  48.9288  
6796  14.9042  50.0408  
6797  14.9042  51.1528  
6798  14.9042  52.2648  
6799  14.9042  53.3769  
6800  14.9042  54.4889  
6801  15.781  -55.6009  
6802  15.781  -54.4889  
6803  15.781  -53.3769  
6804  15.781  -52.2648  
6805  15.781  -51.1528  
6806  15.781  -50.0408  
6807  15.781  -48.9288  
6808  15.781  -47.8168  
6809  15.781  -46.7047  
6810  15.781  -45.5927  
6811  15.781  -44.4807  
6812  15.781  -43.3687  
6813  15.781  -42.2567  
6814  15.781  -41.1447  
6815  15.781  -40.0326  
6816  15.781  -38.9206  
6817  15.781  -37.8086  
6818  15.781  -36.6966  
6819  15.781  -35.5846  
6820  15.781  -34.4726  
6821  15.781  -33.3605  
6822  15.781  -32.2485  
6823  15.781  -31.1365  
6824  15.781  -30.0245  
6825  15.781  -28.9125  
6826  15.781  -27.8004  
6827  15.781  -26.6884  
6828  15.781  -25.5764  
6829  15.781  -24.4644  
6830  15.781  -23.3524  
6831  15.781  -22.2404  
6832  15.781  -21.1283  
6833  15.781  -20.0163  
6834  15.781  -18.9043  
6835  15.781  -17.7923  
6836  15.781  -16.6803  
6837  15.781  -15.5682  
6838  15.781  -14.4562  
6839  15.781  -13.3442  
6840  15.781  -12.2322  
6841  15.781  -11.1202  
6842  15.781  -10.0082  
6843  15.781  -8.89614  
6844  15.781  -7.78412  
6845  15.781  -6.67211  
6846  15.781  -5.56009  
6847  15.781  -4.44807  
6848  15.781  -3.33605  
6849  15.781  -2.22404  
6850  15.781  -1.11202  
6851  15.781  0  
6852  15.781  1.11202  
6853  15.781  2.22404  
6854  15.781  3.33605  
6855  15.781  4.44807  
6856  15.781  5.56009  
6857  15.781  6.67211  
6858  15.781  7.78412  
6859  15.781  8.89614  
6860  15.781  10.0082  
6861  15.781  11.1202  
6862  15.781  12.2322  
6863  15.781  13.3442  
6864  15.781  14.4562  
6865  15.781  15.5682  
6866  15.781  16.6803  
6867  15.781  17.7923  
6868  15.781  18.9043  
6869  15.781  20.0163  
6870  15.781  21.1283  
6871  15.781  22.2404  
6872  15.781  23.3524  
6873  15.781  24.4644  
6874  15.781  25.5764  
6875  15.781  26.6884  
6876  15.781  27.8004  
6877  15.781  28.9125  
6878  15.781  30.0245  
6879  15.781  31.1365  
6880  15.781  32.2485  
6881  15.781  33.3605  
6882  15.781  34.4726  
6883  15.781  35.5846  
6884  15.781  36.6966  
6885  15.781  37.8086  
6886  15.781  38.9206  
6887  15.781  40.0326  
6888  15.781  41.1447  
6889  15.781  42.2567  
6890  15.781  43.3687  
6891  15.781  44.4807  
6892  15.781  45.5927  
6893  15.781  46.7047  
6894  15.781  47.8168  
6895  15.781  48.9288  
6896  15.781  50.0408  
6897  15.781  51.1528  
6898  15.781  52.2648  
6899  15.781  53.3769  
6900  15.781  54.4889  
6901  16.6577  -55.6009  
6902  16.6577  -54.4889  
6903  16.6577  -53.3769  
6904  16.6577  -52.2648  
6905  16.6577  -51.1528  
6906  16.6577  -50.0408  
6907  16.6577  -48.9288  
6908  16.6577  -47.8168  
6909  16.6577  -46.7047  
6910  16.6577  -45.5927  
6911  16.6577  -44.4807  
6912  16.6577  -43.3687  
6913  16.6577  -42.2567  
6914  16.6577  -41.1447  
6915  16.6577  -40.0326  
6916  16.6577  -38.9206  
6917  16.6577  -37.8086  
6918  16.6577  -36.6966  
6919  16.6577  -35.5846  
6920  16.6577  -34.4726  
6921  16.6577  -33.3605  
6922  16.6577  -32.2485  
6923  16.6577  -31.1365  
6924  16.6577  -30.0245  
6925  16.6577  -28.9125  
6926  16.6577  -27.8004  
6927  16.6577  -26.6884  
6928  16.6577  -25.5764  
6929  16.6577  -24.4644  
6930  16.6577  -23.3524  
6931  16.6577  -22.2404  
6932  16.6577  -21.1283  
6933  16.6577  -20.0163  
6934  16.6577  -18.9043  
6935  16.6577  -17.7923  
6936  16.6577  -16.6803  
6937  16.6577  -15.5682  
6938  16.6577  -14.4562  
6939  16.6577  -13.3442  
6940  16.6577  -12.2322  
6941  16.6577  -11.1202  
6942  16.6577  -10.0082  
6943  16.6577  -8.89614  
6944  16.6577  -7.78412  
6945  16.6577  -6.67211  
6946  16.6577  -5.56009  
6947  16.6577  -4.44807  
6948  16.6577  -3.33605  
6949  16.6577  -2.22404  
6950  16.6577  -1.11202  
6951  16.6577  0  
6952  16.6577  1.11202  
6953  16.6577  2.22404  
6954  16.6577  3.33605  
6955  16.6577  4.44807  
6956  16.6577  5.56009  
6957  16.6577  6.67211  
6958  16.6577  7.78412  
6959  16.6577  8.89614  
6960  16.6577  10.0082  
6961  16.6577  11.1202  
6962  16.6577  12.2322  
6963  16.6577  13.3442  
6964  16.6577  14.4562  
6965  16.6577  15.5682  
6966  16.6577  16.6803  
6967  16.6577  17.7923  
6968  16.6577  18.9043  
6969  16.6577  20.0163  
6970  16.6577  21.1283  
6971  16.6577  22.2404  
6972  16.6577  23.3524  
6973  16.6577  24.4644  
6974  16.6577  25.5764  
6975  16.6577  26.6884  
6976  16.6577  27.8004  
6977  16.6577  28.9125  
6978  16.6577  30.0245  
6979  16.6577  31.1365  
6980  16.6577  32.2485  
6981  16.6577  33.3605  
6982  16.6577  34.4726  
6983  16.6577  35.5846  
6984  16.6577  36.6966  
6985  16.6577  37.8086  
6986  16.6577  38.9206  
6987  16.6577  40.0326  
6988  16.6577  41.1447  
6989  16.6577  42.2567  
6990  16.6577  43.3687  
6991  16.6577  44.4807  
6992  16.6577  45.5927  
6993  16.6577  46.7047  
6994  16.6577  47.8168  
6995  16.6577  48.9288  
6996  16.6577  50.0408  
6997  16.6577  51.1528  
6998  16.6577  52.2648  
6999  16.6577  53.3769  
7000  16.6577  54.4889  
7001  17.5344  -55.6009  
7002  17.5344  -54.4889  
7003  17.5344  -53.3769  
7004  17.5344  -52.2648  
7005  17.5344  -51.1528  
7006  17.5344  -50.0408  
7007  17.5344  -48.9288  
7008  17.5344  -47.8168  
7009  17.5344  -46.7047  
7010  17.5344  -45.5927  
7011  17.5344  -44.4807  
7012  17.5344  -43.3687  
7013  17.5344  -42.2567  
7014  17.5344  -41.1447  
7015  17.5344  -40.0326  
7016  17.5344  -38.9206  
7017  17.5344  -37.8086  
7018  17.5344  -36.6966  
7019  17.5344  -35.5846  
7020  17.5344  -34.4726  
7021  17.5344  -33.3605  
7022  17.5344  -32.2485  
7023  17.5344  -31.1365  
7024  17.5344  -30.0245  
7025  17.5344  -28.9125  
7026  17.5344  -27.8004  
7027  17.5344  -26.6884  
7028  17.5344  -25.5764  
7029  17.5344  -24.4644  
7030  17.5344  -23.3524  
7031  17.5344  -22.2404  
7032  17.5344  -21.1283  
7033  17.5344  -20.0163  
7034  17.5344  -18.9043  
7035  17.5344  -17.7923  
7036  17.5344  -16.6803  
7037  17.5344  -15.5682  
7038  17.5344  -14.4562  
7039  17.5344  -13.3442  
7040  17.5344  -12.2322  
7041  17.5344  -11.1202  
7042  17.5344  -10.0082  
7043  17.5344  -8.89614  
7044  17.5344  -7.78412  
7045  17.5344  -6.67211  
7046  17.5344  -5.56009  
7047  17.5344  -4.44807  
7048  17.5344  -3.33605  
7049  17.5344  -2.22404  
7050  17.5344  -1.11202  
7051  17.5344  0  
7052  17.5344  1.11202  
7053  17.5344  2.22404  
7054  17.5344  3.33605  
7055  17.5344  4.44807  
7056  17.5344  5.56009  
7057  17.5344  6.67211  
7058  17.5344  7.78412  
7059  17.5344  8.89614  
7060  17.5344  10.0082  
7061  17.5344  11.1202  
7062  17.5344  12.2322  
7063  17.5344  13.3442  
7064  17.5344  14.4562  
7065  17.5344  15.5682  
7066  17.5344  16.6803  
7067  17.5344  17.7923  
7068  17.5344  18.9043  
7069  17.5344  20.0163  
7070  17.5344  21.1283  
7071  17.5344  22.2404  
7072  17.5344  23.3524  
7073  17.5344  24.4644  
7074  17.5344  25.5764  
7075  17.5344  26.6884  
7076  17.5344  27.8004  
7077  17.5344  28.9125  
7078  17.5344  30.0245  
7079  17.5344  31.1365  
7080  17.5344  32.2485  
7081  17.5344  33.3605  
7082  17.5344  34.4726  
7083  17.5344  35.5846  
7084  17.5344  36.6966  
7085  17.5344  37.8086  
7086  17.5344  38.9206  
7087  17.5344  40.0326  
7088  17.5344  41.1447  
7089  17.5344  42.2567  
7090  17.5344  43.3687  
7091  17.5344  44.4807  
7092  17.5344  45.5927  
7093  17.5344  46.7047  
7094  17.5344  47.8168  
7095  17.5344  48.9288  
7096  17.5344  50.0408  
7097  17.5344  51.1528  
7098  17.5344  52.2648  
7099  17.5344  53.3769  
7100  17.5344  54.4889  
7101  18.4111  -55.6009  
7102  18.4111  -54.4889  
7103  18.4111  -53.3769  
7104  18.4111  -52.2648  
7105  18.4111  -51.1528  
7106  18.4111  -50.0408  
7107  18.4111  -48.9288  
7108  18.4111  -47.8168  
7109  18.4111  -46.7047  
7110  18.4111  -45.5927  
7111  18.4111  -44.4807  
7112  18.4111  -43.3687  
7113  18.4111  -42.2567  
7114  18.4111  -41.1447  
7115  18.4111  -40.0326  
7116  18.4111  -38.9206  
7117  18.4111  -37.8086  
7118  18.4111  -36.6966  
7119  18.4111  -35.5846  
7120  18.4111  -34.4726  
7121  18.4111  -33.3605  
7122  18.4111  -32.2485  
7123  18.4111  -31.1365  
7124  18.4111  -30.0245  
7125  18.4111  -28.9125  
7126  18.4111  -27.8004  
7127  18.4111  -26.6884  
7128  18.4111  -25.5764  
7129  18.4111  -24.4644  
7130  18.4111  -23.3524  
7131  18.4111  -22.2404  
7132  18.4111  -21.1283  
7133  18.4111  -20.0163  
7134  18.4111  -18.9043  
7135  18.4111  -17.7923  
7136  18.4111  -16.6803  
7137  18.4111  -15.5682  
7138  18.4111  -14.4562  
7139  18.4111  -13.3442  
7140  18.4111  -12.2322  
7141  18.4111  -11.1202  
7142  18.4111  -10.0082  
7143  18.4111  -8.89614  
7144  18.4111  -7.78412  
7145  18.4111  -6.67211  
7146  18.4111  -5.56009  
7147  18.4111  -4.44807  
7148  18.4111  -3.33605  
7149  18.4111  -2.22404  
7150  18.4111  -1.11202  
7151  18.4111  0  
7152  18.4111  1.11202  
7153  18.4111  2.22404  
7154  18.4111  3.33605  
7155  18.4111  4.44807  
7156  18.4111  5.56009  
7157  18.4111  6.67211  
7158  18.4111  7.78412  
7159  18.4111  8.89614  
7160  18.4111  10.0082  
7161  18.4111  11.1202  
7162  18.4111  12.2322  
7163  18.4111  13.3442  
7164  18.4111  14.4562  
7165  18.4111  15.5682  
7166  18.4111  16.6803  
7167  18.4111  17.7923  
7168  18.4111  18.9043  
7169  18.4111  20.0163  
7170  18.4111  21.1283  
7171  18.4111  22.2404  
7172  18.4111  23.3524  
7173  18.4111  24.4644  
7174  18.4111  25.5764  
7175  18.4111  26.6884  
7176  18.4111  27.8004  
7177  18.4111  28.9125  
7178  18.4111  30.0245  
7179  18.4111  31.1365  
7180  18.4111  32.2485  
7181  18.4111  33.3605  
7182  18.4111  34.4726  
7183  18.4111  35.5846  
7184  18.4111  36.6966  
7185  18.4111  37.8086  
7186  18.4111  38.9206  
7187  18.4111  40.0326  
7188  18.4111  41.1447  
7189  18.4111  42.2567  
7190  18.4111  43.3687  
7191  18.4111  44.4807  
7192  18.4111  45.5927  
7193  18.4111  46.7047  
7194  18.4111  47.8168  
7195  18.4111  48.9288  
7196  18.4111  50.0408  
7197  18.4111  51.1528  
7198  18.4111  52.2648  
7199  18.4111  53.3769  
7200  18.4111  54.4889  
7201  19.2878  -55.6009  
7202  19.2878  -54.4889  
7203  19.2878  -53.3769  
7204  19.2878  -52.2648  
7205  19.2878  -51.1528  
7206  19.2878  -50.0408  
7207  19.2878  -48.9288  
7208  19.2878  -47.8168  
7209  19.2878  -46.7047  
7210  19.2878  -45.5927  
7211  19.2878  -44.4807  
7212  19.2878  -43.3687  
7213  19.2878  -42.2567  
7214  19.2878  -41.1447  
7215  19.2878  -40.0326  
7216  19.2878  -38.9206  
7217  19.2878  -37.8086  
7218  19.2878  -36.6966  
7219  19.2878  -35.5846  
7220  19.2878  -34.4726  
7221  19.2878  -33.3605  
7222  19.2878  -32.2485  
7223  19.2878  -31.1365  
7224  19.2878  -30.0245  
7225  19.2878  -28.9125  
7226  19.2878  -27.8004  
7227  19.2878  -26.6884  
7228  19.2878  -25.5764  
7229  19.2878  -24.4644  
7230  19.2878  -23.3524  
7231  19.2878  -22.2404  
7232  19.2878  -21.1283  
7233  19.2878  -20.0163  
7234  19.2878  -18.9043  
7235  19.2878  -17.7923  
7236  19.2878  -16.6803  
7237  19.2878  -15.5682  
7238  19.2878  -14.4562  
7239  19.2878  -13.3442  
7240  19.2878  -12.2322  
7241  19.2878  -11.1202  
7242  19.2878  -10.0082  
7243  19.2878  -8.89614  
7244  19.2878  -7.78412  
7245  19.2878  -6.67211  
7246  19.2878  -5.56009  
7247  19.2878  -4.44807  
7248  19.2878  -3.33605  
7249  19.2878  -2.22404  
7250  19.2878  -1.11202  
7251  19.2878  0  
7252  19.2878  1.11202  
7253  19.2878  2.22404  
7254  19.2878  3.33605  
7255  19.2878  4.44807  
7256  19.2878  5.56009  
7257  19.2878  6.67211  
7258  19.2878  7.78412  
7259  19.2878  8.89614  
7260  19.2878  10.0082  
7261  19.2878  11.1202  
7262  19.2878  12.2322  
7263  19.2878  13.3442  
7264  19.2878  14.4562  
7265  19.2878  15.5682  
7266  19.2878  16.6803  
7267  19.2878  17.7923  
7268  19.2878  18.9043  
7269  19.2878  20.0163  
7270  19.2878  21.1283  
7271  19.2878  22.2404  
7272  19.2878  23.3524  
7273  19.2878  24.4644  
7274  19.2878  25.5764  
7275  19.2878  26.6884  
7276  19.2878  27.8004  
7277  19.2878  28.9125  
7278  19.2878  30.0245  
7279  19.2878  31.1365  
7280  19.2878  32.2485  
7281  19.2878  33.3605  
7282  19.2878  34.4726  
7283  19.2878  35.5846  
7284  19.2878  36.6966  
7285  19.2878  37.8086  
7286  19.2878  38.9206  
7287  19.2878  40.0326  
7288  19.2878  41.1447  
7289  19.2878  42.2567  
7290  19.2878  43.3687  
7291  19.2878  44.4807  
7292  19.2878  45.5927  
7293  19.2878  46.7047  
7294  19.2878  47.8168  
7295  19.2878  48.9288  
7296  19.2878  50.0408  
7297  19.2878  51.1528  
7298  19.2878  52.2648  
7299  19.2878  53.3769  
7300  19.2878  54.4889  
7301  20.1646  -55.6009  
7302  20.1646  -54.4889  
7303  20.1646  -53.3769  
7304  20.1646  -52.2648  
7305  20.1646  -51.1528  
7306  20.1646  -50.0408  
7307  20.1646  -48.9288  
7308  20.1646  -47.8168  
7309  20.1646  -46.7047  
7310  20.1646  -45.5927  
7311  20.1646  -44.4807  
7312  20.1646  -43.3687  
7313  20.1646  -42.2567  
7314  20.1646  -41.1447  
7315  20.1646  -40.0326  
7316  20.1646  -38.9206  
7317  20.1646  -37.8086  
7318  20.1646  -36.6966  
7319  20.1646  -35.5846  
7320  20.1646  -34.4726  
7321  20.1646  -33.3605  
7322  20.1646  -32.2485  
7323  20.1646  -31.1365  
7324  20.1646  -30.0245  
7325  20.1646  -28.9125  
7326  20.1646  -27.8004  
7327  20.1646  -26.6884  
7328  20.1646  -25.5764  
7329  20.1646  -24.4644  
7330  20.1646  -23.3524  
7331  20.1646  -22.2404  
7332  20.1646  -21.1283  
7333  20.1646  -20.0163  
7334  20.1646  -18.9043  
7335  20.1646  -17.7923  
7336  20.1646  -16.6803  
7337  20.1646  -15.5682  
7338  20.1646  -14.4562  
7339  20.1646  -13.3442  
7340  20.1646  -12.2322  
7341  20.1646  -11.1202  
7342  20.1646  -10.0082  
7343  20.1646  -8.89614  
7344  20.1646  -7.78412  
7345  20.1646  -6.67211  
7346  20.1646  -5.56009  
7347  20.1646  -4.44807  
7348  20.1646  -3.33605  
7349  20.1646  -2.22404  
7350  20.1646  -1.11202  
7351  20.1646  0  
7352  20.1646  1.11202  
7353  20.1646  2.22404  
7354  20.1646  3.33605  
7355  20.1646  4.44807  
7356  20.1646  5.56009  
7357  20.1646  6.67211  
7358  20.1646  7.78412  
7359  20.1646  8.89614  
7360  20.1646  10.0082  
7361  20.1646  11.1202  
7362  20.1646  12.2322  
7363  20.1646  13.3442  
7364  20.1646  14.4562  
7365  20.1646  15.5682  
7366  20.1646  16.6803  
7367  20.1646  17.7923  
7368  20.1646  18.9043  
7369  20.1646  20.0163  
7370  20.1646  21.1283  
7371  20.1646  22.2404  
7372  20.1646  23.3524  
7373  20.1646  24.4644  
7374  20.1646  25.5764  
7375  20.1646  26.6884  
7376  20.1646  27.8004  
7377  20.1646  28.9125  
7378  20.1646  30.0245  
7379  20.1646  31.1365  
7380  20.1646  32.2485  
7381  20.1646  33.3605  
7382  20.1646  34.4726  
7383  20.1646  35.5846  
7384  20.1646  36.6966  
7385  20.1646  37.8086  
7386  20.1646  38.9206  
7387  20.1646  40.0326  
7388  20.1646  41.1447  
7389  20.1646  42.2567  
7390  20.1646  43.3687  
7391  20.1646  44.4807  
7392  20.1646  45.5927  
7393  20.1646  46.7047  
7394  20.1646  47.8168  
7395  20.1646  48.9288  
7396  20.1646  50.0408  
7397  20.1646  51.1528  
7398  20.1646  52.2648  
7399  20.1646  53.3769  
7400  20.1646  54.4889  
7401  21.0413  -55.6009  
7402  21.0413  -54.4889  
7403  21.0413  -53.3769  
7404  21.0413  -52.2648  
7405  21.0413  -51.1528  
7406  21.0413  -50.0408  
7407  21.0413  -48.9288  
7408  21.0413  -47.8168  
7409  21.0413  -46.7047  
7410  21.0413  -45.5927  
7411  21.0413  -44.4807  
7412  21.0413  -43.3687  
7413  21.0413  -42.2567  
7414  21.0413  -41.1447  
7415  21.0413  -40.0326  
7416  21.0413  -38.9206  
7417  21.0413  -37.8086  
7418  21.0413  -36.6966  
7419  21.0413  -35.5846  
7420  21.0413  -34.4726  
7421  21.0413  -33.3605  
7422  21.0413  -32.2485  
7423  21.0413  -31.1365  
7424  21.0413  -30.0245  
7425  21.0413  -28.9125  
7426  21.0413  -27.8004  
7427  21.0413  -26.6884  
7428  21.0413  -25.5764  
7429  21.0413  -24.4644  
7430  21.0413  -23.3524  
7431  21.0413  -22.2404  
7432  21.0413  -21.1283  
7433  21.0413  -20.0163  
7434  21.0413  -18.9043  
7435  21.0413  -17.7923  
7436  21.0413  -16.6803  
7437  21.0413  -15.5682  
7438  21.0413  -14.4562  
7439  21.0413  -13.3442  
7440  21.0413  -12.2322  
7441  21.0413  -11.1202  
7442  21.0413  -10.0082  
7443  21.0413  -8.89614  
7444  21.0413  -7.78412  
7445  21.0413  -6.67211  
7446  21.0413  -5.56009  
7447  21.0413  -4.44807  
7448  21.0413  -3.33605  
7449  21.0413  -2.22404  
7450  21.0413  -1.11202  
7451  21.0413  0  
7452  21.0413  1.11202  
7453  21.0413  2.22404  
7454  21.0413  3.33605  
7455  21.0413  4.44807  
7456  21.0413  5.56009  
7457  21.0413  6.67211  
7458  21.0413  7.78412  
7459  21.0413  8.89614  
7460  21.0413  10.0082  
7461  21.0413  11.1202  
7462  21.0413  12.2322  
7463  21.0413  13.3442  
7464  21.0413  14.4562  
7465  21.0413  15.5682  
7466  21.0413  16.6803  
7467  21.0413  17.7923  
7468  21.0413  18.9043  
7469  21.0413  20.0163  
7470  21.0413  21.1283  
7471  21.0413  22.2404  
7472  21.0413  23.3524  
7473  21.0413  24.4644  
7474  21.0413  25.5764  
7475  21.0413  26.6884  
7476  21.0413  27.8004  
7477  21.0413  28.9125  
7478  21.0413  30.0245  
7479  21.0413  31.1365  
7480  21.0413  32.2485  
7481  21.0413  33.3605  
7482  21.0413  34.4726  
7483  21.0413  35.5846  
7484  21.0413  36.6966  
7485  21.0413  37.8086  
7486  21.0413  38.9206  
7487  21.0413  40.0326  
7488  21.0413  41.1447  
7489  21.0413  42.2567  
7490  21.0413  43.3687  
7491  21.0413  44.4807  
7492  21.0413  45.5927  
7493  21.0413  46.7047  
7494  21.0413  47.8168  
7495  21.0413  48.9288  
7496  21.0413  50.0408  
7497  21.0413  51.1528  
7498  21.0413  52.2648  
7499  21.0413  53.3769  
7500  21.0413  54.4889  
7501  21.918  -55.6009  
7502  21.918  -54.4889  
7503  21.918  -53.3769  
7504  21.918  -52.2648  
7505  21.918  -51.1528  
7506  21.918  -50.0408  
7507  21.918  -48.9288  
7508  21.918  -47.8168  
7509  21.918  -46.7047  
7510  21.918  -45.5927  
7511  21.918  -44.4807  
7512  21.918  -43.3687  
7513  21.918  -42.2567  
7514  21.918  -41.1447  
7515  21.918  -40.0326  
7516  21.918  -38.9206  
7517  21.918  -37.8086  
7518  21.918  -36.6966  
7519  21.918  -35.5846  
7520  21.918  -34.4726  
7521  21.918  -33.3605  
7522  21.918  -32.2485  
7523  21.918  -31.1365  
7524  21.918  -30.0245  
7525  21.918  -28.9125  
7526  21.918  -27.8004  
7527  21.918  -26.6884  
7528  21.918  -25.5764  
7529  21.918  -24.4644  
7530  21.918  -23.3524  
7531  21.918  -22.2404  
7532  21.918  -21.1283  
7533  21.918  -20.0163  
7534  21.918  -18.9043  
7535  21.918  -17.7923  
7536  21.918  -16.6803  
7537  21.918  -15.5682  
7538  21.918  -14.4562  
7539  21.918  -13.3442  
7540  21.918  -12.2322  
7541  21.918  -11.1202  
7542  21.918  -10.0082  
7543  21.918  -8.89614  
7544  21.918  -7.78412  
7545  21.918  -6.67211  
7546  21.918  -5.56009  
7547  21.918  -4.44807  
7548  21.918  -3.33605  
7549  21.918  -2.22404  
7550  21.918  -1.11202  
7551  21.918  0  
7552  21.918  1.11202  
7553  21.918  2.22404  
7554  21.918  3.33605  
7555  21.918  4.44807  
7556  21.918  5.56009  
7557  21.918  6.67211  
7558  21.918  7.78412  
7559  21.918  8.89614  
7560  21.918  10.0082  
7561  21.918  11.1202  
7562  21.918  12.2322  
7563  21.918  13.3442  
7564  21.918  14.4562  
7565  21.918  15.5682  
7566  21.918  16.6803  
7567  21.918  17.7923  
7568  21.918  18.9043  
7569  21.918  20.0163  
7570  21.918  21.1283  
7571  21.918  22.2404  
7572  21.918  23.3524  
7573  21.918  24.4644  
7574  21.918  25.5764  
7575  21.918  26.6884  
7576  21.918  27.8004  
7577  21.918  28.9125  
7578  21.918  30.0245  
7579  21.918  31.1365  
7580  21.918  32.2485  
7581  21.918  33.3605  
7582  21.918  34.4726  
7583  21.918  35.5846  
7584  21.918  36.6966  
7585  21.918  37.8086  
7586  21.918  38.9206  
7587  21.918  40.0326  
7588  21.918  41.1447  
7589  21.918  42.2567  
7590  21.918  43.3687  
7591  21.918  44.4807  
7592  21.918  45.5927  
7593  21.918  46.7047  
7594  21.918  47.8168  
7595  21.918  48.9288  
7596  21.918  50.0408  
7597  21.918  51.1528  
7598  21.918  52.2648  
7599  21.918  53.3769  
7600  21.918  54.4889  
7601  22.7947  -55.6009  
7602  22.7947  -54.4889  
7603  22.7947  -53.3769  
7604  22.7947  -52.2648  
7605  22.7947  -51.1528  
7606  22.7947  -50.0408  
7607  22.7947  -48.9288  
7608  22.7947  -47.8168  
7609  22.7947  -46.7047  
7610  22.7947  -45.5927  
7611  22.7947  -44.4807  
7612  22.7947  -43.3687  
7613  22.7947  -42.2567  
7614  22.7947  -41.1447  
7615  22.7947  -40.0326  
7616  22.7947  -38.9206  
7617  22.7947  -37.8086  
7618  22.7947  -36.6966  
7619  22.7947  -35.5846  
7620  22.7947  -34.4726  
7621  22.7947  -33.3605  
7622  22.7947  -32.2485  
7623  22.7947  -31.1365  
7624  22.7947  -30.0245  
7625  22.7947  -28.9125  
7626  22.7947  -27.8004  
7627  22.7947  -26.6884  
7628  22.7947  -25.5764  
7629  22.7947  -24.4644  
7630  22.7947  -23.3524  
7631  22.7947  -22.2404  
7632  22.7947  -21.1283  
7633  22.7947  -20.0163  
7634  22.7947  -18.9043  
7635  22.7947  -17.7923  
7636  22.7947  -16.6803  
7637  22.7947  -15.5682  
7638  22.7947  -14.4562  
7639  22.7947  -13.3442  
7640  22.7947  -12.2322  
7641  22.7947  -11.1202  
7642  22.7947  -10.0082  
7643  22.7947  -8.89614  
7644  22.7947  -7.78412  
7645  22.7947  -6.67211  
7646  22.7947  -5.56009  
7647  22.7947  -4.44807  
7648  22.7947  -3.33605  
7649  22.7947  -2.22404  
7650  22.7947  -1.11202  
7651  22.7947  0  
7652  22.7947  1.11202  
7653  22.7947  2.22404  
7654  22.7947  3.33605  
7655  22.7947  4.44807  
7656  22.7947  5.56009  
7657  22.7947  6.67211  
7658  22.7947  7.78412  
7659  22.7947  8.89614  
7660  22.7947  10.0082  
7661  22.7947  11.1202  
7662  22.7947  12.2322  
7663  22.7947  13.3442  
7664  22.7947  14.4562  
7665  22.7947  15.5682  
7666  22.7947  16.6803  
7667  22.7947  17.7923  
7668  22.7947  18.9043  
7669  22.7947  20.0163  
7670  22.7947  21.1283  
7671  22.7947  22.2404  
7672  22.7947  23.3524  
7673  22.7947  24.4644  
7674  22.7947  25.5764  
7675  22.7947  26.6884  
7676  22.7947  27.8004  
7677  22.7947  28.9125  
7678  22.7947  30.0245  
7679  22.7947  31.1365  
7680  22.7947  32.2485  
7681  22.7947  33.3605  
7682  22.7947  34.4726  
7683  22.7947  35.5846  
7684  22.7947  36.6966  
7685  22.7947  37.8086  
7686  22.7947  38.9206  
7687  22.7947  40.0326  
7688  22.7947  41.1447  
7689  22.7947  42.2567  
7690  22.7947  43.3687  
7691  22.7947  44.4807  
7692  22.7947  45.5927  
7693  22.7947  46.7047  
7694  22.7947  47.8168  
7695  22.7947  48.9288  
7696  22.7947  50.0408  
7697  22.7947  51.1528  
7698  22.7947  52.2648  
7699  22.7947  53.3769  
7700  22.7947  54.4889  
7701  23.6714  -55.6009  
7702  23.6714  -54.4889  
7703  23.6714  -53.3769  
7704  23.6714  -52.2648  
7705  23.6714  -51.1528  
7706  23.6714  -50.0408  
7707  23.6714  -48.9288  
7708  23.6714  -47.8168  
7709  23.6714  -46.7047  
7710  23.6714  -45.5927  
7711  23.6714  -44.4807  
7712  23.6714  -43.3687  
7713  23.6714  -42.2567  
7714  23.6714  -41.1447  
7715  23.6714  -40.0326  
7716  23.6714  -38.9206  
7717  23.6714  -37.8086  
7718  23.6714  -36.6966  
7719  23.6714  -35.5846  
7720  23.6714  -34.4726  
7721  23.6714  -33.3605  
7722  23.6714  -32.2485  
7723  23.6714  -31.1365  
7724  23.6714  -30.0245  
7725  23.6714  -28.9125  
7726  23.6714  -27.8004  
7727  23.6714  -26.6884  
7728  23.6714  -25.5764  
7729  23.6714  -24.4644  
7730  23.6714  -23.3524  
7731  23.6714  -22.2404  
7732  23.6714  -21.1283  
7733  23.6714  -20.0163  
7734  23.6714  -18.9043  
7735  23.6714  -17.7923  
7736  23.6714  -16.6803  
7737  23.6714  -15.5682  
7738  23.6714  -14.4562  
7739  23.6714  -13.3442  
7740  23.6714  -12.2322  
7741  23.6714  -11.1202  
7742  23.6714  -10.0082  
7743  23.6714  -8.89614  
7744  23.6714  -7.78412  
7745  23.6714  -6.67211  
7746  23.6714  -5.56009  
7747  23.6714  -4.44807  
7748  23.6714  -3.33605  
7749  23.6714  -2.22404  
7750  23.6714  -1.11202  
7751  23.6714  0  
7752  23.6714  1.11202  
7753  23.6714  2.22404  
7754  23.6714  3.33605  
7755  23.6714  4.44807  
7756  23.6714  5.56009  
7757  23.6714  6.67211  
7758  23.6714  7.78412  
7759  23.6714  8.89614  
7760  23.6714  10.0082  
7761  23.6714  11.1202  
7762  23.6714  12.2322  
7763  23.6714  13.3442  
7764  23.6714  14.4562  
7765  23.6714  15.5682  
7766  23.6714  16.6803  
7767  23.6714  17.7923  
7768  23.6714  18.9043  
7769  23.6714  20.0163  
7770  23.6714  21.1283  
7771  23.6714  22.2404  
7772  23.6714  23.3524  
7773  23.6714  24.4644  
7774  23.6714  25.5764  
7775  23.6714  26.6884  
7776  23.6714  27.8004  
7777  23.6714  28.9125  
7778  23.6714  30.0245  
7779  23.6714  31.1365  
7780  23.6714  32.2485  
7781  23.6714  33.3605  
7782  23.6714  34.4726  
7783  23.6714  35.5846  
7784  23.6714  36.6966  
7785  23.6714  37.8086  
7786  23.6714  38.9206  
7787  23.6714  40.0326  
7788  23.6714  41.1447  
7789  23.6714  42.2567  
7790  23.6714  43.3687  
7791  23.6714  44.4807  
7792  23.6714  45.5927  
7793  23.6714  46.7047  
7794  23.6714  47.8168  
7795  23.6714  48.9288  
7796  23.6714  50.0408  
7797  23.6714  51.1528  
7798  23.6714  52.2648  
7799  23.6714  53.3769  
7800  23.6714  54.4889  
7801  24.5482  -55.6009  
7802  24.5482  -54.4889  
7803  24.5482  -53.3769  
7804  24.5482  -52.2648  
7805  24.5482  -51.1528  
7806  24.5482  -50.0408  
7807  24.5482  -48.9288  
7808  24.5482  -47.8168  
7809  24.5482  -46.7047  
7810  24.5482  -45.5927  
7811  24.5482  -44.4807  
7812  24.5482  -43.3687  
7813  24.5482  -42.2567  
7814  24.5482  -41.1447  
7815  24.5482  -40.0326  
7816  24.5482  -38.9206  
7817  24.5482  -37.8086  
7818  24.5482  -36.6966  
7819  24.5482  -35.5846  
7820  24.5482  -34.4726  
7821  24.5482  -33.3605  
7822  24.5482  -32.2485  
7823  24.5482  -31.1365  
7824  24.5482  -30.0245  
7825  24.5482  -28.9125  
7826  24.5482  -27.8004  
7827  24.5482  -26.6884  
7828  24.5482  -25.5764  
7829  24.5482  -24.4644  
7830  24.5482  -23.3524  
7831  24.5482  -22.2404  
7832  24.5482  -21.1283  
7833  24.5482  -20.0163  
7834  24.5482  -18.9043  
7835  24.5482  -17.7923  
7836  24.5482  -16.6803  
7837  24.5482  -15.5682  
7838  24.5482  -14.4562  
7839  24.5482  -13.3442  
7840  24.5482  -12.2322  
7841  24.5482  -11.1202  
7842  24.5482  -10.0082  
7843  24.5482  -8.89614  
7844  24.5482  -7.78412  
7845  24.5482  -6.67211  
7846  24.5482  -5.56009  
7847  24.5482  -4.44807  
7848  24.5482  -3.33605  
7849  24.5482  -2.22404  
7850  24.5482  -1.11202  
7851  24.5482  0  
7852  24.5482  1.11202  
7853  24.5482  2.22404  
7854  24.5482  3.33605  
7855  24.5482  4.44807  
7856  24.5482  5.56009  
7857  24.5482  6.67211  
7858  24.5482  7.78412  
7859  24.5482  8.89614  
7860  24.5482  10.0082  
7861  24.5482  11.1202  
7862  24.5482  12.2322  
7863  24.5482  13.3442  
7864  24.5482  14.4562  
7865  24.5482  15.5682  
7866  24.5482  16.6803  
7867  24.5482  17.7923  
7868  24.5482  18.9043  
7869  24.5482  20.0163  
7870  24.5482  21.1283  
7871  24.5482  22.2404  
7872  24.5482  23.3524  
7873  24.5482  24.4644  
7874  24.5482  25.5764  
7875  24.5482  26.6884  
7876  24.5482  27.8004  
7877  24.5482  28.9125  
7878  24.5482  30.0245  
7879  24.5482  31.1365  
7880  24.5482  32.2485  
7881  24.5482  33.3605  
7882  24.5482  34.4726  
7883  24.5482  35.5846  
7884  24.5482  36.6966  
7885  24.5482  37.8086  
7886  24.5482  38.9206  
7887  24.5482  40.0326  
7888  24.5482  41.1447  
7889  24.5482  42.2567  
7890  24.5482  43.3687  
7891  24.5482  44.4807  
7892  24.5482  45.5927  
7893  24.5482  46.7047  
7894  24.5482  47.8168  
7895  24.5482  48.9288  
7896  24.5482  50.0408  
7897  24.5482  51.1528  
7898  24.5482  52.2648  
7899  24.5482  53.3769  
7900  24.5482  54.4889  
7901  25.4249  -55.6009  
7902  25.4249  -54.4889  
7903  25.4249  -53.3769  
7904  25.4249  -52.2648  
7905  25.4249  -51.1528  
7906  25.4249  -50.0408  
7907  25.4249  -48.9288  
7908  25.4249  -47.8168  
7909  25.4249  -46.7047  
7910  25.4249  -45.5927  
7911  25.4249  -44.4807  
7912  25.4249  -43.3687  
7913  25.4249  -42.2567  
7914  25.4249  -41.1447  
7915  25.4249  -40.0326  
7916  25.4249  -38.9206  
7917  25.4249  -37.8086  
7918  25.4249  -36.6966  
7919  25.4249  -35.5846  
7920  25.4249  -34.4726  
7921  25.4249  -33.3605  
7922  25.4249  -32.2485  
7923  25.4249  -31.1365  
7924  25.4249  -30.0245  
7925  25.4249  -28.9125  
7926  25.4249  -27.8004  
7927  25.4249  -26.6884  
7928  25.4249  -25.5764  
7929  25.4249  -24.4644  
7930  25.4249  -23.3524  
7931  25.4249  -22.2404  
7932  25.4249  -21.1283  
7933  25.4249  -20.0163  
7934  25.4249  -18.9043  
7935  25.4249  -17.7923  
7936  25.4249  -16.6803  
7937  25.4249  -15.5682  
7938  25.4249  -14.4562  
7939  25.4249  -13.3442  
7940  25.4249  -12.2322  
7941  25.4249  -11.1202  
7942  25.4249  -10.0082  
7943  25.4249  -8.89614  
7944  25.4249  -7.78412  
7945  25.4249  -6.67211  
7946  25.4249  -5.56009  
7947  25.4249  -4.44807  
7948  25.4249  -3.33605  
7949  25.4249  -2.22404  
7950  25.4249  -1.11202  
7951  25.4249  0  
7952  25.4249  1.11202  
7953  25.4249  2.22404  
7954  25.4249  3.33605  
7955  25.4249  4.44807  
7956  25.4249  5.56009  
7957  25.4249  6.67211  
7958  25.4249  7.78412  
7959  25.4249  8.89614  
7960  25.4249  10.0082  
7961  25.4249  11.1202  
7962  25.4249  12.2322  
7963  25.4249  13.3442  
7964  25.4249  14.4562  
7965  25.4249  15.5682  
7966  25.4249  16.6803  
7967  25.4249  17.7923  
7968  25.4249  18.9043  
7969  25.4249  20.0163  
7970  25.4249  21.1283  
7971  25.4249  22.2404  
7972  25.4249  23.3524  
7973  25.4249  24.4644  
7974  25.4249  25.5764  
7975  25.4249  26.6884  
7976  25.4249  27.8004  
7977  25.4249  28.9125  
7978  25.4249  30.0245  
7979  25.4249  31.1365  
7980  25.4249  32.2485  
7981  25.4249  33.3605  
7982  25.4249  34.4726  
7983  25.4249  35.5846  
7984  25.4249  36.6966  
7985  25.4249  37.8086  
7986  25.4249  38.9206  
7987  25.4249  40.0326  
7988  25.4249  41.1447  
7989  25.4249  42.2567  
7990  25.4249  43.3687  
7991  25.4249  44.4807  
7992  25.4249  45.5927  
7993  25.4249  46.7047  
7994  25.4249  47.8168  
7995  25.4249  48.9288  
7996  25.4249  50.0408  
7997  25.4249  51.1528  
7998  25.4249  52.2648  
7999  25.4249  53.3769  
8000  25.4249  54.4889  
8001  26.3016  -55.6009  
8002  26.3016  -54.4889  
8003  26.3016  -53.3769  
8004  26.3016  -52.2648  
8005  26.3016  -51.1528  
8006  26.3016  -50.0408  
8007  26.3016  -48.9288  
8008  26.3016  -47.8168  
8009  26.3016  -46.7047  
8010  26.3016  -45.5927  
8011  26.3016  -44.4807  
8012  26.3016  -43.3687  
8013  26.3016  -42.2567  
8014  26.3016  -41.1447  
8015  26.3016  -40.0326  
8016  26.3016  -38.9206  
8017  26.3016  -37.8086  
8018  26.3016  -36.6966  
8019  26.3016  -35.5846  
8020  26.3016  -34.4726  
8021  26.3016  -33.3605  
8022  26.3016  -32.2485  
8023  26.3016  -31.1365  
8024  26.3016  -30.0245  
8025  26.3016  -28.9125  
8026  26.3016  -27.8004  
8027  26.3016  -26.6884  
8028  26.3016  -25.5764  
8029  26.3016  -24.4644  
8030  26.3016  -23.3524  
8031  26.3016  -22.2404  
8032  26.3016  -21.1283  
8033  26.3016  -20.0163  
8034  26.3016  -18.9043  
8035  26.3016  -17.7923  
8036  26.3016  -16.6803  
8037  26.3016  -15.5682  
8038  26.3016  -14.4562  
8039  26.3016  -13.3442  
8040  26.3016  -12.2322  
8041  26.3016  -11.1202  
8042  26.3016  -10.0082  
8043  26.3016  -8.89614  
8044  26.3016  -7.78412  
8045  26.3016  -6.67211  
8046  26.3016  -5.56009  
8047  26.3016  -4.44807  
8048  26.3016  -3.33605  
8049  26.3016  -2.22404  
8050  26.3016  -1.11202  
8051  26.3016  0  
8052  26.3016  1.11202  
8053  26.3016  2.22404  
8054  26.3016  3.33605  
8055  26.3016  4.44807  
8056  26.3016  5.56009  
8057  26.3016  6.67211  
8058  26.3016  7.78412  
8059  26.3016  8.89614  
8060  26.3016  10.0082  
8061  26.3016  11.1202  
8062  26.3016  12.2322  
8063  26.3016  13.3442  
8064  26.3016  14.4562  
8065  26.3016  15.5682  
8066  26.3016  16.6803  
8067  26.3016  17.7923  
8068  26.3016  18.9043  
8069  26.3016  20.0163  
8070  26.3016  21.1283  
8071  26.3016  22.2404  
8072  26.3016  23.3524  
8073  26.3016  24.4644  
8074  26.3016  25.5764  
8075  26.3016  26.6884  
8076  26.3016  27.8004  
8077  26.3016  28.9125  
8078  26.3016  30.0245  
8079  26.3016  31.1365  
8080  26.3016  32.2485  
8081  26.3016  33.3605  
8082  26.3016  34.4726  
8083  26.3016  35.5846  
8084  26.3016  36.6966  
8085  26.3016  37.8086  
8086  26.3016  38.9206  
8087  26.3016  40.0326  
8088  26.3016  41.1447  
8089  26.3016  42.2567  
8090  26.3016  43.3687  
8091  26.3016  44.4807  
8092  26.3016  45.5927  
8093  26.3016  46.7047  
8094  26.3016  47.8168  
8095  26.3016  48.9288  
8096  26.3016  50.0408  
8097  26.3016  51.1528  
8098  26.3016  52.2648  
8099  26.3016  53.3769  
8100  26.3016  54.4889  
8101  27.1783  -55.6009  
8102  27.1783  -54.4889  
8103  27.1783  -53.3769  
8104  27.1783  -52.2648  
8105  27.1783  -51.1528  
8106  27.1783  -50.0408  
8107  27.1783  -48.9288  
8108  27.1783  -47.8168  
8109  27.1783  -46.7047  
8110  27.1783  -45.5927  
8111  27.1783  -44.4807  
8112  27.1783  -43.3687  
8113  27.1783  -42.2567  
8114  27.1783  -41.1447  
8115  27.1783  -40.0326  
8116  27.1783  -38.9206  
8117  27.1783  -37.8086  
8118  27.1783  -36.6966  
8119  27.1783  -35.5846  
8120  27.1783  -34.4726  
8121  27.1783  -33.3605  
8122  27.1783  -32.2485  
8123  27.1783  -31.1365  
8124  27.1783  -30.0245  
8125  27.1783  -28.9125  
8126  27.1783  -27.8004  
8127  27.1783  -26.6884  
8128  27.1783  -25.5764  
8129  27.1783  -24.4644  
8130  27.1783  -23.3524  
8131  27.1783  -22.2404  
8132  27.1783  -21.1283  
8133  27.1783  -20.0163  
8134  27.1783  -18.9043  
8135  27.1783  -17.7923  
8136  27.1783  -16.6803  
8137  27.1783  -15.5682  
8138  27.1783  -14.4562  
8139  27.1783  -13.3442  
8140  27.1783  -12.2322  
8141  27.1783  -11.1202  
8142  27.1783  -10.0082  
8143  27.1783  -8.89614  
8144  27.1783  -7.78412  
8145  27.1783  -6.67211  
8146  27.1783  -5.56009  
8147  27.1783  -4.44807  
8148  27.1783  -3.33605  
8149  27.1783  -2.22404  
8150  27.1783  -1.11202  
8151  27.1783  0  
8152  27.1783  1.11202  
8153  27.1783  2.22404  
8154  27.1783  3.33605  
8155  27.1783  4.44807  
8156  27.1783  5.56009  
8157  27.1783  6.67211  
8158  27.1783  7.78412  
8159  27.1783  8.89614  
8160  27.1783  10.0082  
8161  27.1783  11.1202  
8162  27.1783  12.2322  
8163  27.1783  13.3442  
8164  27.1783  14.4562  
8165  27.1783  15.5682  
8166  27.1783  16.6803  
8167  27.1783  17.7923  
8168  27.1783  18.9043  
8169  27.1783  20.0163  
8170  27.1783  21.1283  
8171  27.1783  22.2404  
8172  27.1783  23.3524  
8173  27.1783  24.4644  
8174  27.1783  25.5764  
8175  27.1783  26.6884  
8176  27.1783  27.8004  
8177  27.1783  28.9125  
8178  27.1783  30.0245  
8179  27.1783  31.1365  
8180  27.1783  32.2485  
8181  27.1783  33.3605  
8182  27.1783  34.4726  
8183  27.1783  35.5846  
8184  27.1783  36.6966  
8185  27.1783  37.8086  
8186  27.1783  38.9206  
8187  27.1783  40.0326  
8188  27.1783  41.1447  
8189  27.1783  42.2567  
8190  27.1783  43.3687  
8191  27.1783  44.4807  
8192  27.1783  45.5927  
8193  27.1783  46.7047  
8194  27.1783  47.8168  
8195  27.1783  48.9288  
8196  27.1783  50.0408  
8197  27.1783  51.1528  
8198  27.1783  52.2648  
8199  27.1783  53.3769  
8200  27.1783  54.4889  
8201  28.055  -55.6009  
8202  28.055  -54.4889  
8203  28.055  -53.3769  
8204  28.055  -52.2648  
8205  28.055  -51.1528  
8206  28.055  -50.0408  
8207  28.055  -48.9288  
8208  28.055  -47.8168  
8209  28.055  -46.7047  
8210  28.055  -45.5927  
8211  28.055  -44.4807  
8212  28.055  -43.3687  
8213  28.055  -42.2567  
8214  28.055  -41.1447  
8215  28.055  -40.0326  
8216  28.055  -38.9206  
8217  28.055  -37.8086  
8218  28.055  -36.6966  
8219  28.055  -35.5846  
8220  28.055  -34.4726  
8221  28.055  -33.3605  
8222  28.055  -32.2485  
8223  28.055  -31.1365  
8224  28.055  -30.0245  
8225  28.055  -28.9125  
8226  28.055  -27.8004  
8227  28.055  -26.6884  
8228  28.055  -25.5764  
8229  28.055  -24.4644  
8230  28.055  -23.3524  
8231  28.055  -22.2404  
8232  28.055  -21.1283  
8233  28.055  -20.0163  
8234  28.055  -18.9043  
8235  28.055  -17.7923  
8236  28.055  -16.6803  
8237  28.055  -15.5682  
8238  28.055  -14.4562  
8239  28.055  -13.3442  
8240  28.055  -12.2322  
8241  28.055  -11.1202  
8242  28.055  -10.0082  
8243  28.055  -8.89614  
8244  28.055  -7.78412  
8245  28.055  -6.67211  
8246  28.055  -5.56009  
8247  28.055  -4.44807  
8248  28.055  -3.33605  
8249  28.055  -2.22404  
8250  28.055  -1.11202  
8251  28.055  0  
8252  28.055  1.11202  
8253  28.055  2.22404  
8254  28.055  3.33605  
8255  28.055  4.44807  
8256  28.055  5.56009  
8257  28.055  6.67211  
8258  28.055  7.78412  
8259  28.055  8.89614  
8260  28.055  10.0082  
8261  28.055  11.1202  
8262  28.055  12.2322  
8263  28.055  13.3442  
8264  28.055  14.4562  
8265  28.055  15.5682  
8266  28.055  16.6803  
8267  28.055  17.7923  
8268  28.055  18.9043  
8269  28.055  20.0163  
8270  28.055  21.1283  
8271  28.055  22.2404  
8272  28.055  23.3524  
8273  28.055  24.4644  
8274  28.055  25.5764  
8275  28.055  26.6884  
8276  28.055  27.8004  
8277  28.055  28.9125  
8278  28.055  30.0245  
8279  28.055  31.1365  
8280  28.055  32.2485  
8281  28.055  33.3605  
8282  28.055  34.4726  
8283  28.055  35.5846  
8284  28.055  36.6966  
8285  28.055  37.8086  
8286  28.055  38.9206  
8287  28.055  40.0326  
8288  28.055  41.1447  
8289  28.055  42.2567  
8290  28.055  43.3687  
8291  28.055  44.4807  
8292  28.055  45.5927  
8293  28.055  46.7047  
8294  28.055  47.8168  
8295  28.055  48.9288  
8296  28.055  50.0408  
8297  28.055  51.1528  
8298  28.055  52.2648  
8299  28.055  53.3769  
8300  28.055  54.4889  
8301  28.9318  -55.6009  
8302  28.9318  -54.4889  
8303  28.9318  -53.3769  
8304  28.9318  -52.2648  
8305  28.9318  -51.1528  
8306  28.9318  -50.0408  
8307  28.9318  -48.9288  
8308  28.9318  -47.8168  
8309  28.9318  -46.7047  
8310  28.9318  -45.5927  
8311  28.9318  -44.4807  
8312  28.9318  -43.3687  
8313  28.9318  -42.2567  
8314  28.9318  -41.1447  
8315  28.9318  -40.0326  
8316  28.9318  -38.9206  
8317  28.9318  -37.8086  
8318  28.9318  -36.6966  
8319  28.9318  -35.5846  
8320  28.9318  -34.4726  
8321  28.9318  -33.3605  
8322  28.9318  -32.2485  
8323  28.9318  -31.1365  
8324  28.9318  -30.0245  
8325  28.9318  -28.9125  
8326  28.9318  -27.8004  
8327  28.9318  -26.6884  
8328  28.9318  -25.5764  
8329  28.9318  -24.4644  
8330  28.9318  -23.3524  
8331  28.9318  -22.2404  
8332  28.9318  -21.1283  
8333  28.9318  -20.0163  
8334  28.9318  -18.9043  
8335  28.9318  -17.7923  
8336  28.9318  -16.6803  
8337  28.9318  -15.5682  
8338  28.9318  -14.4562  
8339  28.9318  -13.3442  
8340  28.9318  -12.2322  
8341  28.9318  -11.1202  
8342  28.9318  -10.0082  
8343  28.9318  -8.89614  
8344  28.9318  -7.78412  
8345  28.9318  -6.67211  
8346  28.9318  -5.56009  
8347  28.9318  -4.44807  
8348  28.9318  -3.33605  
8349  28.9318  -2.22404  
8350  28.9318  -1.11202  
8351  28.9318  0  
8352  28.9318  1.11202  
8353  28.9318  2.22404  
8354  28.9318  3.33605  
8355  28.9318  4.44807  
8356  28.9318  5.56009  
8357  28.9318  6.67211  
8358  28.9318  7.78412  
8359  28.9318  8.89614  
8360  28.9318  10.0082  
8361  28.9318  11.1202  
8362  28.9318  12.2322  
8363  28.9318  13.3442  
8364  28.9318  14.4562  
8365  28.9318  15.5682  
8366  28.9318  16.6803  
8367  28.9318  17.7923  
8368  28.9318  18.9043  
8369  28.9318  20.0163  
8370  28.9318  21.1283  
8371  28.9318  22.2404  
8372  28.9318  23.3524  
8373  28.9318  24.4644  
8374  28.9318  25.5764  
8375  28.9318  26.6884  
8376  28.9318  27.8004  
8377  28.9318  28.9125  
8378  28.9318  30.0245  
8379  28.9318  31.1365  
8380  28.9318  32.2485  
8381  28.9318  33.3605  
8382  28.9318  34.4726  
8383  28.9318  35.5846  
8384  28.9318  36.6966  
8385  28.9318  37.8086  
8386  28.9318  38.9206  
8387  28.9318  40.0326  
8388  28.9318  41.1447  
8389  28.9318  42.2567  
8390  28.9318  43.3687  
8391  28.9318  44.4807  
8392  28.9318  45.5927  
8393  28.9318  46.7047  
8394  28.9318  47.8168  
8395  28.9318  48.9288  
8396  28.9318  50.0408  
8397  28.9318  51.1528  
8398  28.9318  52.2648  
8399  28.9318  53.3769  
8400  28.9318  54.4889  
8401  29.8085  -55.6009  
8402  29.8085  -54.4889  
8403  29.8085  -53.3769  
8404  29.8085  -52.2648  
8405  29.8085  -51.1528  
8406  29.8085  -50.0408  
8407  29.8085  -48.9288  
8408  29.8085  -47.8168  
8409  29.8085  -46.7047  
8410  29.8085  -45.5927  
8411  29.8085  -44.4807  
8412  29.8085  -43.3687  
8413  29.8085  -42.2567  
8414  29.8085  -41.1447  
8415  29.8085  -40.0326  
8416  29.8085  -38.9206  
8417  29.8085  -37.8086  
8418  29.8085  -36.6966  
8419  29.8085  -35.5846  
8420  29.8085  -34.4726  
8421  29.8085  -33.3605  
8422  29.8085  -32.2485  
8423  29.8085  -31.1365  
8424  29.8085  -30.0245  
8425  29.8085  -28.9125  
8426  29.8085  -27.8004  
8427  29.8085  -26.6884  
8428  29.8085  -25.5764  
8429  29.8085  -24.4644  
8430  29.8085  -23.3524  
8431  29.8085  -22.2404  
8432  29.8085  -21.1283  
8433  29.8085  -20.0163  
8434  29.8085  -18.9043  
8435  29.8085  -17.7923  
8436  29.8085  -16.6803  
8437  29.8085  -15.5682  
8438  29.8085  -14.4562  
8439  29.8085  -13.3442  
8440  29.8085  -12.2322  
8441  29.8085  -11.1202  
8442  29.8085  -10.0082  
8443  29.8085  -8.89614  
8444  29.8085  -7.78412  
8445  29.8085  -6.67211  
8446  29.8085  -5.56009  
8447  29.8085  -4.44807  
8448  29.8085  -3.33605  
8449  29.8085  -2.22404  
8450  29.8085  -1.11202  
8451  29.8085  0  
8452  29.8085  1.11202  
8453  29.8085  2.22404  
8454  29.8085  3.33605  
8455  29.8085  4.44807  
8456  29.8085  5.56009  
8457  29.8085  6.67211  
8458  29.8085  7.78412  
8459  29.8085  8.89614  
8460  29.8085  10.0082  
8461  29.8085  11.1202  
8462  29.8085  12.2322  
8463  29.8085  13.3442  
8464  29.8085  14.4562  
8465  29.8085  15.5682  
8466  29.8085  16.6803  
8467  29.8085  17.7923  
8468  29.8085  18.9043  
8469  29.8085  20.0163  
8470  29.8085  21.1283  
8471  29.8085  22.2404  
8472  29.8085  23.3524  
8473  29.8085  24.4644  
8474  29.8085  25.5764  
8475  29.8085  26.6884  
8476  29.8085  27.8004  
8477  29.8085  28.9125  
8478  29.8085  30.0245  
8479  29.8085  31.1365  
8480  29.8085  32.2485  
8481  29.8085  33.3605  
8482  29.8085  34.4726  
8483  29.8085  35.5846  
8484  29.8085  36.6966  
8485  29.8085  37.8086  
8486  29.8085  38.9206  
8487  29.8085  40.0326  
8488  29.8085  41.1447  
8489  29.8085  42.2567  
8490  29.8085  43.3687  
8491  29.8085  44.4807  
8492  29.8085  45.5927  
8493  29.8085  46.7047  
8494  29.8085  47.8168  
8495  29.8085  48.9288  
8496  29.8085  50.0408  
8497  29.8085  51.1528  
8498  29.8085  52.2648  
8499  29.8085  53.3769  
8500  29.8085  54.4889  
8501  30.6852  -55.6009  
8502  30.6852  -54.4889  
8503  30.6852  -53.3769  
8504  30.6852  -52.2648  
8505  30.6852  -51.1528  
8506  30.6852  -50.0408  
8507  30.6852  -48.9288  
8508  30.6852  -47.8168  
8509  30.6852  -46.7047  
8510  30.6852  -45.5927  
8511  30.6852  -44.4807  
8512  30.6852  -43.3687  
8513  30.6852  -42.2567  
8514  30.6852  -41.1447  
8515  30.6852  -40.0326  
8516  30.6852  -38.9206  
8517  30.6852  -37.8086  
8518  30.6852  -36.6966  
8519  30.6852  -35.5846  
8520  30.6852  -34.4726  
8521  30.6852  -33.3605  
8522  30.6852  -32.2485  
8523  30.6852  -31.1365  
8524  30.6852  -30.0245  
8525  30.6852  -28.9125  
8526  30.6852  -27.8004  
8527  30.6852  -26.6884  
8528  30.6852  -25.5764  
8529  30.6852  -24.4644  
8530  30.6852  -23.3524  
8531  30.6852  -22.2404  
8532  30.6852  -21.1283  
8533  30.6852  -20.0163  
8534  30.6852  -18.9043  
8535  30.6852  -17.7923  
8536  30.6852  -16.6803  
8537  30.6852  -15.5682  
8538  30.6852  -14.4562  
8539  30.6852  -13.3442  
8540  30.6852  -12.2322  
8541  30.6852  -11.1202  
8542  30.6852  -10.0082  
8543  30.6852  -8.89614  
8544  30.6852  -7.78412  
8545  30.6852  -6.67211  
8546  30.6852  -5.56009  
8547  30.6852  -4.44807  
8548  30.6852  -3.33605  
8549  30.6852  -2.22404  
8550  30.6852  -1.11202  
8551  30.6852  0  
8552  30.6852  1.11202  
8553  30.6852  2.22404  
8554  30.6852  3.33605  
8555  30.6852  4.44807  
8556  30.6852  5.56009  
8557  30.6852  6.67211  
8558  30.6852  7.78412  
8559  30.6852  8.89614  
8560  30.6852  10.0082  
8561  30.6852  11.1202  
8562  30.6852  12.2322  
8563  30.6852  13.3442  
8564  30.6852  14.4562  
8565  30.6852  15.5682  
8566  30.6852  16.6803  
8567  30.6852  17.7923  
8568  30.6852  18.9043  
8569  30.6852  20.0163  
8570  30.6852  21.1283  
8571  30.6852  22.2404  
8572  30.6852  23.3524  
8573  30.6852  24.4644  
8574  30.6852  25.5764  
8575  30.6852  26.6884  
8576  30.6852  27.8004  
8577  30.6852  28.9125  
8578  30.6852  30.0245  
8579  30.6852  31.1365  
8580  30.6852  32.2485  
8581  30.6852  33.3605  
8582  30.6852  34.4726  
8583  30.6852  35.5846  
8584  30.6852  36.6966  
8585  30.6852  37.8086  
8586  30.6852  38.9206  
8587  30.6852  40.0326  
8588  30.6852  41.1447  
8589  30.6852  42.2567  
8590  30.6852  43.3687  
8591  30.6852  44.4807  
8592  30.6852  45.5927  
8593  30.6852  46.7047  
8594  30.6852  47.8168  
8595  30.6852  48.9288  
8596  30.6852  50.0408  
8597  30.6852  51.1528  
8598  30.6852  52.2648  
8599  30.6852  53.3769  
8600  30.6852  54.4889  
8601  31.5619  -55.6009  
8602  31.5619  -54.4889  
8603  31.5619  -53.3769  
8604  31.5619  -52.2648  
8605  31.5619  -51.1528  
8606  31.5619  -50.0408  
8607  31.5619  -48.9288  
8608  31.5619  -47.8168  
8609  31.5619  -46.7047  
8610  31.5619  -45.5927  
8611  31.5619  -44.4807  
8612  31.5619  -43.3687  
8613  31.5619  -42.2567  
8614  31.5619  -41.1447  
8615  31.5619  -40.0326  
8616  31.5619  -38.9206  
8617  31.5619  -37.8086  
8618  31.5619  -36.6966  
8619  31.5619  -35.5846  
8620  31.5619  -34.4726  
8621  31.5619  -33.3605  
8622  31.5619  -32.2485  
8623  31.5619  -31.1365  
8624  31.5619  -30.0245  
8625  31.5619  -28.9125  
8626  31.5619  -27.8004  
8627  31.5619  -26.6884  
8628  31.5619  -25.5764  
8629  31.5619  -24.4644  
8630  31.5619  -23.3524  
8631  31.5619  -22.2404  
8632  31.5619  -21.1283  
8633  31.5619  -20.0163  
8634  31.5619  -18.9043  
8635  31.5619  -17.7923  
8636  31.5619  -16.6803  
8637  31.5619  -15.5682  
8638  31.5619  -14.4562  
8639  31.5619  -13.3442  
8640  31.5619  -12.2322  
8641  31.5619  -11.1202  
8642  31.5619  -10.0082  
8643  31.5619  -8.89614  
8644  31.5619  -7.78412  
8645  31.5619  -6.67211  
8646  31.5619  -5.56009  
8647  31.5619  -4.44807  
8648  31.5619  -3.33605  
8649  31.5619  -2.22404  
8650  31.5619  -1.11202  
8651  31.5619  0  
8652  31.5619  1.11202  
8653  31.5619  2.22404  
8654  31.5619  3.33605  
8655  31.5619  4.44807  
8656  31.5619  5.56009  
8657  31.5619  6.67211  
8658  31.5619  7.78412  
8659  31.5619  8.89614  
8660  31.5619  10.0082  
8661  31.5619  11.1202  
8662  31.5619  12.2322  
8663  31.5619  13.3442  
8664  31.5619  14.4562  
8665  31.5619  15.5682  
8666  31.5619  16.6803  
8667  31.5619  17.7923  
8668  31.5619  18.9043  
8669  31.5619  20.0163  
8670  31.5619  21.1283  
8671  31.5619  22.2404  
8672  31.5619  23.3524  
8673  31.5619  24.4644  
8674  31.5619  25.5764  
8675  31.5619  26.6884  
8676  31.5619  27.8004  
8677  31.5619  28.9125  
8678  31.5619  30.0245  
8679  31.5619  31.1365  
8680  31.5619  32.2485  
8681  31.5619  33.3605  
8682  31.5619  34.4726  
8683  31.5619  35.5846  
8684  31.5619  36.6966  
8685  31.5619  37.8086  
8686  31.5619  38.9206  
8687  31.5619  40.0326  
8688  31.5619  41.1447  
8689  31.5619  42.2567  
8690  31.5619  43.3687  
8691  31.5619  44.4807  
8692  31.5619  45.5927  
8693  31.5619  46.7047  
8694  31.5619  47.8168  
8695  31.5619  48.9288  
8696  31.5619  50.0408  
8697  31.5619  51.1528  
8698  31.5619  52.2648  
8699  31.5619  53.3769  
8700  31.5619  54.4889  
8701  32.4386  -55.6009  
8702  32.4386  -54.4889  
8703  32.4386  -53.3769  
8704  32.4386  -52.2648  
8705  32.4386  -51.1528  
8706  32.4386  -50.0408  
8707  32.4386  -48.9288  
8708  32.4386  -47.8168  
8709  32.4386  -46.7047  
8710  32.4386  -45.5927  
8711  32.4386  -44.4807  
8712  32.4386  -43.3687  
8713  32.4386  -42.2567  
8714  32.4386  -41.1447  
8715  32.4386  -40.0326  
8716  32.4386  -38.9206  
8717  32.4386  -37.8086  
8718  32.4386  -36.6966  
8719  32.4386  -35.5846  
8720  32.4386  -34.4726  
8721  32.4386  -33.3605  
8722  32.4386  -32.2485  
8723  32.4386  -31.1365  
8724  32.4386  -30.0245  
8725  32.4386  -28.9125  
8726  32.4386  -27.8004  
8727  32.4386  -26.6884  
8728  32.4386  -25.5764  
8729  32.4386  -24.4644  
8730  32.4386  -23.3524  
8731  32.4386  -22.2404  
8732  32.4386  -21.1283  
8733  32.4386  -20.0163  
8734  32.4386  -18.9043  
8735  32.4386  -17.7923  
8736  32.4386  -16.6803  
8737  32.4386  -15.5682  
8738  32.4386  -14.4562  
8739  32.4386  -13.3442  
8740  32.4386  -12.2322  
8741  32.4386  -11.1202  
8742  32.4386  -10.0082  
8743  32.4386  -8.89614  
8744  32.4386  -7.78412  
8745  32.4386  -6.67211  
8746  32.4386  -5.56009  
8747  32.4386  -4.44807  
8748  32.4386  -3.33605  
8749  32.4386  -2.22404  
8750  32.4386  -1.11202  
8751  32.4386  0  
8752  32.4386  1.11202  
8753  32.4386  2.22404  
8754  32.4386  3.33605  
8755  32.4386  4.44807  
8756  32.4386  5.56009  
8757  32.4386  6.67211  
8758  32.4386  7.78412  
8759  32.4386  8.89614  
8760  32.4386  10.0082  
8761  32.4386  11.1202  
8762  32.4386  12.2322  
8763  32.4386  13.3442  
8764  32.4386  14.4562  
8765  32.4386  15.5682  
8766  32.4386  16.6803  
8767  32.4386  17.7923  
8768  32.4386  18.9043  
8769  32.4386  20.0163  
8770  32.4386  21.1283  
8771  32.4386  22.2404  
8772  32.4386  23.3524  
8773  32.4386  24.4644  
8774  32.4386  25.5764  
8775  32.4386  26.6884  
8776  32.4386  27.8004  
8777  32.4386  28.9125  
8778  32.4386  30.0245  
8779  32.4386  31.1365  
8780  32.4386  32.2485  
8781  32.4386  33.3605  
8782  32.4386  34.4726  
8783  32.4386  35.5846  
8784  32.4386  36.6966  
8785  32.4386  37.8086  
8786  32.4386  38.9206  
8787  32.4386  40.0326  
8788  32.4386  41.1447  
8789  32.4386  42.2567  
8790  32.4386  43.3687  
8791  32.4386  44.4807  
8792  32.4386  45.5927  
8793  32.4386  46.7047  
8794  32.4386  47.8168  
8795  32.4386  48.9288  
8796  32.4386  50.0408  
8797  32.4386  51.1528  
8798  32.4386  52.2648  
8799  32.4386  53.3769  
8800  32.4386  54.4889  
8801  33.3154  -55.6009  
8802  33.3154  -54.4889  
8803  33.3154  -53.3769  
8804  33.3154  -52.2648  
8805  33.3154  -51.1528  
8806  33.3154  -50.0408  
8807  33.3154  -48.9288  
8808  33.3154  -47.8168  
8809  33.3154  -46.7047  
8810  33.3154  -45.5927  
8811  33.3154  -44.4807  
8812  33.3154  -43.3687  
8813  33.3154  -42.2567  
8814  33.3154  -41.1447  
8815  33.3154  -40.0326  
8816  33.3154  -38.9206  
8817  33.3154  -37.8086  
8818  33.3154  -36.6966  
8819  33.3154  -35.5846  
8820  33.3154  -34.4726  
8821  33.3154  -33.3605  
8822  33.3154  -32.2485  
8823  33.3154  -31.1365  
8824  33.3154  -30.0245  
8825  33.3154  -28.9125  
8826  33.3154  -27.8004  
8827  33.3154  -26.6884  
8828  33.3154  -25.5764  
8829  33.3154  -24.4644  
8830  33.3154  -23.3524  
8831  33.3154  -22.2404  
8832  33.3154  -21.1283  
8833  33.3154  -20.0163  
8834  33.3154  -18.9043  
8835  33.3154  -17.7923  
8836  33.3154  -16.6803  
8837  33.3154  -15.5682  
8838  33.3154  -14.4562  
8839  33.3154  -13.3442  
8840  33.3154  -12.2322  
8841  33.3154  -11.1202  
8842  33.3154  -10.0082  
8843  33.3154  -8.89614  
8844  33.3154  -7.78412  
8845  33.3154  -6.67211  
8846  33.3154  -5.56009  
8847  33.3154  -4.44807  
8848  33.3154  -3.33605  
8849  33.3154  -2.22404  
8850  33.3154  -1.11202  
8851  33.3154  0  
8852  33.3154  1.11202  
8853  33.3154  2.22404  
8854  33.3154  3.33605  
8855  33.3154  4.44807  
8856  33.3154  5.56009  
8857  33.3154  6.67211  
8858  33.3154  7.78412  
8859  33.3154  8.89614  
8860  33.3154  10.0082  
8861  33.3154  11.1202  
8862  33.3154  12.2322  
8863  33.3154  13.3442  
8864  33.3154  14.4562  
8865  33.3154  15.5682  
8866  33.3154  16.6803  
8867  33.3154  17.7923  
8868  33.3154  18.9043  
8869  33.3154  20.0163  
8870  33.3154  21.1283  
8871  33.3154  22.2404  
8872  33.3154  23.3524  
8873  33.3154  24.4644  
8874  33.3154  25.5764  
8875  33.3154  26.6884  
8876  33.3154  27.8004  
8877  33.3154  28.9125  
8878  33.3154  30.0245  
8879  33.3154  31.1365  
8880  33.3154  32.2485  
8881  33.3154  33.3605  
8882  33.3154  34.4726  
8883  33.3154  35.5846  
8884  33.3154  36.6966  
8885  33.3154  37.8086  
8886  33.3154  38.9206  
8887  33.3154  40.0326  
8888  33.3154  41.1447  
8889  33.3154  42.2567  
8890  33.3154  43.3687  
8891  33.3154  44.4807  
8892  33.3154  45.5927  
8893  33.3154  46.7047  
8894  33.3154  47.8168  
8895  33.3154  48.9288  
8896  33.3154  50.0408  
8897  33.3154  51.1528  
8898  33.3154  52.2648  
8899  33.3154  53.3769  
8900  33.3154  54.4889  
8901  34.1921  -55.6009  
8902  34.1921  -54.4889  
8903  34.1921  -53.3769  
8904  34.1921  -52.2648  
8905  34.1921  -51.1528  
8906  34.1921  -50.0408  
8907  34.1921  -48.9288  
8908  34.1921  -47.8168  
8909  34.1921  -46.7047  
8910  34.1921  -45.5927  
8911  34.1921  -44.4807  
8912  34.1921  -43.3687  
8913  34.1921  -42.2567  
8914  34.1921  -41.1447  
8915  34.1921  -40.0326  
8916  34.1921  -38.9206  
8917  34.1921  -37.8086  
8918  34.1921  -36.6966  
8919  34.1921  -35.5846  
8920  34.1921  -34.4726  
8921  34.1921  -33.3605  
8922  34.1921  -32.2485  
8923  34.1921  -31.1365  
8924  34.1921  -30.0245  
8925  34.1921  -28.9125  
8926  34.1921  -27.8004  
8927  34.1921  -26.6884  
8928  34.1921  -25.5764  
8929  34.1921  -24.4644  
8930  34.1921  -23.3524  
8931  34.1921  -22.2404  
8932  34.1921  -21.1283  
8933  34.1921  -20.0163  
8934  34.1921  -18.9043  
8935  34.1921  -17.7923  
8936  34.1921  -16.6803  
8937  34.1921  -15.5682  
8938  34.1921  -14.4562  
8939  34.1921  -13.3442  
8940  34.1921  -12.2322  
8941  34.1921  -11.1202  
8942  34.1921  -10.0082  
8943  34.1921  -8.89614  
8944  34.1921  -7.78412  
8945  34.1921  -6.67211  
8946  34.1921  -5.56009  
8947  34.1921  -4.44807  
8948  34.1921  -3.33605  
8949  34.1921  -2.22404  
8950  34.1921  -1.11202  
8951  34.1921  0  
8952  34.1921  1.11202  
8953  34.1921  2.22404  
8954  34.1921  3.33605  
8955  34.1921  4.44807  
8956  34.1921  5.56009  
8957  34.1921  6.67211  
8958  34.1921  7.78412  
8959  34.1921  8.89614  
8960  34.1921  10.0082  
8961  34.1921  11.1202  
8962  34.1921  12.2322  
8963  34.1921  13.3442  
8964  34.1921  14.4562  
8965  34.1921  15.5682  
8966  34.1921  16.6803  
8967  34.1921  17.7923  
8968  34.1921  18.9043  
8969  34.1921  20.0163  
8970  34.1921  21.1283  
8971  34.1921  22.2404  
8972  34.1921  23.3524  
8973  34.1921  24.4644  
8974  34.1921  25.5764  
8975  34.1921  26.6884  
8976  34.1921  27.8004  
8977  34.1921  28.9125  
8978  34.1921  30.0245  
8979  34.1921  31.1365  
8980  34.1921  32.2485  
8981  34.1921  33.3605  
8982  34.1921  34.4726  
8983  34.1921  35.5846  
8984  34.1921  36.6966  
8985  34.1921  37.8086  
8986  34.1921  38.9206  
8987  34.1921  40.0326  
8988  34.1921  41.1447  
8989  34.1921  42.2567  
8990  34.1921  43.3687  
8991  34.1921  44.4807  
8992  34.1921  45.5927  
8993  34.1921  46.7047  
8994  34.1921  47.8168  
8995  34.1921  48.9288  
8996  34.1921  50.0408  
8997  34.1921  51.1528  
8998  34.1921  52.2648  
8999  34.1921  53.3769  
9000  34.1921  54.4889  
9001  35.0688  -55.6009  
9002  35.0688  -54.4889  
9003  35.0688  -53.3769  
9004  35.0688  -52.2648  
9005  35.0688  -51.1528  
9006  35.0688  -50.0408  
9007  35.0688  -48.9288  
9008  35.0688  -47.8168  
9009  35.0688  -46.7047  
9010  35.0688  -45.5927  
9011  35.0688  -44.4807  
9012  35.0688  -43.3687  
9013  35.0688  -42.2567  
9014  35.0688  -41.1447  
9015  35.0688  -40.0326  
9016  35.0688  -38.9206  
9017  35.0688  -37.8086  
9018  35.0688  -36.6966  
9019  35.0688  -35.5846  
9020  35.0688  -34.4726  
9021  35.0688  -33.3605  
9022  35.0688  -32.2485  
9023  35.0688  -31.1365  
9024  35.0688  -30.0245  
9025  35.0688  -28.9125  
9026  35.0688  -27.8004  
9027  35.0688  -26.6884  
9028  35.0688  -25.5764  
9029  35.0688  -24.4644  
9030  35.0688  -23.3524  
9031  35.0688  -22.2404  
9032  35.0688  -21.1283  
9033  35.0688  -20.0163  
9034  35.0688  -18.9043  
9035  35.0688  -17.7923  
9036  35.0688  -16.6803  
9037  35.0688  -15.5682  
9038  35.0688  -14.4562  
9039  35.0688  -13.3442  
9040  35.0688  -12.2322  
9041  35.0688  -11.1202  
9042  35.0688  -10.0082  
9043  35.0688  -8.89614  
9044  35.0688  -7.78412  
9045  35.0688  -6.67211  
9046  35.0688  -5.56009  
9047  35.0688  -4.44807  
9048  35.0688  -3.33605  
9049  35.0688  -2.22404  
9050  35.0688  -1.11202  
9051  35.0688  0  
9052  35.0688  1.11202  
9053  35.0688  2.22404  
9054  35.0688  3.33605  
9055  35.0688  4.44807  
9056  35.0688  5.56009  
9057  35.0688  6.67211  
9058  35.0688  7.78412  
9059  35.0688  8.89614  
9060  35.0688  10.0082  
9061  35.0688  11.1202  
9062  35.0688  12.2322  
9063  35.0688  13.3442  
9064  35.0688  14.4562  
9065  35.0688  15.5682  
9066  35.0688  16.6803  
9067  35.0688  17.7923  
9068  35.0688  18.9043  
9069  35.0688  20.0163  
9070  35.0688  21.1283  
9071  35.0688  22.2404  
9072  35.0688  23.3524  
9073  35.0688  24.4644  
9074  35.0688  25.5764  
9075  35.0688  26.6884  
9076  35.0688  27.8004  
9077  35.0688  28.9125  
9078  35.0688  30.0245  
9079  35.0688  31.1365  
9080  35.0688  32.2485  
9081  35.0688  33.3605  
9082  35.0688  34.4726  
9083  35.0688  35.5846  
9084  35.0688  36.6966  
9085  35.0688  37.8086  
9086  35.0688  38.9206  
9087  35.0688  40.0326  
9088  35.0688  41.1447  
9089  35.0688  42.2567  
9090  35.0688  43.3687  
9091  35.0688  44.4807  
9092  35.0688  45.5927  
9093  35.0688  46.7047  
9094  35.0688  47.8168  
9095  35.0688  48.9288  
9096  35.0688  50.0408  
9097  35.0688  51.1528  
9098  35.0688  52.2648  
9099  35.0688  53.3769  
9100  35.0688  54.4889  
9101  35.9455  -55.6009  
9102  35.9455  -54.4889  
9103  35.9455  -53.3769  
9104  35.9455  -52.2648  
9105  35.9455  -51.1528  
9106  35.9455  -50.0408  
9107  35.9455  -48.9288  
9108  35.9455  -47.8168  
9109  35.9455  -46.7047  
9110  35.9455  -45.5927  
9111  35.9455  -44.4807  
9112  35.9455  -43.3687  
9113  35.9455  -42.2567  
9114  35.9455  -41.1447  
9115  35.9455  -40.0326  
9116  35.9455  -38.9206  
9117  35.9455  -37.8086  
9118  35.9455  -36.6966  
9119  35.9455  -35.5846  
9120  35.9455  -34.4726  
9121  35.9455  -33.3605  
9122  35.9455  -32.2485  
9123  35.9455  -31.1365  
9124  35.9455  -30.0245  
9125  35.9455  -28.9125  
9126  35.9455  -27.8004  
9127  35.9455  -26.6884  
9128  35.9455  -25.5764  
9129  35.9455  -24.4644  
9130  35.9455  -23.3524  
9131  35.9455  -22.2404  
9132  35.9455  -21.1283  
9133  35.9455  -20.0163  
9134  35.9455  -18.9043  
9135  35.9455  -17.7923  
9136  35.9455  -16.6803  
9137  35.9455  -15.5682  
9138  35.9455  -14.4562  
9139  35.9455  -13.3442  
9140  35.9455  -12.2322  
9141  35.9455  -11.1202  
9142  35.9455  -10.0082  
9143  35.9455  -8.89614  
9144  35.9455  -7.78412  
9145  35.9455  -6.67211  
9146  35.9455  -5.56009  
9147  35.9455  -4.44807  
9148  35.9455  -3.33605  
9149  35.9455  -2.22404  
9150  35.9455  -1.11202  
9151  35.9455  0  
9152  35.9455  1.11202  
9153  35.9455  2.22404  
9154  35.9455  3.33605  
9155  35.9455  4.44807  
9156  35.9455  5.56009  
9157  35.9455  6.67211  
9158  35.9455  7.78412  
9159  35.9455  8.89614  
9160  35.9455  10.0082  
9161  35.9455  11.1202  
9162  35.9455  12.2322  
9163  35.9455  13.3442  
9164  35.9455  14.4562  
9165  35.9455  15.5682  
9166  35.9455  16.6803  
9167  35.9455  17.7923  
9168  35.9455  18.9043  
9169  35.9455  20.0163  
9170  35.9455  21.1283  
9171  35.9455  22.2404  
9172  35.9455  23.3524  
9173  35.9455  24.4644  
9174  35.9455  25.5764  
9175  35.9455  26.6884  
9176  35.9455  27.8004  
9177  35.9455  28.9125  
9178  35.9455  30.0245  
9179  35.9455  31.1365  
9180  35.9455  32.2485  
9181  35.9455  33.3605  
9182  35.9455  34.4726  
9183  35.9455  35.5846  
9184  35.9455  36.6966  
9185  35.9455  37.8086  
9186  35.9455  38.9206  
9187  35.9455  40.0326  
9188  35.9455  41.1447  
9189  35.9455  42.2567  
9190  35.9455  43.3687  
9191  35.9455  44.4807  
9192  35.9455  45.5927  
9193  35.9455  46.7047  
9194  35.9455  47.8168  
9195  35.9455  48.9288  
9196  35.9455  50.0408  
9197  35.9455  51.1528  
9198  35.9455  52.2648  
9199  35.9455  53.3769  
9200  35.9455  54.4889  
9201  36.8222  -55.6009  
9202  36.8222  -54.4889  
9203  36.8222  -53.3769  
9204  36.8222  -52.2648  
9205  36.8222  -51.1528  
9206  36.8222  -50.0408  
9207  36.8222  -48.9288  
9208  36.8222  -47.8168  
9209  36.8222  -46.7047  
9210  36.8222  -45.5927  
9211  36.8222  -44.4807  
9212  36.8222  -43.3687  
9213  36.8222  -42.2567  
9214  36.8222  -41.1447  
9215  36.8222  -40.0326  
9216  36.8222  -38.9206  
9217  36.8222  -37.8086  
9218  36.8222  -36.6966  
9219  36.8222  -35.5846  
9220  36.8222  -34.4726  
9221  36.8222  -33.3605  
9222  36.8222  -32.2485  
9223  36.8222  -31.1365  
9224  36.8222  -30.0245  
9225  36.8222  -28.9125  
9226  36.8222  -27.8004  
9227  36.8222  -26.6884  
9228  36.8222  -25.5764  
9229  36.8222  -24.4644  
9230  36.8222  -23.3524  
9231  36.8222  -22.2404  
9232  36.8222  -21.1283  
9233  36.8222  -20.0163  
9234  36.8222  -18.9043  
9235  36.8222  -17.7923  
9236  36.8222  -16.6803  
9237  36.8222  -15.5682  
9238  36.8222  -14.4562  
9239  36.8222  -13.3442  
9240  36.8222  -12.2322  
9241  36.8222  -11.1202  
9242  36.8222  -10.0082  
9243  36.8222  -8.89614  
9244  36.8222  -7.78412  
9245  36.8222  -6.67211  
9246  36.8222  -5.56009  
9247  36.8222  -4.44807  
9248  36.8222  -3.33605  
9249  36.8222  -2.22404  
9250  36.8222  -1.11202  
9251  36.8222  0  
9252  36.8222  1.11202  
9253  36.8222  2.22404  
9254  36.8222  3.33605  
9255  36.8222  4.44807  
9256  36.8222  5.56009  
9257  36.8222  6.67211  
9258  36.8222  7.78412  
9259  36.8222  8.89614  
9260  36.8222  10.0082  
9261  36.8222  11.1202  
9262  36.8222  12.2322  
9263  36.8222  13.3442  
9264  36.8222  14.4562  
9265  36.8222  15.5682  
9266  36.8222  16.6803  
9267  36.8222  17.7923  
9268  36.8222  18.9043  
9269  36.8222  20.0163  
9270  36.8222  21.1283  
9271  36.8222  22.2404  
9272  36.8222  23.3524  
9273  36.8222  24.4644  
9274  36.8222  25.5764  
9275  36.8222  26.6884  
9276  36.8222  27.8004  
9277  36.8222  28.9125  
9278  36.8222  30.0245  
9279  36.8222  31.1365  
9280  36.8222  32.2485  
9281  36.8222  33.3605  
9282  36.8222  34.4726  
9283  36.8222  35.5846  
9284  36.8222  36.6966  
9285  36.8222  37.8086  
9286  36.8222  38.9206  
9287  36.8222  40.0326  
9288  36.8222  41.1447  
9289  36.8222  42.2567  
9290  36.8222  43.3687  
9291  36.8222  44.4807  
9292  36.8222  45.5927  
9293  36.8222  46.7047  
9294  36.8222  47.8168  
9295  36.8222  48.9288  
9296  36.8222  50.0408  
9297  36.8222  51.1528  
9298  36.8222  52.2648  
9299  36.8222  53.3769  
9300  36.8222  54.4889  
9301  37.699  -55.6009  
9302  37.699  -54.4889  
9303  37.699  -53.3769  
9304  37.699  -52.2648  
9305  37.699  -51.1528  
9306  37.699  -50.0408  
9307  37.699  -48.9288  
9308  37.699  -47.8168  
9309  37.699  -46.7047  
9310  37.699  -45.5927  
9311  37.699  -44.4807  
9312  37.699  -43.3687  
9313  37.699  -42.2567  
9314  37.699  -41.1447  
9315  37.699  -40.0326  
9316  37.699  -38.9206  
9317  37.699  -37.8086  
9318  37.699  -36.6966  
9319  37.699  -35.5846  
9320  37.699  -34.4726  
9321  37.699  -33.3605  
9322  37.699  -32.2485  
9323  37.699  -31.1365  
9324  37.699  -30.0245  
9325  37.699  -28.9125  
9326  37.699  -27.8004  
9327  37.699  -26.6884  
9328  37.699  -25.5764  
9329  37.699  -24.4644  
9330  37.699  -23.3524  
9331  37.699  -22.2404  
9332  37.699  -21.1283  
9333  37.699  -20.0163  
9334  37.699  -18.9043  
9335  37.699  -17.7923  
9336  37.699  -16.6803  
9337  37.699  -15.5682  
9338  37.699  -14.4562  
9339  37.699  -13.3442  
9340  37.699  -12.2322  
9341  37.699  -11.1202  
9342  37.699  -10.0082  
9343  37.699  -8.89614  
9344  37.699  -7.78412  
9345  37.699  -6.67211  
9346  37.699  -5.56009  
9347  37.699  -4.44807  
9348  37.699  -3.33605  
9349  37.699  -2.22404  
9350  37.699  -1.11202  
9351  37.699  0  
9352  37.699  1.11202  
9353  37.699  2.22404  
9354  37.699  3.33605  
9355  37.699  4.44807  
9356  37.699  5.56009  
9357  37.699  6.67211  
9358  37.699  7.78412  
9359  37.699  8.89614  
9360  37.699  10.0082  
9361  37.699  11.1202  
9362  37.699  12.2322  
9363  37.699  13.3442  
9364  37.699  14.4562  
9365  37.699  15.5682  
9366  37.699  16.6803  
9367  37.699  17.7923  
9368  37.699  18.9043  
9369  37.699  20.0163  
9370  37.699  21.1283  
9371  37.699  22.2404  
9372  37.699  23.3524  
9373  37.699  24.4644  
9374  37.699  25.5764  
9375  37.699  26.6884  
9376  37.699  27.8004  
9377  37.699  28.9125  
9378  37.699  30.0245  
9379  37.699  31.1365  
9380  37.699  32.2485  
9381  37.699  33.3605  
9382  37.699  34.4726  
9383  37.699  35.5846  
9384  37.699  36.6966  
9385  37.699  37.8086  
9386  37.699  38.9206  
9387  37.699  40.0326  
9388  37.699  41.1447  
9389  37.699  42.2567  
9390  37.699  43.3687  
9391  37.699  44.4807  
9392  37.699  45.5927  
9393  37.699  46.7047  
9394  37.699  47.8168  
9395  37.699  48.9288  
9396  37.699  50.0408  
9397  37.699  51.1528  
9398  37.699  52.2648  
9399  37.699  53.3769  
9400  37.699  54.4889  
9401  38.5757  -55.6009  
9402  38.5757  -54.4889  
9403  38.5757  -53.3769  
9404  38.5757  -52.2648  
9405  38.5757  -51.1528  
9406  38.5757  -50.0408  
9407  38.5757  -48.9288  
9408  38.5757  -47.8168  
9409  38.5757  -46.7047  
9410  38.5757  -45.5927  
9411  38.5757  -44.4807  
9412  38.5757  -43.3687  
9413  38.5757  -42.2567  
9414  38.5757  -41.1447  
9415  38.5757  -40.0326  
9416  38.5757  -38.9206  
9417  38.5757  -37.8086  
9418  38.5757  -36.6966  
9419  38.5757  -35.5846  
9420  38.5757  -34.4726  
9421  38.5757  -33.3605  
9422  38.5757  -32.2485  
9423  38.5757  -31.1365  
9424  38.5757  -30.0245  
9425  38.5757  -28.9125  
9426  38.5757  -27.8004  
9427  38.5757  -26.6884  
9428  38.5757  -25.5764  
9429  38.5757  -24.4644  
9430  38.5757  -23.3524  
9431  38.5757  -22.2404  
9432  38.5757  -21.1283  
9433  38.5757  -20.0163  
9434  38.5757  -18.9043  
9435  38.5757  -17.7923  
9436  38.5757  -16.6803  
9437  38.5757  -15.5682  
9438  38.5757  -14.4562  
9439  38.5757  -13.3442  
9440  38.5757  -12.2322  
9441  38.5757  -11.1202  
9442  38.5757  -10.0082  
9443  38.5757  -8.89614  
9444  38.5757  -7.78412  
9445  38.5757  -6.67211  
9446  38.5757  -5.56009  
9447  38.5757  -4.44807  
9448  38.5757  -3.33605  
9449  38.5757  -2.22404  
9450  38.5757  -1.11202  
9451  38.5757  0  
9452  38.5757  1.11202  
9453  38.5757  2.22404  
9454  38.5757  3.33605  
9455  38.5757  4.44807  
9456  38.5757  5.56009  
9457  38.5757  6.67211  
9458  38.5757  7.78412  
9459  38.5757  8.89614  
9460  38.5757  10.0082  
9461  38.5757  11.1202  
9462  38.5757  12.2322  
9463  38.5757  13.3442  
9464  38.5757  14.4562  
9465  38.5757  15.5682  
9466  38.5757  16.6803  
9467  38.5757  17.7923  
9468  38.5757  18.9043  
9469  38.5757  20.0163  
9470  38.5757  21.1283  
9471  38.5757  22.2404  
9472  38.5757  23.3524  
9473  38.5757  24.4644  
9474  38.5757  25.5764  
9475  38.5757  26.6884  
9476  38.5757  27.8004  
9477  38.5757  28.9125  
9478  38.5757  30.0245  
9479  38.5757  31.1365  
9480  38.5757  32.2485  
9481  38.5757  33.3605  
9482  38.5757  34.4726  
9483  38.5757  35.5846  
9484  38.5757  36.6966  
9485  38.5757  37.8086  
9486  38.5757  38.9206  
9487  38.5757  40.0326  
9488  38.5757  41.1447  
9489  38.5757  42.2567  
9490  38.5757  43.3687  
9491  38.5757  44.4807  
9492  38.5757  45.5927  
9493  38.5757  46.7047  
9494  38.5757  47.8168  
9495  38.5757  48.9288  
9496  38.5757  50.0408  
9497  38.5757  51.1528  
9498  38.5757  52.2648  
9499  38.5757  53.3769  
9500  38.5757  54.4889  
9501  39.4524  -55.6009  
9502  39.4524  -54.4889  
9503  39.4524  -53.3769  
9504  39.4524  -52.2648  
9505  39.4524  -51.1528  
9506  39.4524  -50.0408  
9507  39.4524  -48.9288  
9508  39.4524  -47.8168  
9509  39.4524  -46.7047  
9510  39.4524  -45.5927  
9511  39.4524  -44.4807  
9512  39.4524  -43.3687  
9513  39.4524  -42.2567  
9514  39.4524  -41.1447  
9515  39.4524  -40.0326  
9516  39.4524  -38.9206  
9517  39.4524  -37.8086  
9518  39.4524  -36.6966  
9519  39.4524  -35.5846  
9520  39.4524  -34.4726  
9521  39.4524  -33.3605  
9522  39.4524  -32.2485  
9523  39.4524  -31.1365  
9524  39.4524  -30.0245  
9525  39.4524  -28.9125  
9526  39.4524  -27.8004  
9527  39.4524  -26.6884  
9528  39.4524  -25.5764  
9529  39.4524  -24.4644  
9530  39.4524  -23.3524  
9531  39.4524  -22.2404  
9532  39.4524  -21.1283  
9533  39.4524  -20.0163  
9534  39.4524  -18.9043  
9535  39.4524  -17.7923  
9536  39.4524  -16.6803  
9537  39.4524  -15.5682  
9538  39.4524  -14.4562  
9539  39.4524  -13.3442  
9540  39.4524  -12.2322  
9541  39.4524  -11.1202  
9542  39.4524  -10.0082  
9543  39.4524  -8.89614  
9544  39.4524  -7.78412  
9545  39.4524  -6.67211  
9546  39.4524  -5.56009  
9547  39.4524  -4.44807  
9548  39.4524  -3.33605  
9549  39.4524  -2.22404  
9550  39.4524  -1.11202  
9551  39.4524  0  
9552  39.4524  1.11202  
9553  39.4524  2.22404  
9554  39.4524  3.33605  
9555  39.4524  4.44807  
9556  39.4524  5.56009  
9557  39.4524  6.67211  
9558  39.4524  7.78412  
9559  39.4524  8.89614  
9560  39.4524  10.0082  
9561  39.4524  11.1202  
9562  39.4524  12.2322  
9563  39.4524  13.3442  
9564  39.4524  14.4562  
9565  39.4524  15.5682  
9566  39.4524  16.6803  
9567  39.4524  17.7923  
9568  39.4524  18.9043  
9569  39.4524  20.0163  
9570  39.4524  21.1283  
9571  39.4524  22.2404  
9572  39.4524  23.3524  
9573  39.4524  24.4644  
9574  39.4524  25.5764  
9575  39.4524  26.6884  
9576  39.4524  27.8004  
9577  39.4524  28.9125  
9578  39.4524  30.0245  
9579  39.4524  31.1365  
9580  39.4524  32.2485  
9581  39.4524  33.3605  
9582  39.4524  34.4726  
9583  39.4524  35.5846  
9584  39.4524  36.6966  
9585  39.4524  37.8086  
9586  39.4524  38.9206  
9587  39.4524  40.0326  
9588  39.4524  41.1447  
9589  39.4524  42.2567  
9590  39.4524  43.3687  
9591  39.4524  44.4807  
9592  39.4524  45.5927  
9593  39.4524  46.7047  
9594  39.4524  47.8168  
9595  39.4524  48.9288  
9596  39.4524  50.0408  
9597  39.4524  51.1528  
9598  39.4524  52.2648  
9599  39.4524  53.3769  
9600  39.4524  54.4889  
9601  40.3291  -55.6009  
9602  40.3291  -54.4889  
9603  40.3291  -53.3769  
9604  40.3291  -52.2648  
9605  40.3291  -51.1528  
9606  40.3291  -50.0408  
9607  40.3291  -48.9288  
9608  40.3291  -47.8168  
9609  40.3291  -46.7047  
9610  40.3291  -45.5927  
9611  40.3291  -44.4807  
9612  40.3291  -43.3687  
9613  40.3291  -42.2567  
9614  40.3291  -41.1447  
9615  40.3291  -40.0326  
9616  40.3291  -38.9206  
9617  40.3291  -37.8086  
9618  40.3291  -36.6966  
9619  40.3291  -35.5846  
9620  40.3291  -34.4726  
9621  40.3291  -33.3605  
9622  40.3291  -32.2485  
9623  40.3291  -31.1365  
9624  40.3291  -30.0245  
9625  40.3291  -28.9125  
9626  40.3291  -27.8004  
9627  40.3291  -26.6884  
9628  40.3291  -25.5764  
9629  40.3291  -24.4644  
9630  40.3291  -23.3524  
9631  40.3291  -22.2404  
9632  40.3291  -21.1283  
9633  40.3291  -20.0163  
9634  40.3291  -18.9043  
9635  40.3291  -17.7923  
9636  40.3291  -16.6803  
9637  40.3291  -15.5682  
9638  40.3291  -14.4562  
9639  40.3291  -13.3442  
9640  40.3291  -12.2322  
9641  40.3291  -11.1202  
9642  40.3291  -10.0082  
9643  40.3291  -8.89614  
9644  40.3291  -7.78412  
9645  40.3291  -6.67211  
9646  40.3291  -5.56009  
9647  40.3291  -4.44807  
9648  40.3291  -3.33605  
9649  40.3291  -2.22404  
9650  40.3291  -1.11202  
9651  40.3291  0  
9652  40.3291  1.11202  
9653  40.3291  2.22404  
9654  40.3291  3.33605  
9655  40.3291  4.44807  
9656  40.3291  5.56009  
9657  40.3291  6.67211  
9658  40.3291  7.78412  
9659  40.3291  8.89614  
9660  40.3291  10.0082  
9661  40.3291  11.1202  
9662  40.3291  12.2322  
9663  40.3291  13.3442  
9664  40.3291  14.4562  
9665  40.3291  15.5682  
9666  40.3291  16.6803  
9667  40.3291  17.7923  
9668  40.3291  18.9043  
9669  40.3291  20.0163  
9670  40.3291  21.1283  
9671  40.3291  22.2404  
9672  40.3291  23.3524  
9673  40.3291  24.4644  
9674  40.3291  25.5764  
9675  40.3291  26.6884  
9676  40.3291  27.8004  
9677  40.3291  28.9125  
9678  40.3291  30.0245  
9679  40.3291  31.1365  
9680  40.3291  32.2485  
9681  40.3291  33.3605  
9682  40.3291  34.4726  
9683  40.3291  35.5846  
9684  40.3291  36.6966  
9685  40.3291  37.8086  
9686  40.3291  38.9206  
9687  40.3291  40.0326  
9688  40.3291  41.1447  
9689  40.3291  42.2567  
9690  40.3291  43.3687  
9691  40.3291  44.4807  
9692  40.3291  45.5927  
9693  40.3291  46.7047  
9694  40.3291  47.8168  
9695  40.3291  48.9288  
9696  40.3291  50.0408  
9697  40.3291  51.1528  
9698  40.3291  52.2648  
9699  40.3291  53.3769  
9700  40.3291  54.4889  
9701  41.2058  -55.6009  
9702  41.2058  -54.4889  
9703  41.2058  -53.3769  
9704  41.2058  -52.2648  
9705  41.2058  -51.1528  
9706  41.2058  -50.0408  
9707  41.2058  -48.9288  
9708  41.2058  -47.8168  
9709  41.2058  -46.7047  
9710  41.2058  -45.5927  
9711  41.2058  -44.4807  
9712  41.2058  -43.3687  
9713  41.2058  -42.2567  
9714  41.2058  -41.1447  
9715  41.2058  -40.0326  
9716  41.2058  -38.9206  
9717  41.2058  -37.8086  
9718  41.2058  -36.6966  
9719  41.2058  -35.5846  
9720  41.2058  -34.4726  
9721  41.2058  -33.3605  
9722  41.2058  -32.2485  
9723  41.2058  -31.1365  
9724  41.2058  -30.0245  
9725  41.2058  -28.9125  
9726  41.2058  -27.8004  
9727  41.2058  -26.6884  
9728  41.2058  -25.5764  
9729  41.2058  -24.4644  
9730  41.2058  -23.3524  
9731  41.2058  -22.2404  
9732  41.2058  -21.1283  
9733  41.2058  -20.0163  
9734  41.2058  -18.9043  
9735  41.2058  -17.7923  
9736  41.2058  -16.6803  
9737  41.2058  -15.5682  
9738  41.2058  -14.4562  
9739  41.2058  -13.3442  
9740  41.2058  -12.2322  
9741  41.2058  -11.1202  
9742  41.2058  -10.0082  
9743  41.2058  -8.89614  
9744  41.2058  -7.78412  
9745  41.2058  -6.67211  
9746  41.2058  -5.56009  
9747  41.2058  -4.44807  
9748  41.2058  -3.33605  
9749  41.2058  -2.22404  
9750  41.2058  -1.11202  
9751  41.2058  0  
9752  41.2058  1.11202  
9753  41.2058  2.22404  
9754  41.2058  3.33605  
9755  41.2058  4.44807  
9756  41.2058  5.56009  
9757  41.2058  6.67211  
9758  41.2058  7.78412  
9759  41.2058  8.89614  
9760  41.2058  10.0082  
9761  41.2058  11.1202  
9762  41.2058  12.2322  
9763  41.2058  13.3442  
9764  41.2058  14.4562  
9765  41.2058  15.5682  
9766  41.2058  16.6803  
9767  41.2058  17.7923  
9768  41.2058  18.9043  
9769  41.2058  20.0163  
9770  41.2058  21.1283  
9771  41.2058  22.2404  
9772  41.2058  23.3524  
9773  41.2058  24.4644  
9774  41.2058  25.5764  
9775  41.2058  26.6884  
9776  41.2058  27.8004  
9777  41.2058  28.9125  
9778  41.2058  30.0245  
9779  41.2058  31.1365  
9780  41.2058  32.2485  
9781  41.2058  33.3605  
9782  41.2058  34.4726  
9783  41.2058  35.5846  
9784  41.2058  36.6966  
9785  41.2058  37.8086  
9786  41.2058  38.9206  
9787  41.2058  40.0326  
9788  41.2058  41.1447  
9789  41.2058  42.2567  
9790  41.2058  43.3687  
9791  41.2058  44.4807  
9792  41.2058  45.5927  
9793  41.2058  46.7047  
9794  41.2058  47.8168  
9795  41.2058  48.9288  
9796  41.2058  50.0408  
9797  41.2058  51.1528  
9798  41.2058  52.2648  
9799  41.2058  53.3769  
9800  41.2058  54.4889  
9801  42.0826  -55.6009  
9802  42.0826  -54.4889  
9803  42.0826  -53.3769  
9804  42.0826  -52.2648  
9805  42.0826  -51.1528  
9806  42.0826  -50.0408  
9807  42.0826  -48.9288  
9808  42.0826  -47.8168  
9809  42.0826  -46.7047  
9810  42.0826  -45.5927  
9811  42.0826  -44.4807  
9812  42.0826  -43.3687  
9813  42.0826  -42.2567  
9814  42.0826  -41.1447  
9815  42.0826  -40.0326  
9816  42.0826  -38.9206  
9817  42.0826  -37.8086  
9818  42.0826  -36.6966  
9819  42.0826  -35.5846  
9820  42.0826  -34.4726  
9821  42.0826  -33.3605  
9822  42.0826  -32.2485  
9823  42.0826  -31.1365  
9824  42.0826  -30.0245  
9825  42.0826  -28.9125  
9826  42.0826  -27.8004  
9827  42.0826  -26.6884  
9828  42.0826  -25.5764  
9829  42.0826  -24.4644  
9830  42.0826  -23.3524  
9831  42.0826  -22.2404  
9832  42.0826  -21.1283  
9833  42.0826  -20.0163  
9834  42.0826  -18.9043  
9835  42.0826  -17.7923  
9836  42.0826  -16.6803  
9837  42.0826  -15.5682  
9838  42.0826  -14.4562  
9839  42.0826  -13.3442  
9840  42.0826  -12.2322  
9841  42.0826  -11.1202  
9842  42.0826  -10.0082  
9843  42.0826  -8.89614  
9844  42.0826  -7.78412  
9845  42.0826  -6.67211  
9846  42.0826  -5.56009  
9847  42.0826  -4.44807  
9848  42.0826  -3.33605  
9849  42.0826  -2.22404  
9850  42.0826  -1.11202  
9851  42.0826  0  
9852  42.0826  1.11202  
9853  42.0826  2.22404  
9854  42.0826  3.33605  
9855  42.0826  4.44807  
9856  42.0826  5.56009  
9857  42.0826  6.67211  
9858  42.0826  7.78412  
9859  42.0826  8.89614  
9860  42.0826  10.0082  
9861  42.0826  11.1202  
9862  42.0826  12.2322  
9863  42.0826  13.3442  
9864  42.0826  14.4562  
9865  42.0826  15.5682  
9866  42.0826  16.6803  
9867  42.0826  17.7923  
9868  42.0826  18.9043  
9869  42.0826  20.0163  
9870  42.0826  21.1283  
9871  42.0826  22.2404  
9872  42.0826  23.3524  
9873  42.0826  24.4644  
9874  42.0826  25.5764  
9875  42.0826  26.6884  
9876  42.0826  27.8004  
9877  42.0826  28.9125  
9878  42.0826  30.0245  
9879  42.0826  31.1365  
9880  42.0826  32.2485  
9881  42.0826  33.3605  
9882  42.0826  34.4726  
9883  42.0826  35.5846  
9884  42.0826  36.6966  
9885  42.0826  37.8086  
9886  42.0826  38.9206  
9887  42.0826  40.0326  
9888  42.0826  41.1447  
9889  42.0826  42.2567  
9890  42.0826  43.3687  
9891  42.0826  44.4807  
9892  42.0826  45.5927  
9893  42.0826  46.7047  
9894  42.0826  47.8168  
9895  42.0826  48.9288  
9896  42.0826  50.0408  
9897  42.0826  51.1528  
9898  42.0826  52.2648  
9899  42.0826  53.3769  
9900  42.0826  54.4889  
9901  42.9593  -55.6009  
9902  42.9593  -54.4889  
9903  42.9593  -53.3769  
9904  42.9593  -52.2648  
9905  42.9593  -51.1528  
9906  42.9593  -50.0408  
9907  42.9593  -48.9288  
9908  42.9593  -47.8168  
9909  42.9593  -46.7047  
9910  42.9593  -45.5927  
9911  42.9593  -44.4807  
9912  42.9593  -43.3687  
9913  42.9593  -42.2567  
9914  42.9593  -41.1447  
9915  42.9593  -40.0326  
9916  42.9593  -38.9206  
9917  42.9593  -37.8086  
9918  42.9593  -36.6966  
9919  42.9593  -35.5846  
9920  42.9593  -34.4726  
9921  42.9593  -33.3605  
9922  42.9593  -32.2485  
9923  42.9593  -31.1365  
9924  42.9593  -30.0245  
9925  42.9593  -28.9125  
9926  42.9593  -27.8004  
9927  42.9593  -26.6884  
9928  42.9593  -25.5764  
9929  42.9593  -24.4644  
9930  42.9593  -23.3524  
9931  42.9593  -22.2404  
9932  42.9593  -21.1283  
9933  42.9593  -20.0163  
9934  42.9593  -18.9043  
9935  42.9593  -17.7923  
9936  42.9593  -16.6803  
9937  42.9593  -15.5682  
9938  42.9593  -14.4562  
9939  42.9593  -13.3442  
9940  42.9593  -12.2322  
9941  42.9593  -11.1202  
9942  42.9593  -10.0082  
9943  42.9593  -8.89614  
9944  42.9593  -7.78412  
9945  42.9593  -6.67211  
9946  42.9593  -5.56009  
9947  42.9593  -4.44807  
9948  42.9593  -3.33605  
9949  42.9593  -2.22404  
9950  42.9593  -1.11202  
9951  42.9593  0  
9952  42.9593  1.11202  
9953  42.9593  2.22404  
9954  42.9593  3.33605  
9955  42.9593  4.44807  
9956  42.9593  5.56009  
9957  42.9593  6.67211  
9958  42.9593  7.78412  
9959  42.9593  8.89614  
9960  42.9593  10.0082  
9961  42.9593  11.1202  
9962  42.9593  12.2322  
9963  42.9593  13.3442  
9964  42.9593  14.4562  
9965  42.9593  15.5682  
9966  42.9593  16.6803  
9967  42.9593  17.7923  
9968  42.9593  18.9043  
9969  42.9593  20.0163  
9970  42.9593  21.1283  
9971  42.9593  22.2404  
9972  42.9593  23.3524  
9973  42.9593  24.4644  
9974  42.9593  25.5764  
9975  42.9593  26.6884  
9976  42.9593  27.8004  
9977  42.9593  28.9125  
9978  42.9593  30.0245  
9979  42.9593  31.1365  
9980  42.9593  32.2485  
9981  42.9593  33.3605  
9982  42.9593  34.4726  
9983  42.9593  35.5846  
9984  42.9593  36.6966  
9985  42.9593  37.8086  
9986  42.9593  38.9206  
9987  42.9593  40.0326  
9988  42.9593  41.1447  
9989  42.9593  42.2567  
9990  42.9593  43.3687  
9991  42.9593  44.4807  
9992  42.9593  45.5927  
9993  42.9593  46.7047  
9994  42.9593  47.8168  
9995  42.9593  48.9288  
9996  42.9593  50.0408  
9997  42.9593  51.1528  
9998  42.9593  52.2648  
9999  42.9593  53.3769  
10000  42.9593  54.4889  
